RA,NOME,GENERO,ANO_INGRESSO,CF_2022,CG_2022,CT_2022,DEFASAGEM_2022,DEFASAGEM_2023,DEFASAGEM_2024,DESTAQUE_IDA_2022,DESTAQUE_IEG_2022,DESTAQUE_IPV_2022,ESCOLA_2024,FASE_2022,FASE_2023,FASE_2024,FASE_IDEAL_2022,FASE_IDEAL_2023,FASE_IDEAL_2024,IAA_2022,IAA_2023,IAA_2024,IAN_2022,IAN_2023,IAN_2024,IDA_2022,IDA_2023,IDA_2024,IDADE_2022,IDADE_2023,IDADE_2024,IEG_2022,IEG_2023,IEG_2024,INDE_2022,INDE_2023,INDE_2024,INDICADO_BOLSA_2022,INSTITUICAO_ENSINO_2022,INSTITUICAO_ENSINO_2023,INSTITUICAO_ENSINO_2024,IPP_2023,IPP_2024,IPS_2022,IPS_2023,IPS_2024,IPV_2022,IPV_2023,IPV_2024,NOTA_ING_2022,NOTA_ING_2023,NOTA_ING_2024,NOTA_MAT_2022,NOTA_MAT_2023,NOTA_MAT_2024,NOTA_PORT_2022,NOTA_PORT_2023,NOTA_PORT_2024,PEDRA_2022,PEDRA_2023,PEDRA_2024,PONTO_VIRADA_2022,QTDE_AVAL_2022,QTDE_AVAL_2023,QTDE_AVAL_2024,REC_PSICO_2022,STATUS_ATIVO_2024,TURMA_2022,TURMA_2023,TURMA_2024
RA-1,Aluno-1,Feminino,2016,18.0,753.0,10.0,-1.0,0.0,,Melhorar: Empenhar-se mais nas aulas e avaliações.,Melhorar: Melhorar a sua entrega de lições de casa.,Melhorar: Integrar-se mais aos Princípios Passos Mágicos.,,7,FASE 8,,Fase 8 (Universitários),Fase 8 (Universitários),,8.3,,,5.0,10.0,,4.0,,,19.0,,,4.1,,,5.783,,,True,Escola Pública,Privada *Parcerias com Bolsa 100%,,,,5.6,,,7.278,,,6.0,,,2.7,,,3.5,,,Quartzo,,,False,4.0,,,Requer avaliação,,A,8E,
RA-1,Aluno-1,Feminino,2021,,,,,,0.0,,,,Universidade Santo Amaro (UNISA),,,8E,,,Fase 8 (Universitários),,,,,,10.0,,,,,,21.0,,,0.0,,,,,,,Privada *Parcerias com Bolsa 100%,,,,,,,,,,,,,,,,,,,,,,,,0.0,,Cursando,,,8E
RA-10,Aluno-10,Feminino,2021,17.0,752.0,9.0,-1.0,,,Melhorar: Empenhar-se mais nas aulas e avaliações.,Melhorar: Melhorar a sua entrega de lições de casa.,Melhorar: Integrar-se mais aos Princípios Passos Mágicos.,,7,,,Fase 8 (Universitários),,,8.3,,,5.0,,,4.1,,,18.0,,,5.2,,,5.784,,,False,Escola Pública,,,,,5.0,,,7.056,,,6.4,,,3.3,,,2.6,,,Quartzo,,,False,4.0,,,Requer avaliação,,A,,
RA-100,Aluno-100,Feminino,2019,22.0,268.0,7.0,1.0,,,Destaque: As suas boas notas na Passos Mágicos.,Destaque: A sua boa entrega das lições de casa.,Melhorar: Integrar-se mais aos Princípios Passos Mágicos.,,4,,,Fase 3 (7º e 8º ano),,,8.8,,,10.0,,,7.6,,,13.0,,,7.8,,,7.618,,,False,Rede Decisão,,,,,5.0,,,7.25,,,8.1,,,7.0,,,7.8,,,Ametista,,,False,4.0,,,Não indicado,,A,,
RA-1000,Aluno-1000,Feminino,2023,,,,,0.0,0.0,,,,EE Helio Luiz Dobrochinski Prof,,ALFA,1N,,ALFA (1° e 2° ano),Fase 1 (3° e 4° ano),,8.5,9.002,,10.0,10.0,,7.0,7.75,,8.0,9.0,,9.4,9.5454545455,,7.9162,8.364790909100002,,,Pública,Pública,6.25,8.125,,3.77,6.26,,8.92,7.835,,,,,7.0,7.5,,7.0,8.0,,Ametista,Topázio,,,2.0,2.0,,Cursando,,ALFA U - G2/G3,1N
RA-1001,Aluno-1001,Feminino,2023,,,,,-1.0,-1.0,,,,EE Helio Luiz Dobrochinski Prof,,ALFA,1N,,Fase 1 (3° e 4° ano),Fase 2 (5° e 6° ano),,9.0,7.502,,5.0,5.0,,7.8,7.75,,9.0,10.0,,9.1,9.347826087,,8.1162,7.7964318841,,,Pública,Pública,7.5,7.916666667,,7.52,7.51,,9.17,7.92,,,,,8.3,6.5,,7.3,9.0,,Topázio,Ametista,,,2.0,2.0,,Cursando,,ALFA U - G2/G3,1N
RA-1002,Aluno-1002,Feminino,2023,,,,,-1.0,-1.0,,,,EM Cecilia Cristina de Oliveira Rodrigues,,ALFA,ALFA,,Fase 1 (3° e 4° ano),Fase 1 (3° e 4° ano),,9.0,9.002,,5.0,5.0,,7.0,9.25,,9.0,10.0,,9.7,7.833333333500001,,7.9012,7.967866666700001,,,Pública,Pública,6.25,7.5,,7.52,7.51,,8.92,8.25,,,,,7.0,10.0,,7.0,8.5,,Ametista,Ametista,,,2.0,2.0,,Cursando,,ALFA U - G2/G3,ALFA N - G2/G3
RA-1003,Aluno-1003,Masculino,2023,,,,,0.0,-1.0,,,,EM Maria Ignez Concelles Irma Ines,,ALFA,ALFA,,ALFA (1° e 2° ano),Fase 1 (3° e 4° ano),,9.0,8.002,,10.0,5.0,,4.0,8.25,,8.0,9.0,,8.5,8.6944444445,,7.6522,7.627588888900001,,,Pública,Pública,7.5,6.875,,7.52,7.51,,8.75,7.5,,,,,8.0,10.0,,0.0,6.5,,Ametista,Ametista,,,2.0,2.0,,Cursando,,ALFA V - G0/G1,ALFA J - G2/G3
RA-1004,Aluno-1004,Feminino,2023,,,,,0.0,-1.0,,,,EM Pedro Antonio de Almeida,,ALFA,ALFA,,ALFA (1° e 2° ano),Fase 1 (3° e 4° ano),,9.0,9.502,,10.0,5.0,,7.9,7.5,,8.0,9.0,,9.6,9.25,,8.3137,7.801200000000001,,,Pública,Pública,6.875,7.5,,7.52,7.51,,7.42,7.5,,,,,6.5,7.5,,9.2,7.5,,Topázio,Ametista,,,2.0,2.0,,Cursando,,ALFA V - G0/G1,ALFA J - G2/G3
RA-1005,Aluno-1005,Masculino,2023,,,,,0.0,,,,,,,ALFA,,,ALFA (1° e 2° ano),,,9.5,,,10.0,,,8.8,,,8.0,,,7.9,,,8.4252,,,,Pública,,7.5,,,7.52,,,8.165,,,,,,8.4,,,9.2,,,Topázio,,,,2.0,,,,,ALFA V - G0/G1,
RA-1006,Aluno-1006,Feminino,2023,,,,,0.0,-1.0,,,,EM Pedro Antonio de Almeida,,ALFA,ALFA,,ALFA (1° e 2° ano),Fase 1 (3° e 4° ano),,9.0,8.502,,10.0,5.0,,8.7,5.0,,8.0,9.0,,9.3,8.4444444445,,8.5922,7.040088888900001,,,Pública,Pública,7.5,7.5,,7.52,7.51,,8.0,7.5,,,,,8.7,5.0,,8.6,5.0,,Topázio,Ametista,,,2.0,2.0,,Cursando,,ALFA V - G0/G1,ALFA J - G2/G3
RA-1007,Aluno-1007,Masculino,2023,,,,,0.0,,,,,,,ALFA,,,ALFA (1° e 2° ano),,,9.0,,,10.0,,,8.3,,,,,,7.4,,,8.0782,,,,Pública,,7.5,,,7.52,,,7.68,,,,,,8.1,,,8.5,,,Topázio,,,,2.0,,,,,ALFA V - G0/G1,
RA-1008,Aluno-1008,Masculino,2023,,,,,0.0,-1.0,,,,EE Joaquim Mendes Feliz,,ALFA,ALFA,,ALFA (1° e 2° ano),Fase 1 (3° e 4° ano),,9.0,7.002,,10.0,5.0,,8.4,7.0,,8.0,9.0,,8.6,6.483957219,,8.13595,6.8667414438000005,,,Pública,Pública,5.9375,7.1875,,7.52,7.51,,7.5,7.5,,,,,7.5,6.5,,9.2,7.5,,Topázio,Ágata,,,2.0,2.0,,Cursando,,ALFA V - G0/G1,ALFA I - G2/G3
RA-1009,Aluno-1009,Masculino,2023,,,,,0.0,-1.0,,,,EE Dom Pedro Villas Boas de Souza,,ALFA,ALFA,,ALFA (1° e 2° ano),Fase 1 (3° e 4° ano),,0.0,8.002,,10.0,5.0,,8.8,7.5,,8.0,9.0,,9.0,6.8863636365000005,,7.245,6.395389393900001,,,Pública,Pública,7.5,6.5625,,3.77,2.51,,7.84,6.553333333,,,,,8.3,10.0,,9.2,5.0,,Ametista,Ágata,,,2.0,3.0,,Cursando,,ALFA Y - G0/G1,ALFA E - G2/G3
RA-101,Aluno-101,Feminino,2021,31.0,387.0,8.0,-1.0,,,Destaque: As suas boas notas na Passos Mágicos.,Destaque: A sua boa entrega das lições de casa.,Melhorar: Integrar-se mais aos Princípios Passos Mágicos.,,4,,,Fase 5 (1º EM),,,7.9,,,5.0,,,7.6,,,15.0,,,8.3,,,7.305,,,True,Escola Pública,,,,,7.5,,,6.833,,,9.2,,,7.2,,,6.5,,,Ametista,,,False,4.0,,,Não atendido,,A,,
RA-1010,Aluno-1010,Masculino,2023,,,,,0.0,,,,,,,ALFA,,,ALFA (1° e 2° ano),,,9.5,,,10.0,,,9.4,,,8.0,,,10.0,,,8.70645,,,,Pública,,7.8125,,,3.77,,,8.59,,,,,,9.0,,,9.8,,,Topázio,,,,2.0,,,,,ALFA Y - G0/G1,
RA-1011,Aluno-1011,Masculino,2023,,,,,0.0,,,,,,,ALFA,,,ALFA (1° e 2° ano),,,9.5,,,10.0,,,5.2,,,,,,8.6,,,7.33095,,,,Pública,,7.1875,,,3.77,,,7.675,,,,,,5.5,,,4.8,,,Ametista,,,,2.0,,,,,ALFA Y - G0/G1,
RA-1012,Aluno-1012,Feminino,2023,,,,,0.0,-1.0,,,,EE Joaquim Mendes Feliz,,ALFA,ALFA,,ALFA (1° e 2° ano),Fase 1 (3° e 4° ano),,10.0,9.502,,10.0,5.0,,6.6,9.75,,8.0,9.0,,9.9,9.523809524,,7.96495,8.057128571400002,,,Pública,Pública,7.1875,8.125,,3.77,2.51,,7.845,8.443333333,,,,,7.0,10.0,,6.2,9.5,,Ametista,Topázio,,,2.0,3.0,,Cursando,,ALFA Y - G0/G1,ALFA C - G0/G1
RA-1013,Aluno-1013,Masculino,2023,,,,,0.0,-1.0,,,,EE Dom Pedro Villas Boas de Souza,,ALFA,ALFA,,ALFA (1° e 2° ano),Fase 1 (3° e 4° ano),,9.0,9.002,,10.0,5.0,,8.3,7.75,,7.0,8.0,,9.6,5.6937799039999994,,7.6237,5.7839559808,,,Pública,Pública,5.625,5.0,,4.39,2.51,,5.76,4.72,,,,,7.0,8.0,,9.5,7.5,,Ametista,Quartzo,,,2.0,3.0,,Cursando,,ALFA Y - G0/G1,ALFA E - G2/G3
RA-1014,Aluno-1014,Feminino,2023,,,,,0.0,-1.0,,,,EE Dom Pedro Villas Boas de Souza,,ALFA,ALFA,,ALFA (1° e 2° ano),Fase 1 (3° e 4° ano),,9.0,8.502,,10.0,5.0,,8.2,5.25,,,8.0,,9.7,7.8863636365000005,,8.2582,6.315972727300001,,,Pública,Pública,7.5,6.875,,3.77,2.51,,8.255,7.0,,,,,7.7,6.5,,8.7,4.0,,Topázio,Ágata,,,2.0,3.0,,Cursando,,ALFA Y - G0/G1,ALFA E - G2/G3
RA-1015,Aluno-1015,Feminino,2023,,,,,-1.0,0.0,,,,EE Alexandre Rodrigues Nogueira,,FASE 1,2B,,Fase 2 (5° e 6° ano),Fase 2 (5° e 6° ano),,10.0,7.918,,5.0,10.0,,6.3,4.0,,10.0,11.0,,9.3,7.8214285715,,7.538908333,6.643252381000002,,,Pública,Pública,7.34375,6.041666667,,6.27,7.51,,7.786666667,5.66,,,,,5.0,2.0,,7.6,6.0,,Ametista,Ágata,,,3.0,3.0,,Cursando,,1A,2B
RA-1016,Aluno-1016,Feminino,2023,,,,,-1.0,,,,,,,FASE 1,,,Fase 2 (5° e 6° ano),,,10.0,,,5.0,,,6.7,,,10.0,,,9.5,,,7.762575,,,,Pública,,7.34375,,,7.52,,,7.73,,,,,,5.8,,,7.5,,,Ametista,,,,3.0,,,,,1A,
RA-1017,Aluno-1017,Masculino,2023,,,,,-1.0,0.0,,,,EE João Ortiz Rodrigues,,FASE 1,2C,,Fase 2 (5° e 6° ano),Fase 2 (5° e 6° ano),,0.0,9.502,,5.0,10.0,,7.7,5.0,,,12.0,,8.0,7.8095238095,,6.505333333,7.345521428500001,,,Pública,Pública,7.5,7.1875,,5.02,6.26,,8.116666667,7.443333333,,,,,7.0,2.5,,8.3,7.5,,Ágata,Ametista,,,3.0,3.0,,Cursando,,1A,2C
RA-1018,Aluno-1018,Masculino,2023,,,,,0.0,-1.0,,,,EE Dom Pedro Villas Boas de Souza,,FASE 1,1A,,Fase 1 (3° e 4° ano),Fase 2 (5° e 6° ano),,0.0,8.502,,10.0,5.0,,6.3,8.25,,,10.0,,8.5,7.727272727,,6.824,7.7054045454,,,Pública,Pública,7.5,8.4375,,5.02,6.26,,8.06,8.45,,,,,5.8,8.5,,6.8,8.0,,Ágata,Ametista,,,3.0,3.0,,Cursando,,1A,1A
RA-1019,Aluno-1019,Feminino,2023,,,,,1.0,0.0,,,,EM Etelvina Delfim Simões,,FASE 1,1A,,ALFA (1° e 2° ano),Fase 1 (3° e 4° ano),,7.5,9.502,,10.0,10.0,,4.3,8.75,,8.0,9.0,,9.1,9.3073593075,,7.177033333,8.692255194900001,,,Pública,Pública,6.875,7.8125,,5.02,6.26,,7.836666667,8.616666667,,,,,0.5,9.5,,8.0,8.0,,Ametista,Topázio,,,3.0,3.0,,Cursando,,1A,1A
RA-102,Aluno-102,Masculino,2019,43.0,519.0,9.0,0.0,,,Melhorar: Empenhar-se mais nas aulas e avaliações.,Destaque: A sua boa entrega das lições de casa.,Melhorar: Integrar-se mais aos Princípios Passos Mágicos.,,4,,,Fase 4 (9º ano),,,6.7,,,10.0,,,5.7,,,14.0,,,7.7,,,6.922,,,False,Escola Pública,,,,,6.9,,,6.0,,,5.5,,,4.7,,,6.8,,,Ágata,,,False,4.0,,,Requer avaliação,,A,,
RA-1020,Aluno-1020,Feminino,2023,,,,,0.0,0.0,,,,EE Dom Pedro Villas Boas de Souza,,FASE 1,1A,,Fase 1 (3° e 4° ano),Fase 1 (3° e 4° ano),,10.0,9.002,,10.0,10.0,,6.1,9.0,,9.0,10.0,,9.1,9.7727272725,,7.612283333,8.9544954545,,,Pública,Pública,7.1875,8.4375,,2.52,6.88,,8.056666667,8.84,,,,,4.3,10.0,,7.8,8.0,,Ametista,Topázio,,,3.0,3.0,,Cursando,,1A,1A
RA-1021,Aluno-1021,Masculino,2023,,,,,0.0,-1.0,,,,EE Dom Pedro Villas Boas de Souza,,FASE 1,1A,,Fase 1 (3° e 4° ano),Fase 2 (5° e 6° ano),,8.0,9.502,,10.0,5.0,,3.3,8.0,,,10.0,,9.2,9.318181818,,6.964616667,8.0985863636,,,Pública,Pública,7.1875,8.4375,,3.77,7.51,,7.893333333,7.95,,,,,2.5,9.0,,4.0,7.0,,Ágata,Topázio,,,3.0,3.0,,Cursando,,1A,1A
RA-1022,Aluno-1022,Masculino,2023,,,,,0.0,-1.0,,,,EE Dom Pedro Villas Boas de Souza,,FASE 1,1A,,Fase 1 (3° e 4° ano),Fase 2 (5° e 6° ano),,8.5,9.502,,10.0,5.0,,4.7,6.5,,9.0,10.0,,8.5,9.318181818,,7.164616667,7.613169697000002,,,Pública,Pública,7.1875,7.5,,3.77,6.26,,7.893333333,8.116666667,,,,,4.7,5.5,,4.7,7.5,,Ametista,Ametista,,,3.0,3.0,,Cursando,,1A,1A
RA-1023,Aluno-1023,Feminino,2023,,,,,0.0,0.0,,,,EE Dom Pedro Villas Boas de Souza,,FASE 1,2B,,Fase 1 (3° e 4° ano),Fase 2 (5° e 6° ano),,10.0,9.502,,10.0,10.0,,9.1,9.5,,,10.0,,10.0,9.511904762,,9.1342,9.498580952300001,,,Pública,Pública,8.75,8.958333333,,6.27,9.375,,9.06,9.563333333,,,,,8.5,9.0,,9.7,10.0,,Topázio,Topázio,,,3.0,3.0,,Cursando,,1A,2B
RA-1024,Aluno-1024,Feminino,2023,,,,,-1.0,-1.0,,,,Escola João Paulo II,,FASE 1,1B,,Fase 2 (5° e 6° ano),Fase 2 (5° e 6° ano),,0.0,8.002,,5.0,5.0,,9.8,10.0,,10.0,11.0,,10.0,10.0,,7.788875,8.6516166666,,,Pública,Pública,9.21875,8.4375,,6.27,7.51,,8.95,8.783333333,,,,,10.0,10.0,,9.5,10.0,,Ametista,Topázio,,,3.0,3.0,,Cursando,,1B,1B
RA-1025,Aluno-1025,Masculino,2023,,,,,0.0,-1.0,,,,EE Dom Pedro Villas Boas de Souza,,FASE 1,1A,,Fase 1 (3° e 4° ano),Fase 2 (5° e 6° ano),,8.5,9.002,,10.0,5.0,,7.5,9.0,,9.0,10.0,,8.9,7.727272727,,8.215158333,7.897071212,,,Pública,Pública,7.65625,8.4375,,7.52,7.51,,7.836666667,7.783333333,,,,,7.5,10.0,,7.5,8.0,,Topázio,Ametista,,,3.0,3.0,,Cursando,,1B,1A
RA-1026,Aluno-1026,Feminino,2023,,,,,-3.0,,,,,,,FASE 1,,,Fase 4 (9° ano),,,8.5,,,2.5,,,3.2,,,,,,9.8,,,6.494825,,,,Pública,,6.40625,,,7.52,,,7.06,,,,,,2.3,,,4.0,,,Ágata,,,,3.0,,,,,1B,
RA-1027,Aluno-1027,Feminino,2023,,,,,-1.0,0.0,,,,EE Bairro Boa Vista,,FASE 1,2B,,Fase 2 (5° e 6° ano),Fase 2 (5° e 6° ano),,9.5,9.502,,5.0,10.0,,6.0,5.25,,10.0,11.0,,9.7,10.0,,7.748866667,8.220866666700001,,,Pública,Pública,7.5,7.916666667,,7.52,7.51,,8.333333333,8.39,,,,,4.2,6.0,,7.7,4.5,,Ametista,Topázio,,,3.0,3.0,,Cursando,,1B,2B
RA-1028,Aluno-1028,Masculino,2023,,,,,-1.0,-2.0,,,,EE Olivia de Faria Nogueira,,FASE 1,1B,,Fase 2 (5° e 6° ano),Fase 3 (7° e 8° ano),,0.0,8.002,,5.0,5.0,,5.0,7.5,,11.0,12.0,,9.2,7.055335968,,6.415708333,7.1404338602,,,Pública,Pública,7.34375,6.875,,7.52,5.63,,7.946666667,8.393333333,,,,,5.0,6.0,,5.0,9.0,,Ágata,Ametista,,,3.0,3.0,,Cursando,,1B,1B
RA-1029,Aluno-1029,Feminino,2023,,,,,0.0,-1.0,,,,EE Dom Pedro Villas Boas de Souza,,FASE 1,1C,,Fase 1 (3° e 4° ano),Fase 2 (5° e 6° ano),,10.0,9.002,,10.0,5.0,,5.4,8.75,,9.0,10.0,,6.3,8.7954545455,,7.058533333,7.797790909100001,,,Pública,Pública,7.5,7.5,,3.77,6.885,,8.006666667,7.25,,,,,3.5,8.0,,7.2,9.5,,Ametista,Ametista,,,3.0,2.0,,Cursando,,1C,1C
RA-103,Aluno-103,Feminino,2020,11.0,114.0,4.0,1.0,1.0,,Melhorar: Empenhar-se mais nas aulas e avaliações.,Destaque: A sua boa entrega das lições de casa.,Destaque: A sua boa integração aos Princípios Passos Mágicos.,,4,FASE 5,,Fase 3 (7º e 8º ano),Fase 4 (9° ano),,7.9,8.3,,10.0,10.0,,7.3,7.1,,13.0,14.0,,8.7,9.2,,8.107,8.0239,,False,Rede Decisão,Privada - Programa de Apadrinhamento,,8.125,,7.5,5.0,,7.708,8.09,,7.3,7.7,,7.3,7.3,,7.3,6.3,,Topázio,Topázio,,False,4.0,4.0,,Não atendido,,A,5A,
RA-103,Aluno-103,Feminino,2021,,,,,,0.0,,,,Colégio Arco Íris Evolução,,,5A,,,Fase 5 (1° EM),,,8.334,,,10.0,,,9.166666666666666,,,15.0,,,9.603174603333335,,,8.775268254,,,,Privada - Programa de Apadrinhamento,,7.875,,,6.26,,,8.872,,,9.5,,,9.0,,,9.0,,,Topázio,,,,5.0,,Cursando,,,5A
RA-1030,Aluno-1030,Masculino,2023,,,,,-1.0,0.0,,,,EE Paschoal Carlos Magno,,FASE 1,2D,,Fase 2 (5° e 6° ano),Fase 2 (5° e 6° ano),,8.5,7.418,,5.0,10.0,,6.9,8.0,,,12.0,,9.7,8.28320802,,7.4027,7.7401916040000005,,,Pública,Pública,6.875,7.8125,,3.77,4.385,,8.39,7.61,,,,,6.2,10.0,,7.5,6.0,,Ametista,Ametista,,,3.0,3.0,,Cursando,,1C,2D
RA-1031,Aluno-1031,Masculino,2023,,,,,-1.0,-1.0,,,,EE Joaquim Mendes Feliz,,FASE 1,1C,,Fase 2 (5° e 6° ano),Fase 2 (5° e 6° ano),,8.0,9.502,,5.0,5.0,,5.9,6.25,,10.0,11.0,,8.8,8.6363636365,,7.0602,6.8757227273,,,Pública,Pública,6.666666667,5.3125,,7.52,7.51,,7.006666667,5.83,,,,,4.8,5.5,,7.0,7.0,,Ametista,Ágata,,,3.0,2.0,,Cursando,,1D,1C
RA-1032,Aluno-1032,Masculino,2023,,,,,-1.0,-1.0,,,,EE Joaquim Mendes Feliz,,FASE 1,1C,,Fase 2 (5° e 6° ano),Fase 2 (5° e 6° ano),,8.5,8.502,,5.0,5.0,,6.0,8.0,,,11.0,,9.5,9.75,,7.434033333,8.01645,,,Pública,Pública,7.291666667,7.8125,,7.52,7.51,,7.563333333,7.92,,,,,5.7,9.0,,6.2,7.0,,Ametista,Topázio,,,3.0,2.0,,Cursando,,1D,1C
RA-1033,Aluno-1033,Feminino,2023,,,,,-1.0,,,,,,,FASE 1,,,Fase 2 (5° e 6° ano),,,9.0,,,5.0,,,7.9,,,,,,8.9,,,8.126033333,,,,Pública,,8.125,,,7.52,,,9.006666667,,,,,,7.0,,,8.8,,,Topázio,,,,3.0,,,,,1D,
RA-1034,Aluno-1034,Masculino,2023,,,,,-1.0,0.0,,,,EE Alexandre Rodrigues Nogueira,,FASE 1,2B,,Fase 2 (5° e 6° ano),Fase 2 (5° e 6° ano),,7.5,7.502,,5.0,10.0,,8.3,7.5,,10.0,11.0,,9.0,8.0833333335,,7.9642,8.0333666666,,,Pública,Pública,8.333333333,7.708333333,,7.52,7.51,,8.393333333,8.223333333,,,,,7.8,7.5,,8.7,7.5,,Ametista,Topázio,,,3.0,3.0,,Cursando,,1D,2B
RA-1035,Aluno-1035,Masculino,2023,,,,,0.0,-1.0,,,,EE Dom Pedro Villas Boas de Souza,,FASE 1,1C,,Fase 1 (3° e 4° ano),Fase 2 (5° e 6° ano),,0.0,9.502,,10.0,5.0,,5.8,7.0,,9.0,10.0,,8.3,9.0227272725,,6.888833333,7.833495454500001,,,Pública,Pública,7.708333333,8.4375,,7.52,7.51,,7.78,7.92,,,,,4.0,6.5,,7.5,7.5,,Ágata,Ametista,,,3.0,2.0,,Cursando,,1D,1C
RA-1036,Aluno-1036,Feminino,2023,,,,,-1.0,0.0,,,,EE João Ortiz Rodrigues,,FASE 1,2H,,Fase 2 (5° e 6° ano),Fase 2 (5° e 6° ano),,0.0,10.002,,5.0,10.0,,8.0,7.0,,11.0,12.0,,9.6,9.0890269155,,6.970583333,8.2841303831,,,Pública,Pública,9.0625,7.65625,,3.77,7.51,,8.336666667,7.7475,,,,,9.0,7.0,,7.0,7.0,,Ágata,Topázio,,,3.0,4.0,,Cursando,,1F,2H
RA-1037,Aluno-1037,Masculino,2023,,,,,-1.0,,,,,,,FASE 1,,,Fase 2 (5° e 6° ano),,,9.0,,,5.0,,,6.7,,,10.0,,,8.4,,,7.655575,,,,Pública,,8.59375,,,7.52,,,8.17,,,,,,5.0,,,8.3,,,Ametista,,,,3.0,,,,,1F,
RA-1038,Aluno-1038,Feminino,2023,,,,,-1.0,0.0,,,,EE Dom Pedro Villas Boas de Souza,,FASE 1,2I,,Fase 2 (5° e 6° ano),Fase 2 (5° e 6° ano),,8.0,8.002,,5.0,10.0,,6.5,8.5,,10.0,11.0,,9.3,7.5438596495,,7.736825,7.9646385965,,,Privada,Pública,8.90625,7.5,,7.52,7.51,,8.17,7.273333333,,,,,7.5,10.0,,5.5,7.0,,Ametista,Ametista,,,3.0,3.0,,Cursando,,1F,2I
RA-1039,Aluno-1039,Masculino,2023,,,,,-2.0,-1.0,,,,EE Joaquim Mendes Feliz,,FASE 1,2I,,Fase 3 (7° e 8° ano),Fase 3 (7° e 8° ano),,8.0,8.002,,5.0,5.0,,6.2,7.25,,,13.0,,9.9,9.722222222,,7.686033333,7.549644444400001,,,Pública,Pública,8.125,7.5,,7.52,7.51,,8.056666667,6.77,,,,,6.0,8.0,,6.3,6.5,,Ametista,Ametista,,,3.0,3.0,,Cursando,,1F,2I
RA-104,Aluno-104,Masculino,2022,61.0,681.0,11.0,-4.0,-3.0,,Melhorar: Empenhar-se mais nas aulas e avaliações.,Destaque: A sua boa entrega das lições de casa.,Melhorar: Integrar-se mais aos Princípios Passos Mágicos.,,4,FASE 5,,Fase 8 (Universitários),Fase 8 (Universitários),,7.9,0.0,,2.5,2.5,,3.7,2.6,,18.0,,,8.7,7.7,,6.315,4.25,,False,Escola Pública,Pública,,5.625,,7.5,2.52,,6.708,5.6275,,0.3,2.3,,4.8,3.7,,5.8,1.8,,Ágata,Quartzo,,False,4.0,4.0,,Não atendido,,A,5F,
RA-1040,Aluno-1040,Masculino,2023,,,,,-1.0,-1.0,,,,EE Joaquim Mendes Feliz,,FASE 1,2I,,Fase 2 (5° e 6° ano),Fase 3 (7° e 8° ano),,10.0,9.502,,5.0,5.0,,6.6,8.25,,,12.0,,9.3,8.5416666665,,7.81545,7.764199999900001,,,Pública,Pública,7.8125,7.5,,7.52,7.51,,8.06,7.273333333,,,,,5.8,8.0,,7.3,8.5,,Ametista,Ametista,,,3.0,3.0,,Cursando,,1F,2I
RA-1041,Aluno-1041,Feminino,2023,,,,,-1.0,,,,,,,FASE 1,,,Fase 2 (5° e 6° ano),,,10.0,,,5.0,,,3.3,,,10.0,,,7.2,,,6.724116667,,,,Pública,,7.8125,,,7.52,,,8.003333333,,,,,,1.8,,,4.7,,,Ágata,,,,3.0,,,,,1F,
RA-1042,Aluno-1042,Masculino,2023,,,,,-1.0,,,,,,,FASE 1,,,Fase 2 (5° e 6° ano),,,0.0,,,5.0,,,4.3,,,,,,6.5,,,5.331166667,,,,Pública,,7.708333333,,,3.77,,,7.666666667,,,,,,4.0,,,4.5,,,Quartzo,,,,3.0,,,,,1G,
RA-1043,Aluno-1043,Masculino,2023,,,,,-1.0,-1.0,,,,EE João Ortiz Rodrigues,,FASE 1,1H,,Fase 2 (5° e 6° ano),Fase 2 (5° e 6° ano),,10.0,10.002,,5.0,5.0,,2.5,8.25,,10.0,11.0,,7.9,7.994071146,,6.5447,7.539847562500002,,,Pública,Pública,7.708333333,7.291666667,,6.27,7.51,,7.833333333,6.553333333,,,,,2.0,8.5,,3.0,8.0,,Ágata,Ametista,,,3.0,3.0,,Cursando,,1G,1H
RA-1044,Aluno-1044,Feminino,2023,,,,,-1.0,0.0,,,,EE Olivia de Faria Nogueira,,FASE 1,2G,,Fase 2 (5° e 6° ano),Fase 2 (5° e 6° ano),,8.0,7.502,,5.0,10.0,,6.1,7.0,,10.0,11.0,,9.7,9.523809524,,7.629533333,7.966711904800001,,,Pública,Pública,7.5,7.1875,,7.52,7.51,,8.336666667,7.21,,,,,4.5,7.0,,7.7,7.0,,Ametista,Ametista,,,3.0,4.0,,Cursando,,1G,2G
RA-1045,Aluno-1045,Feminino,2023,,,,,-1.0,,,,,,,FASE 1,,,Fase 2 (5° e 6° ano),,,9.5,,,5.0,,,7.9,,,11.0,,,9.4,,,8.089033333,,,,Pública,,7.708333333,,,7.52,,,8.28,,,,,,6.8,,,9.0,,,Topázio,,,,3.0,,,,,1H,
RA-1046,Aluno-1046,Masculino,2023,,,,,0.0,,,,,,,FASE 1,,,Fase 1 (3° e 4° ano),,,0.0,,,10.0,,,6.3,,,9.0,,,8.5,,,6.835833333,,,,Pública,,8.541666667,,,3.77,,,8.223333333,,,,,,6.3,,,6.3,,,Ágata,,,,3.0,,,,,1H,
RA-1047,Aluno-1047,Masculino,2023,,,,,0.0,,,,,,,FASE 1,,,Fase 1 (3° e 4° ano),,,10.0,,,10.0,,,6.9,,,9.0,,,8.5,,,7.848366667,,,,Pública,,8.125,,,3.77,,,7.893333333,,,,,,5.8,,,8.0,,,Ametista,,,,3.0,,,,,1H,
RA-1048,Aluno-1048,Feminino,2023,,,,,-1.0,1.0,,,,Estuda em outra cidade,,FASE 1,2A,,Fase 2 (5° e 6° ano),Fase 1 (3° e 4° ano),,8.5,8.502,,5.0,10.0,,8.2,6.25,,10.0,11.0,,9.5,6.833333333500001,,7.811366667,7.5198666666000005,,,Privada,Privada,8.541666667,7.708333333,,3.77,6.255,,8.5,8.283333333,,,,,7.5,6.5,,8.8,6.0,,Ametista,Ametista,,,3.0,3.0,,Cursando,,1H,2A
RA-1049,Aluno-1049,Masculino,2023,,,,,-1.0,-1.0,,,,EE João Ortiz Rodrigues,,FASE 1,1J,,Fase 2 (5° e 6° ano),Fase 2 (5° e 6° ano),,10.0,9.502,,5.0,5.0,,6.3,4.5,,10.0,11.0,,7.7,8.03030303,,7.443366667,6.821885606,,,Pública,Pública,8.125,7.65625,,7.52,7.51,,7.943333333,6.745,,,,,5.5,4.0,,7.0,5.0,,Ametista,Ágata,,,3.0,4.0,,Cursando,,1H,1J
RA-105,Aluno-105,Masculino,2016,47.0,542.0,10.0,-3.0,,,Melhorar: Empenhar-se mais nas aulas e avaliações.,Destaque: A sua boa entrega das lições de casa.,Melhorar: Integrar-se mais aos Princípios Passos Mágicos.,,4,,,Fase 7 (3º EM),,,7.9,,,2.5,,,6.7,,,17.0,,,8.2,,,6.846,,,False,Rede Decisão,,,,,5.6,,,7.417,,,6.8,,,7.2,,,6.2,,,Ágata,,,False,4.0,,,Requer avaliação,,A,,
RA-1050,Aluno-1050,Masculino,2023,,,,,-1.0,,,,,,,FASE 1,,,Fase 2 (5° e 6° ano),,,9.0,,,5.0,,,7.2,,,11.0,,,9.2,,,7.764366667,,,,Pública,,8.125,,,6.27,,,8.223333333,,,,,,6.2,,,8.2,,,Ametista,,,,3.0,,,,,1H,
RA-1051,Aluno-1051,Feminino,2023,,,,,0.0,,,,,,,FASE 1,,,Fase 1 (3° e 4° ano),,,8.5,,,10.0,,,8.4,,,9.0,,,8.9,,,8.534866667,,,,Pública,,8.75,,,6.27,,,8.613333333,,,,,,7.0,,,9.8,,,Topázio,,,,3.0,,,,,1H,
RA-1052,Aluno-1052,Masculino,2023,,,,,0.0,-1.0,,,,EM Maria Ignez Concelles Irma Ines,,FASE 1,1J,,Fase 1 (3° e 4° ano),Fase 2 (5° e 6° ano),,0.0,5.834,,10.0,5.0,,5.3,8.25,,,10.0,,9.0,9.128787879,,6.960333333,7.744032575800001,,,Pública,Pública,7.916666667,8.59375,,7.52,6.26,,7.833333333,8.4975,,,,,5.0,8.5,,5.5,8.0,,Ágata,Ametista,,,3.0,4.0,,Cursando,,1H,1J
RA-1053,Aluno-1053,Masculino,2023,,,,,0.0,,,,,,,FASE 1,,,Fase 1 (3° e 4° ano),,,0.0,,,10.0,,,8.6,,,9.0,,,9.1,,,7.776166667,,,,Pública,,8.958333333,,,6.27,,,8.616666667,,,,,,7.8,,,9.3,,,Ametista,,,,3.0,,,,,1J,
RA-1054,Aluno-1054,Masculino,2023,,,,,-2.0,-1.0,,,,EE Leonice de Aquino Oliveira,,FASE 1,2G,,Fase 3 (7° e 8° ano),Fase 3 (7° e 8° ano),,8.5,9.502,,5.0,5.0,,6.6,6.25,,,13.0,,8.6,7.3291925465,,7.459533333,6.985788509300001,,,Pública,Pública,7.5,7.1875,,7.52,7.51,,7.836666667,6.75,,,,,5.0,6.0,,8.2,6.5,,Ametista,Ágata,,,3.0,4.0,,Cursando,,1J,2G
RA-1055,Aluno-1055,Masculino,2023,,,,,-1.0,-2.0,,,,EE Loris Nassif Mattar Profa,,FASE 1,1J,,Fase 2 (5° e 6° ano),Fase 3 (7° e 8° ano),,0.0,10.002,,5.0,5.0,,5.5,5.5,,11.0,12.0,,7.2,5.7954545455,,5.9765,6.403040909100001,,,Pública,Pública,7.291666667,7.1875,,7.52,7.51,,7.276666667,5.87,,,,,6.0,4.0,,5.0,7.0,,Quartzo,Ágata,,,3.0,4.0,,Cursando,,1J,1J
RA-1056,Aluno-1056,Masculino,2023,,,,,0.0,-1.0,,,,EM Amanda Consuelo da Cunha,,FASE 1,1L,,Fase 1 (3° e 4° ano),Fase 2 (5° e 6° ano),,8.5,8.502,,10.0,5.0,,8.1,8.25,,9.0,10.0,,9.6,9.2857142855,,8.551741667,8.192009523800001,,,Pública,Pública,7.96875,9.166666667,,7.52,7.51,,8.113333333,8.335,,,,,7.8,8.5,,8.3,8.0,,Topázio,Topázio,,,3.0,2.0,,Cursando,,1K,1L
RA-1057,Aluno-1057,Feminino,2023,,,,,0.0,-1.0,,,,EE Helio Luiz Dobrochinski Prof,,FASE 1,1L,,Fase 1 (3° e 4° ano),Fase 2 (5° e 6° ano),,10.0,10.002,,10.0,5.0,,6.3,8.0,,9.0,10.0,,10.0,10.0,,8.4827,8.2352,,,Pública,Pública,8.125,8.75,,7.52,6.26,,8.34,8.17,,,,,6.5,8.0,,6.0,8.0,,Topázio,Topázio,,,3.0,2.0,,Cursando,,1L,1L
RA-1058,Aluno-1058,Feminino,2023,,,,,0.0,-1.0,,,,EE Helio Luiz Dobrochinski Prof,,FASE 1,1K,,Fase 1 (3° e 4° ano),Fase 2 (5° e 6° ano),,10.0,9.168,,10.0,5.0,,5.4,7.75,,,10.0,,8.7,8.095238095,,7.356533333,7.703347619,,,Pública,Pública,7.083333333,8.125,,3.14,6.88,,7.62,8.085,,,,,4.0,7.5,,6.7,8.0,,Ametista,Ametista,,,3.0,2.0,,Cursando,,1L,1K
RA-1059,Aluno-1059,Masculino,2023,,,,,-1.0,0.0,,,,EE Helio Luiz Dobrochinski Prof,,FASE 1,2M,,Fase 2 (5° e 6° ano),Fase 2 (5° e 6° ano),,10.0,8.002,,5.0,10.0,,7.6,7.5,,,11.0,,9.8,10.0,,7.763741667,8.678450000000002,,,Pública,Pública,7.96875,9.0625,,2.52,6.26,,8.673333333,9.23,,,,,6.2,7.5,,9.0,7.5,,Ametista,Topázio,,,3.0,3.0,,Cursando,,1M,2M
RA-106,Aluno-106,Feminino,2016,13.0,148.0,5.0,-1.0,0.0,,Melhorar: Empenhar-se mais nas aulas e avaliações.,Destaque: A sua boa entrega das lições de casa.,Destaque: A sua boa integração aos Princípios Passos Mágicos.,,4,FASE 5,,Fase 5 (1º EM),Fase 5 (1° EM),,9.2,7.9,,5.0,10.0,,7.4,7.3,,15.0,15.0,,8.0,9.1,,7.973,7.769658333,,False,Rede Decisão,Privada - Programa de Apadrinhamento,,7.03125,,9.4,5.0,,8.375,7.5075,,7.2,8.3,,7.8,6.7,,7.2,6.8,,Ametista,Ametista,,True,4.0,4.0,,Sem limitações,,A,5A,
RA-106,Aluno-106,Feminino,2021,,,,,,0.0,,,,Colégio Arco Íris Evolução,,,6A,,,Fase 6 (2° EM),,,9.168,,,10.0,,,5.666666666666667,,,16.0,,,8.761904762,,,7.721664285733334,,,,Privada - Programa de Apadrinhamento,,7.8125,,,5.635,,,7.872,,,6.5,,,7.0,,,3.5,,,Ametista,,,,5.0,,Cursando,,,6A
RA-1060,Aluno-1060,Masculino,2023,,,,,-1.0,0.0,,,,EE Donizetti Aparecido Leite Professor,,FASE 1,2M,,Fase 2 (5° e 6° ano),Fase 2 (5° e 6° ano),,9.0,9.585,,5.0,10.0,,5.7,3.25,,,12.0,,8.6,6.0,,7.095741667,6.448416666600001,,,Pública,Pública,7.96875,7.8125,,3.14,6.26,,8.673333333,6.163333333,,,,,4.3,3.5,,7.0,3.0,,Ametista,Ágata,,,3.0,3.0,,Cursando,,1M,2M
RA-1061,Aluno-1061,Masculino,2023,,,,,-1.0,0.0,,,,EE Helio Luiz Dobrochinski Prof,,FASE 1,2M,,Fase 2 (5° e 6° ano),Fase 2 (5° e 6° ano),,9.5,8.502,,5.0,10.0,,9.3,8.5,,10.0,11.0,,9.7,10.0,,8.196533333,8.76595,,,Pública,Pública,8.75,8.4375,,3.14,6.26,,8.836666667,8.73,,,,,8.8,7.0,,9.7,10.0,,Topázio,Topázio,,,3.0,3.0,,Cursando,,1M,2M
RA-1062,Aluno-1062,Masculino,2023,,,,,0.0,-1.0,,,,EM Alfredo Schunk,,FASE 1,1L,,Fase 1 (3° e 4° ano),Fase 2 (5° e 6° ano),,7.4,8.002,,10.0,5.0,,6.2,7.25,,,10.0,,7.7,9.047619048,,7.448841667,7.6147238096,,,Pública,Pública,8.59375,8.75,,3.77,5.63,,8.503333333,8.085,,,,,4.8,6.5,,7.5,8.0,,Ametista,Ametista,,,3.0,2.0,,Cursando,,1M,1L
RA-1063,Aluno-1063,Masculino,2023,,,,,-1.0,-1.0,,,,EE Donizetti Aparecido Leite Professor,,FASE 1,2N,,Fase 2 (5° e 6° ano),Fase 3 (7° e 8° ano),,9.5,5.25,,5.0,5.0,,5.9,7.75,,,12.0,,9.5,9.75,,7.490825,7.279250000000001,,,Privada - Programa de Apadrinhamento,Pública,6.40625,7.8125,,7.52,7.51,,7.89,6.11,,,,,4.7,9.0,,7.0,6.5,,Ametista,Ametista,,,3.0,3.0,,Cursando,,1N,2N
RA-1064,Aluno-1064,Masculino,2023,,,,,-1.0,0.0,,,,EE Helio Luiz Dobrochinski Prof,,FASE 1,2N,,Fase 2 (5° e 6° ano),Fase 2 (5° e 6° ano),,8.5,9.502,,5.0,10.0,,8.6,8.5,,10.0,11.0,,9.8,9.7368421055,,8.4777,8.9802350877,,,Pública,Pública,9.375,8.75,,7.52,7.51,,8.84,8.783333333,,,,,8.3,8.0,,8.8,9.0,,Topázio,Topázio,,,3.0,3.0,,Cursando,,1N,2N
RA-1065,Aluno-1065,Feminino,2023,,,,,-1.0,0.0,,,,EE Helio Luiz Dobrochinski Prof,,FASE 1,2N,,Fase 2 (5° e 6° ano),Fase 2 (5° e 6° ano),,8.5,9.502,,5.0,10.0,,7.0,9.25,,,11.0,,9.6,8.8152173915,,8.03395,8.8634934783,,,Pública,Pública,8.4375,9.0625,,7.52,6.26,,8.84,8.84,,,,,7.7,9.0,,6.3,9.5,,Topázio,Topázio,,,3.0,3.0,,Cursando,,1N,2N
RA-1066,Aluno-1066,Feminino,2023,,,,,-1.0,0.0,,,,EM Cecilia Cristina de Oliveira Rodrigues,,FASE 1,2L,,Fase 2 (5° e 6° ano),Fase 2 (5° e 6° ano),,8.5,9.502,,5.0,10.0,,6.2,7.25,,10.0,11.0,,6.6,8.3954451345,,7.262616667,7.9326223603,,,Pública,Pública,8.4375,7.5,,7.52,6.26,,8.783333333,7.386666667,,,,,4.2,7.0,,8.2,7.5,,Ametista,Ametista,,,3.0,3.0,,Cursando,,1N,2L
RA-1067,Aluno-1067,Masculino,2023,,,,,-1.0,-1.0,,,,EM Cecilia Cristina de Oliveira Rodrigues,,FASE 1,1K,,Fase 2 (5° e 6° ano),Fase 2 (5° e 6° ano),,0.0,10.002,,5.0,5.0,,5.4,6.75,,10.0,11.0,,7.9,8.333333332999999,,6.541458333,7.840033333300001,,,Pública,Pública,8.28125,8.541666667,,7.52,7.51,,9.006666667,8.59,,,,,4.5,6.5,,6.3,7.0,,Ágata,Ametista,,,3.0,2.0,,Cursando,,1N,1K
RA-1068,Aluno-1068,Masculino,2023,,,,,-1.0,0.0,,,,EE Maria André Schunck Dona,,FASE 1,2R,,Fase 2 (5° e 6° ano),Fase 2 (5° e 6° ano),,8.5,9.502,,5.0,10.0,,9.0,9.5,,,11.0,,9.3,9.068181818,,8.472533333,9.0150030303,,,Pública,Pública,9.166666667,8.541666667,,6.89,7.51,,9.283333333,8.73,,,,,8.3,9.0,,9.7,10.0,,Topázio,Topázio,,,3.0,3.0,,Cursando,,1P,2R
RA-1069,Aluno-1069,Masculino,2023,,,,,-1.0,0.0,,,,EE Maria André Schunck Dona,,FASE 1,2K,,Fase 2 (5° e 6° ano),Fase 2 (5° e 6° ano),,9.0,9.002,,5.0,10.0,,7.1,6.25,,11.0,12.0,,7.8,7.0760869565,,7.590033333,7.678917391300001,,,Pública,Pública,8.125,8.125,,7.52,7.51,,8.226666667,7.75,,,,,7.5,7.0,,6.7,5.5,,Ametista,Ametista,,,3.0,4.0,,Cursando,,1P,2K
RA-107,Aluno-107,Feminino,2018,63.0,693.0,12.0,-1.0,0.0,,Melhorar: Empenhar-se mais nas aulas e avaliações.,Melhorar: Melhorar a sua entrega de lições de casa.,Melhorar: Integrar-se mais aos Princípios Passos Mágicos.,,4,FASE 5,,Fase 5 (1º EM),Fase 5 (1° EM),,7.5,0.0,,5.0,10.0,,4.6,7.0,,15.0,15.0,,6.4,8.5,,6.258,6.845208333,,True,Escola Pública,Pública,,7.34375,,7.5,5.0,,6.5,7.5875,,6.0,9.7,,3.3,6.0,,4.3,5.2,,Ágata,Ágata,,False,4.0,4.0,,Sem limitações,,A,5C,
RA-107,Aluno-107,Feminino,2021,,,,,,-1.0,,,,EE Mario Francisco de Amorim,,,5D,,,Fase 6 (2° EM),,,7.5,,,5.0,,,4.666666666666667,,,16.0,,,7.9949874686666655,,,6.676130827066667,,,,Pública,,7.5,,,7.51,,,6.964,,,9.5,,,0.0,,,4.5,,,Ágata,,,,5.0,,Cursando,,,5D
RA-1070,Aluno-1070,Masculino,2023,,,,,-1.0,-1.0,,,,EE Donizetti Aparecido Leite Professor,,FASE 1,1P,,Fase 2 (5° e 6° ano),Fase 2 (5° e 6° ano),,9.0,9.002,,5.0,5.0,,5.8,2.25,,11.0,12.0,,7.8,9.3073593075,,6.939033333,6.287171861500001,,,Pública,Pública,7.708333333,6.875,,3.14,5.635,,8.67,6.6225,,,,,5.3,4.5,,6.3,0.0,,Ágata,Ágata,,,3.0,4.0,,Cursando,,1P,1P
RA-1071,Aluno-1071,Masculino,2023,,,,,-1.0,-1.0,,,,EE Maria André Schunck Dona,,FASE 1,2R,,Fase 2 (5° e 6° ano),Fase 3 (7° e 8° ano),,9.0,8.002,,5.0,5.0,,3.5,4.5,,11.0,12.0,,8.6,4.188311688500001,,6.414033333,4.8048623378,,,Pública,Pública,5.625,4.166666667,,7.52,7.51,,6.396666667,2.996666667,,,,,1.7,4.0,,5.3,5.0,,Ágata,Quartzo,,,3.0,3.0,,Cursando,,1R,2R
RA-1072,Aluno-1072,Masculino,2023,,,,,0.0,0.0,,,,EE Leonice de Aquino Oliveira,,FASE 2,3B,,Fase 2 (5° e 6° ano),Fase 3 (7° e 8° ano),,9.0,8.751,,10.0,10.0,,6.7,8.166666666666666,,11.0,12.0,,8.6,5.627886710333333,,8.0152,7.8153856754,,,Pública,Pública,8.125,7.96875,,5.0,8.755,,8.7125,7.545,,,9.5,,5.2,8.0,,8.2,7.0,,Topázio,Ametista,,,3.0,4.0,,Cursando,,2A,3B
RA-1073,Aluno-1073,Feminino,2022,,,,,,0.0,,,,EE Mario Francisco de Amorim,,,3A,,,Fase 3 (7° e 8° ano),,,9.168,,,10.0,,,6.5,,,13.0,,,6.370972886666667,,,7.0859945773333335,,,,Pública,,6.875,,,7.5,,,5.7875,,,8.0,,,6.5,,,5.0,,,Ametista,,,,4.0,,Cursando,,,3A
RA-1073,Aluno-1073,Feminino,2023,,,,,-1.0,,,,,,,FASE 2,,,Fase 3 (7° e 8° ano),,,0.0,,,5.0,,,6.2,,,,,,8.8,,,6.384333333,,,,Pública,,8.333333333,,,2.52,,,9.045,,,,,,4.8,,,7.5,,,Ágata,,,,3.0,,,,,2A,
RA-1074,Aluno-1074,Feminino,2023,,,,,-1.0,,,,,,,FASE 2,,,Fase 3 (7° e 8° ano),,,0.0,,,5.0,,,6.0,,,12.0,,,9.8,,,6.195833333,,,,Pública,,7.083333333,,,2.52,,,7.8775,,,,,,8.0,,,4.0,,,Ágata,,,,3.0,,,,,2A,
RA-1075,Aluno-1075,Feminino,2023,,,,,-1.0,-1.0,,,,EE Leonice de Aquino Oliveira,,FASE 2,2A,,Fase 3 (7° e 8° ano),Fase 3 (7° e 8° ano),,0.0,7.5,,5.0,5.0,,5.5,6.0,,12.0,13.0,,9.6,8.5154061625,,6.591333333,6.8100812324,,,Pública,Pública,7.708333333,7.708333333,,5.0,3.755,,9.0025,7.553333333,,,,,5.0,5.0,,6.0,7.0,,Ágata,Ágata,,,3.0,3.0,,Cursando,,2A,2A
RA-1076,Aluno-1076,Feminino,2021,,,,,,0.0,,,,EE Mario Francisco de Amorim,,,3A,,,Fase 3 (7° e 8° ano),,,8.334,,,10.0,,,6.333333333333333,,,13.0,,,7.777033492666668,,,7.479598365200001,,,,Pública,,7.03125,,,8.125,,,6.5425,,,7.0,,,5.5,,,6.5,,,Ametista,,,,4.0,,Cursando,,,3A
RA-1076,Aluno-1076,Feminino,2023,,,,,-1.0,,,,,,,FASE 2,,,Fase 3 (7° e 8° ano),,,9.0,,,5.0,,,8.5,,,,,,9.7,,,7.901033333,,,,Pública,,8.333333333,,,2.52,,,8.8775,,,,,,9.0,,,8.0,,,Ametista,,,,3.0,,,,,2A,
RA-1077,Aluno-1077,Masculino,2023,,,,,0.0,0.0,,,,EE Alexandre Rodrigues Nogueira,,FASE 2,3D,,Fase 2 (5° e 6° ano),Fase 3 (7° e 8° ano),,0.0,0.0,,10.0,10.0,,7.3,2.0,,,12.0,,9.7,7.703703703666666,,7.2115,5.543865740733334,,,Pública,Pública,8.75,6.40625,,2.52,6.885,,8.4225,6.37,,,0.0,,6.8,0.0,,7.8,6.0,,Ametista,Quartzo,,,3.0,4.0,,Cursando,,2B,3D
RA-1078,Aluno-1078,Masculino,2023,,,,,-2.0,,,,,,,FASE 2,,,Fase 4 (9° ano),,,5.3,,,5.0,,,6.4,,,14.0,,,6.8,,,6.472333333,,,,Pública,,8.958333333,,,2.52,,,8.2975,,,,,,4.3,,,8.5,,,Ágata,,,,3.0,,,,,2B,
RA-1079,Aluno-1079,Masculino,2023,,,,,-1.0,0.0,,,,EE Alexandre Rodrigues Nogueira,,FASE 2,3B,,Fase 3 (7° e 8° ano),Fase 3 (7° e 8° ano),,9.0,7.5,,5.0,10.0,,7.6,6.333333333333333,,,13.0,,8.1,4.516498316333333,,6.916533333,5.4253413299333335,,,Pública,Pública,7.083333333,4.21875,,2.52,2.51,,7.13,4.1625,,,6.5,,7.3,5.0,,7.8,7.5,,Ágata,Quartzo,,,3.0,4.0,,Cursando,,2B,3B
RA-108,Aluno-108,Feminino,2019,72.0,784.0,15.0,-3.0,-2.0,,Melhorar: Empenhar-se mais nas aulas e avaliações.,Destaque: A sua boa entrega das lições de casa.,Melhorar: Integrar-se mais aos Princípios Passos Mágicos.,,4,FASE 5,,Fase 7 (3º EM),Fase 7 (3° EM),,4.6,5.8,,2.5,5.0,,5.0,2.9,,17.0,,,7.7,7.3,,5.547,4.9308,,False,Escola Pública,Concluiu o 3º EM,,4.375,,5.0,2.52,,6.125,5.59,,6.2,2.8,,3.0,2.7,,5.8,3.2,,Quartzo,Quartzo,,False,4.0,4.0,,Não indicado,,A,5B,
RA-1080,Aluno-1080,Masculino,2023,,,,,-1.0,,,,,,,FASE 2,,,Fase 3 (7° e 8° ano),,,7.9,,,5.0,,,1.5,,,12.0,,,10.0,,,6.571966667,,,,Pública,,8.541666667,,,5.0,,,8.13,,,,,,0.0,,,3.0,,,Ágata,,,,3.0,,,,,2B,
RA-1081,Aluno-1081,Feminino,2023,,,,,-2.0,0.0,,,,Colégio Arco Íris Evolução,,FASE 2,4C,,Fase 4 (9° ano),Fase 4 (9° ano),,10.0,6.667,,5.0,10.0,,6.5,8.833333333333334,,14.0,15.0,,10.0,9.523809523666666,,7.666033333,8.5452952381,,,Pública,Privada - Programa de Apadrinhamento,8.958333333,9.166666667,,2.52,5.005,,8.59,8.95,,,9.0,,8.0,9.5,,5.0,8.0,,Ametista,Topázio,,,3.0,3.0,,Cursando,,2B,4C
RA-1082,Aluno-1082,Feminino,2023,,,,,-1.0,-1.0,,,,EE Leonice de Aquino Oliveira,,FASE 2,2A,,Fase 3 (7° e 8° ano),Fase 3 (7° e 8° ano),,9.5,7.502,,5.0,5.0,,5.0,3.75,,,13.0,,9.5,7.5714285715,,7.1617,6.6114857142,,,Pública,Pública,8.75,7.083333333,,2.52,10.0,,8.4225,6.943333333,,,,,3.5,2.0,,6.5,5.5,,Ametista,Ágata,,,3.0,3.0,,Cursando,,2B,2A
RA-1083,Aluno-1083,Feminino,2023,,,,,0.0,,,,,,,FASE 2,,,Fase 2 (5° e 6° ano),,,6.8,,,10.0,,,7.5,,,10.0,,,10.0,,,8.2345,,,,Pública,,8.75,,,5.0,,,8.38,,,,,,7.0,,,8.0,,,Topázio,,,,3.0,,,,,2B,
RA-1084,Aluno-1084,Feminino,2023,,,,,0.0,0.0,,,,EE Leonice de Aquino Oliveira,,FASE 2,3A,,Fase 2 (5° e 6° ano),Fase 3 (7° e 8° ano),,8.4,8.751,,10.0,10.0,,6.8,3.6666666666666665,,11.0,12.0,,10.0,7.705263158,,7.9948,6.9071109649333335,,,Pública,Pública,8.75,7.03125,,2.52,5.63,,8.38,7.4575,,,4.0,,5.0,1.0,,8.5,6.0,,Ametista,Ágata,,,3.0,4.0,,Cursando,,2B,3A
RA-1085,Aluno-1085,Feminino,2023,,,,,-1.0,,,,,,,FASE 2,,,Fase 3 (7° e 8° ano),,,0.0,,,5.0,,,6.7,,,12.0,,,9.8,,,6.563833333,,,,Pública,,8.958333333,,,2.52,,,8.13,,,,,,6.0,,,7.3,,,Ágata,,,,3.0,,,,,2C,
RA-1086,Aluno-1086,Feminino,2023,,,,,-1.0,,,,,,,FASE 2,,,Fase 3 (7° e 8° ano),,,8.5,,,5.0,,,5.7,,,12.0,,,9.4,,,7.2382,,,,Pública,,8.75,,,2.52,,,8.755,,,,,,6.0,,,5.3,,,Ametista,,,,3.0,,,,,2C,
RA-1087,Aluno-1087,Feminino,2023,,,,,-1.0,0.0,,,,EE Mario Francisco de Amorim,,FASE 2,3B,,Fase 3 (7° e 8° ano),Fase 3 (7° e 8° ano),,10.0,7.917,,5.0,10.0,,5.4,2.6666666666666665,,12.0,13.0,,9.5,8.393265993333333,,7.2067,6.913936532,,,Pública,Pública,8.75,7.1875,,2.52,8.755,,8.0475,6.58,,,1.0,,3.7,2.0,,7.0,5.0,,Ametista,Ágata,,,3.0,4.0,,Cursando,,2C,3B
RA-1088,Aluno-1088,Masculino,2023,,,,,-1.0,,,,,,,FASE 2,,,Fase 3 (7° e 8° ano),,,9.5,,,5.0,,,6.8,,,13.0,,,9.8,,,7.4717,,,,Pública,,8.75,,,2.52,,,7.9225,,,,,,6.0,,,7.5,,,Ametista,,,,3.0,,,,,2C,
RA-1089,Aluno-1089,Feminino,2023,,,,,0.0,0.0,,,,EE Bairro Boa Vista,,FASE 2,3D,,Fase 2 (5° e 6° ano),Fase 3 (7° e 8° ano),,9.0,9.168,,10.0,10.0,,7.0,6.833333333333333,,,12.0,,9.5,7.039682539666667,,7.9947,7.6221531746,,,Pública,Pública,8.75,7.1875,,2.52,8.13,,8.3375,6.995,,,8.5,,6.0,6.0,,8.0,6.0,,Ametista,Ametista,,,3.0,4.0,,Cursando,,2C,3D
RA-109,Aluno-109,Masculino,2021,4.0,33.0,2.0,-2.0,-1.0,,Destaque: As suas boas notas na Passos Mágicos.,Destaque: A sua boa entrega das lições de casa.,Destaque: A sua boa integração aos Princípios Passos Mágicos.,,4,FASE 6,,Fase 6 (2º EM),Fase 7 (3° EM),,8.8,8.3,,5.0,5.0,,8.4,8.3,,16.0,,,10.0,9.9,,8.512,8.3184,,False,Rede Decisão,Privada - Programa de Apadrinhamento,,8.75,,8.8,7.52,,8.667,8.59,,9.9,9.7,,7.8,7.0,,7.5,8.2,,Topázio,Topázio,,True,4.0,4.0,,Sem limitações,,A,6A,
RA-1090,Aluno-1090,Masculino,2023,,,,,-1.0,0.0,,,,EE Alexandre Rodrigues Nogueira,,FASE 2,3D,,Fase 3 (7° e 8° ano),Fase 3 (7° e 8° ano),,9.0,9.585,,5.0,10.0,,9.0,6.333333333333333,,13.0,14.0,,9.6,7.621832358666666,,7.844033333,7.7652831384,,,Pública,Pública,8.958333333,7.8125,,2.52,7.51,,7.88,7.4175,,,8.0,,8.7,3.5,,9.3,7.5,,Ametista,Ametista,,,3.0,4.0,,Cursando,,2C,3D
RA-1091,Aluno-1091,Masculino,2023,,,,,-1.0,,,,,,,FASE 2,,,Fase 3 (7° e 8° ano),,,8.5,,,5.0,,,9.5,,,12.0,,,9.0,,,8.032533333,,,,Pública,,8.958333333,,,2.52,,,9.1725,,,,,,9.3,,,9.7,,,Topázio,,,,3.0,,,,,2C,
RA-1092,Aluno-1092,Masculino,2023,,,,,-1.0,,,,,,,FASE 2,,,Fase 3 (7° e 8° ano),,,7.8,,,5.0,,,6.9,,,12.0,,,9.8,,,7.41,,,,Pública,,8.75,,,2.52,,,8.2975,,,,,,6.0,,,7.8,,,Ametista,,,,3.0,,,,,2C,
RA-1093,Aluno-1093,Masculino,2023,,,,,0.0,0.0,,,,EE Mario Francisco de Amorim,,FASE 2,3D,,Fase 2 (5° e 6° ano),Fase 3 (7° e 8° ano),,7.0,7.5,,10.0,10.0,,9.2,8.666666666666666,,11.0,12.0,,9.3,7.722222222333333,,8.197533333,8.5079027778,,,Pública,Pública,8.958333333,8.90625,,2.52,8.13,,8.2975,8.8825,,,9.5,,9.3,8.5,,9.0,8.0,,Topázio,Topázio,,,3.0,4.0,,Cursando,,2C,3D
RA-1094,Aluno-1094,Feminino,2023,,,,,0.0,0.0,,,,EE Leonice de Aquino Oliveira,,FASE 2,3D,,Fase 2 (5° e 6° ano),Fase 3 (7° e 8° ano),,7.8,9.168,,10.0,10.0,,8.5,7.333333333333333,,11.0,12.0,,9.5,9.523809523666666,,8.1779,8.0164785714,,,Pública,Pública,8.75,8.4375,,2.52,2.51,,8.3375,8.1675,,,8.5,,7.8,6.0,,9.2,7.5,,Topázio,Topázio,,,3.0,4.0,,Cursando,,2C,3D
RA-1095,Aluno-1095,Masculino,2023,,,,,-1.0,0.0,,,,EE Mario Francisco de Amorim,,FASE 2,3D,,Fase 3 (7° e 8° ano),Fase 3 (7° e 8° ano),,0.0,7.5,,5.0,10.0,,5.3,2.3333333333333335,,,14.0,,9.8,7.84502924,,6.238,6.108547514666667,,,Pública,Pública,8.75,5.46875,,2.52,7.51,,8.005,5.125,,,2.0,,5.8,3.0,,4.7,2.0,,Ágata,Ágata,,,3.0,4.0,,Cursando,,2C,3D
RA-1096,Aluno-1096,Feminino,2023,,,,,0.0,1.0,,,,EE Leonice de Aquino Oliveira,,FASE 2,3B,,Fase 2 (5° e 6° ano),Fase 2 (5° e 6° ano),,9.5,9.168,,10.0,10.0,,9.6,8.5,,,11.0,,9.9,9.866666666666667,,8.615533333,9.189883333333334,,,Pública,Pública,8.958333333,9.0625,,2.52,8.755,,8.0875,9.09,,,10.0,,9.5,8.5,,9.7,7.0,,Topázio,Topázio,,,3.0,4.0,,Cursando,,2D,3B
RA-1097,Aluno-1097,Masculino,2023,,,,,-2.0,-1.0,,,,EE Paschoal Carlos Magno,,FASE 2,3C,,Fase 4 (9° ano),Fase 4 (9° ano),,9.5,10.002,,5.0,5.0,,5.4,3.0,,,15.0,,8.6,4.849791144666667,,6.9547,5.475324895633334,,,Pública,Pública,8.125,6.041666667,,5.0,6.25,,6.96,5.88,,,0.0,,4.3,4.5,,6.5,4.5,,Ágata,Quartzo,,,3.0,3.0,,Cursando,,2D,3C
RA-1098,Aluno-1098,Feminino,2023,,,,,-1.0,0.0,,,,EE Alexandre Rodrigues Nogueira,,FASE 2,3D,,Fase 3 (7° e 8° ano),Fase 3 (7° e 8° ano),,9.5,8.751,,5.0,10.0,,6.4,3.5,,13.0,14.0,,9.5,5.822406257,,7.2787,6.5744562514,,,Pública,Pública,8.125,7.34375,,2.52,7.51,,7.92,6.7475,,,6.0,,6.3,1.0,,6.5,3.5,,Ametista,Ágata,,,3.0,4.0,,Cursando,,2D,3D
RA-1099,Aluno-1099,Feminino,2023,,,,,-1.0,0.0,,,,EE Leonice de Aquino Oliveira,,FASE 2,3G,,Fase 3 (7° e 8° ano),Fase 3 (7° e 8° ano),,9.0,8.334,,5.0,10.0,,5.2,3.8333333333333335,,13.0,14.0,,9.6,8.133333333333333,,7.113533333,7.332483333333334,,,Pública,Pública,8.333333333,7.8125,,2.52,10.0,,8.34,6.6225,,,5.5,,5.7,2.5,,4.7,3.5,,Ametista,Ametista,,,3.0,4.0,,Cursando,,2F,3G
RA-11,Aluno-11,Feminino,2016,19.0,799.0,11.0,-1.0,,,Melhorar: Empenhar-se mais nas aulas e avaliações.,Melhorar: Melhorar a sua entrega de lições de casa.,Melhorar: Integrar-se mais aos Princípios Passos Mágicos.,,7,,,Fase 8 (Universitários),,,9.2,,,5.0,,,3.0,,,18.0,,,4.2,,,5.323,,,False,Escola Pública,,,,,5.0,,,6.389,,,4.5,,,1.8,,,2.5,,,Quartzo,,,False,4.0,,,Requer avaliação,,A,,
RA-110,Aluno-110,Masculino,2017,10.0,100.0,3.0,0.0,0.0,,Melhorar: Empenhar-se mais nas aulas e avaliações.,Destaque: A sua boa entrega das lições de casa.,Destaque: A sua boa integração aos Princípios Passos Mágicos.,,4,FASE 5,,Fase 4 (9º ano),Fase 5 (1° EM),,9.2,8.3,,10.0,10.0,,6.7,7.5,,14.0,15.0,,9.7,8.6,,8.15,8.0879,,False,Rede Decisão,Privada - Programa de Apadrinhamento,,8.75,,5.6,5.0,,8.0,8.2975,,6.0,8.0,,8.3,8.3,,5.7,6.2,,Topázio,Topázio,,False,4.0,4.0,,Requer avaliação,,A,5A,
RA-110,Aluno-110,Masculino,2021,,,,,,0.0,,,,Colégio Arco Íris Evolução,,,5A,,,Fase 5 (1° EM),,,9.168,,,10.0,,,8.5,,,16.0,,,9.696969697,,,8.6324939394,,,,Privada - Programa de Apadrinhamento,,7.5,,,6.255,,,8.504,,,8.5,,,10.0,,,7.0,,,Topázio,,,,5.0,,Cursando,,,5A
RA-1100,Aluno-1100,Masculino,2023,,,,,0.0,1.0,,,,EE João Ortiz Rodrigues,,FASE 2,3G,,Fase 2 (5° e 6° ano),Fase 2 (5° e 6° ano),,10.0,7.5,,10.0,10.0,,7.1,4.666666666666667,,,12.0,,9.2,7.1000000000000005,,8.261033333,6.649708333333334,,,Pública,Pública,8.541666667,6.71875,,5.0,7.51,,8.283333333,5.6175,,,6.0,,6.3,4.0,,7.8,4.0,,Topázio,Ágata,,,3.0,4.0,,Cursando,,2F,3G
RA-1101,Aluno-1101,Masculino,2023,,,,,0.0,,,,,,,FASE 2,,,Fase 2 (5° e 6° ano),,,0.0,,,10.0,,,5.3,,,,,,7.2,,,6.446666667,,,,Pública,,8.333333333,,,5.0,,,8.116666667,,,,,,4.2,,,6.3,,,Ágata,,,,3.0,,,,,2F,
RA-1102,Aluno-1102,Masculino,2023,,,,,0.0,1.0,,,,EE Leonice de Aquino Oliveira,,FASE 2,3H,,Fase 2 (5° e 6° ano),Fase 2 (5° e 6° ano),,9.5,8.751,,10.0,10.0,,7.5,9.333333333333334,,,12.0,,9.5,9.390476190333333,,8.123033333,8.440611904733334,,,Pública,Pública,7.708333333,5.9375,,5.0,8.13,,7.56,7.07,,,10.0,,5.7,10.0,,9.2,8.0,,Topázio,Topázio,,,3.0,5.0,,Cursando,,2F,3H
RA-1103,Aluno-1103,Masculino,2023,,,,,0.0,0.0,,,,EE Loris Nassif Mattar Profa,,FASE 2,2H,,Fase 2 (5° e 6° ano),Fase 2 (5° e 6° ano),,9.0,8.502,,10.0,10.0,,5.0,7.25,,10.0,11.0,,8.7,7.763975155000001,,7.574866667,7.861995031000001,,,Pública,Pública,8.333333333,7.5,,5.0,7.51,,8.006666667,7.54,,,,,4.5,6.0,,5.5,8.5,,Ametista,Ametista,,,3.0,4.0,,Cursando,,2F,2H
RA-1104,Aluno-1104,Feminino,2023,,,,,-1.0,,,,,,,FASE 2,,,Fase 3 (7° e 8° ano),,,5.7,,,5.0,,,6.4,,,13.0,,,10.0,,,7.265533333,,,,Pública,,8.541666667,,,2.52,,,9.063333333,,,,,,5.5,,,7.3,,,Ametista,,,,3.0,,,,,2G,
RA-1105,Aluno-1105,Feminino,2023,,,,,-1.0,,,,,,,FASE 2,,,Fase 3 (7° e 8° ano),,,0.0,,,5.0,,,6.0,,,13.0,,,9.0,,,6.299166667,,,,Pública,,8.125,,,2.52,,,8.673333333,,,,,,5.0,,,7.0,,,Ágata,,,,3.0,,,,,2G,
RA-1106,Aluno-1106,Masculino,2023,,,,,-1.0,0.0,,,,EE João Ortiz Rodrigues,,FASE 2,3F,,Fase 3 (7° e 8° ano),Fase 3 (7° e 8° ano),,8.5,8.334,,5.0,10.0,,5.1,0.0,,12.0,13.0,,9.3,5.4312354313333335,,7.1642,5.936272086266667,,,Pública,Pública,8.333333333,7.65625,,5.0,7.51,,8.003333333,7.5,,,0.0,,5.2,0.0,,5.0,0.0,,Ametista,Quartzo,,,3.0,4.0,,Cursando,,2H,3F
RA-1107,Aluno-1107,Feminino,2023,,,,,-1.0,0.0,,,,EE João Ortiz Rodrigues,,FASE 2,3G,,Fase 3 (7° e 8° ano),Fase 3 (7° e 8° ano),,9.0,8.751,,5.0,10.0,,7.5,2.5,,12.0,13.0,,9.4,6.2,,7.9327,5.9731,,,Pública,Pública,8.958333333,7.5,,5.0,2.51,,8.783333333,6.785,,,3.0,,8.0,1.0,,7.0,3.5,,Ametista,Quartzo,,,3.0,4.0,,Cursando,,2H,3G
RA-1108,Aluno-1108,Masculino,2023,,,,,-1.0,0.0,,,,EE João Ortiz Rodrigues,,FASE 2,3F,,Fase 3 (7° e 8° ano),Fase 3 (7° e 8° ano),,0.0,9.168,,5.0,10.0,,4.7,3.6666666666666665,,12.0,13.0,,9.3,3.7546583853333337,,6.310833333,6.017215010400001,,,Pública,Pública,8.541666667,7.1875,,5.0,8.13,,8.283333333,5.422,,,4.0,,3.7,3.5,,5.7,3.5,,Ágata,Ágata,,,3.0,5.0,,Cursando,,2H,3F
RA-1109,Aluno-1109,Masculino,2023,,,,,-2.0,,,,,,,FASE 2,,,Fase 4 (9° ano),,,10.0,,,5.0,,,3.4,,,14.0,,,6.4,,,6.277533333,,,,Pública,,7.5,,,5.0,,,7.836666667,,,,,,3.5,,,3.3,,,Ágata,,,,3.0,,,,,2H,
RA-111,Aluno-111,Feminino,2020,2.0,22.0,1.0,1.0,1.0,,Destaque: As suas boas notas na Passos Mágicos.,Destaque: A sua boa entrega das lições de casa.,Destaque: A sua boa integração aos Princípios Passos Mágicos.,,4,FASE 5,,Fase 3 (7º e 8º ano),Fase 4 (9° ano),,7.5,7.5,,10.0,10.0,,8.0,6.0,,13.0,14.0,,9.4,8.7,,8.646,7.566458333,,False,Rede Decisão,Privada - Programa de Apadrinhamento,,7.65625,,8.1,5.0,,8.667,8.0875,,9.7,6.7,,6.7,6.0,,7.5,5.2,,Topázio,Ametista,,True,4.0,4.0,,Sem limitações,,A,5A,
RA-111,Aluno-111,Feminino,2021,,,,,,0.0,,,,Colégio Arco Íris Evolução,,,5B,,,Fase 5 (1° EM),,,9.168,,,10.0,,,8.333333333333334,,,15.0,,,9.488636363666666,,,8.667693939400001,,,,Privada - Programa de Apadrinhamento,,8.125,,,6.26,,,8.74,,,10.0,,,8.0,,,7.0,,,Topázio,,,,5.0,,Cursando,,,5B
RA-1110,Aluno-1110,Feminino,2023,,,,,-1.0,,,,,,,FASE 2,,,Fase 3 (7° e 8° ano),,,4.6,,,5.0,,,6.8,,,12.0,,,9.2,,,7.248566667,,,,Pública,,8.541666667,,,5.0,,,8.73,,,,,,6.5,,,7.0,,,Ametista,,,,3.0,,,,,2H,
RA-1111,Aluno-1111,Feminino,2023,,,,,0.0,1.0,,,,EE Leonice de Aquino Oliveira,,FASE 2,3F,,Fase 2 (5° e 6° ano),Fase 2 (5° e 6° ano),,0.0,6.249,,10.0,10.0,,5.4,5.0,,,12.0,,8.9,4.600414078666667,,6.559166667,6.116032815733334,,,Pública,Pública,8.125,6.5625,,2.52,7.5,,8.173333333,5.824,,,6.0,,4.8,5.0,,6.0,4.0,,Ágata,Ágata,,,3.0,5.0,,Cursando,,2I,3F
RA-1112,Aluno-1112,Masculino,2023,,,,,-1.0,0.0,,,,EE Joaquim Mendes Feliz,,FASE 2,3I,,Fase 3 (7° e 8° ano),Fase 3 (7° e 8° ano),,9.5,9.585,,5.0,10.0,,6.3,4.0,,12.0,13.0,,7.9,9.02791197,,7.088866667,6.8560823939999995,,,Pública,Pública,8.333333333,5.375,,2.52,8.135,,8.616666667,4.705,,,4.0,,5.2,4.0,,7.3,4.0,,Ametista,Ágata,,,3.0,4.0,,Cursando,,2I,3I
RA-1113,Aluno-1113,Masculino,2023,,,,,-1.0,,,,,,,FASE 2,,,Fase 3 (7° e 8° ano),,,0.0,,,5.0,,,5.0,,,,,,6.0,,,5.636666667,,,,Pública,,7.5,,,7.52,,,7.173333333,,,,,,5.0,,,5.0,,,Quartzo,,,,3.0,,,,,2K,
RA-1114,Aluno-1114,Feminino,2023,,,,,0.0,0.0,,,,EM Cecilia Cristina de Oliveira Rodrigues,,FASE 2,3M,,Fase 2 (5° e 6° ano),Fase 3 (7° e 8° ano),,8.5,8.751,,10.0,10.0,,4.9,5.0,,11.0,12.0,,9.8,9.533333333333333,,7.5667,7.437466666666667,,,Pública,Pública,8.125,8.375,,2.52,2.51,,8.56,7.836,,,7.0,,4.3,5.0,,5.5,3.0,,Ametista,Ametista,,,3.0,5.0,,Cursando,,2K,3M
RA-1115,Aluno-1115,Feminino,2023,,,,,0.0,0.0,,,,EE Donizetti Aparecido Leite Professor,,FASE 2,2M,,Fase 2 (5° e 6° ano),Fase 2 (5° e 6° ano),,0.0,8.002,,10.0,10.0,,4.0,6.25,,,12.0,,8.3,4.2676767675,,6.474,6.570068686900001,,,Pública,Pública,7.5,7.5,,7.52,7.51,,7.56,5.826666667,,,,,6.0,6.5,,2.0,6.0,,Ágata,Ágata,,,3.0,3.0,,Cursando,,2K,2M
RA-1116,Aluno-1116,Masculino,2023,,,,,-1.0,-1.0,,,,EM Cecilia Cristina de Oliveira Rodrigues,,FASE 2,3M,,Fase 3 (7° e 8° ano),Fase 4 (9° ano),,9.5,0.0,,5.0,5.0,,4.9,2.3333333333333335,,13.0,15.0,,9.2,3.3555555556666667,,6.956533333,3.7894777778,,,Pública,Pública,7.083333333,5.125,,5.0,6.26,,7.39,5.066,,,3.0,,3.8,1.0,,6.0,3.0,,Ágata,Quartzo,,,3.0,5.0,,Cursando,,2K,3M
RA-1117,Aluno-1117,Feminino,2023,,,,,0.0,1.0,,,,EE Maria André Schunck Dona,,FASE 2,3K,,Fase 2 (5° e 6° ano),Fase 2 (5° e 6° ano),,9.0,8.751,,10.0,10.0,,7.3,5.666666666666667,,,12.0,,9.6,8.314814814666667,,8.382366667,7.601562962866668,,,Pública,Pública,7.708333333,8.125,,7.52,7.51,,7.946666667,6.833333333,,,7.0,,6.0,5.0,,8.5,5.0,,Topázio,Ametista,,,3.0,3.0,,Cursando,,2K,3K
RA-1118,Aluno-1118,Feminino,2023,,,,,-1.0,0.0,,,,EM Alfredo Schunk,,FASE 2,3M,,Fase 3 (7° e 8° ano),Fase 3 (7° e 8° ano),,5.3,7.084,,5.0,10.0,,6.0,3.8333333333333335,,,14.0,,8.8,7.846439628666666,,7.163833333,7.0305545924,,,Pública,Pública,7.708333333,6.75,,7.52,9.38,,8.28,6.866,,,4.0,,4.8,3.0,,7.2,4.5,,Ametista,Ametista,,,3.0,5.0,,Cursando,,2K,3M
RA-1119,Aluno-1119,Feminino,2023,,,,,-1.0,-1.0,,,,EM Cecilia Cristina de Oliveira Rodrigues,,FASE 2,3M,,Fase 3 (7° e 8° ano),Fase 4 (9° ano),,7.3,9.585,,5.0,5.0,,5.9,5.666666666666667,,13.0,14.0,,9.7,8.716666666666667,,7.192,7.388266666666667,,,Pública,Pública,7.708333333,7.625,,3.77,7.51,,8.453333333,7.698,,,7.5,,3.0,6.0,,8.8,3.5,,Ametista,Ametista,,,3.0,5.0,,Cursando,,2L,3M
RA-112,Aluno-112,Feminino,2016,17.0,189.0,6.0,-1.0,-1.0,,Destaque: As suas boas notas na Passos Mágicos.,Destaque: A sua boa entrega das lições de casa.,Destaque: A sua boa integração aos Princípios Passos Mágicos.,,4,FASE 5,,Fase 5 (1º EM),Fase 6 (2° EM),,7.9,6.7,,5.0,5.0,,8.5,7.4,,15.0,,,7.8,8.1,,7.836,7.141308333,,False,Rede Decisão,Privada - Programa de Apadrinhamento,,7.96875,,6.3,5.0,,8.833,7.9225,,9.1,8.3,,9.0,7.3,,7.5,6.5,,Ametista,Ametista,,True,4.0,4.0,,Sem limitações,,A,5A,
RA-112,Aluno-112,Feminino,2021,,,,,,0.0,,,,Colégio Arco Íris Evolução,,,6A,,,Fase 6 (2° EM),,,7.083,,,10.0,,,8.0,,,17.0,,,7.978174603333333,,,8.052609920666667,,,,Privada - Programa de Apadrinhamento,,7.96875,,,7.51,,,8.004,,,8.5,,,9.5,,,6.0,,,Topázio,,,,5.0,,Cursando,,,6A
RA-1120,Aluno-1120,Feminino,2023,,,,,0.0,,,,,,,FASE 2,,,Fase 2 (5° e 6° ano),,,9.5,,,10.0,,,8.3,,,11.0,,,9.6,,,9.103366667,,,,Pública,,8.958333333,,,7.52,,,9.676666667,,,,,,7.3,,,9.2,,,Topázio,,,,3.0,,,,,2L,
RA-1121,Aluno-1121,Masculino,2023,,,,,0.0,0.0,,,,EE Maria André Schunck Dona,,FASE 2,3K,,Fase 2 (5° e 6° ano),Fase 3 (7° e 8° ano),,0.0,9.585,,10.0,10.0,,8.0,6.666666666666667,,,12.0,,9.9,10.0,,8.049,8.407166666633334,,,Pública,Pública,8.75,7.083333333,,6.26,7.51,,9.84,8.28,,,6.0,,6.5,9.0,,9.5,5.0,,Topázio,Topázio,,,3.0,3.0,,Cursando,,2L,3K
RA-1122,Aluno-1122,Masculino,2023,,,,,0.0,1.0,,,,EE Maria André Schunck Dona,,FASE 2,3K,,Fase 2 (5° e 6° ano),Fase 2 (5° e 6° ano),,0.0,8.751,,10.0,10.0,,6.9,5.333333333333333,,11.0,12.0,,9.3,9.861111111,,7.3715,7.817322222166666,,,Pública,Pública,7.291666667,7.083333333,,6.89,7.51,,8.616666667,7.22,,,6.5,,5.2,5.0,,8.5,4.5,,Ametista,Ametista,,,3.0,3.0,,Cursando,,2L,3K
RA-1123,Aluno-1123,Masculino,2023,,,,,-1.0,,,,,,,FASE 2,,,Fase 3 (7° e 8° ano),,,7.3,,,5.0,,,5.3,,,,,,8.9,,,6.9565,,,,Pública,,7.083333333,,,7.52,,,7.113333333,,,,,,3.8,,,6.8,,,Ágata,,,,3.0,,,,,2L,
RA-1124,Aluno-1124,Feminino,2023,,,,,-2.0,,,,,,,FASE 2,,,Fase 4 (9° ano),,,9.5,,,5.0,,,3.0,,,14.0,,,8.0,,,6.667866667,,,,Pública,,7.083333333,,,7.52,,,7.786666667,,,,,,1.0,,,5.0,,,Ágata,,,,3.0,,,,,2M,
RA-1125,Aluno-1125,Feminino,2023,,,,,0.0,,,,,,,FASE 2,,,Fase 2 (5° e 6° ano),,,4.7,,,10.0,,,4.0,,,,,,7.9,,,6.655366667,,,,Pública,,6.666666667,,,7.52,,,6.95,,,,,,1.0,,,7.0,,,Ágata,,,,3.0,,,,,2M,
RA-1126,Aluno-1126,Feminino,2023,,,,,-1.0,,,,,,,FASE 2,,,Fase 3 (7° e 8° ano),,,0.0,,,5.0,,,,,,12.0,,,5.2,,,,,,,Pública,,7.291666667,,,3.77,,,7.06,,,,,,,,,,,,,,,,3.0,,,,,2M,
RA-1127,Aluno-1127,Feminino,2023,,,,,0.0,0.0,,,,EE Donizetti Aparecido Leite Professor,,FASE 2,3N,,Fase 2 (5° e 6° ano),Fase 3 (7° e 8° ano),,8.5,9.168,,10.0,10.0,,6.9,5.833333333333333,,,12.0,,9.9,10.0,,8.3167,8.180966666666668,,,Pública,Pública,8.125,8.125,,5.02,7.51,,9.01,7.67,,,4.5,,5.0,8.5,,8.7,4.5,,Topázio,Topázio,,,3.0,2.0,,Cursando,,2N,3N
RA-1128,Aluno-1128,Masculino,2023,,,,,-1.0,,,,,,,FASE 2,,,Fase 3 (7° e 8° ano),,,9.5,,,5.0,,,3.5,,,12.0,,,7.3,,,6.404533333,,,,Pública,,7.916666667,,,5.02,,,7.503333333,,,,,,3.0,,,4.0,,,Ágata,,,,3.0,,,,,2N,
RA-1129,Aluno-1129,Masculino,2023,,,,,0.0,0.0,,,,EE Donizetti Aparecido Leite Professor,,FASE 2,3N,,Fase 2 (5° e 6° ano),Fase 3 (7° e 8° ano),,0.0,9.168,,10.0,10.0,,7.8,6.833333333333333,,11.0,12.0,,9.2,7.137254902,,7.309333333,7.360417647066668,,,Pública,Pública,7.916666667,6.875,,6.27,8.13,,7.503333333,5.745,,,6.0,,6.8,9.0,,8.7,5.5,,Ametista,Ametista,,,3.0,2.0,,Cursando,,2N,3N
RA-113,Aluno-113,Feminino,2017,76.0,862.0,16.0,-1.0,,,Melhorar: Empenhar-se mais nas aulas e avaliações.,Melhorar: Melhorar a sua entrega de lições de casa.,Melhorar: Integrar-se mais aos Princípios Passos Mágicos.,,4,,,Fase 5 (1º EM),,,0.0,,,5.0,,,3.7,,,15.0,,,0.0,,,3.032,,,False,Rede Decisão,,,,,5.0,,,3.792,,,2.3,,,3.3,,,5.5,,,Quartzo,,,False,4.0,,,Não indicado,,A,,
RA-113,Aluno-113,Feminino,2021,,,,,,-1.0,,,,EE Leonice de Aquino Oliveira,,,5G,,,Fase 6 (2° EM),,,8.751,,,5.0,,,6.666666666666667,,,16.0,,,7.063851181666667,,,7.043536903066667,,,,Pública,,7.5,,,7.51,,,7.106666667,,,7.0,,,7.0,,,6.0,,,Ametista,,,,3.0,,Cursando,,,5G
RA-1130,Aluno-1130,Masculino,2023,,,,,0.0,0.0,,,,EE Donizetti Aparecido Leite Professor,,FASE 2,3N,,Fase 2 (5° e 6° ano),Fase 3 (7° e 8° ano),,8.5,8.751,,10.0,10.0,,7.3,4.333333333333333,,11.0,12.0,,8.4,6.278431372666667,,8.0037,6.563952941199999,,,Pública,Pública,7.708333333,6.875,,7.52,8.13,,7.503333333,5.33,,,2.0,,6.3,7.5,,8.2,3.5,,Topázio,Ágata,,,3.0,2.0,,Cursando,,2N,3N
RA-1131,Aluno-1131,Feminino,2023,,,,,-1.0,0.0,,,,Colégio Arco Íris Evolução,,FASE 2,3K,,Fase 3 (7° e 8° ano),Fase 3 (7° e 8° ano),,7.9,8.334,,5.0,10.0,,9.1,8.333333333333334,,12.0,13.0,,9.9,9.277777777666666,,8.316133333,8.2889555555,,,Pública,Privada - Programa de Apadrinhamento,8.75,7.291666667,,5.02,6.255,,9.286666667,7.893333333,,,10.0,,8.3,8.0,,9.8,7.0,,Topázio,Topázio,,,3.0,3.0,,Cursando,,2N,3K
RA-1132,Aluno-1132,Masculino,2023,,,,,-1.0,,,,,,,FASE 2,,,Fase 3 (7° e 8° ano),,,10.0,,,5.0,,,5.8,,,12.0,,,6.3,,,6.829533333,,,,Pública,,7.916666667,,,6.27,,,7.503333333,,,,,,5.2,,,6.3,,,Ágata,,,,3.0,,,,,2N,
RA-1133,Aluno-1133,Feminino,2023,,,,,0.0,1.0,,,,EE Donizetti Aparecido Leite Professor,,FASE 2,3U,,Fase 2 (5° e 6° ano),Fase 2 (5° e 6° ano),,9.5,9.168,,10.0,10.0,,6.5,4.5,,10.0,11.0,,10.0,9.841269841333334,,8.600033333,8.238553968266668,,,Pública,Pública,8.541666667,8.125,,6.27,8.75,,9.343333333,8.83,,,5.0,,5.0,5.0,,8.0,3.5,,Topázio,Topázio,,,3.0,4.0,,Cursando,,2N,3U
RA-1134,Aluno-1134,Masculino,2023,,,,,0.0,0.0,,,,EE Donizetti Aparecido Leite Professor,,FASE 2,3U,,Fase 2 (5° e 6° ano),Fase 3 (7° e 8° ano),,8.0,8.751,,10.0,10.0,,6.8,6.0,,11.0,12.0,,9.7,8.914285714,,7.769866667,7.7564571427,,,Pública,Pública,7.916666667,7.708333333,,3.76,7.51,,7.56,6.883333333,,,6.5,,5.5,6.0,,8.0,5.5,,Ametista,Ametista,,,3.0,3.0,,Cursando,,2N,3U
RA-1135,Aluno-1135,Masculino,2023,,,,,0.0,,,,,,,FASE 2,,,Fase 2 (5° e 6° ano),,,0.0,,,10.0,,,7.2,,,11.0,,,9.4,,,7.453833333,,,,Pública,,8.125,,,7.52,,,7.896666667,,,,,,4.8,,,9.5,,,Ametista,,,,3.0,,,,,2P,
RA-1136,Aluno-1136,Feminino,2023,,,,,-1.0,-1.0,,,,EE Donizetti Aparecido Leite Professor,,FASE 2,3R,,Fase 3 (7° e 8° ano),Fase 4 (9° ano),,6.8,8.751,,5.0,5.0,,6.6,1.6666666666666667,,13.0,14.0,,8.1,4.547899159666667,,6.7351,5.458179831866667,,,Pública,Pública,8.333333333,7.5,,2.52,8.135,,7.723333333,6.383333333,,,2.0,,4.8,1.0,,8.3,2.0,,Ágata,Quartzo,,,3.0,3.0,,Cursando,,2P,3R
RA-1137,Aluno-1137,Feminino,2023,,,,,0.0,1.0,,,,EE Maria André Schunck Dona,,FASE 2,3P,,Fase 2 (5° e 6° ano),Fase 2 (5° e 6° ano),,9.5,8.334,,10.0,10.0,,6.5,3.5,,10.0,11.0,,9.8,7.588638262333333,,8.743366667,7.1837526524666675,,,Pública,Pública,9.375,8.28125,,6.27,8.13,,9.843333333,7.4575,,,5.0,,6.0,1.0,,7.0,4.5,,Topázio,Ametista,,,3.0,4.0,,Cursando,,2R,3P
RA-1138,Aluno-1138,Feminino,2023,,,,,-1.0,,,,,,,FASE 2,,,Fase 3 (7° e 8° ano),,,9.0,,,5.0,,,9.3,,,12.0,,,9.2,,,8.3472,,,,Pública,,9.166666667,,,6.27,,,8.566666667,,,,,,9.0,,,9.5,,,Topázio,,,,3.0,,,,,2R,
RA-1139,Aluno-1139,Masculino,2023,,,,,0.0,1.0,,,,EE Maria André Schunck Dona,,FASE 2,3P,,Fase 2 (5° e 6° ano),Fase 2 (5° e 6° ano),,8.5,8.334,,10.0,10.0,,5.3,4.666666666666667,,11.0,12.0,,9.1,6.152715121333333,,7.6647,6.906276357600001,,,Pública,Pública,8.125,7.5,,5.64,7.51,,7.79,7.04,,,6.0,,6.3,5.0,,4.3,3.0,,Ametista,Ágata,,,3.0,4.0,,Cursando,,2R,3P
RA-114,Aluno-114,Masculino,2022,66.0,738.0,13.0,-2.0,-2.0,,Melhorar: Empenhar-se mais nas aulas e avaliações.,Melhorar: Melhorar a sua entrega de lições de casa.,Melhorar: Integrar-se mais aos Princípios Passos Mágicos.,,4,FASE 5,,Fase 6 (2º EM),Fase 7 (3° EM),,7.9,0.0,,5.0,5.0,,5.3,5.6,,16.0,,,6.3,6.0,,5.894,5.335,,False,Escola Pública,Pública,,7.5,,7.5,3.14,,5.0,7.255,,,8.3,,6.0,4.0,,4.5,4.5,,Quartzo,Quartzo,,False,4.0,4.0,,Sem limitações,,A,5B,
RA-1140,Aluno-1140,Feminino,2023,,,,,0.0,0.0,,,,EE Donizetti Aparecido Leite Professor,,FASE 2,2P,,Fase 2 (5° e 6° ano),Fase 2 (5° e 6° ano),,4.7,6.834,,10.0,10.0,,7.3,7.0,,11.0,12.0,,8.7,6.112440191499999,,7.703533333,7.3473880383,,,Pública,Pública,7.708333333,8.125,,7.52,7.51,,7.62,7.39,,,,,8.5,4.5,,6.0,9.5,,Ametista,Ametista,,,3.0,3.0,,Cursando,,2R,2P
RA-1141,Aluno-1141,Feminino,2023,,,,,-1.0,0.0,,,,EE Maria André Schunck Dona,,FASE 2,3L,,Fase 3 (7° e 8° ano),Fase 3 (7° e 8° ano),,9.0,9.585,,5.0,10.0,,5.9,4.166666666666667,,12.0,13.0,,8.8,6.191537667666666,,7.2757,6.793890866866667,,,Pública,Pública,7.708333333,6.5625,,7.52,7.51,,7.113333333,6.7825,,,3.0,,5.5,5.0,,6.2,4.5,,Ametista,Ágata,,,3.0,4.0,,Cursando,,2R,3L
RA-1142,Aluno-1142,Feminino,2023,,,,,0.0,0.0,,,,EM Cecilia Cristina de Oliveira Rodrigues,,FASE 2,3P,,Fase 2 (5° e 6° ano),Fase 3 (7° e 8° ano),,9.0,8.334,,10.0,10.0,,10.0,8.5,,11.0,12.0,,10.0,9.133333333333333,,9.175033333,8.390566666666668,,,Pública,Pública,8.541666667,8.125,,7.52,7.51,,8.343333333,7.335,,,7.5,,10.0,10.0,,10.0,8.0,,Topázio,Topázio,,,3.0,4.0,,Cursando,,2R,3P
RA-1143,Aluno-1143,Feminino,2021,,,,,,-3.0,,,,EE Joaquim Mendes Feliz,,,3A,,,Fase 6 (2° EM),,,9.585,,,2.5,,,3.1666666666666665,,,16.0,,,5.201336675,,,5.881225668333334,,,,Pública,,7.03125,,,9.38,,,6.79,,,0.0,,,3.0,,,6.5,,,Quartzo,,,,4.0,,Cursando,,,3A
RA-1143,Aluno-1143,Feminino,2023,,,,,-2.0,,,,,,,FASE 3,,,Fase 5 (1° EM),,,8.8,,,5.0,,,5.3,,,15.0,,,7.0,,,6.445933333,,,,Pública,,7.5,,,6.26,,,6.2075,,,3.5,,,6.0,,,6.3,,,Ágata,,,,4.0,,,,,3A,
RA-1144,Aluno-1144,Feminino,2023,,,,,0.0,,,,,,,FASE 3,,,Fase 3 (7° e 8° ano),,,0.0,,,10.0,,,8.0,,,13.0,,,9.4,,,7.410625,,,,Pública,,8.28125,,,5.02,,,8.0025,,,8.8,,,7.0,,,8.2,,,Ametista,,,,4.0,,,,,3B,
RA-1145,Aluno-1145,Feminino,2023,,,,,1.0,,,,,,,FASE 3,,,Fase 2 (5° e 6° ano),,,0.0,,,10.0,,,7.8,,,11.0,,,9.5,,,7.484375,,,,Pública,,8.59375,,,4.39,,,8.63,,,8.0,,,7.7,,,7.7,,,Ametista,,,,4.0,,,,,3B,
RA-1146,Aluno-1146,Feminino,2023,,,,,-1.0,-2.0,,,,EE Mario Francisco de Amorim,,FASE 3,3C,,Fase 4 (9° ano),Fase 5 (1° EM),,9.6,10.002,,5.0,5.0,,3.7,2.0,,14.0,15.0,,8.8,5.017209691,,6.689583333,5.3933086048000005,,,Pública,Pública,7.1875,6.25,,6.26,6.88,,6.965,5.883333333,,2.7,4.0,,5.0,2.0,,3.3,0.0,,Ágata,Quartzo,,,4.0,3.0,,Cursando,,3B,3C
RA-1147,Aluno-1147,Feminino,2023,,,,,-1.0,-1.0,,,,EE Loris Nassif Mattar Profa,,FASE 3,3B,,Fase 4 (9° ano),Fase 4 (9° ano),,8.3,8.751,,5.0,5.0,,6.7,3.1666666666666665,,,15.0,,8.3,6.125925926,,7.072983333,5.833118518533334,,,Pública,Pública,7.1875,6.25,,6.26,8.755,,7.0075,5.495,,7.5,2.5,,5.0,2.0,,7.5,5.0,,Ametista,Quartzo,,,4.0,4.0,,Cursando,,3B,3B
RA-1148,Aluno-1148,Feminino,2023,,,,,1.0,,,,,,,FASE 3,,,Fase 2 (5° e 6° ano),,,7.9,,,10.0,,,5.7,,,11.0,,,8.6,,,7.227866667,,,,Pública,,7.5,,,3.77,,,7.2125,,,6.2,,,5.7,,,5.3,,,Ametista,,,,4.0,,,,,3B,
RA-1149,Aluno-1149,Feminino,2023,,,,,-1.0,-1.0,,,,EE Joaquim Mendes Feliz,,FASE 3,4A,,Fase 4 (9° ano),Fase 5 (1° EM),,8.3,8.334,,5.0,5.0,,7.2,6.0,,,15.0,,9.8,10.0,,7.410108333,8.1371,,,Pública,Pública,7.96875,8.625,,2.52,10.0,,8.1725,8.706,,8.7,10.0,,6.0,2.0,,6.8,6.0,,Ametista,Topázio,,,4.0,5.0,,Cursando,,3C,4A
RA-115,Aluno-115,Feminino,2019,67.0,740.0,14.0,-2.0,-1.0,,Melhorar: Empenhar-se mais nas aulas e avaliações.,Melhorar: Melhorar a sua entrega de lições de casa.,Melhorar: Integrar-se mais aos Princípios Passos Mágicos.,,4,FASE 5,,Fase 6 (2º EM),Fase 6 (2° EM),,8.3,8.8,,5.0,5.0,,3.8,4.2,,16.0,16.0,,6.8,7.1,,5.886,6.319141667,,False,Escola Pública,Pública,,7.34375,,6.3,5.0,,5.583,7.215,,2.7,5.2,,3.0,3.7,,5.7,3.8,,Quartzo,Ágata,,False,4.0,4.0,,Requer avaliação,,A,5A,
RA-115,Aluno-115,Feminino,2021,,,,,,-2.0,,,,EE Joaquim Mendes Feliz,,,5A,,,Fase 7 (3° EM),,,7.917,,,5.0,,,4.166666666666667,,,17.0,,,4.164756812,,,5.404184695733334,,,,Pública,,6.75,,,6.26,,,5.726,,,1.5,,,6.5,,,4.5,,,Quartzo,,,,5.0,,Cursando,,,5A
RA-1150,Aluno-1150,Masculino,2023,,,,,-3.0,-2.0,,,,EE Olivia de Faria Nogueira,,FASE 3,4C,,Fase 6 (2° EM),Fase 6 (2° EM),,9.2,8.334,,2.5,5.0,,6.7,6.833333333333333,,16.0,17.0,,9.8,6.481481481666667,,7.076008333,7.1023212964,,,Pública,Pública,7.96875,7.65625,,2.52,7.51,,7.835,7.946666667,,6.5,10.0,,7.0,4.0,,6.5,6.5,,Ametista,Ametista,,,4.0,3.0,,Cursando,,3C,4C
RA-1151,Aluno-1151,Feminino,2023,,,,,0.0,1.0,,,,EE Paschoal Carlos Magno,,FASE 3,4C,,Fase 3 (7° e 8° ano),Fase 3 (7° e 8° ano),,7.5,7.5,,10.0,10.0,,8.3,9.0,,,13.0,,9.5,9.722222222333334,,7.829958333,8.749111111066668,,,Pública,Pública,7.65625,8.125,,2.52,5.635,,7.545,9.393333333,,8.7,10.0,,7.3,9.0,,8.8,8.0,,Ametista,Topázio,,,4.0,3.0,,Cursando,,3C,4C
RA-1152,Aluno-1152,Masculino,2023,,,,,-1.0,,,,,,,FASE 3,,,Fase 4 (9° ano),,,0.0,,,5.0,,,6.8,,,,,,9.4,,,6.544916667,,,,Pública,,7.8125,,,5.0,,,7.585,,,7.8,,,6.7,,,6.0,,,Ágata,,,,4.0,,,,,3C,
RA-1153,Aluno-1153,Feminino,2021,,,,,,-1.0,,,,Colégio Arco Íris Evolução,,,4A,,,Fase 5 (1° EM),,,8.751,,,5.0,,,8.5,,,15.0,,,9.702380952333334,,,8.268876190466667,,,,Privada - Programa de Apadrinhamento,,8.75,,,5.635,,,9.074,,,9.0,,,8.0,,,8.5,,,Topázio,,,,5.0,,Cursando,,,4A
RA-1153,Aluno-1153,Feminino,2023,,,,,-1.0,,,,,,,FASE 3,,,Fase 4 (9° ano),,,7.9,,,5.0,,,7.2,,,14.0,,,10.0,,,7.968658333,,,,Pública,,7.65625,,,7.52,,,8.63,,,7.0,,,6.7,,,7.8,,,Ametista,,,,4.0,,,,,3D,
RA-1154,Aluno-1154,Masculino,2023,,,,,0.0,-1.0,,,,EE João Ortiz Rodrigues,,FASE 3,3G,,Fase 3 (7° e 8° ano),Fase 4 (9° ano),,9.6,7.917,,10.0,5.0,,5.1,8.0,,13.0,14.0,,9.3,9.200000000000001,,7.701125,7.5660750000000005,,,Pública,Pública,7.65625,7.34375,,5.63,7.51,,7.67,6.745,,5.0,10.0,,5.3,7.0,,5.0,7.0,,Ametista,Ametista,,,4.0,4.0,,Cursando,,3F,3G
RA-1155,Aluno-1155,Feminino,2023,,,,,-1.0,-1.0,,,,EE Alexandre Rodrigues Nogueira,,FASE 3,4F,,Fase 4 (9° ano),Fase 5 (1° EM),,9.2,8.334,,5.0,5.0,,8.0,4.666666666666667,,14.0,15.0,,9.2,8.888888889,,7.821633333,7.119011111133333,,,Pública,Pública,7.5,8.0,,5.63,5.005,,8.2925,8.87,,9.0,0.0,,6.7,6.0,,8.2,8.0,,Ametista,Ametista,,,4.0,5.0,,Cursando,,3F,4F
RA-1156,Aluno-1156,Feminino,2023,,,,,0.0,1.0,,,,EE João Ortiz Rodrigues,,FASE 3,4F,,Fase 3 (7° e 8° ano),Fase 3 (7° e 8° ano),,8.3,7.5,,10.0,10.0,,5.3,2.0,,12.0,13.0,,9.2,7.821067821,,7.340775,6.6777135642,,,Pública,Pública,7.96875,7.125,,2.52,7.51,,7.7925,7.5,,3.7,0.0,,6.2,6.0,,6.0,0.0,,Ametista,Ágata,,,4.0,5.0,,Cursando,,3F,4F
RA-1157,Aluno-1157,Masculino,2023,,,,,-1.0,-1.0,,,,EE Olivia de Faria Nogueira,,FASE 3,3H,,Fase 4 (9° ano),Fase 4 (9° ano),,9.2,9.585,,5.0,5.0,,5.7,7.0,,14.0,15.0,,8.8,9.082539682666665,,7.086633333,7.916082936533334,,,Pública,Pública,7.5,7.96875,,6.26,7.51,,7.0025,8.466,,5.7,7.0,,5.0,8.0,,6.3,6.0,,Ametista,Ametista,,,4.0,5.0,,Cursando,,3G,3H
RA-1158,Aluno-1158,Feminino,2023,,,,,-1.0,,,,,,,FASE 3,,,Fase 4 (9° ano),,,7.5,,,5.0,,,4.3,,,14.0,,,8.6,,,6.306666667,,,,Pública,,7.5,,,2.52,,,7.34,,,2.7,,,5.3,,,5.0,,,Ágata,,,,4.0,,,,,3G,
RA-1159,Aluno-1159,Feminino,2023,,,,,0.0,,,,,,,FASE 3,,,Fase 3 (7° e 8° ano),,,5.8,,,10.0,,,3.1,,,,,,6.6,,,5.913883333,,,,Pública,,7.1875,,,2.52,,,7.1325,,,2.5,,,5.2,,,1.5,,,Quartzo,,,,4.0,,,,,3I,
RA-116,Aluno-116,Feminino,2019,46.0,538.0,8.0,-2.0,-2.0,,Melhorar: Empenhar-se mais nas aulas e avaliações.,Destaque: A sua boa entrega das lições de casa.,Destaque: A sua boa integração aos Princípios Passos Mágicos.,,4,FASE 5,,Fase 6 (2º EM),Fase 7 (3° EM),,5.8,6.7,,5.0,5.0,,5.9,4.7,,16.0,17.0,,8.1,7.6,,6.854,6.433075,,True,Escola Pública,Pública,,7.96875,,6.3,5.0,,7.792,7.5475,,5.5,6.8,,5.0,2.3,,7.2,5.0,,Ágata,Ágata,,False,4.0,4.0,,Sem limitações,,B,5A,
RA-116,Aluno-116,Feminino,2021,,,,,,-2.0,,,,EE Joaquim Mendes Feliz,,,5A,,,Fase 7 (3° EM),,,8.334,,,5.0,,,4.5,,,18.0,,,7.535353535666666,,,6.337470707133334,,,,Pública,,6.875,,,5.635,,,6.73,,,5.0,,,6.5,,,2.0,,,Ágata,,,,5.0,,Cursando,,,5A
RA-1160,Aluno-1160,Masculino,2023,,,,,0.0,-1.0,,,,EE Joaquim Mendes Feliz,,FASE 3,3I,,Fase 3 (7° e 8° ano),Fase 4 (9° ano),,9.6,8.751,,10.0,5.0,,2.7,3.1666666666666665,,,14.0,,8.7,8.201288245,,6.636166667,6.274190982333334,,,Pública,Pública,6.875,6.25,,2.52,7.51,,7.2575,6.2475,,0.7,2.0,,4.8,5.5,,2.7,2.0,,Ágata,Ágata,,,4.0,4.0,,Cursando,,3I,3I
RA-1161,Aluno-1161,Feminino,2023,,,,,0.0,,,,,,,FASE 3,,,Fase 3 (7° e 8° ano),,,6.3,,,10.0,,,6.3,,,,,,8.1,,,7.317791667,,,,Pública,,8.28125,,,2.52,,,8.63,,,5.2,,,7.3,,,6.5,,,Ametista,,,,4.0,,,,,3I,
RA-1162,Aluno-1162,Feminino,2023,,,,,0.0,0.0,,,,EE Maria André Schunck Dona,,FASE 3,4M,,Fase 3 (7° e 8° ano),Fase 4 (9° ano),,8.3,7.917,,10.0,10.0,,6.0,5.666666666666667,,13.0,14.0,,8.5,9.135672514666666,,7.44215,7.473167836266667,,,Pública,Pública,7.8125,6.875,,3.77,6.26,,7.7525,7.0375,,5.2,5.5,,7.3,4.0,,5.5,7.5,,Ametista,Ametista,,,4.0,4.0,,Cursando,,3K,4M
RA-1163,Aluno-1163,Masculino,2023,,,,,-1.0,0.0,,,,EE Maria André Schunck Dona,,FASE 3,4M,,Fase 4 (9° ano),Fase 4 (9° ano),,8.8,8.334,,5.0,10.0,,7.2,7.833333333333333,,14.0,15.0,,9.3,9.824561403666666,,7.749391667,8.6794789474,,,Pública,Pública,7.65625,8.125,,7.52,7.51,,7.75,8.755,,8.0,7.5,,7.0,9.5,,6.7,6.5,,Ametista,Topázio,,,4.0,4.0,,Cursando,,3L,4M
RA-1164,Aluno-1164,Masculino,2023,,,,,0.0,,,,,,,FASE 3,,,Fase 3 (7° e 8° ano),,,9.2,,,10.0,,,4.8,,,13.0,,,7.5,,,6.910091667,,,,Pública,,7.65625,,,2.52,,,7.545,,,0.0,,,7.0,,,7.5,,,Ágata,,,,4.0,,,,,3M,
RA-1165,Aluno-1165,Feminino,2023,,,,,0.0,0.0,,,,EM Alfredo Schunk,,FASE 3,3L,,Fase 3 (7° e 8° ano),Fase 3 (7° e 8° ano),,9.2,8.751,,10.0,10.0,,7.3,8.0,,12.0,13.0,,9.1,6.829721362333333,,7.880716667,7.908044272466667,,,Pública,Pública,7.1875,6.875,,5.0,8.135,,7.2925,7.83,,9.0,7.5,,7.0,9.0,,6.0,7.5,,Ametista,Ametista,,,4.0,4.0,,Cursando,,3M,3L
RA-1166,Aluno-1166,Feminino,2023,,,,,-2.0,-1.0,,,,EE Donizetti Aparecido Leite Professor,,FASE 3,4M,,Fase 5 (1° EM),Fase 5 (1° EM),,8.3,8.334,,5.0,5.0,,4.8,6.333333333333333,,15.0,16.0,,9.6,8.498245614,,7.307858333,7.452799122766667,,,Pública,Pública,7.65625,8.020833333,,7.52,6.26,,7.9175,8.625,,6.2,7.0,,5.3,5.0,,2.8,7.0,,Ametista,Ametista,,,4.0,4.0,,Cursando,,3M,4M
RA-1167,Aluno-1167,Masculino,2023,,,,,-3.0,,,,,,,FASE 3,,,Fase 6 (2° EM),,,8.8,,,2.5,,,3.8,,,16.0,,,7.6,,,6.021891667,,,,Pública,,7.65625,,,2.52,,,7.9625,,,1.8,,,6.0,,,3.7,,,Ágata,,,,4.0,,,,,3M,
RA-1168,Aluno-1168,Feminino,2023,,,,,0.0,-1.0,,,,EE Paschoal Carlos Magno,,FASE 3,3N,,Fase 3 (7° e 8° ano),Fase 4 (9° ano),,0.0,9.585,,10.0,5.0,,3.5,5.666666666666667,,13.0,14.0,,8.8,7.682352941333334,,5.886625,6.864053921600001,,,Pública,Pública,7.65625,7.1875,,2.52,7.51,,7.045,6.33,,3.5,5.0,,5.0,8.5,,2.0,3.5,,Quartzo,Ágata,,,4.0,2.0,,Cursando,,3N,3N
RA-1169,Aluno-1169,Feminino,2023,,,,,-1.0,-1.0,,,,EE Maria André Schunck Dona,,FASE 3,4N,,Fase 4 (9° ano),Fase 5 (1° EM),,7.5,6.25,,5.0,5.0,,6.3,6.833333333333333,,,15.0,,9.5,8.444444444333334,,7.213625,6.885305555533334,,,Pública,Pública,7.03125,7.8125,,5.0,5.635,,8.0025,6.8,,4.8,8.0,,6.8,6.0,,7.3,6.5,,Ametista,Ágata,,,4.0,5.0,,Cursando,,3P,4N
RA-117,Aluno-117,Feminino,2022,55.0,593.0,10.0,-1.0,,,Melhorar: Empenhar-se mais nas aulas e avaliações.,Melhorar: Melhorar a sua entrega de lições de casa.,Melhorar: Integrar-se mais aos Princípios Passos Mágicos.,,4,,,Fase 5 (1º EM),,,7.9,,,5.0,,,6.1,,,15.0,,,6.3,,,6.685,,,False,Escola Pública,,,,,6.9,,,7.417,,,7.0,,,4.7,,,6.7,,,Ágata,,,False,4.0,,,Requer avaliação,,B,,
RA-1170,Aluno-1170,Masculino,2023,,,,,-1.0,-2.0,,,,EE Donizetti Aparecido Leite Professor,,FASE 3,3P,,Fase 4 (9° ano),Fase 5 (1° EM),,8.8,9.168,,5.0,5.0,,5.9,3.5,,,15.0,,7.7,5.565079365,,6.874683333,6.095440873,,,Pública,Pública,7.1875,7.03125,,7.52,8.13,,6.5775,6.7475,,4.8,7.0,,6.0,1.0,,6.8,2.5,,Ágata,Ágata,,,4.0,4.0,,Cursando,,3P,3P
RA-1171,Aluno-1171,Masculino,2023,,,,,-1.0,-1.0,,,,EE Donizetti Aparecido Leite Professor,,FASE 3,4R,,Fase 4 (9° ano),Fase 5 (1° EM),,7.9,8.334,,5.0,5.0,,8.7,7.5,,14.0,15.0,,8.4,7.230158729999999,,7.856033333,7.6236817459,,,Pública,Pública,8.75,8.645833333,,5.0,7.51,,8.88,8.643333333,,9.7,8.0,,7.3,5.0,,9.0,9.5,,Ametista,Ametista,,,4.0,6.0,,Cursando,,3P,4R
RA-1172,Aluno-1172,Feminino,2023,,,,,-2.0,-1.0,,,,EE Donizetti Aparecido Leite Professor,,FASE 4,5A,,Fase 6 (2° EM),Fase 6 (2° EM),,8.3,7.5,,5.0,5.0,,6.7,3.3333333333333335,,16.0,17.0,,7.8,6.0634920633333325,,7.030108333,5.719565079333334,,,Pública,Pública,8.59375,7.25,,2.52,6.26,,8.46,6.196,,8.3,5.0,,6.0,0.0,,5.7,5.0,,Ametista,Quartzo,,,4.0,5.0,,Cursando,,4A,5A
RA-1173,Aluno-1173,Masculino,2023,,,,,0.0,0.0,,,,EE Leonice de Aquino Oliveira,,FASE 4,5D,,Fase 4 (9° ano),Fase 5 (1° EM),,8.8,9.168,,10.0,10.0,,6.0,5.833333333333333,,14.0,15.0,,9.7,9.665831245,,7.67285,8.220132915666667,,,Pública,Pública,7.8125,8.125,,2.52,7.51,,8.1225,8.2,,6.0,4.0,,7.0,6.0,,5.0,7.5,,Ametista,Topázio,,,4.0,5.0,,Cursando,,4A,5D
RA-1174,Aluno-1174,Feminino,2023,,,,,-1.0,0.0,,,,EE Olivia de Faria Nogueira,,FASE 4,5B,,Fase 5 (1° EM),Fase 5 (1° EM),,9.2,8.751,,5.0,10.0,,6.8,5.0,,15.0,16.0,,8.7,8.349567099333333,,7.333591667,7.374213419866667,,,Pública,Pública,8.90625,7.5,,2.52,6.26,,8.3375,7.266,,6.8,7.0,,6.5,5.0,,7.2,3.0,,Ametista,Ametista,,,4.0,5.0,,Cursando,,4B,5B
RA-1175,Aluno-1175,Feminino,2023,,,,,-3.0,,,,,,,FASE 4,,,Fase 7 (3° EM),,,8.3,,,2.5,,,6.3,,,,,,5.3,,,5.939858333,,,,Pública,,7.65625,,,2.52,,,7.6275,,,6.2,,,6.3,,,6.3,,,Quartzo,,,,4.0,,,,,4B,
RA-1176,Aluno-1176,Masculino,2023,,,,,1.0,1.0,,,,Colégio Arco Íris Evolução,,FASE 4,5C,,Fase 3 (7° e 8° ano),Fase 4 (9° ano),,8.3,8.751,,10.0,10.0,,8.2,9.166666666666666,,13.0,14.0,,9.3,9.682539682666667,,8.881483333,8.914816269866666,,,Pública,Privada - Programa de Apadrinhamento,9.6875,8.59375,,7.52,6.26,,9.17,8.9225,,8.7,9.5,,8.0,10.0,,7.8,8.0,,Topázio,Topázio,,,4.0,4.0,,Cursando,,4B,5C
RA-1177,Aluno-1177,Feminino,2023,,,,,0.0,0.0,,,,EE Mario Francisco de Amorim,,FASE 4,5C,,Fase 4 (9° ano),Fase 5 (1° EM),,10.0,8.751,,10.0,10.0,,7.2,7.333333333333333,,14.0,15.0,,9.9,9.824561403666666,,8.345491667,8.3233039474,,,Pública,Pública,8.90625,7.65625,,2.52,6.26,,8.88,8.125,,8.0,7.0,,7.0,9.5,,6.7,5.5,,Topázio,Topázio,,,4.0,4.0,,Cursando,,4B,5C
RA-1178,Aluno-1178,Masculino,2023,,,,,-2.0,-1.0,,,,EE Mario Francisco de Amorim,,FASE 4,5D,,Fase 6 (2° EM),Fase 6 (2° EM),,8.8,8.751,,5.0,5.0,,5.7,8.333333333333334,,,17.0,,9.3,9.682539682666667,,7.066475,8.0934746032,,,Pública,Pública,7.96875,7.5,,2.52,6.26,,8.2125,8.696,,6.3,8.0,,6.3,9.0,,4.5,8.0,,Ametista,Topázio,,,4.0,5.0,,Cursando,,4C,5D
RA-1179,Aluno-1179,Masculino,2023,,,,,-1.0,,,,,,,FASE 4,,,Fase 5 (1° EM),,,9.6,,,5.0,,,5.0,,,,,,8.1,,,6.631333333,,,,Pública,,6.875,,,4.38,,,7.17,,,4.5,,,6.7,,,3.7,,,Ágata,,,,4.0,,,,,4C,
RA-118,Aluno-118,Feminino,2021,70.0,775.0,12.0,0.0,,,Melhorar: Empenhar-se mais nas aulas e avaliações.,Melhorar: Melhorar a sua entrega de lições de casa.,Melhorar: Integrar-se mais aos Princípios Passos Mágicos.,,4,,,Fase 4 (9º ano),,,0.0,,,10.0,,,3.9,,,14.0,,,5.3,,,5.597,,,False,Escola Pública,,,,,6.3,,,6.958,,,3.5,,,3.7,,,4.7,,,Quartzo,,,False,4.0,,,Sem limitações,,B,,
RA-1180,Aluno-1180,Masculino,2023,,,,,-1.0,,,,,,,FASE 4,,,Fase 5 (1° EM),,,8.3,,,5.0,,,5.4,,,15.0,,,9.5,,,7.067983333,,,,Pública,,7.1875,,,5.0,,,7.7125,,,5.3,,,6.0,,,4.8,,,Ametista,,,,4.0,,,,,4C,
RA-1181,Aluno-1181,Feminino,2023,,,,,0.0,0.0,,,,EE Paschoal Carlos Magno,,FASE 4,5B,,Fase 4 (9° ano),Fase 5 (1° EM),,8.8,9.168,,10.0,10.0,,4.8,3.8333333333333335,,,15.0,,8.3,5.036075036,,6.971266667,6.2015816738666665,,,Pública,Pública,7.5,7.125,,2.52,6.26,,7.3375,5.862,,4.5,9.5,,5.7,1.0,,4.3,1.0,,Ágata,Ágata,,,4.0,5.0,,Cursando,,4C,5B
RA-1182,Aluno-1182,Feminino,2023,,,,,-2.0,,,,,,,FASE 4,,,Fase 6 (2° EM),,,7.5,,,5.0,,,4.2,,,,,,6.3,,,5.709808333,,,,Pública,,6.71875,,,2.52,,,7.2125,,,5.2,,,5.3,,,2.0,,,Quartzo,,,,4.0,,,,,4C,
RA-1183,Aluno-1183,Masculino,2023,,,,,-1.0,,,,,,,FASE 4,,,Fase 5 (1° EM),,,7.5,,,5.0,,,5.3,,,15.0,,,8.7,,,6.269541667,,,,Pública,,6.09375,,,2.52,,,6.7575,,,6.0,,,6.0,,,4.0,,,Ágata,,,,4.0,,,,,4C,
RA-1184,Aluno-1184,Masculino,2023,,,,,-2.0,-1.0,,,,EE Joaquim Mendes Feliz,,FASE 4,5F,,Fase 6 (2° EM),Fase 6 (2° EM),,8.3,6.666,,5.0,5.0,,7.3,7.666666666666667,,,17.0,,8.3,8.658008657666668,,7.381566667,7.411701731566668,,,Pública,Pública,8.125,7.291666667,,5.0,7.51,,8.045,7.5,,8.5,10.0,,8.0,6.0,,5.5,7.0,,Ametista,Ametista,,,4.0,3.0,,Cursando,,4F,5F
RA-1185,Aluno-1185,Feminino,2023,,,,,1.0,,,,,,,FASE 4,,,Fase 3 (7° e 8° ano),,,7.5,,,10.0,,,7.5,,,,,,9.1,,,8.02675,,,,Pública,,7.8125,,,5.0,,,8.3775,,,9.5,,,6.7,,,6.3,,,Topázio,,,,4.0,,,,,4G,
RA-1186,Aluno-1186,Feminino,2023,,,,,-2.0,,,,,,,FASE 4,,,Fase 6 (2° EM),,,8.8,,,5.0,,,5.5,,,,,,9.8,,,7.281433333,,,,Pública,,6.875,,,6.89,,,7.3825,,,4.5,,,6.7,,,5.2,,,Ametista,,,,4.0,,,,,4G,
RA-1187,Aluno-1187,Feminino,2023,,,,,1.0,,,,,,,FASE 4,,,Fase 3 (7° e 8° ano),,,8.8,,,10.0,,,5.3,,,13.0,,,6.9,,,6.644475,,,,Pública,,7.34375,,,2.52,,,6.715,,,6.2,,,4.7,,,5.0,,,Ágata,,,,4.0,,,,,4G,
RA-1188,Aluno-1188,Feminino,2023,,,,,-1.0,-1.0,,,,EE Olivia de Faria Nogueira,,FASE 4,5G,,Fase 5 (1° EM),Fase 6 (2° EM),,9.6,9.168,,5.0,5.0,,6.4,7.0,,15.0,16.0,,9.4,10.0,,,7.801633333400001,,,Pública,Pública,7.8125,8.125,,,7.51,,7.5875,7.106666667,,5.2,8.0,,6.5,7.0,,7.5,6.0,,,Ametista,,,4.0,3.0,,Cursando,,4H,5G
RA-1189,Aluno-1189,Feminino,2023,,,,,-1.0,-1.0,,,,EE Olivia de Faria Nogueira,,FASE 4,5G,,Fase 5 (1° EM),Fase 6 (2° EM),,8.8,9.585,,5.0,5.0,,6.1,7.666666666666667,,,16.0,,9.0,8.672360248333332,,,7.6486387164,,,Pública,Pública,7.8125,7.5,,,7.51,,7.3775,7.106666667,,6.2,9.0,,6.3,7.0,,5.7,7.0,,,Ametista,,,4.0,3.0,,Cursando,,4H,5G
RA-119,Aluno-119,Feminino,2016,26.0,311.0,3.0,0.0,2.0,,Melhorar: Empenhar-se mais nas aulas e avaliações.,Destaque: A sua boa entrega das lições de casa.,Destaque: A sua boa integração aos Princípios Passos Mágicos.,,4,FASE 7,,Fase 4 (9º ano),Fase 5 (1° EM),,8.3,6.7,,10.0,10.0,,5.4,,,14.0,15.0,,8.2,,,7.501,,,False,Rede Decisão,Privada - Programa de Apadrinhamento,,,,5.6,2.52,,7.875,,,3.4,,,5.7,,,7.0,,,Ametista,,,False,4.0,,,Requer avaliação,,B,7E,
RA-119,Aluno-119,Feminino,2021,,,,,,1.0,,,,Colégio Albert Einstein - SP,,,7E,,,Fase 6 (2° EM),,,7.083,,,10.0,,,7.366666666666667,,,16.0,,,9.983333333,,,8.085299999933333,,,,Privada - Programa de Apadrinhamento,,7.5,,,6.57,,,7.5,,,8.55,,,6.05,,,7.5,,,Topázio,,,,0.0,,Cursando,,,7E
RA-1190,Aluno-1190,Masculino,2023,,,,,0.0,,,,,,,FASE 4,,,Fase 4 (9° ano),,,0.0,,,10.0,,,4.2,,,,,,9.2,,,6.330041667,,,,Pública,,7.34375,,,5.0,,,7.045,,,5.5,,,3.0,,,4.2,,,Ágata,,,,4.0,,,,,4L,
RA-1191,Aluno-1191,Masculino,2023,,,,,0.0,,,,,,,FASE 4,,,Fase 4 (9° ano),,,7.5,,,10.0,,,3.7,,,,,,7.2,,,6.175333333,,,,Pública,,5.0,,,5.0,,,6.26,,,6.2,,,2.3,,,2.5,,,Ágata,,,,4.0,,,,,4L,
RA-1192,Aluno-1192,Feminino,2023,,,,,-1.0,,,,,,,FASE 4,,,Fase 5 (1° EM),,,7.9,,,5.0,,,5.8,,,15.0,,,8.7,,,6.780741667,,,,Pública,,7.96875,,,2.52,,,7.6675,,,6.8,,,4.7,,,6.0,,,Ágata,,,,4.0,,,,,4L,
RA-1193,Aluno-1193,Feminino,2023,,,,,0.0,-1.0,,,,EE Donizetti Aparecido Leite Professor,,FASE 4,4L,,Fase 4 (9° ano),Fase 5 (1° EM),,0.0,8.751,,10.0,5.0,,4.1,4.0,,,15.0,,7.8,7.763157895,,6.018083333,6.6304815790000005,,,Pública,Pública,7.1875,7.8125,,5.0,5.635,,7.13,7.79,,5.0,3.0,,3.7,3.0,,3.5,6.0,,Ágata,Ágata,,,4.0,4.0,,Cursando,,4L,4L
RA-1194,Aluno-1194,Masculino,2023,,,,,1.0,,,,,,,FASE 4,,,Fase 3 (7° e 8° ano),,,8.8,,,10.0,,,6.1,,,13.0,,,9.0,,,7.671933333,,,,Pública,,7.5,,,5.0,,,7.6675,,,8.0,,,6.0,,,4.2,,,Ametista,,,,4.0,,,,,4N,
RA-1195,Aluno-1195,Feminino,2022,,,,,-3.0,-2.0,,,,EE Maria André Schunck Dona,,FASE 4,5N,,Fase 7 (3° EM),Fase 7 (3° EM),,0.0,9.585,,2.5,5.0,,5.4,6.166666666666667,,,18.0,,8.3,9.855072463666666,,5.677291667,7.5085144926666665,,,Pública,Pública,8.28125,7.5,,2.52,5.63,,8.0025,7.663333333,,7.3,5.5,,4.3,8.0,,4.7,5.0,,Quartzo,Ametista,,,4.0,3.0,,Cursando,,4N,5N
RA-1196,Aluno-1196,Masculino,2023,,,,,0.0,,,,,,,FASE 5,,,Fase 5 (1° EM),,,0.0,,,10.0,,,7.5,,,15.0,,,8.2,,,7.03025,,,,Privada,,7.8125,,,5.0,,,8.045,,,8.3,,,8.0,,,6.2,,,Ametista,,,,4.0,,,,,5B,
RA-1197,Aluno-1197,Feminino,2023,,,,,-1.0,,,,,,,FASE 5,,,Fase 6 (2° EM),,,6.7,,,5.0,,,7.3,,,16.0,,,8.4,,,6.946058333,,,,Pública,,7.03125,,,5.0,,,7.215,,,9.3,,,5.3,,,7.2,,,Ágata,,,,4.0,,,,,5B,
RA-1198,Aluno-1198,Feminino,2023,,,,,-1.0,-1.0,,,,EE Joaquim Mendes Feliz,,FASE 5,5A,,Fase 6 (2° EM),Fase 6 (2° EM),,8.3,8.751,,5.0,5.0,,6.7,3.5,,,17.0,,9.4,9.458874459,,7.515233333,6.9217748918,,,Pública,Pública,7.5,7.375,,6.26,7.51,,7.9625,7.332,,9.0,9.5,,7.3,0.0,,3.7,1.0,,Ametista,Ágata,,,4.0,5.0,,Cursando,,5B,5A
RA-1199,Aluno-1199,Masculino,2023,,,,,-2.0,-2.0,,,,Concluiu o 3º EM,,FASE 5,5D,,Fase 7 (3° EM),Fase 7 (3° EM),,6.7,7.5,,5.0,5.0,,6.2,9.0,,,18.0,,9.1,8.571428571333334,,7.024933333,7.614235714266666,,,Pública,Concluiu o 3º EM,6.875,6.5625,,5.0,5.005,,8.0875,8.466,,6.7,10.0,,6.8,10.0,,5.0,7.0,,Ametista,Ametista,,,4.0,5.0,,Cursando,,5C,5D
RA-12,Aluno-12,Feminino,2020,20.0,834.0,12.0,0.0,0.0,,Melhorar: Empenhar-se mais nas aulas e avaliações.,Melhorar: Melhorar a sua entrega de lições de casa.,Melhorar: Integrar-se mais aos Princípios Passos Mágicos.,,7,FASE 8,,Fase 7 (3º EM),Fase 8 (Universitários),,0.0,,,10.0,10.0,,1.5,,,17.0,18.0,,4.0,,,4.832,,,True,Escola Pública,Privada *Parcerias com Bolsa 100%,,,,6.9,,,6.389,,,0.7,,,2.7,,,1.1,,,Quartzo,,,False,4.0,,,Sem limitações,,A,8E,
RA-12,Aluno-12,Feminino,2021,,,,,,0.0,,,,Universidade Santo Amaro (UNISA),,,8E,,,Fase 8 (Universitários),,,,,,10.0,,,,,,19.0,,,0.0,,,,,,,Privada *Parcerias com Bolsa 100%,,,,,,,,,,,,,,,,,,,,,,,,0.0,,Cursando,,,8E
RA-120,Aluno-120,Masculino,2019,48.0,547.0,9.0,-1.0,,,Melhorar: Empenhar-se mais nas aulas e avaliações.,Melhorar: Melhorar a sua entrega de lições de casa.,Destaque: A sua boa integração aos Princípios Passos Mágicos.,,4,,,Fase 5 (1º EM),,,8.3,,,5.0,,,6.2,,,15.0,,,5.9,,,6.825,,,True,Escola Pública,,,,,7.5,,,7.667,,,9.7,,,3.7,,,5.2,,,Ágata,,,False,4.0,,,Não atendido,,B,,
RA-1200,Aluno-1200,Feminino,2023,,,,,0.0,-1.0,,,,EE Maria André Schunck Dona,,FASE 5,5N,,Fase 5 (1° EM),Fase 6 (2° EM),,0.0,7.917,,10.0,5.0,,4.0,1.5,,15.0,16.0,,6.4,7.099419478000001,,5.711166667,5.6415838956,,,Pública,Pública,7.5,7.5,,5.0,6.26,,6.8725,6.27,,5.5,0.0,,4.3,0.0,,2.3,4.5,,Quartzo,Quartzo,,,4.0,3.0,,Cursando,,5C,5N
RA-1201,Aluno-1201,Masculino,2023,,,,,0.0,-1.0,,,,EE Maria André Schunck Dona,,FASE 5,5N,,Fase 5 (1° EM),Fase 6 (2° EM),,9.2,8.751,,10.0,5.0,,7.8,9.0,,15.0,16.0,,9.6,9.523809523666666,,8.378008333,8.376195238033333,,,Pública,Pública,8.59375,8.333333333,,3.77,7.51,,8.7575,8.56,,8.5,10.0,,8.3,9.0,,6.5,8.0,,Topázio,Topázio,,,4.0,3.0,,Cursando,,5C,5N
RA-1202,Aluno-1202,Feminino,2023,,,,,-1.0,,,,,,,FASE 5,,,Fase 6 (2° EM),,,7.1,,,5.0,,,3.3,,,16.0,,,7.6,,,6.202008333,,,,Pública,,7.34375,,,7.52,,,6.67,,,2.0,,,4.5,,,3.3,,,Ágata,,,,4.0,,,,,5F,
RA-1203,Aluno-1203,Feminino,2023,,,,,-1.0,0.0,,,,Colégio Arco Íris Evolução,,FASE 5,6L,,Fase 6 (2° EM),Fase 6 (2° EM),,9.2,9.168,,5.0,10.0,,7.2,9.0,,,17.0,,10.0,9.649122807,,7.487841667,8.9495245614,,,Pública,Privada - Programa de Apadrinhamento,7.96875,8.375,,2.52,7.51,,7.8775,8.572,,9.2,9.5,,6.7,8.5,,5.8,9.0,,Ametista,Topázio,,,4.0,5.0,,Cursando,,5L,6L
RA-1204,Aluno-1204,Masculino,2023,,,,,-1.0,,,,,,,FASE 5,,,Fase 6 (2° EM),,,7.5,,,5.0,,,6.1,,,16.0,,,8.7,,,6.940416667,,,,Pública,,7.8125,,,5.0,,,7.2125,,,9.7,,,5.0,,,3.7,,,Ágata,,,,4.0,,,,,5L,
RA-1205,Aluno-1205,Feminino,2023,,,,,-3.0,,,,,,,FASE 5,,,Fase 8 (Universitários),,,9.2,,,2.5,,,5.0,,,18.0,,,9.2,,,6.806466667,,,,Pública,,7.5,,,6.26,,,7.085,,,6.2,,,5.2,,,3.7,,,Ágata,,,,4.0,,,,,5L,
RA-1206,Aluno-1206,Feminino,2023,,,,,-2.0,,,,,,,FASE 5,,,Fase 7 (3° EM),,,8.8,,,5.0,,,5.6,,,17.0,,,8.3,,,6.724183333,,,,Pública,,7.8125,,,2.52,,,7.7125,,,8.3,,,4.7,,,3.7,,,Ágata,,,,4.0,,,,,5M,
RA-1207,Aluno-1207,Feminino,2023,,,,,0.0,-1.0,,,,EE Donizetti Aparecido Leite Professor,,FASE 5,5M,,Fase 5 (1° EM),Fase 6 (2° EM),,8.8,8.334,,10.0,5.0,,5.5,5.333333333333333,,,16.0,,9.0,6.581140350999999,,7.58235,6.509169736866667,,,Pública,Pública,7.8125,7.34375,,5.0,7.51,,7.63,6.5375,,7.5,10.0,,5.0,4.5,,4.0,1.5,,Ametista,Ágata,,,4.0,4.0,,Cursando,,5M,5M
RA-1208,Aluno-1208,Masculino,2023,,,,,0.0,,,,,,,FASE 5,,,Fase 5 (1° EM),,,8.8,,,10.0,,,6.2,,,15.0,,,8.8,,,7.0651,,,,Pública,,6.875,,,2.52,,,6.2525,,,8.8,,,5.0,,,4.8,,,Ametista,,,,4.0,,,,,5M,
RA-1209,Aluno-1209,Feminino,2023,,,,,-1.0,,,,,,,FASE 5,,,Fase 6 (2° EM),,,7.5,,,5.0,,,7.4,,,16.0,,,9.4,,,7.43375,,,,Pública,,7.8125,,,5.0,,,7.7125,,,8.8,,,7.7,,,5.7,,,Ametista,,,,4.0,,,,,5M,
RA-121,Aluno-121,Feminino,2021,33.0,413.0,5.0,-2.0,-1.0,-2.0,Melhorar: Empenhar-se mais nas aulas e avaliações.,Destaque: A sua boa entrega das lições de casa.,Destaque: A sua boa integração aos Princípios Passos Mágicos.,EE Joaquim Mendes Feliz,4,FASE 5,5A,Fase 6 (2º EM),Fase 6 (2° EM),Fase 7 (3° EM),7.1,6.3,8.751,5.0,5.0,5.0,7.2,6.0,8.833333333333334,16.0,,17.0,8.4,8.8,8.152958153,7.245,6.811875,7.476158297266668,True,Escola Pública,Pública,Pública,7.34375,7.25,6.3,5.0,6.26,7.625,7.4625,6.764,9.0,7.3,10.0,5.7,5.0,7.5,6.8,5.7,9.0,Ametista,Ágata,Ametista,False,4.0,4.0,5.0,Sem limitações,Cursando,B,5A,5A
RA-1210,Aluno-1210,Feminino,2023,,,,,-1.0,0.0,,,,EE Donizetti Aparecido Leite Professor,,FASE 5,6L,,Fase 6 (2° EM),Fase 6 (2° EM),,9.6,9.585,,5.0,10.0,,4.7,5.5,,16.0,17.0,,9.4,10.0,,7.171083333,8.2302,,,Pública,Pública,7.8125,7.875,,5.0,7.51,,8.09,8.166,,7.0,5.0,,5.0,5.0,,2.0,6.5,,Ametista,Topázio,,,4.0,5.0,,Cursando,,5M,6L
RA-1211,Aluno-1211,Feminino,2023,,,,,-1.0,,,,,,,FASE 5,,,Fase 6 (2° EM),,,7.1,,,5.0,,,6.2,,,16.0,,,9.1,,,7.09205,,,,Pública,,7.8125,,,5.0,,,7.7125,,,7.8,,,6.3,,,4.5,,,Ametista,,,,4.0,,,,,5M,
RA-1212,Aluno-1212,Feminino,2023,,,,,-1.0,,,,,,,FASE 5,,,Fase 6 (2° EM),,,8.3,,,5.0,,,4.2,,,16.0,,,8.9,,,6.755358333,,,,Pública,,7.65625,,,5.0,,,7.715,,,9.0,,,0.0,,,3.5,,,Ágata,,,,4.0,,,,,5M,
RA-1213,Aluno-1213,Feminino,2023,,,,,-2.0,,,,,,,FASE 5,,,Fase 7 (3° EM),,,0.0,,,5.0,,,6.0,,,,,,8.4,,,5.95625,,,,Pública,,7.8125,,,2.52,,,7.715,,,6.5,,,6.7,,,4.8,,,Quartzo,,,,4.0,,,,,5M,
RA-1214,Aluno-1214,Masculino,2023,,,,,0.0,0.0,,,,EE Paschoal Carlos Magno,,FASE 6,7A,,Fase 6 (2° EM),Fase 7 (3° EM),,9.6,10.002,,10.0,10.0,,7.4,8.0,,16.0,17.0,,9.8,9.081527348,,8.378666667,8.5902971362,,,Pública,Pública,7.5,8.28125,,6.89,8.13,,7.6725,7.663333333,,9.3,10.0,,8.0,8.0,,5.0,6.0,,Topázio,Topázio,,,4.0,3.0,,Cursando,,6A,7A
RA-1215,Aluno-1215,Feminino,2023,,,,,0.0,,,,,,,FASE 6,,,Fase 6 (2° EM),,,7.1,,,10.0,,,4.1,,,16.0,,,5.6,,,6.339466667,,,,Pública,,7.5,,,5.0,,,7.1725,,,4.7,,,5.0,,,2.7,,,Ágata,,,,4.0,,,,,6A,
RA-1216,Aluno-1216,Feminino,2023,,,,,-2.0,0.0,,,,Universidade Santo Amaro (UNISA),,FASE 6,8F,,Fase 8 (Universitários),Fase 8 (Universitários),,9.6,,,5.0,10.0,,7.9,,,19.0,20.0,,9.0,0.0,,7.7105,,,,Concluiu o 3º EM,Privada *Parcerias com Bolsa 100%,7.5,,,5.63,,,7.795,,,9.7,,,8.7,,,5.3,,,Ametista,,,,4.0,0.0,,Cursando,,6A,8F
RA-1217,Aluno-1217,Feminino,2023,,,,,-1.0,,,,,,,FASE 6,,,Fase 7 (3° EM),,,0.0,,,5.0,,,5.9,,,17.0,,,7.9,,,6.064625,,,,Pública,,7.65625,,,5.63,,,7.38,,,6.7,,,7.0,,,4.0,,,Ágata,,,,4.0,,,,,6L,
RA-1218,Aluno-1218,Masculino,2023,,,,,-1.0,,,,,,,FASE 6,,,Fase 7 (3° EM),,,7.5,,,5.0,,,5.3,,,17.0,,,9.2,,,6.8265,,,,Pública,,7.5,,,5.0,,,7.1325,,,5.7,,,6.7,,,3.5,,,Ágata,,,,4.0,,,,,6L,
RA-1219,Aluno-1219,Feminino,2023,,,,,0.0,,,,,,,FASE 6,,,Fase 6 (2° EM),,,8.8,,,10.0,,,6.3,,,,,,6.5,,,7.215141667,,,,Pública,,7.34375,,,5.63,,,7.38,,,6.3,,,7.2,,,5.5,,,Ametista,,,,4.0,,,,,6L,
RA-122,Aluno-122,Feminino,2019,74.0,818.0,14.0,0.0,,,Melhorar: Empenhar-se mais nas aulas e avaliações.,Melhorar: Melhorar a sua entrega de lições de casa.,Melhorar: Integrar-se mais aos Princípios Passos Mágicos.,,4,,,Fase 4 (9º ano),,,7.9,,,10.0,,,1.8,,,14.0,,,3.4,,,5.061,,,False,Escola Pública,,,,,7.5,,,4.958,,,0.0,,,1.7,,,3.7,,,Quartzo,,,False,4.0,,,Não atendido,,B,,
RA-1220,Aluno-1220,Feminino,2023,,,,,-1.0,-1.0,,,,Concluiu o 3º EM,,FASE 6,6L,,Fase 7 (3° EM),Fase 7 (3° EM),,0.0,7.083,,5.0,5.0,,6.8,7.666666666666667,,17.0,18.0,,9.0,8.555555555666666,,6.46725,7.143244444466667,,,Pública,Concluiu o 3º EM,7.8125,7.5,,5.0,6.885,,7.63,6.26,,6.3,7.0,,8.8,9.0,,5.3,7.0,,Ágata,Ametista,,,4.0,5.0,,Cursando,,6L,6L
RA-1221,Aluno-1221,Feminino,2023,,,,,-1.0,0.0,,,,Concluiu o 3º EM,,FASE 7,8F,,Fase 8 (Universitários),Fase 8 (Universitários),,9.2,,,5.0,10.0,,8.7,8.0,,22.0,23.0,,9.1,0.0,,8.027466667,,,,Concluiu o 3º EM,Concluiu o 3º EM,8.0,,,6.26,,,8.09,,,10.0,10.0,,8.2,7.0,,8.0,7.0,,Topázio,,,,4.0,0.0,,Cursando,,7A,8F
RA-1222,Aluno-1222,Feminino,2023,,,,,-1.0,,,,,,,FASE 7,,,Fase 8 (Universitários),,,7.1,,,5.0,,,6.8,,,,,,10.0,,,7.026466667,,,,Nenhuma das opções acima,,6.875,,,5.63,,,6.005,,,9.0,,,5.0,,,6.5,,,Ametista,,,,4.0,,,,,7A,
RA-1223,Aluno-1223,Masculino,2023,,,,,0.0,,,,,,,FASE 7,,,Fase 7 (3° EM),,,8.8,,,10.0,,,9.0,,,,,,9.3,,,8.187766667,,,,Pública,,6.875,,,5.0,,,7.2925,,,9.3,,,9.5,,,8.3,,,Topázio,,,,4.0,,,,,7A,
RA-1224,Aluno-1224,Masculino,2023,,,,,-1.0,0.0,,,,Concluiu o 3º EM,,FASE 7,8F,,Fase 8 (Universitários),Fase 8 (Universitários),,8.3,,,5.0,10.0,,8.0,,,,21.0,,9.4,0.0,,7.5524,,,,Concluiu o 3º EM,Concluiu o 3º EM,7.125,,,5.0,,,7.6325,,,9.5,,,8.2,,,6.3,,,Ametista,,,,4.0,0.0,,Cursando,,7A,8F
RA-1225,Aluno-1225,Feminino,2021,,,,,,0.0,,,,FGV,,,8F,,,Fase 8 (Universitários),,,,,,10.0,,,,,,19.0,,,0.0,,,,,,,Privada *Parcerias com Bolsa 100%,,,,,,,,,,,,,,,,,,,,,,,,0.0,,Cursando,,,8F
RA-1225,Aluno-1225,Feminino,2023,,,,,-1.0,,,,,,,FASE 7,,,Fase 8 (Universitários),,,7.5,,,5.0,,,,,,18.0,,,,,,,,,,Concluiu o 3º EM,,,,,2.52,,,,,,,,,,,,,,,,,,,,,,,,7E,
RA-1226,Aluno-1226,Feminino,2021,,,,,,0.0,,,,Colégio Poliedro - SP,,,7E,,,Fase 7 (3° EM),,,8.334,,,10.0,,,6.066666666666666,,,17.0,,,9.0,,,7.785233333333334,,,,Privada *Parcerias com Bolsa 100%,,7.5,,,6.885,,,7.5,,,6.0,,,6.0,,,6.2,,,Ametista,,,,0.0,,Cursando,,,7E
RA-1226,Aluno-1226,Feminino,2023,,,,,1.0,,,,,,,FASE 7,,,Fase 6 (2° EM),,,9.2,,,10.0,,,,,,,,,,,,,,,,Privada *Parcerias com Bolsa 100%,,,,,7.52,,,,,,,,,,,,,,,,,,,,,,,,7E,
RA-1227,Aluno-1227,Feminino,2021,,,,,,0.0,,,,Colégio Albert Einstein - SP,,,7E,,,Fase 7 (3° EM),,,8.751,,,10.0,,,0.0,,,17.0,,,0.0,,,4.8446,,,,Privada - Programa de Apadrinhamento,,7.5,,,7.195,,,7.5,,,0.0,,,0.0,,,0.0,,,Quartzo,,,,0.0,,Cursando,,,7E
RA-1227,Aluno-1227,Feminino,2023,,,,,1.0,,,,,,,FASE 7,,,Fase 6 (2° EM),,,9.2,,,10.0,,,,,,16.0,,,,,,,,,,Privada - Programa de Apadrinhamento,,,,,2.52,,,,,,,,,,,,,,,,,,,,,,,,7E,
RA-1228,Aluno-1228,Feminino,2021,,,,,,0.0,,,,Colégio Albert Einstein - SP,,,7E,,,Fase 7 (3° EM),,,8.751,,,10.0,,,0.0,,,18.0,,,0.0,,,4.8761,,,,Privada - Programa de Apadrinhamento,,7.5,,,7.51,,,7.5,,,0.0,,,0.0,,,0.0,,,Quartzo,,,,0.0,,Cursando,,,7E
RA-1228,Aluno-1228,Feminino,2023,,,,,0.0,,,,,,,FASE 7,,,Fase 7 (3° EM),,,7.5,,,10.0,,,,,,17.0,,,,,,,,,,Privada - Programa de Apadrinhamento,,,,,2.52,,,,,,,,,,,,,,,,,,,,,,,,7E,
RA-1229,Aluno-1229,Feminino,2021,,,,,,0.0,,,,Colégio Albert Einstein - SP,,,7E,,,Fase 7 (3° EM),,,9.168,,,10.0,,,0.0,,,17.0,,,0.0,,,4.8238,,,,Privada - Programa de Apadrinhamento,,7.5,,,6.57,,,7.5,,,0.0,,,0.0,,,0.0,,,Quartzo,,,,0.0,,Cursando,,,7E
RA-1229,Aluno-1229,Feminino,2023,,,,,1.0,,,,,,,FASE 7,,,Fase 6 (2° EM),,,8.3,,,10.0,,,,,,,,,,,,,,,,Privada - Programa de Apadrinhamento,,,,,7.52,,,,,,,,,,,,,,,,,,,,,,,,7E,
RA-123,Aluno-123,Masculino,2017,37.0,461.0,6.0,-2.0,-2.0,,Melhorar: Empenhar-se mais nas aulas e avaliações.,Destaque: A sua boa entrega das lições de casa.,Melhorar: Integrar-se mais aos Princípios Passos Mágicos.,,4,FASE 5,,Fase 6 (2º EM),Fase 7 (3° EM),,7.9,0.0,,5.0,5.0,,6.5,5.7,,16.0,17.0,,8.6,9.4,,7.084,6.068333333,,False,Rede Decisão,Privada - Programa de Apadrinhamento,,6.875,,5.6,5.0,,7.292,6.8375,,5.9,6.7,,7.3,5.0,,6.3,5.3,,Ametista,Ágata,,False,4.0,4.0,,Requer avaliação,,B,5A,
RA-123,Aluno-123,Masculino,2021,,,,,,-1.0,,,,Colégio Arco Íris Evolução,,,6A,,,Fase 7 (3° EM),,,7.5,,,5.0,,,7.166666666666667,,,18.0,,,8.412698412666666,,,6.887248015866668,,,,Privada - Programa de Apadrinhamento,,6.71875,,,5.635,,,6.43,,,9.5,,,6.5,,,5.5,,,Ágata,,,,5.0,,Cursando,,,6A
RA-1230,Aluno-1230,Feminino,2021,,,,,1.0,0.0,,,,Colégio Albert Einstein - SP,,FASE 7,7E,,Fase 6 (2° EM),Fase 7 (3° EM),,0.0,7.917,,10.0,10.0,,,0.0,,16.0,17.0,,,0.0,,,4.7612000000000005,,,Privada - Programa de Apadrinhamento,Privada - Programa de Apadrinhamento,,7.5,,2.52,7.195,,,7.5,,,0.0,,,0.0,,,0.0,,,Quartzo,,,,0.0,,Cursando,,7E,7E
RA-1231,Aluno-1231,Masculino,2021,,,,,0.0,1.0,,,,Universidade Santo Amaro (UNISA),,FASE 8,9,,Fase 8 (Universitários),Fase 8 (Universitários),,,,,10.0,10.0,,,,,22.0,23.0,,,0.0,,,,,,Privada *Parcerias com Bolsa 100%,Privada,,,,,,,,,,,,,,,,,,,,,,,,0.0,,Cursando,,8A,9
RA-1232,Aluno-1232,Masculino,2021,,,,,0.0,1.0,,,,Universidade Santo Amaro (UNISA),,FASE 8,9,,Fase 8 (Universitários),Fase 8 (Universitários),,,,,10.0,10.0,,,,,21.0,22.0,,,0.0,,,,,,Privada *Parcerias com Bolsa 100%,Privada,,,,,,,,,,,,,,,,,,,,,,,,0.0,,Cursando,,8A,9
RA-1233,Aluno-1233,Feminino,2021,,,,,0.0,1.0,,,,Universidade Santo Amaro (UNISA),,FASE 8,9,,Fase 8 (Universitários),Fase 8 (Universitários),,,,,10.0,10.0,,,,,22.0,23.0,,,0.0,,,,,,Privada *Parcerias com Bolsa 100%,Privada,,,,,,,,,,,,,,,,,,,,,,,,0.0,,Cursando,,8A,9
RA-1234,Aluno-1234,Feminino,2021,,,,,0.0,0.0,,,,Universidade Santo Amaro (UNISA),,FASE 8,8A,,Fase 8 (Universitários),Fase 8 (Universitários),,,,,10.0,10.0,,,,,,21.0,,,0.0,,,,,,Privada *Parcerias com Bolsa 100%,Privada,,,,,,,,,,,,,,,,,,,,,,,,0.0,,Cursando,,8A,8A
RA-1235,Aluno-1235,Masculino,2021,,,,,0.0,1.0,,,,Faculdade (FIAP),,FASE 8,9,,Fase 8 (Universitários),Fase 8 (Universitários),,,,,10.0,10.0,,,,,21.0,22.0,,,0.0,,,,,,Privada *Parcerias com Bolsa 100%,Privada,,,,,,,,,,,,,,,,,,,,,,,,0.0,,Cursando,,8A,9
RA-1236,Aluno-1236,Feminino,2021,,,,,0.0,0.0,,,,Universidade Santo Amaro (UNISA),,FASE 8,8A,,Fase 8 (Universitários),Fase 8 (Universitários),,,,,10.0,10.0,,,,,21.0,22.0,,,0.0,,,,,,Privada *Parcerias com Bolsa 100%,Privada,,,,,,,,,,,,,,,,,,,,,,,,0.0,,Cursando,,8A,8A
RA-1237,Aluno-1237,Feminino,2021,,,,,0.0,1.0,,,,Universidade Santo Amaro (UNISA),,FASE 8,9,,Fase 8 (Universitários),Fase 8 (Universitários),,,,,10.0,10.0,,,,,,22.0,,,0.0,,,,,,Privada *Parcerias com Bolsa 100%,Privada *Parcerias com Bolsa 100%,,,,,,,,,,,,,,,,,,,,,,,,0.0,,Cursando,,8A,9
RA-1238,Aluno-1238,Feminino,2021,,,,,0.0,1.0,,,,Universidade Santo Amaro (UNISA),,FASE 8,9,,Fase 8 (Universitários),Fase 8 (Universitários),,,,,10.0,10.0,,,,,21.0,22.0,,,0.0,,,,,,Privada *Parcerias com Bolsa 100%,Privada,,,,,,,,,,,,,,,,,,,,,,,,0.0,,Cursando,,8A,9
RA-1239,Aluno-1239,Feminino,2021,,,,,0.0,0.0,,,,Universidade Mackenzie,,FASE 8,8B,,Fase 8 (Universitários),Fase 8 (Universitários),,,,,10.0,10.0,,,,,,21.0,,,0.0,,,,,,Privada *Parcerias com Bolsa 100%,Privada - Pagamento por *Empresa Parceira,,,,,,,,,,,,,,,,,,,,,,,,0.0,,Cursando,,8B,8B
RA-124,Aluno-124,Masculino,2016,29.0,365.0,4.0,0.0,,,Melhorar: Empenhar-se mais nas aulas e avaliações.,Destaque: A sua boa entrega das lições de casa.,Melhorar: Integrar-se mais aos Princípios Passos Mágicos.,,4,,,Fase 4 (9º ano),,,7.9,,,10.0,,,6.7,,,14.0,,,7.8,,,7.388,,,False,Rede Decisão,,,,,5.0,,,7.167,,,7.5,,,5.7,,,7.0,,,Ametista,,,False,4.0,,,Requer avaliação,,B,,
RA-1240,Aluno-1240,Masculino,2021,,,,,0.0,0.0,,,,Universidade Santo Amaro (UNISA),,FASE 8,8B,,Fase 8 (Universitários),Fase 8 (Universitários),,,,,10.0,10.0,,,,,20.0,21.0,,,0.0,,,,,,Privada *Parcerias com Bolsa 100%,Privada,,,,,,,,,,,,,,,,,,,,,,,,0.0,,Cursando,,8B,8B
RA-1241,Aluno-1241,Feminino,2021,,,,,0.0,0.0,,,,Universidade Santo Amaro (UNISA),,FASE 8,8B,,Fase 8 (Universitários),Fase 8 (Universitários),,,,,10.0,10.0,,,,,,21.0,,,0.0,,,,,,Privada *Parcerias com Bolsa 100%,Privada,,,,,,,,,,,,,,,,,,,,,,,,0.0,,Cursando,,8B,8B
RA-1242,Aluno-1242,Feminino,2021,,,,,0.0,0.0,,,,Universidade Santo Amaro (UNISA),,FASE 8,8B,,Fase 8 (Universitários),Fase 8 (Universitários),,,,,10.0,10.0,,,,,19.0,20.0,,,0.0,,,,,,Privada *Parcerias com Bolsa 100%,Privada,,,,,,,,,,,,,,,,,,,,,,,,0.0,,Cursando,,8B,8B
RA-1243,Aluno-1243,Feminino,2021,,,,,0.0,,,,,,,FASE 8,,,Fase 8 (Universitários),,,,,,10.0,,,,,,,,,,,,,,,,Privada *Parcerias com Bolsa 100%,,,,,,,,,,,,,,,,,,,,,,,,,,,,,8B,
RA-1244,Aluno-1244,Feminino,2021,,,,,0.0,0.0,,,,Universidade Santo Amaro (UNISA),,FASE 8,8B,,Fase 8 (Universitários),Fase 8 (Universitários),,,,,10.0,10.0,,,,,20.0,21.0,,,0.0,,,,,,Privada *Parcerias com Bolsa 100%,Privada,,,,,,,,,,,,,,,,,,,,,,,,0.0,,Cursando,,8B,8B
RA-1245,Aluno-1245,Masculino,2021,,,,,0.0,0.0,,,,Universidade Anhembi Morumbi,,FASE 8,8B,,Fase 8 (Universitários),Fase 8 (Universitários),,,,,10.0,10.0,,,,,,21.0,,,0.0,,,,,,Privada *Parcerias com Bolsa 100%,Privada,,,,,,,,,,,,,,,,,,,,,,,,0.0,,Cursando,,8B,8B
RA-1246,Aluno-1246,Feminino,2021,,,,,0.0,0.0,,,,Universidade Santo Amaro (UNISA),,FASE 8,8B,,Fase 8 (Universitários),Fase 8 (Universitários),,,,,10.0,10.0,,,,,20.0,21.0,,,0.0,,,,,,Privada - Pagamento por *Empresa Parceira,Privada,,,,,,,,,,,,,,,,,,,,,,,,0.0,,Cursando,,8B,8B
RA-1247,Aluno-1247,Feminino,2021,,,,,0.0,,,,,,,FASE 8,,,Fase 8 (Universitários),,,,,,10.0,,,,,,21.0,,,,,,,,,,Privada *Parcerias com Bolsa 100%,,,,,,,,,,,,,,,,,,,,,,,,,,,,,8B,
RA-1248,Aluno-1248,Masculino,2021,,,,,0.0,0.0,,,,Universidade Santo Amaro (UNISA),,FASE 8,8B,,Fase 8 (Universitários),Fase 8 (Universitários),,,,,10.0,10.0,,,,,20.0,21.0,,,0.0,,,,,,Privada *Parcerias com Bolsa 100%,Privada,,,,,,,,,,,,,,,,,,,,,,,,0.0,,Cursando,,8B,8B
RA-1249,Aluno-1249,Masculino,2021,,,,,0.0,0.0,,,,Universidade Anhembi Morumbi,,FASE 8,8B,,Fase 8 (Universitários),Fase 8 (Universitários),,,,,10.0,10.0,,,,,,27.0,,,0.0,,,,,,Privada *Parcerias com Bolsa 100%,Privada,,,,,,,,,,,,,,,,,,,,,,,,0.0,,Cursando,,8B,8B
RA-125,Aluno-125,Feminino,2022,21.0,266.0,2.0,-1.0,-1.0,-1.0,Melhorar: Empenhar-se mais nas aulas e avaliações.,Destaque: A sua boa entrega das lições de casa.,Destaque: A sua boa integração aos Princípios Passos Mágicos.,João Friaza Colégio,4,FASE 5,6A,Fase 5 (1º EM),Fase 6 (2° EM),Fase 7 (3° EM),8.8,9.2,8.334,5.0,5.0,5.0,7.1,5.8,6.166666666666667,15.0,16.0,17.0,8.5,7.7,5.6428571430000005,7.619,6.989633333,6.627079761933334,True,Escola Pública,Privada,Privada,8.125,7.34375,7.5,5.0,7.51,7.75,7.835,7.232,9.2,8.2,8.5,5.0,3.3,3.0,7.2,5.8,7.0,Ametista,Ágata,Ágata,False,4.0,4.0,5.0,Não atendido,Cursando,B,5A,6A
RA-1250,Aluno-1250,Masculino,2021,,,,,0.0,0.0,,,,Universidade Cruzeiro do Sul,,FASE 8,8B,,Fase 8 (Universitários),Fase 8 (Universitários),,,,,10.0,10.0,,,,,,21.0,,,0.0,,,,,,Privada - Pagamento por *Empresa Parceira,Privada - Pagamento por *Empresa Parceira,,,,,,,,,,,,,,,,,,,,,,,,0.0,,Cursando,,8B,8B
RA-1251,Aluno-1251,Feminino,2021,,,,,0.0,0.0,,,,Universidade Santo Amaro (UNISA),,FASE 8,8B,,Fase 8 (Universitários),Fase 8 (Universitários),,,,,10.0,10.0,,,,,20.0,21.0,,,0.0,,,,,,Privada *Parcerias com Bolsa 100%,Privada,,,,,,,,,,,,,,,,,,,,,,,,0.0,,Cursando,,8B,8B
RA-1252,Aluno-1252,Feminino,2021,,,,,0.0,1.0,,,,Faculdade (FIAP),,FASE 8,9,,Fase 8 (Universitários),Fase 8 (Universitários),,,,,10.0,10.0,,,,,,22.0,,,0.0,,,,,,Privada *Parcerias com Bolsa 100%,Privada,,,,,,,,,,,,,,,,,,,,,,,,0.0,,Cursando,,8B,9
RA-1253,Aluno-1253,Feminino,2021,,,,,0.0,0.0,,,,ESPM,,FASE 8,8D,,Fase 8 (Universitários),Fase 8 (Universitários),,,,,10.0,10.0,,,,,23.0,24.0,,,0.0,,,,,,Privada *Parcerias com Bolsa 100%,Privada,,,,,,,,,,,,,,,,,,,,,,,,0.0,,Cursando,,8D,8D
RA-1254,Aluno-1254,Masculino,2021,,,,,0.0,1.0,,,,Faculdade (FIAP),,FASE 8,9,,Fase 8 (Universitários),Fase 8 (Universitários),,,,,10.0,10.0,,,,,19.0,20.0,,,0.0,,,,,,Privada *Parcerias com Bolsa 100%,Privada,,,,,,,,,,,,,,,,,,,,,,,,0.0,,Cursando,,8D,9
RA-1255,Aluno-1255,Masculino,2021,,,,,0.0,0.0,,,,Universidade Santo Amaro (UNISA),,FASE 8,8D,,Fase 8 (Universitários),Fase 8 (Universitários),,,,,10.0,10.0,,,,,,20.0,,,0.0,,,,,,Privada *Parcerias com Bolsa 100%,Privada,,,,,,,,,,,,,,,,,,,,,,,,0.0,,Cursando,,8D,8D
RA-1256,Aluno-1256,Feminino,2021,,,,,0.0,0.0,,,,ESPM,,FASE 8,8D,,Fase 8 (Universitários),Fase 8 (Universitários),,,,,10.0,10.0,,,,,18.0,19.0,,,0.0,,,,,,Privada *Parcerias com Bolsa 100%,Privada,,,,,,,,,,,,,,,,,,,,,,,,0.0,,Cursando,,8D,8D
RA-1257,Aluno-1257,Masculino,2021,,,,,0.0,0.0,,,,Universidade Santo Amaro (UNISA),,FASE 8,8D,,Fase 8 (Universitários),Fase 8 (Universitários),,,,,10.0,10.0,,,,,18.0,19.0,,,0.0,,,,,,Privada *Parcerias com Bolsa 100%,Privada,,,,,,,,,,,,,,,,,,,,,,,,0.0,,Cursando,,8D,8D
RA-1258,Aluno-1258,Masculino,2021,,,,,0.0,1.0,,,,Faculdade (FIAP),,FASE 8,9,,Fase 8 (Universitários),Fase 8 (Universitários),,,,,10.0,10.0,,,,,24.0,25.0,,,0.0,,,,,,Privada *Parcerias com Bolsa 100%,Privada,,,,,,,,,,,,,,,,,,,,,,,,0.0,,Cursando,,8D,9
RA-1259,Aluno-1259,Feminino,2021,,,,,0.0,0.0,,,,Universidade Santo Amaro (UNISA),,FASE 8,8D,,Fase 8 (Universitários),Fase 8 (Universitários),,,,,10.0,10.0,,,,,,20.0,,,0.0,,,,,,Privada *Parcerias com Bolsa 100%,Privada,,,,,,,,,,,,,,,,,,,,,,,,0.0,,Cursando,,8D,8D
RA-126,Aluno-126,Masculino,2018,62.0,689.0,11.0,-1.0,,,Melhorar: Empenhar-se mais nas aulas e avaliações.,Melhorar: Melhorar a sua entrega de lições de casa.,Melhorar: Integrar-se mais aos Princípios Passos Mágicos.,,4,,,Fase 5 (1º EM),,,7.1,,,5.0,,,4.4,,,15.0,,,5.8,,,6.289,,,True,Escola Pública,,,,,7.5,,,7.417,,,4.2,,,4.0,,,5.0,,,Ágata,,,False,4.0,,,Não atendido,,B,,
RA-1260,Aluno-1260,Masculino,2021,,,,,0.0,1.0,,,,Faculdade (FIAP),,FASE 8,9,,Fase 8 (Universitários),Fase 8 (Universitários),,,,,10.0,10.0,,,,,,20.0,,,0.0,,,,,,Privada *Parcerias com Bolsa 100%,Privada,,,,,,,,,,,,,,,,,,,,,,,,0.0,,Cursando,,8D,9
RA-1261,Aluno-1261,Feminino,2021,,,,,0.0,0.0,,,,Universidade Santo Amaro (UNISA),,FASE 8,8D,,Fase 8 (Universitários),Fase 8 (Universitários),,,,,10.0,10.0,,,,,,20.0,,,0.0,,,,,,Privada *Parcerias com Bolsa 100%,Privada,,,,,,,,,,,,,,,,,,,,,,,,0.0,,Cursando,,8D,8D
RA-1262,Aluno-1262,Feminino,2021,,,,,0.0,0.0,,,,Universidade Santo Amaro (UNISA),,FASE 8,8D,,Fase 8 (Universitários),Fase 8 (Universitários),,,,,10.0,10.0,,,,,19.0,20.0,,,0.0,,,,,,Privada *Parcerias com Bolsa 100%,Privada,,,,,,,,,,,,,,,,,,,,,,,,0.0,,Cursando,,8D,8D
RA-1263,Aluno-1263,Feminino,2021,,,,,0.0,0.0,,,,Universidade Santo Amaro (UNISA),,FASE 8,8D,,Fase 8 (Universitários),Fase 8 (Universitários),,,,,10.0,10.0,,,,,,21.0,,,0.0,,,,,,Privada *Parcerias com Bolsa 100%,Privada *Parcerias com Bolsa 100%,,,,,,,,,,,,,,,,,,,,,,,,0.0,,Cursando,,8D,8D
RA-1264,Aluno-1264,Feminino,2021,,,,,0.0,0.0,,,,Universidade Santo Amaro (UNISA),,FASE 8,8D,,Fase 8 (Universitários),Fase 8 (Universitários),,,,,10.0,10.0,,,,,,21.0,,,0.0,,,,,,Privada *Parcerias com Bolsa 100%,Privada,,,,,,,,,,,,,,,,,,,,,,,,0.0,,Cursando,,8D,8D
RA-1265,Aluno-1265,Masculino,2022,,,,,0.0,0.0,,,,Universidade Santo Amaro (UNISA),,FASE 8,8D,,Fase 8 (Universitários),Fase 8 (Universitários),,,,,10.0,10.0,,,,,,21.0,,,0.0,,,,,,Privada *Parcerias com Bolsa 100%,Pública,,,,,,,,,,,,,,,,,,,,,,,,0.0,,Cursando,,8D,8D
RA-1266,Aluno-1266,Feminino,2021,,,,,0.0,1.0,,,,Faculdade (FIAP),,FASE 8,9,,Fase 8 (Universitários),Fase 8 (Universitários),,,,,10.0,10.0,,,,,,20.0,,,0.0,,,,,,Privada *Parcerias com Bolsa 100%,Privada,,,,,,,,,,,,,,,,,,,,,,,,0.0,,Cursando,,8D,9
RA-1267,Aluno-1267,Feminino,2021,,,,,0.0,1.0,,,,Faculdade (FIAP),,FASE 8,9,,Fase 8 (Universitários),Fase 8 (Universitários),,,,,10.0,10.0,,,,,22.0,23.0,,,0.0,,,,,,Privada *Parcerias com Bolsa 100%,Privada,,,,,,,,,,,,,,,,,,,,,,,,0.0,,Cursando,,8D,9
RA-1268,Aluno-1268,Masculino,2021,,,,,0.0,1.0,,,,Faculdade (FIAP),,FASE 8,9,,Fase 8 (Universitários),Fase 8 (Universitários),,,,,10.0,10.0,,,,,19.0,20.0,,,0.0,,,,,,Privada *Parcerias com Bolsa 100%,Privada,,,,,,,,,,,,,,,,,,,,,,,,0.0,,Cursando,,8D,9
RA-1269,Aluno-1269,Feminino,2021,,,,,0.0,0.0,,,,Faculdades Oswaldo Cruz,,FASE 8,8E,,Fase 8 (Universitários),Fase 8 (Universitários),,,,,10.0,10.0,,,,,18.0,19.0,,,0.0,,,,,,Privada - Pagamento por *Empresa Parceira,Privada - Pagamento por *Empresa Parceira,,,,,,,,,,,,,,,,,,,,,,,,0.0,,Cursando,,8E,8E
RA-127,Aluno-127,Feminino,2022,7.0,63.0,1.0,0.0,0.0,0.0,Destaque: As suas boas notas na Passos Mágicos.,Destaque: A sua boa entrega das lições de casa.,Destaque: A sua boa integração aos Princípios Passos Mágicos.,Colégio Arco Íris Evolução,4,FASE 5,5A,Fase 4 (9º ano),Fase 5 (1° EM),Fase 5 (1° EM),7.5,8.8,8.751,10.0,10.0,10.0,7.9,6.4,7.833333333333333,14.0,15.0,16.0,8.7,7.8,9.488636363666666,8.283,7.91935,8.5605939394,True,Escola Pública,Pública,Privada - Programa de Apadrinhamento,8.4375,7.625,7.5,6.26,7.51,8.125,8.6725,8.538,8.3,8.2,10.0,7.7,4.7,10.0,7.7,6.3,3.5,Topázio,Ametista,Topázio,False,4.0,4.0,5.0,Não atendido,Cursando,B,5B,5A
RA-1270,Aluno-1270,Feminino,2021,,,,,0.0,0.0,,,,Faculdade FIAP,,FASE 8,8E,,Fase 8 (Universitários),Fase 8 (Universitários),,,,,10.0,10.0,,,,,19.0,20.0,,,0.0,,,,,,Privada *Parcerias com Bolsa 100%,Privada - Pagamento por *Empresa Parceira,,,,,,,,,,,,,,,,,,,,,,,,0.0,,Cursando,,8E,8E
RA-1271,Aluno-1271,Feminino,2021,,,,,0.0,0.0,,,,Universidade Santo Amaro (UNISA),,FASE 8,8E,,Fase 8 (Universitários),Fase 8 (Universitários),,,,,10.0,10.0,,,,,18.0,19.0,,,0.0,,,,,,Privada *Parcerias com Bolsa 100%,Privada *Parcerias com Bolsa 100%,,,,,,,,,,,,,,,,,,,,,,,,0.0,,Cursando,,8E,8E
RA-1272,Aluno-1272,Feminino,2021,,,,,0.0,0.0,,,,INSPER,,FASE 8,8E,,Fase 8 (Universitários),Fase 8 (Universitários),,,,,10.0,10.0,,,,,,20.0,,,0.0,,,,,,Privada *Parcerias com Bolsa 100%,Privada *Parcerias com Bolsa 100%,,,,,,,,,,,,,,,,,,,,,,,,0.0,,Cursando,,8E,8E
RA-1273,Aluno-1273,Feminino,2023,,,,,1.0,0.0,,,,Faculdade FIAP,,FASE 8,8E,,Fase 7 (3° EM),Fase 8 (Universitários),,,,,10.0,10.0,,,,,17.0,18.0,,,0.0,,,,,,Privada - Pagamento por *Empresa Parceira,Privada *Parcerias com Bolsa 100%,,,,,,,,,,,,,,,,,,,,,,,,0.0,,Cursando,,8E,8E
RA-1274,Aluno-1274,Feminino,2021,,,,,0.0,0.0,,,,Universidade Santo Amaro (UNISA),,FASE 8,8E,,Fase 8 (Universitários),Fase 8 (Universitários),,,,,10.0,10.0,,,,,,19.0,,,0.0,,,,,,Privada - Pagamento por *Empresa Parceira,Privada - Pagamento por *Empresa Parceira,,,,,,,,,,,,,,,,,,,,,,,,0.0,,Cursando,,8E,8E
RA-1275,Aluno-1275,Masculino,2024,,,,,,0.0,,,,EE Chácara Florida II,,,ALFA,,,ALFA (1° e 2° ano),,,10.002,,,10.0,,,8.0,,,8.0,,,8.6666666665,,,7.611366666700001,,,,Pública,,5.625,,,6.26,,,5.446666667,,,,,,10.0,,,6.0,,,Ametista,,,,3.0,,Cursando,,,ALFA A - G0/G1
RA-1276,Aluno-1276,Feminino,2024,,,,,,0.0,,,,EE Chácara Florida II,,,ALFA,,,ALFA (1° e 2° ano),,,10.002,,,10.0,,,8.0,,,8.0,,,9.3333333335,,,8.002866666700001,,,,Pública,,7.5,,,3.76,,,7.05,,,,,,10.0,,,6.0,,,Topázio,,,,3.0,,Cursando,,,ALFA A - G0/G1
RA-1277,Aluno-1277,Masculino,2024,,,,,,0.0,,,,EE Dom Pedro Villas Boas de Souza,,,ALFA,,,ALFA (1° e 2° ano),,,10.002,,,10.0,,,8.0,,,8.0,,,9.0833333335,,,7.952200000100001,,,,Pública,,7.5,,,3.76,,,7.046666667,,,,,,10.0,,,6.0,,,Ametista,,,,3.0,,Cursando,,,ALFA A - G0/G1
RA-1278,Aluno-1278,Masculino,2024,,,,,,-1.0,,,,EM Etelvina Delfim Simões,,,ALFA,,,Fase 1 (3° e 4° ano),,,9.002,,,5.0,,,7.5,,,9.0,,,4.1666666665,,,5.444199999900001,,,,Pública,,5.0,,,3.76,,,4.173333333,,,,,,8.0,,,7.0,,,Quartzo,,,,3.0,,Cursando,,,ALFA A - G0/G1
RA-1279,Aluno-1279,Feminino,2024,,,,,,-1.0,,,,EE Chácara Florida II,,,ALFA,,,Fase 1 (3° e 4° ano),,,10.002,,,5.0,,,8.25,,,9.0,,,10.0,,,8.0822,,,,Pública,,7.5,,,6.26,,,7.78,,,,,,9.0,,,7.5,,,Topázio,,,,3.0,,Cursando,,,ALFA B - G2/G3
RA-128,Aluno-128,Masculino,2019,71.0,778.0,13.0,-1.0,-1.0,,Melhorar: Empenhar-se mais nas aulas e avaliações.,Melhorar: Melhorar a sua entrega de lições de casa.,Melhorar: Integrar-se mais aos Princípios Passos Mágicos.,,4,FASE 5,,Fase 5 (1º EM),Fase 6 (2° EM),,0.0,6.7,,5.0,5.0,,5.6,5.7,,15.0,16.0,,6.2,7.3,,5.563,6.503908333,,True,Escola Pública,Privada,,7.34375,,7.5,5.0,,6.167,7.5475,,3.2,6.7,,6.7,6.3,,6.8,4.0,,Quartzo,Ágata,,False,4.0,4.0,,Não atendido,,B,5A,
RA-1280,Aluno-1280,Masculino,2024,,,,,,-1.0,,,,EM Etelvina Delfim Simões,,,ALFA,,,Fase 1 (3° e 4° ano),,,10.002,,,5.0,,,8.5,,,9.0,,,9.5454545455,,,8.152624242500002,,,,Pública,,7.5,,,6.26,,,8.336666667,,,,,,10.0,,,7.0,,,Topázio,,,,3.0,,Cursando,,,ALFA B - G2/G3
RA-1281,Aluno-1281,Feminino,2024,,,,,,-1.0,,,,EE Chácara Florida II,,,ALFA,,,Fase 1 (3° e 4° ano),,,7.918,,,5.0,,,9.25,,,9.0,,,9.5454545455,,,7.982890909100001,,,,Pública,,7.5,,,6.26,,,7.78,,,,,,10.0,,,8.5,,,Ametista,,,,3.0,,Cursando,,,ALFA B - G2/G3
RA-1282,Aluno-1282,Feminino,2024,,,,,,-1.0,,,,EE Chácara Florida II,,,ALFA,,,Fase 1 (3° e 4° ano),,,9.502,,,5.0,,,9.25,,,9.0,,,8.1136363635,,,7.8769272727000015,,,,Pública,,7.5,,,6.26,,,7.89,,,,,,10.0,,,8.5,,,Ametista,,,,3.0,,Cursando,,,ALFA B - G2/G3
RA-1283,Aluno-1283,Masculino,2024,,,,,,-2.0,,,,EE Dom Pedro Villas Boas de Souza,,,ALFA,,,Fase 2 (5° e 6° ano),,,10.002,,,5.0,,,9.0,,,10.0,,,9.230769231,,,8.3033538462,,,,Pública,,7.5,,,7.51,,,8.28,,,,,,10.0,,,8.0,,,Topázio,,,,3.0,,Cursando,,,ALFA B - G2/G3
RA-1284,Aluno-1284,Feminino,2024,,,,,,0.0,,,,EE Dom Pedro Villas Boas de Souza,,,ALFA,,,ALFA (1° e 2° ano),,,9.002,,,10.0,,,10.0,,,8.0,,,9.347826087,,,8.3800152174,,,,Pública,,7.8125,,,2.51,,,7.89,,,,,,10.0,,,10.0,,,Topázio,,,,3.0,,Cursando,,,ALFA C - G0/G1
RA-1285,Aluno-1285,Feminino,2024,,,,,,0.0,,,,Estuda em outra cidade,,,ALFA,,,ALFA (1° e 2° ano),,,10.002,,,10.0,,,8.0,,,7.0,,,8.830227742999998,,,8.156578882000002,,,,Pública,,7.5,,,2.51,,,8.946666667,,,,,,8.0,,,8.0,,,Topázio,,,,3.0,,Cursando,,,ALFA C - G0/G1
RA-1286,Aluno-1286,Masculino,2024,,,,,,0.0,,,,EM Etelvina Delfim Simões,,,ALFA,,,ALFA (1° e 2° ano),,,8.002,,,10.0,,,7.0,,,7.0,,,5.051759834,,,5.914801966800001,,,,Pública,,5.3125,,,2.51,,,4.61,,,,,,8.0,,,6.0,,,Quartzo,,,,3.0,,Cursando,,,ALFA C - G0/G1
RA-1287,Aluno-1287,Feminino,2024,,,,,,-1.0,,,,EE Dom Pedro Villas Boas de Souza,,,ALFA,,,Fase 1 (3° e 4° ano),,,10.002,,,5.0,,,7.75,,,8.0,,,9.3064182195,,,7.619650310500001,,,,Pública,,8.125,,,2.51,,,8.223333333,,,,,,8.0,,,7.5,,,Ametista,,,,3.0,,Cursando,,,ALFA C - G0/G1
RA-1288,Aluno-1288,Feminino,2024,,,,,,0.0,,,,EM Etelvina Delfim Simões,,,ALFA,,,ALFA (1° e 2° ano),,,9.002,,,10.0,,,10.0,,,7.0,,,7.9813664595,,,7.9208899585,,,,Pública,,7.1875,,,2.51,,,7.273333333,,,,,,10.0,,,10.0,,,Ametista,,,,3.0,,Cursando,,,ALFA C - G0/G1
RA-1289,Aluno-1289,Feminino,2024,,,,,,-1.0,,,,EE Dom Pedro Villas Boas de Souza,,,ALFA,,,Fase 1 (3° e 4° ano),,,7.002,,,5.0,,,7.75,,,10.0,,,9.4444444445,,,7.2171722223,,,,Pública,,5.9375,,,7.51,,,6.166666667,,,,,,9.0,,,6.5,,,Ametista,,,,3.0,,Cursando,,,ALFA D - G2/G3
RA-129,Aluno-129,Masculino,2019,42.0,516.0,7.0,-1.0,,,Melhorar: Empenhar-se mais nas aulas e avaliações.,Melhorar: Melhorar a sua entrega de lições de casa.,Destaque: A sua boa integração aos Princípios Passos Mágicos.,,4,,,Fase 5 (1º EM),,,6.7,,,5.0,,,6.7,,,15.0,,,6.4,,,6.926,,,True,Escola Pública,,,,,7.5,,,7.792,,,8.7,,,6.0,,,5.3,,,Ágata,,,False,4.0,,,Não atendido,,B,,
RA-1290,Aluno-1290,Masculino,2024,,,,,,-1.0,,,,EE Dom Pedro Villas Boas de Souza,,,ALFA,,,Fase 1 (3° e 4° ano),,,10.002,,,5.0,,,8.75,,,9.0,,,10.0,,,8.407200000000001,,,,Pública,,7.5,,,7.51,,,8.28,,,,,,10.0,,,7.5,,,Topázio,,,,3.0,,Cursando,,,ALFA D - G2/G3
RA-1291,Aluno-1291,Masculino,2024,,,,,,-1.0,,,,EE Chácara Florida II,,,ALFA,,,Fase 1 (3° e 4° ano),,,9.502,,,5.0,,,8.25,,,9.0,,,9.5,,,8.079200000000002,,,,Pública,,7.5,,,7.51,,,7.89,,,,,,10.0,,,6.5,,,Topázio,,,,3.0,,Cursando,,,ALFA D - G2/G3
RA-1292,Aluno-1292,Feminino,2024,,,,,,-1.0,,,,EE Francisco de Paula Teixeira,,,ALFA,,,Fase 1 (3° e 4° ano),,,7.502,,,5.0,,,8.25,,,9.0,,,4.7727272725,,,6.9031621211,,,,Pública,,7.1875,,,7.51,,,7.893333333,,,,,,10.0,,,6.5,,,Ágata,,,,3.0,,Cursando,,,ALFA D - G2/G3
RA-1293,Aluno-1293,Feminino,2024,,,,,,-1.0,,,,EE Dom Pedro Villas Boas de Souza,,,ALFA,,,Fase 1 (3° e 4° ano),,,8.002,,,5.0,,,8.5,,,9.0,,,9.4949494945,,,8.005023232300001,,,,Pública,,6.875,,,7.51,,,8.336666667,,,,,,8.5,,,8.5,,,Topázio,,,,3.0,,Cursando,,,ALFA D - G2/G3
RA-1294,Aluno-1294,Masculino,2024,,,,,,-2.0,,,,EE Dom Pedro Villas Boas de Souza,,,ALFA,,,Fase 2 (5° e 6° ano),,,9.502,,,5.0,,,7.75,,,10.0,,,10.0,,,7.9493666666,,,,Pública,,6.875,,,7.51,,,7.553333333,,,,,,9.0,,,6.5,,,Ametista,,,,3.0,,Cursando,,,ALFA D - G2/G3
RA-1295,Aluno-1295,Feminino,2024,,,,,,0.0,,,,EE Dom Pedro Villas Boas de Souza,,,ALFA,,,ALFA (1° e 2° ano),,,10.002,,,10.0,,,7.5,,,8.0,,,9.5227272725,,,8.0617454545,,,,Pública,,7.5,,,2.51,,,8.28,,,,,,7.0,,,8.0,,,Topázio,,,,3.0,,Cursando,,,ALFA E - G2/G3
RA-1296,Aluno-1296,Feminino,2024,,,,,,-1.0,,,,EM Etelvina Delfim Simões,,,ALFA,,,Fase 1 (3° e 4° ano),,,9.002,,,5.0,,,6.5,,,9.0,,,8.4444444445,,,7.0574222223000005,,,,Pública,,7.5,,,2.51,,,8.336666667,,,,,,7.5,,,5.5,,,Ametista,,,,3.0,,Cursando,,,ALFA E - G2/G3
RA-1297,Aluno-1297,Masculino,2024,,,,,,-1.0,,,,EE Dom Pedro Villas Boas de Souza,,,ALFA,,,Fase 1 (3° e 4° ano),,,9.502,,,5.0,,,9.25,,,8.0,,,9.761904762,,,7.620247619000001,,,,Pública,,7.5,,,2.51,,,6.833333333,,,,,,10.0,,,8.5,,,Ametista,,,,3.0,,Cursando,,,ALFA E - G2/G3
RA-1298,Aluno-1298,Masculino,2024,,,,,,0.0,,,,EE Dom Pedro Villas Boas de Souza,,,ALFA,,,ALFA (1° e 2° ano),,,9.502,,,10.0,,,6.75,,,8.0,,,6.643356643500001,,,7.577287995300001,,,,Pública,,7.1875,,,7.51,,,7.393333333,,,,,,7.0,,,6.5,,,Ametista,,,,3.0,,Cursando,,,ALFA E - G2/G3
RA-1299,Aluno-1299,Masculino,2024,,,,,,-2.0,,,,EM Etelvina Delfim Simões,,,ALFA,,,Fase 2 (5° e 6° ano),,,8.502,,,5.0,,,6.5,,,10.0,,,7.638888889,,,7.069727777800001,,,,Pública,,7.1875,,,7.51,,,7.11,,,,,,7.0,,,6.0,,,Ametista,,,,3.0,,Cursando,,,ALFA E - G2/G3
RA-13,Aluno-13,Masculino,2016,10.0,524.0,4.0,-1.0,0.0,,Melhorar: Empenhar-se mais nas aulas e avaliações.,Melhorar: Melhorar a sua entrega de lições de casa.,Destaque: A sua boa integração aos Princípios Passos Mágicos.,,7,FASE 8,,Fase 8 (Universitários),Fase 8 (Universitários),,7.9,,,5.0,10.0,,4.7,,,18.0,18.0,,7.4,,,6.902,,,True,Escola Pública,Privada *Parcerias com Bolsa 100%,,,,7.5,,,8.056,,,5.2,,,3.5,,,5.5,,,Ágata,,,False,4.0,,,Sem limitações,,A,8E,
RA-13,Aluno-13,Masculino,2021,,,,,,0.0,,,,Universidade Santo Amaro (UNISA),,,8D,,,Fase 8 (Universitários),,,,,,10.0,,,,,,19.0,,,0.0,,,,,,,Privada *Parcerias com Bolsa 100%,,,,,,,,,,,,,,,,,,,,,,,,0.0,,Cursando,,,8D
RA-130,Aluno-130,Feminino,2018,69.0,772.0,14.0,-2.0,,,Melhorar: Empenhar-se mais nas aulas e avaliações.,Melhorar: Melhorar a sua entrega de lições de casa.,Melhorar: Integrar-se mais aos Princípios Passos Mágicos.,,4,,,Fase 6 (2º EM),,,8.3,,,5.0,,,4.1,,,16.0,,,4.7,,,5.624,,,False,Escola Pública,,,,,5.0,,,6.5,,,3.5,,,3.7,,,5.2,,,Quartzo,,,False,4.0,,,Requer avaliação,,F,,
RA-1300,Aluno-1300,Feminino,2024,,,,,,-1.0,,,,EM Maria Ignez Concelles Irma Ines,,,ALFA,,,Fase 1 (3° e 4° ano),,,8.502,,,5.0,,,9.0,,,8.0,,,8.75,,,7.623866666600001,,,,Pública,,7.5,,,2.51,,,8.613333333,,,,,,10.0,,,8.0,,,Ametista,,,,3.0,,Cursando,,,ALFA F - G0/G1
RA-1301,Aluno-1301,Masculino,2024,,,,,,-1.0,,,,EM Etelvina Delfim Simões,,,ALFA,,,Fase 1 (3° e 4° ano),,,9.502,,,5.0,,,7.0,,,8.0,,,2.9166666665000003,,,5.6345333333,,,,Pública,,7.5,,,2.51,,,6.0,,,,,,10.0,,,4.0,,,Quartzo,,,,3.0,,Cursando,,,ALFA F - G0/G1
RA-1302,Aluno-1302,Masculino,2024,,,,,,0.0,,,,EE Dom Pedro Villas Boas de Souza,,,ALFA,,,ALFA (1° e 2° ano),,,10.002,,,10.0,,,4.0,,,8.0,,,5.416666667,,,5.758866666800001,,,,Pública,,6.25,,,2.51,,,4.996666667,,,,,,4.0,,,4.0,,,Quartzo,,,,3.0,,Cursando,,,ALFA F - G0/G1
RA-1303,Aluno-1303,Feminino,2024,,,,,,0.0,,,,EE Dom Pedro Villas Boas de Souza,,,ALFA,,,ALFA (1° e 2° ano),,,10.002,,,10.0,,,10.0,,,8.0,,,10.0,,,8.8352,,,,Pública,,7.5,,,2.51,,,9.17,,,,,,10.0,,,10.0,,,Topázio,,,,3.0,,Cursando,,,ALFA F - G0/G1
RA-1304,Aluno-1304,Feminino,2024,,,,,,-2.0,,,,EM Maria Ignez Concelles Irma Ines,,,ALFA,,,Fase 2 (5° e 6° ano),,,9.002,,,5.0,,,6.0,,,10.0,,,7.9575163395,,,7.085119934500001,,,,Pública,,7.8125,,,8.135,,,6.493333333,,,,,,6.0,,,6.0,,,Ametista,,,,3.0,,Cursando,,,ALFA G - G2/G3
RA-1305,Aluno-1305,Feminino,2024,,,,,,-1.0,,,,EM Etelvina Delfim Simões,,,ALFA,,,Fase 1 (3° e 4° ano),,,8.502,,,5.0,,,4.75,,,10.0,,,8.710526316,,,6.685221929800001,,,,Pública,,7.8125,,,2.51,,,8.053333333,,,,,,2.0,,,7.5,,,Ágata,,,,3.0,,Cursando,,,ALFA G - G2/G3
RA-1306,Aluno-1306,Feminino,2024,,,,,,-1.0,,,,EM Maria Ignez Concelles Irma Ines,,,ALFA,,,Fase 1 (3° e 4° ano),,,9.002,,,5.0,,,9.75,,,8.0,,,10.0,,,8.503033333400001,,,,Pública,,7.5,,,8.135,,,7.946666667,,,,,,10.0,,,9.5,,,Topázio,,,,3.0,,Cursando,,,ALFA G - G2/G3
RA-1307,Aluno-1307,Masculino,2024,,,,,,0.0,,,,EE Dom Pedro Villas Boas de Souza,,,ALFA,,,ALFA (1° e 2° ano),,,10.002,,,10.0,,,5.5,,,8.0,,,5.833333333500001,,,6.5940333333000005,,,,Pública,,6.25,,,6.255,,,5.383333333,,,,,,7.0,,,4.0,,,Ágata,,,,3.0,,Cursando,,,ALFA H - G0/G1
RA-1308,Aluno-1308,Feminino,2024,,,,,,-1.0,,,,EE Dom Pedro Villas Boas de Souza,,,ALFA,,,Fase 1 (3° e 4° ano),,,10.002,,,5.0,,,6.0,,,9.0,,,7.445652174,,,6.876997101400001,,,,Pública,,7.5,,,7.51,,,5.933333333,,,,,,8.0,,,4.0,,,Ágata,,,,3.0,,Cursando,,,ALFA H - G0/G1
RA-1309,Aluno-1309,Feminino,2024,,,,,,0.0,,,,EM Maria Ignez Concelles Irma Ines,,,ALFA,,,ALFA (1° e 2° ano),,,9.002,,,10.0,,,7.5,,,7.0,,,9.1666666665,,,8.379199999899999,,,,Pública,,7.5,,,7.51,,,8.223333333,,,,,,8.0,,,7.0,,,Topázio,,,,3.0,,Cursando,,,ALFA H - G0/G1
RA-131,Aluno-131,Feminino,2016,35.0,440.0,7.0,-1.0,-1.0,,Melhorar: Empenhar-se mais nas aulas e avaliações.,Destaque: A sua boa entrega das lições de casa.,Destaque: A sua boa integração aos Princípios Passos Mágicos.,,4,FASE 5,,Fase 5 (1º EM),Fase 6 (2° EM),,8.8,8.3,,5.0,5.0,,5.6,2.2,,15.0,16.0,,9.0,7.8,,7.174,5.952358333,,True,Escola Pública,Pública,,7.65625,,5.6,5.0,,7.75,6.8,,4.2,3.5,,6.0,0.0,,6.5,3.0,,Ametista,Quartzo,,False,4.0,4.0,,Sem limitações,,F,5F,
RA-131,Aluno-131,Feminino,2021,,,,,,-2.0,,,,EE Paschoal Carlos Magno,,,5F,,,Fase 7 (3° EM),,,8.751,,,5.0,,,5.0,,,17.0,,,9.444444444666667,,,7.263155555633333,,,,Pública,,7.708333333,,,7.51,,,7.386666667,,,6.0,,,4.0,,,5.0,,,Ametista,,,,3.0,,Cursando,,,5F
RA-1310,Aluno-1310,Feminino,2024,,,,,,0.0,,,,EE Dom Pedro Villas Boas de Souza,,,ALFA,,,ALFA (1° e 2° ano),,,8.502,,,10.0,,,10.0,,,7.0,,,9.375,,,8.3907833334,,,,Pública,,7.8125,,,2.51,,,8.166666667,,,,,,10.0,,,10.0,,,Topázio,,,,3.0,,Cursando,,,ALFA H - G0/G1
RA-1311,Aluno-1311,Masculino,2024,,,,,,0.0,,,,EM Maria Ignez Concelles Irma Ines,,,ALFA,,,ALFA (1° e 2° ano),,,9.002,,,10.0,,,0.0,,,8.0,,,9.166666667,,,6.4118666668,,,,Pública,,7.5,,,2.51,,,8.386666667,,,,,,0.0,,,0.0,,,Ágata,,,,3.0,,Cursando,,,ALFA H - G0/G1
RA-1312,Aluno-1312,Masculino,2024,,,,,,-1.0,,,,EE Dom Pedro Villas Boas de Souza,,,ALFA,,,Fase 1 (3° e 4° ano),,,10.002,,,5.0,,,6.5,,,9.0,,,8.333333333,,,7.510200000000001,,,,Pública,,6.25,,,7.51,,,8.336666667,,,,,,8.0,,,5.0,,,Ametista,,,,3.0,,Cursando,,,ALFA H - G0/G1
RA-1313,Aluno-1313,Masculino,2024,,,,,,0.0,,,,EM Maria Ignez Concelles Irma Ines,,,ALFA,,,ALFA (1° e 2° ano),,,9.502,,,10.0,,,6.25,,,8.0,,,8.125,,,8.0155333334,,,,Pública,,7.5,,,7.51,,,8.446666667,,,,,,4.0,,,8.5,,,Topázio,,,,3.0,,Cursando,,,ALFA H - G0/G1
RA-1314,Aluno-1314,Feminino,2024,,,,,,0.0,,,,EE Dom Pedro Villas Boas de Souza,,,ALFA,,,ALFA (1° e 2° ano),,,7.418,,,10.0,,,9.0,,,7.0,,,8.541666667,,,8.239799999999999,,,,Pública,,7.5,,,7.51,,,7.443333333,,,,,,8.0,,,10.0,,,Topázio,,,,3.0,,Cursando,,,ALFA H - G0/G1
RA-1315,Aluno-1315,Masculino,2024,,,,,,0.0,,,,EM Maria Ignez Concelles Irma Ines,,,ALFA,,,ALFA (1° e 2° ano),,,6.834,,,10.0,,,9.0,,,7.0,,,8.3333333335,,,8.3510666667,,,,Pública,,7.5,,,7.51,,,8.5,,,,,,10.0,,,8.0,,,Topázio,,,,3.0,,Cursando,,,ALFA H - G0/G1
RA-1316,Aluno-1316,Feminino,2024,,,,,,-1.0,,,,EE Dom Pedro Villas Boas de Souza,,,ALFA,,,Fase 1 (3° e 4° ano),,,9.002,,,5.0,,,7.75,,,9.0,,,8.20855615,,,7.59291123,,,,Pública,,7.5,,,7.51,,,7.5,,,,,,9.0,,,6.5,,,Ametista,,,,2.0,,Cursando,,,ALFA I - G2/G3
RA-1317,Aluno-1317,Feminino,2024,,,,,,-1.0,,,,EE Dom Pedro Villas Boas de Souza,,,ALFA,,,Fase 1 (3° e 4° ano),,,7.502,,,5.0,,,10.0,,,9.0,,,7.0721925135,,,7.665638502700001,,,,Pública,,7.5,,,7.51,,,7.5,,,,,,10.0,,,10.0,,,Ametista,,,,2.0,,Cursando,,,ALFA I - G2/G3
RA-1318,Aluno-1318,Feminino,2024,,,,,,-1.0,,,,EE Dom Pedro Villas Boas de Souza,,,ALFA,,,Fase 1 (3° e 4° ano),,,8.502,,,5.0,,,5.0,,,8.0,,,7.6871657755000005,,,6.823383155100001,,,,Pública,,7.1875,,,7.51,,,7.33,,,,,,4.0,,,6.0,,,Ágata,,,,2.0,,Cursando,,,ALFA I - G2/G3
RA-1319,Aluno-1319,Masculino,2024,,,,,,-1.0,,,,EM Etelvina Delfim Simões,,,ALFA,,,Fase 1 (3° e 4° ano),,,8.502,,,5.0,,,8.5,,,9.0,,,5.7516339865,,,7.201526797300001,,,,Pública,,7.5,,,7.51,,,7.5,,,,,,10.0,,,7.0,,,Ametista,,,,2.0,,Cursando,,,ALFA J - G2/G3
RA-132,Aluno-132,Feminino,2019,5.0,53.0,2.0,0.0,0.0,,Destaque: As suas boas notas na Passos Mágicos.,Destaque: A sua boa entrega das lições de casa.,Destaque: A sua boa integração aos Princípios Passos Mágicos.,,4,FASE 5,,Fase 4 (9º ano),Fase 5 (1° EM),,10.0,7.5,,10.0,10.0,,7.7,6.5,,14.0,15.0,,8.8,8.7,,8.355,7.350625,,False,Rede Decisão,Privada - Programa de Apadrinhamento,,7.65625,,5.6,2.52,,8.458,7.715,,9.1,6.7,,6.5,6.3,,7.5,6.5,,Topázio,Ametista,,True,4.0,4.0,,Sem limitações,,F,5F,
RA-132,Aluno-132,Feminino,2021,,,,,,0.0,,,,Colégio Arco Íris Evolução,,,6A,,,Fase 6 (2° EM),,,8.334,,,10.0,,,8.333333333333334,,,16.0,,,8.380952380666665,,,8.4746321428,,,,Privada - Programa de Apadrinhamento,,8.59375,,,7.51,,,8.44,,,10.0,,,7.0,,,8.0,,,Topázio,,,,5.0,,Cursando,,,6A
RA-1320,Aluno-1320,Masculino,2024,,,,,,-1.0,,,,EE Dom Pedro Villas Boas de Souza,,,ALFA,,,Fase 1 (3° e 4° ano),,,9.002,,,5.0,,,8.25,,,10.0,,,9.1666666665,,,7.8845333333,,,,Pública,,7.5,,,7.51,,,7.5,,,,,,9.0,,,7.5,,,Ametista,,,,2.0,,Cursando,,,ALFA J - G2/G3
RA-1321,Aluno-1321,Masculino,2024,,,,,,0.0,,,,EM Amanda Consuelo da Cunha,,,ALFA,,,ALFA (1° e 2° ano),,,9.002,,,10.0,,,8.75,,,7.0,,,8.875,,,7.95295,,,,Pública,,6.5625,,,6.885,,,5.915,,,,,,10.0,,,7.5,,,Ametista,,,,2.0,,Cursando,,,ALFA K - G0/G1
RA-1322,Aluno-1322,Feminino,2024,,,,,,0.0,,,,EE Jardim Silvania,,,ALFA,,,ALFA (1° e 2° ano),,,9.502,,,10.0,,,7.5,,,8.0,,,9.0,,,8.47795,,,,Pública,,8.4375,,,7.51,,,8.165,,,,,,8.5,,,6.5,,,Topázio,,,,2.0,,Cursando,,,ALFA K - G0/G1
RA-1323,Aluno-1323,Masculino,2024,,,,,,-1.0,,,,EE Helio Luiz Dobrochinski Prof,,,ALFA,,,Fase 1 (3° e 4° ano),,,10.002,,,5.0,,,7.0,,,9.0,,,9.0833333335,,,7.487366666700001,,,,Pública,,6.875,,,7.51,,,6.66,,,,,,10.0,,,4.0,,,Ametista,,,,2.0,,Cursando,,,ALFA K - G0/G1
RA-1324,Aluno-1324,Masculino,2024,,,,,,-1.0,,,,EE Helio Luiz Dobrochinski Prof,,,ALFA,,,Fase 1 (3° e 4° ano),,,10.002,,,5.0,,,8.5,,,9.0,,,10.0,,,8.332450000000001,,,,Pública,,7.8125,,,7.51,,,8.0,,,,,,10.0,,,7.0,,,Topázio,,,,2.0,,Cursando,,,ALFA K - G0/G1
RA-1325,Aluno-1325,Masculino,2024,,,,,,0.0,,,,EE Helio Luiz Dobrochinski Prof,,,ALFA,,,ALFA (1° e 2° ano),,,9.002,,,10.0,,,10.0,,,8.0,,,9.5227272725,,,8.9824954545,,,,Pública,,8.4375,,,7.51,,,7.915,,,,,,10.0,,,10.0,,,Topázio,,,,2.0,,Cursando,,,ALFA K - G0/G1
RA-1326,Aluno-1326,Feminino,2024,,,,,,0.0,,,,EE Helio Luiz Dobrochinski Prof,,,ALFA,,,ALFA (1° e 2° ano),,,9.002,,,10.0,,,4.5,,,8.0,,,9.2916666665,,,7.6397833333000005,,,,Pública,,7.8125,,,7.51,,,7.245,,,,,,0.0,,,9.0,,,Ametista,,,,2.0,,Cursando,,,ALFA K - G0/G1
RA-1327,Aluno-1327,Feminino,2024,,,,,,0.0,,,,EM Amanda Consuelo da Cunha,,,ALFA,,,ALFA (1° e 2° ano),,,9.002,,,10.0,,,7.5,,,7.0,,,9.3333333335,,,8.264116666700001,,,,Pública,,7.8125,,,7.51,,,7.325,,,,,,10.0,,,5.0,,,Topázio,,,,2.0,,Cursando,,,ALFA K - G0/G1
RA-1328,Aluno-1328,Feminino,2024,,,,,,-1.0,,,,EM Amanda Consuelo da Cunha,,,ALFA,,,Fase 1 (3° e 4° ano),,,8.502,,,5.0,,,10.0,,,8.0,,,8.2083333335,,,8.0588666667,,,,Pública,,7.5,,,7.51,,,7.83,,,,,,10.0,,,10.0,,,Topázio,,,,2.0,,Cursando,,,ALFA K - G0/G1
RA-1329,Aluno-1329,Masculino,2024,,,,,,0.0,,,,EE Helio Luiz Dobrochinski Prof,,,ALFA,,,ALFA (1° e 2° ano),,,9.502,,,10.0,,,6.5,,,8.0,,,10.0,,,7.98945,,,,Pública,,6.5625,,,7.51,,,6.66,,,,,,10.0,,,3.0,,,Ametista,,,,2.0,,Cursando,,,ALFA K - G0/G1
RA-133,Aluno-133,Feminino,2016,45.0,530.0,10.0,-1.0,-1.0,,Melhorar: Empenhar-se mais nas aulas e avaliações.,Melhorar: Melhorar a sua entrega de lições de casa.,Destaque: A sua boa integração aos Princípios Passos Mágicos.,,4,FASE 5,,Fase 5 (1º EM),Fase 6 (2° EM),,7.9,7.5,,5.0,5.0,,5.6,5.3,,15.0,16.0,,7.1,7.9,,6.875,6.168416667,,False,Escola Pública,Pública,,7.1875,,7.5,2.52,,7.625,6.505,,5.0,6.7,,4.7,5.0,,7.2,4.3,,Ágata,Ágata,,False,4.0,4.0,,Não atendido,,F,5F,
RA-1330,Aluno-1330,Feminino,2024,,,,,,0.0,,,,EE Helio Luiz Dobrochinski Prof,,,ALFA,,,ALFA (1° e 2° ano),,,10.002,,,10.0,,,9.5,,,8.0,,,9.3333333335,,,8.944616666700002,,,,Pública,,8.4375,,,7.51,,,7.915,,,,,,10.0,,,9.0,,,Topázio,,,,2.0,,Cursando,,,ALFA K - G0/G1
RA-1331,Aluno-1331,Feminino,2024,,,,,,0.0,,,,EE Jardim Campestre,,,ALFA,,,ALFA (1° e 2° ano),,,9.002,,,10.0,,,7.25,,,7.0,,,7.291666666499999,,,7.8522833333,,,,Pública,,8.4375,,,7.51,,,7.245,,,,,,8.0,,,6.5,,,Ametista,,,,2.0,,Cursando,,,ALFA K - G0/G1
RA-1332,Aluno-1332,Masculino,2024,,,,,,-2.0,,,,EE Helio Luiz Dobrochinski Prof,,,ALFA,,,Fase 2 (5° e 6° ano),,,8.502,,,5.0,,,8.25,,,10.0,,,9.411764706,,,8.1040529412,,,,Pública,,9.375,,,7.51,,,7.665,,,,,,10.0,,,6.5,,,Topázio,,,,2.0,,Cursando,,,ALFA L - G2/G3
RA-1333,Aluno-1333,Masculino,2024,,,,,,-1.0,,,,EE Helio Luiz Dobrochinski Prof,,,ALFA,,,Fase 1 (3° e 4° ano),,,7.502,,,5.0,,,9.25,,,9.0,,,10.0,,,8.213199999999999,,,,Pública,,9.375,,,6.255,,,7.75,,,,,,10.0,,,8.5,,,Topázio,,,,2.0,,Cursando,,,ALFA L - G2/G3
RA-1334,Aluno-1334,Masculino,2024,,,,,,-1.0,,,,EE Helio Luiz Dobrochinski Prof,,,ALFA,,,Fase 1 (3° e 4° ano),,,10.002,,,5.0,,,9.0,,,9.0,,,10.0,,,8.350200000000001,,,,Pública,,9.375,,,5.625,,,7.75,,,,,,10.0,,,8.0,,,Topázio,,,,2.0,,Cursando,,,ALFA L - G2/G3
RA-1335,Aluno-1335,Masculino,2024,,,,,,-2.0,,,,EE Helio Luiz Dobrochinski Prof,,,ALFA,,,Fase 2 (5° e 6° ano),,,9.002,,,5.0,,,8.75,,,10.0,,,9.75,,,8.3217,,,,Pública,,9.375,,,7.51,,,7.665,,,,,,10.0,,,7.5,,,Topázio,,,,2.0,,Cursando,,,ALFA L - G2/G3
RA-1336,Aluno-1336,Feminino,2024,,,,,,-1.0,,,,EE Helio Luiz Dobrochinski Prof,,,ALFA,,,Fase 1 (3° e 4° ano),,,9.502,,,5.0,,,9.5,,,8.0,,,6.2008281575,,,7.141365631500001,,,,Pública,,7.5,,,2.51,,,7.75,,,,,,10.0,,,9.0,,,Ametista,,,,2.0,,Cursando,,,ALFA M - G0/G1
RA-1337,Aluno-1337,Masculino,2024,,,,,,-2.0,,,,EE Helio Luiz Dobrochinski Prof,,,ALFA,,,Fase 2 (5° e 6° ano),,,8.002,,,5.0,,,6.0,,,10.0,,,4.722222222,,,6.015144444400001,,,,Pública,,6.875,,,7.51,,,5.66,,,,,,6.0,,,6.0,,,Ágata,,,,2.0,,Cursando,,,ALFA M - G0/G1
RA-1338,Aluno-1338,Masculino,2024,,,,,,-1.0,,,,EM Cecilia Cristina de Oliveira Rodrigues,,,ALFA,,,Fase 1 (3° e 4° ano),,,8.002,,,5.0,,,3.0,,,8.0,,,8.6607142855,,,6.1368428571,,,,Pública,,6.875,,,7.51,,,5.33,,,,,,2.0,,,4.0,,,Ágata,,,,2.0,,Cursando,,,ALFA M - G0/G1
RA-1339,Aluno-1339,Feminino,2024,,,,,,-1.0,,,,EE Helio Luiz Dobrochinski Prof,,,ALFA,,,Fase 1 (3° e 4° ano),,,8.502,,,5.0,,,8.75,,,8.0,,,10.0,,,7.3547,,,,Pública,,5.0,,,6.885,,,5.33,,,,,,10.0,,,7.5,,,Ametista,,,,2.0,,Cursando,,,ALFA M - G0/G1
RA-134,Aluno-134,Feminino,2021,56.0,623.0,12.0,-1.0,,,Melhorar: Empenhar-se mais nas aulas e avaliações.,Melhorar: Melhorar a sua entrega de lições de casa.,Melhorar: Integrar-se mais aos Princípios Passos Mágicos.,,4,,,Fase 5 (1º EM),,,8.8,,,5.0,,,4.7,,,15.0,,,6.8,,,6.607,,,True,Escola Pública,,,,,7.5,,,7.375,,,2.5,,,4.7,,,6.8,,,Ágata,,,False,4.0,,,Não atendido,,F,,
RA-1340,Aluno-1340,Feminino,2024,,,,,,0.0,,,,EM Etelvina Delfim Simões,,,ALFA,,,ALFA (1° e 2° ano),,,9.502,,,10.0,,,10.0,,,8.0,,,8.392857143,,,8.3422714286,,,,Pública,,5.625,,,7.51,,,7.0,,,,,,10.0,,,10.0,,,Topázio,,,,2.0,,Cursando,,,ALFA M - G0/G1
RA-1341,Aluno-1341,Masculino,2024,,,,,,-1.0,,,,EE Helio Luiz Dobrochinski Prof,,,ALFA,,,Fase 1 (3° e 4° ano),,,10.002,,,5.0,,,10.0,,,9.0,,,9.246031746,,,7.862906349200001,,,,Pública,,5.625,,,7.51,,,6.0,,,,,,10.0,,,10.0,,,Ametista,,,,2.0,,Cursando,,,ALFA M - G0/G1
RA-1342,Aluno-1342,Masculino,2024,,,,,,-1.0,,,,EM Cecilia Cristina de Oliveira Rodrigues,,,ALFA,,,Fase 1 (3° e 4° ano),,,9.502,,,5.0,,,9.0,,,8.0,,,9.761904762,,,7.8185809524000005,,,,Pública,,7.5,,,7.51,,,5.575,,,,,,10.0,,,8.0,,,Ametista,,,,2.0,,Cursando,,,ALFA M - G0/G1
RA-1343,Aluno-1343,Feminino,2024,,,,,,0.0,,,,EE Helio Luiz Dobrochinski Prof,,,ALFA,,,ALFA (1° e 2° ano),,,8.002,,,10.0,,,9.75,,,7.0,,,10.0,,,8.8262,,,,Pública,,6.25,,,7.51,,,8.5,,,,,,10.0,,,9.5,,,Topázio,,,,2.0,,Cursando,,,ALFA M - G0/G1
RA-1344,Aluno-1344,Feminino,2024,,,,,,0.0,,,,EE Helio Luiz Dobrochinski Prof,,,ALFA,,,ALFA (1° e 2° ano),,,8.502,,,10.0,,,10.0,,,8.0,,,10.0,,,9.3612,,,,Pública,,8.75,,,7.51,,,9.425,,,,,,10.0,,,10.0,,,Topázio,,,,2.0,,Cursando,,,ALFA N - G2/G3
RA-1345,Aluno-1345,Masculino,2023,,,,,,-1.0,,,,EM Cecilia Cristina de Oliveira Rodrigues,,,ALFA,,,Fase 1 (3° e 4° ano),,,8.502,,,5.0,,,6.25,,,9.0,,,9.4590643275,,,7.2340128655000004,,,,Pública,,6.25,,,7.51,,,6.83,,,,,,6.0,,,6.5,,,Ametista,,,,2.0,,Cursando,,,ALFA N - G2/G3
RA-1346,Aluno-1346,Masculino,2024,,,,,,0.0,,,,EM Cecilia Cristina de Oliveira Rodrigues,,,ALFA,,,ALFA (1° e 2° ano),,,9.502,,,10.0,,,5.5,,,8.0,,,8.0595238095,,,7.3701047619,,,,Pública,,6.25,,,7.51,,,6.66,,,,,,5.0,,,6.0,,,Ametista,,,,2.0,,Cursando,,,ALFA N - G2/G3
RA-1347,Aluno-1347,Masculino,2024,,,,,,-1.0,,,,EE Helio Luiz Dobrochinski Prof,,,ALFA,,,Fase 1 (3° e 4° ano),,,8.502,,,5.0,,,5.0,,,9.0,,,8.7857142855,,,6.153842857100001,,,,Pública,,5.625,,,2.51,,,6.165,,,,,,5.0,,,5.0,,,Ágata,,,,2.0,,Cursando,,,ALFA N - G2/G3
RA-1348,Aluno-1348,Masculino,2024,,,,,,-1.0,,,,EE Jardim Silvania,,,ALFA,,,Fase 1 (3° e 4° ano),,,7.502,,,5.0,,,9.0,,,8.0,,,8.5913312695,,,7.9604662539,,,,Pública,,8.75,,,7.51,,,7.83,,,,,,10.0,,,8.0,,,Ametista,,,,2.0,,Cursando,,,ALFA O - G2/G3
RA-1349,Aluno-1349,Masculino,2024,,,,,,-1.0,,,,EE Jardim Campestre,,,ALFA,,,Fase 1 (3° e 4° ano),,,8.002,,,5.0,,,8.5,,,10.0,,,8.388888889,,,7.855727777800001,,,,Pública,,8.4375,,,7.51,,,7.915,,,,,,10.0,,,7.0,,,Ametista,,,,2.0,,Cursando,,,ALFA O - G2/G3
RA-135,Aluno-135,Feminino,2019,20.0,237.0,4.0,-1.0,,,Destaque: As suas boas notas na Passos Mágicos.,Destaque: A sua boa entrega das lições de casa.,Destaque: A sua boa integração aos Princípios Passos Mágicos.,,4,,,Fase 5 (1º EM),,,8.3,,,5.0,,,8.6,,,15.0,,,7.8,,,7.692,,,True,Escola Pública,,,,,5.6,,,8.583,,,9.5,,,8.0,,,8.2,,,Ametista,,,True,4.0,,,Sem limitações,,F,,
RA-1350,Aluno-1350,Feminino,2024,,,,,,-2.0,,,,EE Jardim Campestre,,,ALFA,,,Fase 2 (5° e 6° ano),,,8.502,,,5.0,,,8.5,,,10.0,,,10.0,,,8.335450000000002,,,,Pública,,8.4375,,,8.755,,,7.83,,,,,,10.0,,,7.0,,,Topázio,,,,2.0,,Cursando,,,ALFA O - G2/G3
RA-1351,Aluno-1351,Masculino,2024,,,,,,-1.0,,,,EE Helio Luiz Dobrochinski Prof,,,ALFA,,,Fase 1 (3° e 4° ano),,,9.002,,,5.0,,,8.75,,,9.0,,,9.230769231,,,8.1861038462,,,,Pública,,8.4375,,,8.13,,,7.665,,,,,,10.0,,,7.5,,,Topázio,,,,2.0,,Cursando,,,ALFA O - G2/G3
RA-1352,Aluno-1352,Masculino,2024,,,,,,-1.0,,,,EM Amanda Consuelo da Cunha,,,ALFA,,,Fase 1 (3° e 4° ano),,,10.002,,,5.0,,,8.5,,,9.0,,,9.5,,,8.289950000000001,,,,Pública,,8.4375,,,8.13,,,7.665,,,,,,8.0,,,9.0,,,Topázio,,,,2.0,,Cursando,,,ALFA O - G2/G3
RA-1353,Aluno-1353,Feminino,2024,,,,,,-1.0,,,,EE Luiz Schunck,,,ALFA,,,Fase 1 (3° e 4° ano),,,8.002,,,5.0,,,3.0,,,10.0,,,9.5,,,6.454700000000001,,,,Pública,,6.875,,,7.51,,,6.08,,,,,,3.5,,,2.5,,,Ágata,,,,2.0,,Cursando,,,ALFA Q - G2/G3
RA-1354,Aluno-1354,Feminino,2024,,,,,,-1.0,,,,EE Luiz Schunck,,,ALFA,,,Fase 1 (3° e 4° ano),,,9.502,,,5.0,,,6.0,,,10.0,,,8.3636363635,,,7.353427272700001,,,,Pública,,8.125,,,7.51,,,7.335,,,,,,6.5,,,5.5,,,Ametista,,,,2.0,,Cursando,,,ALFA Q - G2/G3
RA-1355,Aluno-1355,Masculino,2024,,,,,,-1.0,,,,EE Helio Luiz Dobrochinski Prof,,,ALFA,,,Fase 1 (3° e 4° ano),,,10.002,,,5.0,,,7.0,,,10.0,,,6.5227272725,,,7.202245454500001,,,,Pública,,8.125,,,7.51,,,7.17,,,,,,8.0,,,6.0,,,Ametista,,,,2.0,,Cursando,,,ALFA Q - G2/G3
RA-1356,Aluno-1356,Feminino,2024,,,,,,0.0,,,,EE Helio Luiz Dobrochinski Prof,,,ALFA,,,ALFA (1° e 2° ano),,,9.002,,,10.0,,,5.5,,,8.0,,,9.4444444445,,,7.8695888889,,,,Pública,,8.125,,,7.51,,,7.085,,,,,,5.5,,,5.5,,,Ametista,,,,2.0,,Cursando,,,ALFA Q - G2/G3
RA-1357,Aluno-1357,Masculino,2024,,,,,,-1.0,,,,EE Luiz Schunck,,,ALFA,,,Fase 1 (3° e 4° ano),,,8.002,,,5.0,,,6.75,,,9.0,,,7.5,,,7.1807,,,,Pública,,8.125,,,7.51,,,7.335,,,,,,8.0,,,5.5,,,Ametista,,,,2.0,,Cursando,,,ALFA Q - G2/G3
RA-1358,Aluno-1358,Feminino,2024,,,,,,0.0,,,,EE Luiz Schunck,,,ALFA,,,ALFA (1° e 2° ano),,,9.168,,,10.0,,,4.0,,,7.0,,,7.380952381,,,6.552990476200001,,,,Pública,,6.25,,,5.01,,,6.17,,,,,,4.0,,,4.0,,,Ágata,,,,2.0,,Cursando,,,ALFA R - G0/G1
RA-1359,Aluno-1359,Feminino,2024,,,,,,0.0,,,,EE Luiz Schunck,,,ALFA,,,ALFA (1° e 2° ano),,,8.502,,,10.0,,,6.0,,,7.0,,,9.0,,,7.2102,,,,Pública,,5.625,,,5.635,,,6.17,,,,,,4.0,,,8.0,,,Ametista,,,,2.0,,Cursando,,,ALFA R - G0/G1
RA-136,Aluno-136,Masculino,2019,59.0,646.0,13.0,-1.0,,,Melhorar: Empenhar-se mais nas aulas e avaliações.,Melhorar: Melhorar a sua entrega de lições de casa.,Melhorar: Integrar-se mais aos Princípios Passos Mágicos.,,4,,,Fase 5 (1º EM),,,10.0,,,5.0,,,4.6,,,15.0,,,6.3,,,6.478,,,False,Escola Pública,,,,,7.5,,,6.667,,,2.8,,,5.3,,,5.7,,,Ágata,,,False,4.0,,,Não atendido,,F,,
RA-1360,Aluno-1360,Masculino,2024,,,,,,0.0,,,,EE Luiz Schunck,,,ALFA,,,ALFA (1° e 2° ano),,,8.502,,,10.0,,,5.0,,,8.0,,,7.0018115945,,,6.8480623189,,,,Pública,,5.625,,,7.51,,,6.42,,,,,,0.0,,,10.0,,,Ágata,,,,2.0,,Cursando,,,ALFA R - G0/G1
RA-1361,Aluno-1361,Feminino,2024,,,,,,0.0,,,,EE Helio Luiz Dobrochinski Prof,,,ALFA,,,ALFA (1° e 2° ano),,,9.502,,,10.0,,,10.0,,,8.0,,,9.375,,,8.738700000000001,,,,Pública,,7.5,,,5.635,,,8.0,,,,,,10.0,,,10.0,,,Topázio,,,,2.0,,Cursando,,,ALFA R - G0/G1
RA-1362,Aluno-1362,Masculino,2024,,,,,,0.0,,,,EE Luiz Schunck,,,ALFA,,,ALFA (1° e 2° ano),,,10.002,,,10.0,,,8.5,,,7.0,,,6.875,,,7.709200000000001,,,,Pública,,6.875,,,5.635,,,6.915,,,,,,8.0,,,9.0,,,Ametista,,,,2.0,,Cursando,,,ALFA R - G0/G1
RA-1363,Aluno-1363,Feminino,2024,,,,,,0.0,,,,EE Luiz Schunck,,,ALFA,,,ALFA (1° e 2° ano),,,7.418,,,10.0,,,6.5,,,7.0,,,10.0,,,7.690800000000001,,,,Pública,,6.875,,,5.635,,,6.99,,,,,,6.5,,,6.5,,,Ametista,,,,2.0,,Cursando,,,ALFA S - G2/G3
RA-1364,Aluno-1364,Masculino,2024,,,,,,-1.0,,,,EE Luiz Schunck,,,ALFA,,,Fase 1 (3° e 4° ano),,,8.002,,,5.0,,,8.75,,,9.0,,,8.4166666665,,,7.570033333300001,,,,Pública,,6.875,,,7.51,,,6.99,,,,,,9.5,,,8.0,,,Ametista,,,,2.0,,Cursando,,,ALFA S - G2/G3
RA-1365,Aluno-1365,Masculino,2024,,,,,,-1.0,,,,EM Cecilia Cristina de Oliveira Rodrigues,,,ALFA,,,Fase 1 (3° e 4° ano),,,9.002,,,5.0,,,6.5,,,9.0,,,9.7916666665,,,7.3700333333,,,,Pública,,6.875,,,6.26,,,6.99,,,,,,5.5,,,7.5,,,Ametista,,,,2.0,,Cursando,,,ALFA S - G2/G3
RA-1366,Aluno-1366,Feminino,2024,,,,,,-1.0,,,,EE Luiz Schunck,,,ALFA,,,Fase 1 (3° e 4° ano),,,9.002,,,5.0,,,6.5,,,8.0,,,6.6032608695,,,6.919852173900001,,,,Pública,,7.5,,,7.51,,,6.99,,,,,,6.5,,,6.5,,,Ágata,,,,2.0,,Cursando,,,ALFA S - G2/G3
RA-1367,Aluno-1367,Feminino,2024,,,,,,0.0,,,,EE Helio Luiz Dobrochinski Prof,,,ALFA,,,ALFA (1° e 2° ano),,,10.002,,,10.0,,,8.75,,,8.0,,,8.3804347825,,,8.427286956500001,,,,Pública,,7.5,,,7.51,,,7.5,,,,,,9.0,,,8.5,,,Topázio,,,,2.0,,Cursando,,,ALFA S - G2/G3
RA-1368,Aluno-1368,Masculino,2024,,,,,,0.0,,,,EE Luiz Schunck,,,ALFA,,,ALFA (1° e 2° ano),,,7.002,,,10.0,,,9.5,,,8.0,,,10.0,,,8.6012,,,,Pública,,7.5,,,7.51,,,7.5,,,,,,10.0,,,9.0,,,Topázio,,,,2.0,,Cursando,,,ALFA S - G2/G3
RA-1369,Aluno-1369,Feminino,2024,,,,,,0.0,,,,EE Luiz Schunck,,,ALFA,,,ALFA (1° e 2° ano),,,8.502,,,10.0,,,8.0,,,7.0,,,8.6304347825,,,8.052286956500001,,,,Pública,,7.5,,,6.26,,,7.5,,,,,,8.0,,,8.0,,,Topázio,,,,2.0,,Cursando,,,ALFA S - G2/G3
RA-137,Aluno-137,Feminino,2016,38.0,468.0,9.0,-3.0,-2.0,,Melhorar: Empenhar-se mais nas aulas e avaliações.,Destaque: A sua boa entrega das lições de casa.,Destaque: A sua boa integração aos Princípios Passos Mágicos.,,4,FASE 5,,Fase 7 (3º EM),Fase 7 (3° EM),,7.5,7.1,,2.5,5.0,,7.3,6.0,,17.0,17.0,,8.9,6.3,,7.056,5.937025,,False,Rede Decisão,Privada - Programa de Apadrinhamento,,6.40625,,5.0,2.52,,7.792,6.88,,8.5,6.2,,6.0,7.3,,7.3,4.5,,Ametista,Quartzo,,False,4.0,4.0,,Requer avaliação,,F,5F,
RA-137,Aluno-137,Feminino,2021,,,,,,-2.0,,,,Concluiu o 3º EM,,,5F,,,Fase 7 (3° EM),,,9.585,,,5.0,,,6.833333333333333,,,18.0,,,7.582972583,,,6.576761183366667,,,,Concluiu o 3º EM,,4.791666667,,,5.005,,,6.276666667,,,10.0,,,2.0,,,8.5,,,Ágata,,,,3.0,,Cursando,,,5F
RA-1370,Aluno-1370,Masculino,2024,,,,,,-1.0,,,,EE Luiz Schunck,,,ALFA,,,Fase 1 (3° e 4° ano),,,10.002,,,5.0,,,9.0,,,9.0,,,8.722222222,,,8.0456444444,,,,Pública,,7.5,,,7.51,,,7.5,,,,,,10.0,,,8.0,,,Topázio,,,,2.0,,Cursando,,,ALFA S - G2/G3
RA-1371,Aluno-1371,Feminino,2024,,,,,,-1.0,,,,EE Helio Luiz Dobrochinski Prof,,,ALFA,,,Fase 1 (3° e 4° ano),,,7.502,,,5.0,,,4.5,,,11.0,,,6.9782608695,,,6.4843521739,,,,Pública,,6.875,,,7.51,,,7.5,,,,,,3.0,,,6.0,,,Ágata,,,,2.0,,Cursando,,,ALFA S - G2/G3
RA-1372,Aluno-1372,Feminino,2024,,,,,,0.0,,,,EE Jardim Silvania,,,ALFA,,,ALFA (1° e 2° ano),,,9.502,,,10.0,,,4.75,,,8.0,,,10.0,,,7.9632000000000005,,,,Pública,,7.5,,,8.13,,,7.5,,,,,,3.0,,,6.5,,,Ametista,,,,2.0,,Cursando,,,ALFA T - G2/G3
RA-1373,Aluno-1373,Feminino,2024,,,,,,-1.0,,,,EE Joaquim Mendes Feliz,,,ALFA,,,Fase 1 (3° e 4° ano),,,9.502,,,5.0,,,6.75,,,9.0,,,8.8804347825,,,7.577286956500001,,,,Pública,,7.5,,,7.51,,,7.5,,,,,,6.0,,,7.5,,,Ametista,,,,2.0,,Cursando,,,ALFA T - G2/G3
RA-1374,Aluno-1374,Masculino,2024,,,,,,-1.0,,,,EE Dom Pedro Villas Boas de Souza,,,ALFA,,,Fase 1 (3° e 4° ano),,,9.502,,,5.0,,,5.25,,,9.0,,,9.347826087,,,7.3707652174,,,,Pública,,7.5,,,7.51,,,7.5,,,,,,5.0,,,5.5,,,Ametista,,,,2.0,,Cursando,,,ALFA T - G2/G3
RA-1375,Aluno-1375,Masculino,2024,,,,,,-1.0,,,,EE Dom Pedro Villas Boas de Souza,,,ALFA,,,Fase 1 (3° e 4° ano),,,9.502,,,5.0,,,8.25,,,9.0,,,10.0,,,8.101200000000002,,,,Pública,,7.5,,,7.51,,,7.5,,,,,,10.0,,,6.5,,,Topázio,,,,2.0,,Cursando,,,ALFA T - G2/G3
RA-1376,Aluno-1376,Masculino,2024,,,,,,-1.0,,,,EE Dom Pedro Villas Boas de Souza,,,ALFA,,,Fase 1 (3° e 4° ano),,,9.002,,,5.0,,,9.75,,,9.0,,,9.6153846155,,,8.2742769231,,,,Pública,,7.5,,,7.51,,,7.5,,,,,,10.0,,,9.5,,,Topázio,,,,2.0,,Cursando,,,ALFA T - G2/G3
RA-1377,Aluno-1377,Masculino,2024,,,,,,0.0,,,,EE Dom Pedro Villas Boas de Souza,,,ALFA,,,ALFA (1° e 2° ano),,,9.002,,,10.0,,,5.5,,,8.0,,,10.0,,,7.8987,,,,Pública,,6.875,,,8.13,,,6.99,,,,,,5.0,,,6.0,,,Ametista,,,,2.0,,Cursando,,,ALFA T - G2/G3
RA-1378,Aluno-1378,Feminino,2024,,,,,,-1.0,,,,EM Cecilia Cristina de Oliveira Rodrigues,,,ALFA,,,Fase 1 (3° e 4° ano),,,9.002,,,5.0,,,6.75,,,10.0,,,9.2857142855,,,7.6703428571,,,,Pública,,7.5,,,8.13,,,7.5,,,,,,7.5,,,6.0,,,Ametista,,,,2.0,,Cursando,,,ALFA U - G2/G3
RA-1379,Aluno-1379,Masculino,2024,,,,,,-1.0,,,,EE Helio Luiz Dobrochinski Prof,,,ALFA,,,Fase 1 (3° e 4° ano),,,9.502,,,5.0,,,7.25,,,8.0,,,8.6842105265,,,6.638292105300001,,,,Pública,,5.9375,,,3.755,,,5.16,,,,,,8.5,,,6.0,,,Ágata,,,,2.0,,Cursando,,,ALFA U - G2/G3
RA-138,Aluno-138,Masculino,2016,53.0,573.0,11.0,-1.0,-2.0,,Melhorar: Empenhar-se mais nas aulas e avaliações.,Destaque: A sua boa entrega das lições de casa.,Melhorar: Integrar-se mais aos Princípios Passos Mágicos.,,4,FASE 4,,Fase 5 (1º EM),Fase 6 (2° EM),,9.6,10.0,,5.0,5.0,,5.6,4.3,,15.0,16.0,,8.0,7.9,,6.738,6.784075,,True,Escola Pública,Pública,,7.34375,,5.6,6.26,,6.375,7.4175,,5.2,5.2,,5.0,4.0,,6.5,3.7,,Ágata,Ágata,,False,4.0,4.0,,Requer avaliação,,F,4F,
RA-138,Aluno-138,Masculino,2021,,,,,,-2.0,,,,EE Paschoal Carlos Magno,,,5F,,,Fase 7 (3° EM),,,9.585,,,5.0,,,5.833333333333333,,,17.0,,,8.751803751666666,,,7.3860274169,,,,Pública,,7.708333333,,,7.51,,,7.443333333,,,5.0,,,7.5,,,5.0,,,Ametista,,,,3.0,,Cursando,,,5F
RA-1380,Aluno-1380,Masculino,2024,,,,,,0.0,,,,Estuda em outra cidade,,,ALFA,,,ALFA (1° e 2° ano),,,9.502,,,10.0,,,8.0,,,8.0,,,8.784461152999999,,,7.964342230600001,,,,Pública,,7.1875,,,4.385,,,7.5,,,,,,10.0,,,6.0,,,Ametista,,,,2.0,,Cursando,,,ALFA U - G2/G3
RA-1381,Aluno-1381,Feminino,2024,,,,,,0.0,,,,EE Helio Luiz Dobrochinski Prof,,,ALFA,,,ALFA (1° e 2° ano),,,9.502,,,10.0,,,9.5,,,8.0,,,10.0,,,9.038200000000002,,,,Pública,,8.75,,,8.13,,,7.5,,,,,,10.0,,,9.0,,,Topázio,,,,2.0,,Cursando,,,ALFA U - G2/G3
RA-1382,Aluno-1382,Feminino,2024,,,,,,-1.0,,,,EE Helio Luiz Dobrochinski Prof,,,ALFA,,,Fase 1 (3° e 4° ano),,,8.502,,,5.0,,,7.5,,,9.0,,,9.761904762,,,7.834830952400001,,,,Pública,,7.8125,,,7.51,,,7.5,,,,,,8.0,,,7.0,,,Ametista,,,,2.0,,Cursando,,,ALFA U - G2/G3
RA-1383,Aluno-1383,Feminino,2024,,,,,,0.0,,,,EE Luiz Schunck,,,ALFA,,,ALFA (1° e 2° ano),,,8.502,,,10.0,,,8.5,,,8.0,,,9.2606516295,,,8.3720803259,,,,Pública,,7.1875,,,7.51,,,7.5,,,,,,10.0,,,7.0,,,Topázio,,,,2.0,,Cursando,,,ALFA U - G2/G3
RA-1384,Aluno-1384,Masculino,2024,,,,,,-2.0,,,,EE Helio Luiz Dobrochinski Prof,,,ALFA,,,Fase 2 (5° e 6° ano),,,8.002,,,5.0,,,5.0,,,10.0,,,7.5689223055,,,6.221984461100001,,,,Pública,,6.25,,,7.51,,,5.16,,,,,,5.0,,,5.0,,,Ágata,,,,2.0,,Cursando,,,ALFA U - G2/G3
RA-1385,Aluno-1385,Masculino,2024,,,,,,-1.0,,,,EE Helio Luiz Dobrochinski Prof,,,ALFA,,,Fase 1 (3° e 4° ano),,,10.002,,,5.0,,,8.0,,,8.0,,,10.0,,,7.7262,,,,Pública,,6.875,,,4.385,,,7.5,,,,,,9.0,,,7.0,,,Ametista,,,,2.0,,Cursando,,,ALFA U - G2/G3
RA-1386,Aluno-1386,Feminino,2024,,,,,,-1.0,,,,EM Cecilia Cristina de Oliveira Rodrigues,,,ALFA,,,Fase 1 (3° e 4° ano),,,9.002,,,5.0,,,7.25,,,8.0,,,9.761904762,,,7.803580952400001,,,,Pública,,7.5,,,7.51,,,7.5,,,,,,8.5,,,6.0,,,Ametista,,,,2.0,,Cursando,,,ALFA U - G2/G3
RA-1387,Aluno-1387,Feminino,2024,,,,,,-1.0,,,,EM Cecilia Cristina de Oliveira Rodrigues,,,ALFA,,,Fase 1 (3° e 4° ano),,,9.502,,,5.0,,,8.0,,,8.0,,,8.759398496,,,7.8030796992,,,,Pública,,7.5,,,7.51,,,7.5,,,,,,9.0,,,7.0,,,Ametista,,,,2.0,,Cursando,,,ALFA U - G2/G3
RA-1388,Aluno-1388,Feminino,2024,,,,,,-1.0,,,,EE Dom Pedro Villas Boas de Souza,,,ALFA,,,Fase 1 (3° e 4° ano),,,9.002,,,5.0,,,5.0,,,8.0,,,8.214285713999999,,,7.015057142799999,,,,Pública,,7.5,,,6.88,,,7.67,,,,,,4.0,,,6.0,,,Ametista,,,,2.0,,Cursando,,,ALFA Y - G0/G1
RA-1389,Aluno-1389,Feminino,2024,,,,,,0.0,,,,EE Dom Pedro Villas Boas de Souza,,,ALFA,,,ALFA (1° e 2° ano),,,9.002,,,10.0,,,10.0,,,7.0,,,9.7916666665,,,8.980533333299999,,,,Pública,,7.5,,,6.88,,,8.42,,,,,,10.0,,,10.0,,,Topázio,,,,2.0,,Cursando,,,ALFA Y - G0/G1
RA-139,Aluno-139,Masculino,2019,75.0,858.0,15.0,-3.0,,,Melhorar: Empenhar-se mais nas aulas e avaliações.,Melhorar: Melhorar a sua entrega de lições de casa.,Melhorar: Integrar-se mais aos Princípios Passos Mágicos.,,4,,,Fase 7 (3º EM),,,7.1,,,2.5,,,1.4,,,17.0,,,3.5,,,3.738,,,False,Escola Pública,,,,,5.0,,,3.917,,,0.0,,,1.7,,,2.7,,,Quartzo,,,False,4.0,,,Requer avaliação,,F,,
RA-1390,Aluno-1390,Feminino,2024,,,,,,0.0,,,,EE Dom Pedro Villas Boas de Souza,,,ALFA,,,ALFA (1° e 2° ano),,,9.502,,,10.0,,,8.25,,,7.0,,,9.7916666665,,,8.4930333333,,,,Pública,,7.5,,,5.005,,,8.42,,,,,,8.0,,,8.5,,,Topázio,,,,2.0,,Cursando,,,ALFA Y - G0/G1
RA-1391,Aluno-1391,Masculino,2024,,,,,,0.0,,,,EE Dom Pedro Villas Boas de Souza,,,ALFA,,,ALFA (1° e 2° ano),,,8.502,,,10.0,,,10.0,,,7.0,,,9.2916666665,,,8.8435333333,,,,Pública,,7.5,,,7.51,,,8.17,,,,,,10.0,,,10.0,,,Topázio,,,,2.0,,Cursando,,,ALFA Y - G0/G1
RA-1392,Aluno-1392,Masculino,2024,,,,,,-1.0,,,,EM Etelvina Delfim Simões,,,ALFA,,,Fase 1 (3° e 4° ano),,,9.002,,,5.0,,,0.0,,,9.0,,,5.625,,,5.4262,,,,Pública,,7.5,,,7.51,,,7.0,,,,,,0.0,,,0.0,,,Quartzo,,,,2.0,,Cursando,,,ALFA Y - G0/G1
RA-1393,Aluno-1393,Feminino,2024,,,,,,0.0,,,,EE Francisco de Paula Teixeira,,,ALFA,,,ALFA (1° e 2° ano),,,9.502,,,10.0,,,5.0,,,7.0,,,7.5,,,7.2597000000000005,,,,Pública,,7.5,,,3.755,,,8.42,,,,,,10.0,,,0.0,,,Ametista,,,,2.0,,Cursando,,,ALFA Y - G0/G1
RA-1394,Aluno-1394,Feminino,2024,,,,,,-1.0,,,,EE Chácara Florida II,,,1A,,,Fase 2 (5° e 6° ano),,,9.502,,,5.0,,,5.75,,,10.0,,,8.6944444445,,,7.503255555500002,,,,Pública,,8.125,,,7.51,,,8.003333333,,,,,,5.5,,,6.0,,,Ametista,,,,3.0,,Cursando,,,1A
RA-1395,Aluno-1395,Feminino,2024,,,,,,0.0,,,,EE Dom Pedro Villas Boas de Souza,,,1A,,,Fase 1 (3° e 4° ano),,,9.502,,,10.0,,,7.75,,,9.0,,,10.0,,,8.5997833334,,,,Pública,,7.8125,,,7.51,,,7.836666667,,,,,,7.5,,,8.0,,,Topázio,,,,3.0,,Cursando,,,1A
RA-1396,Aluno-1396,Feminino,2024,,,,,,-1.0,,,,EM Bairro Lagoa Grande,,,1A,,,Fase 2 (5° e 6° ano),,,9.502,,,5.0,,,6.5,,,11.0,,,10.0,,,7.8477,,,,Pública,,8.125,,,7.51,,,7.67,,,,,,6.0,,,7.0,,,Ametista,,,,3.0,,Cursando,,,1A
RA-1397,Aluno-1397,Feminino,2024,,,,,,-1.0,,,,EE Dom Pedro Villas Boas de Souza,,,1A,,,Fase 2 (5° e 6° ano),,,9.002,,,5.0,,,7.0,,,10.0,,,10.0,,,7.8280333334000005,,,,Pública,,8.125,,,6.26,,,7.946666667,,,,,,7.0,,,7.0,,,Ametista,,,,3.0,,Cursando,,,1A
RA-1398,Aluno-1398,Feminino,2024,,,,,,-1.0,,,,EE Leonice de Aquino Oliveira,,,1B,,,Fase 2 (5° e 6° ano),,,6.918,,,5.0,,,8.0,,,11.0,,,9.555335968,,,7.989700527000001,,,,Pública,,8.125,,,7.51,,,8.616666667,,,,,,8.0,,,8.0,,,Ametista,,,,3.0,,Cursando,,,1B
RA-1399,Aluno-1399,Feminino,2024,,,,,,-1.0,,,,EE Olivia de Faria Nogueira,,,1B,,,Fase 2 (5° e 6° ano),,,9.002,,,5.0,,,6.0,,,11.0,,,9.7727272725,,,7.438578787899999,,,,Pública,,7.5,,,5.005,,,8.166666667,,,,,,6.0,,,6.0,,,Ametista,,,,3.0,,Cursando,,,1B
RA-14,Aluno-14,Masculino,2022,12.0,558.0,7.0,-1.0,0.0,0.0,Melhorar: Empenhar-se mais nas aulas e avaliações.,Destaque: A sua boa entrega das lições de casa.,Destaque: A sua boa integração aos Princípios Passos Mágicos.,Faculdade FIAP,7,FASE 8,8E,Fase 8 (Universitários),Fase 8 (Universitários),Fase 8 (Universitários),7.9,,,5.0,10.0,10.0,4.0,,,21.0,21.0,22.0,8.3,,0.0,6.793,,,True,Escola Pública,Privada *Parcerias com Bolsa 100%,Privada *Parcerias com Bolsa 100%,,,7.5,,,7.75,,,,,,8.0,,,0.0,,,Ágata,,,False,4.0,,0.0,Não atendido,Cursando,D,8E,8E
RA-140,Aluno-140,Feminino,2021,28.0,358.0,6.0,0.0,,,Melhorar: Empenhar-se mais nas aulas e avaliações.,Destaque: A sua boa entrega das lições de casa.,Destaque: A sua boa integração aos Princípios Passos Mágicos.,,4,,,Fase 4 (9º ano),,,7.9,,,10.0,,,5.7,,,14.0,,,7.6,,,7.407,,,True,Escola Pública,,,,,6.9,,,7.667,,,5.6,,,5.0,,,6.5,,,Ametista,,,False,4.0,,,Não atendido,,F,,
RA-1400,Aluno-1400,Masculino,2024,,,,,,0.0,,,,EE Dom Pedro Villas Boas de Souza,,,1B,,,Fase 1 (3° e 4° ano),,,8.418,,,10.0,,,7.25,,,9.0,,,6.6501976285,,,7.622839525700001,,,,Pública,,7.5,,,7.51,,,7.5,,,,,,6.5,,,8.0,,,Ametista,,,,3.0,,Cursando,,,1B
RA-1401,Aluno-1401,Masculino,2024,,,,,,-2.0,,,,EE Paschoal Carlos Magno,,,1C,,,Fase 3 (7° e 8° ano),,,6.918,,,5.0,,,10.0,,,13.0,,,8.888888889,,,8.1188277778,,,,Pública,,7.8125,,,7.51,,,8.085,,,,,,10.0,,,10.0,,,Topázio,,,,2.0,,Cursando,,,1C
RA-1402,Aluno-1402,Feminino,2024,,,,,,0.0,,,,EE Dom Pedro Villas Boas de Souza,,,1D,,,Fase 1 (3° e 4° ano),,,10.002,,,10.0,,,7.25,,,10.0,,,9.5454545455,,,8.588040909100002,,,,Pública,,8.4375,,,7.51,,,8.17,,,,,,7.0,,,7.5,,,Topázio,,,,2.0,,Cursando,,,1D
RA-1403,Aluno-1403,Feminino,2024,,,,,,-1.0,,,,EE Joaquim Mendes Feliz,,,1D,,,Fase 2 (5° e 6° ano),,,9.002,,,5.0,,,8.75,,,11.0,,,9.3073593075,,,8.257421861500001,,,,Pública,,8.4375,,,7.51,,,8.255,,,,,,7.5,,,10.0,,,Topázio,,,,2.0,,Cursando,,,1D
RA-1404,Aluno-1404,Feminino,2024,,,,,,0.0,,,,EE Dom Pedro Villas Boas de Souza,,,1D,,,Fase 1 (3° e 4° ano),,,8.502,,,10.0,,,7.5,,,9.0,,,9.090909091,,,8.3971318182,,,,Pública,,8.4375,,,7.51,,,8.17,,,,,,6.0,,,9.0,,,Topázio,,,,2.0,,Cursando,,,1D
RA-1405,Aluno-1405,Feminino,2024,,,,,,0.0,,,,EE Dom Pedro Villas Boas de Souza,,,1D,,,Fase 1 (3° e 4° ano),,,8.002,,,10.0,,,8.75,,,10.0,,,8.6363636365,,,8.4749727273,,,,Pública,,8.125,,,7.51,,,8.17,,,,,,8.0,,,9.5,,,Topázio,,,,2.0,,Cursando,,,1D
RA-1406,Aluno-1406,Feminino,2024,,,,,,-1.0,,,,EE Joaquim Mendes Feliz,,,1D,,,Fase 2 (5° e 6° ano),,,8.002,,,5.0,,,7.5,,,10.0,,,8.8636363635,,,7.8186772727000005,,,,Pública,,8.4375,,,7.51,,,8.255,,,,,,5.5,,,9.5,,,Ametista,,,,2.0,,Cursando,,,1D
RA-1407,Aluno-1407,Masculino,2024,,,,,,-1.0,,,,EE Joaquim Mendes Feliz,,,1D,,,Fase 2 (5° e 6° ano),,,10.002,,,5.0,,,5.75,,,10.0,,,9.318181818,,,7.546086363600001,,,,Pública,,7.8125,,,7.51,,,7.5,,,,,,5.5,,,6.0,,,Ametista,,,,2.0,,Cursando,,,1D
RA-1408,Aluno-1408,Masculino,2024,,,,,,-1.0,,,,EE Dom Pedro Villas Boas de Souza,,,1D,,,Fase 2 (5° e 6° ano),,,10.002,,,5.0,,,6.75,,,11.0,,,8.409090909,,,7.626768181800001,,,,Pública,,8.4375,,,7.51,,,7.5,,,,,,5.5,,,8.0,,,Ametista,,,,2.0,,Cursando,,,1D
RA-1409,Aluno-1409,Masculino,2024,,,,,,-1.0,,,,EE Dom Pedro Villas Boas de Souza,,,1D,,,Fase 2 (5° e 6° ano),,,10.002,,,5.0,,,7.25,,,10.0,,,9.0909090905,,,7.863131818100001,,,,Pública,,8.4375,,,7.51,,,7.5,,,,,,7.5,,,7.0,,,Ametista,,,,2.0,,Cursando,,,1D
RA-141,Aluno-141,Masculino,2017,36.0,450.0,8.0,0.0,-1.0,,Melhorar: Empenhar-se mais nas aulas e avaliações.,Destaque: A sua boa entrega das lições de casa.,Melhorar: Integrar-se mais aos Princípios Passos Mágicos.,,4,FASE 4,,Fase 4 (9º ano),Fase 5 (1° EM),,9.2,9.6,,10.0,5.0,,5.7,4.5,,14.0,15.0,,8.2,8.4,,7.118,6.719791667,,False,Escola Pública,Pública,,7.03125,,5.6,5.63,,5.917,7.0425,,5.0,2.3,,5.8,6.0,,6.2,5.3,,Ametista,Ágata,,False,4.0,4.0,,Requer avaliação,,F,4F,
RA-1410,Aluno-1410,Masculino,2024,,,,,,-1.0,,,,EE Levi Pereira Martins Professor,,,1E,,,Fase 2 (5° e 6° ano),,,9.002,,,5.0,,,6.25,,,11.0,,,8.1136363635,,,7.5319272727,,,,Pública,,8.75,,,7.51,,,8.165,,,,,,6.5,,,6.0,,,Ametista,,,,2.0,,Cursando,,,1E
RA-1411,Aluno-1411,Masculino,2024,,,,,,-1.0,,,,EE Alexandre Rodrigues Nogueira,,,1E,,,Fase 2 (5° e 6° ano),,,9.002,,,5.0,,,2.75,,,11.0,,,9.5,,,6.886950000000001,,,,Pública,,8.4375,,,6.26,,,7.835,,,,,,5.5,,,0.0,,,Ágata,,,,2.0,,Cursando,,,1E
RA-1412,Aluno-1412,Masculino,2024,,,,,,0.0,,,,EE Chácara Florida II,,,1E,,,Fase 1 (3° e 4° ano),,,10.002,,,10.0,,,9.75,,,10.0,,,9.3073593075,,,9.204671861500001,,,,Pública,,8.75,,,7.51,,,8.835,,,,,,10.0,,,9.5,,,Topázio,,,,2.0,,Cursando,,,1E
RA-1413,Aluno-1413,Masculino,2024,,,,,,-2.0,,,,EE Olivia de Faria Nogueira,,,1E,,,Fase 3 (7° e 8° ano),,,9.002,,,5.0,,,7.25,,,12.0,,,8.593073593,,,7.747564718600001,,,,Pública,,8.4375,,,7.51,,,7.92,,,,,,7.5,,,7.0,,,Ametista,,,,2.0,,Cursando,,,1E
RA-1414,Aluno-1414,Feminino,2024,,,,,,0.0,,,,EM Etelvina Delfim Simões,,,1E,,,Fase 1 (3° e 4° ano),,,9.502,,,10.0,,,8.5,,,10.0,,,9.2965367965,,,8.840007359300001,,,,Pública,,8.75,,,6.885,,,8.835,,,,,,10.0,,,7.0,,,Topázio,,,,2.0,,Cursando,,,1E
RA-1415,Aluno-1415,Feminino,2024,,,,,,-1.0,,,,EM Maria Ignez Concelles Irma Ines,,,1G,,,Fase 2 (5° e 6° ano),,,8.002,,,5.0,,,6.75,,,10.0,,,9.7727272725,,,7.3712454546,,,,Pública,,7.291666667,,,6.26,,,7.056666667,,,,,,6.5,,,7.0,,,Ametista,,,,3.0,,Cursando,,,1G
RA-1416,Aluno-1416,Feminino,2024,,,,,,-1.0,,,,EE Loris Nassif Mattar Profa,,,1G,,,Fase 2 (5° e 6° ano),,,8.502,,,5.0,,,7.75,,,12.0,,,8.2765151515,,,7.375503030400001,,,,Pública,,7.916666667,,,7.51,,,6.386666667,,,,,,6.5,,,9.0,,,Ametista,,,,3.0,,Cursando,,,1G
RA-1417,Aluno-1417,Masculino,2024,,,,,,-1.0,,,,EE Dom Pedro Villas Boas de Souza,,,1G,,,Fase 2 (5° e 6° ano),,,9.002,,,5.0,,,9.0,,,10.0,,,9.337121212,,,7.7436242424,,,,Pública,,6.25,,,7.51,,,6.5,,,,,,10.0,,,8.0,,,Ametista,,,,3.0,,Cursando,,,1G
RA-1418,Aluno-1418,Masculino,2024,,,,,,-1.0,,,,EM Pedro Antonio de Almeida,,,1G,,,Fase 2 (5° e 6° ano),,,8.502,,,5.0,,,8.25,,,11.0,,,9.128787879,,,7.7352909091000015,,,,Pública,,7.916666667,,,7.51,,,6.833333333,,,,,,8.5,,,8.0,,,Ametista,,,,3.0,,Cursando,,,1G
RA-1419,Aluno-1419,Feminino,2024,,,,,,0.0,,,,EM Pedro Antonio de Almeida,,,1H,,,Fase 1 (3° e 4° ano),,,8.502,,,10.0,,,7.5,,,10.0,,,10.0,,,8.7536999999,,,,Pública,,8.958333333,,,7.51,,,8.783333333,,,,,,6.0,,,9.0,,,Topázio,,,,3.0,,Cursando,,,1H
RA-142,Aluno-142,Feminino,2021,27.0,332.0,5.0,0.0,,,Melhorar: Empenhar-se mais nas aulas e avaliações.,Destaque: A sua boa entrega das lições de casa.,Destaque: A sua boa integração aos Princípios Passos Mágicos.,,4,,,Fase 4 (9º ano),,,6.7,,,10.0,,,6.3,,,14.0,,,8.6,,,7.457,,,False,Escola Pública,,,,,5.6,,,7.583,,,6.0,,,6.0,,,6.8,,,Ametista,,,False,4.0,,,Requer avaliação,,F,,
RA-1420,Aluno-1420,Masculino,2024,,,,,,-2.0,,,,EE Olivia de Faria Nogueira,,,1H,,,Fase 3 (7° e 8° ano),,,7.918,,,5.0,,,4.5,,,12.0,,,5.520833333500001,,,5.6558,,,,Pública,,6.458333333,,,6.26,,,5.44,,,,,,5.0,,,4.0,,,Quartzo,,,,3.0,,Cursando,,,1H
RA-1421,Aluno-1421,Masculino,2024,,,,,,-1.0,,,,EM Pedro Antonio de Almeida,,,1H,,,Fase 2 (5° e 6° ano),,,9.002,,,5.0,,,7.5,,,11.0,,,6.777777778,,,7.126922222200001,,,,Pública,,6.875,,,7.51,,,7.163333333,,,,,,8.0,,,7.0,,,Ametista,,,,3.0,,Cursando,,,1H
RA-1422,Aluno-1422,Feminino,2024,,,,,,-1.0,,,,EE João Ortiz Rodrigues,,,1J,,,Fase 2 (5° e 6° ano),,,9.502,,,5.0,,,4.75,,,11.0,,,7.5,,,7.0132,,,,Pública,,8.125,,,7.51,,,7.7475,,,,,,0.0,,,9.5,,,Ametista,,,,4.0,,Cursando,,,1J
RA-1423,Aluno-1423,Masculino,2024,,,,,,-1.0,,,,EE João Ortiz Rodrigues,,,1J,,,Fase 2 (5° e 6° ano),,,8.502,,,5.0,,,5.75,,,11.0,,,5.3125,,,6.403450000000001,,,,Pública,,7.8125,,,7.51,,,6.5425,,,,,,4.0,,,7.5,,,Ágata,,,,4.0,,Cursando,,,1J
RA-1424,Aluno-1424,Feminino,2024,,,,,,-1.0,,,,EE João Ortiz Rodrigues,,,1J,,,Fase 2 (5° e 6° ano),,,9.002,,,5.0,,,7.25,,,12.0,,,8.9444444445,,,7.5543388889,,,,Pública,,7.8125,,,7.51,,,6.915,,,,,,7.5,,,7.0,,,Ametista,,,,4.0,,Cursando,,,1J
RA-1425,Aluno-1425,Masculino,2024,,,,,,-1.0,,,,EE João Ortiz Rodrigues,,,1J,,,Fase 2 (5° e 6° ano),,,9.002,,,5.0,,,7.0,,,12.0,,,6.7976190475,,,6.8290988095000005,,,,Pública,,7.34375,,,7.51,,,5.92,,,,,,6.0,,,8.0,,,Ágata,,,,4.0,,Cursando,,,1J
RA-1426,Aluno-1426,Feminino,2023,,,,,,-1.0,,,,EE Leonice de Aquino Oliveira,,,1J,,,Fase 2 (5° e 6° ano),,,9.502,,,5.0,,,2.75,,,11.0,,,5.845238095,,,5.8367476190000005,,,,Pública,,7.5,,,7.51,,,5.8325,,,,,,5.5,,,0.0,,,Quartzo,,,,4.0,,Cursando,,,1J
RA-1427,Aluno-1427,Feminino,2024,,,,,,-1.0,,,,EM Maria Ignez Concelles Irma Ines,,,1J,,,Fase 2 (5° e 6° ano),,,9.502,,,5.0,,,8.0,,,11.0,,,10.0,,,8.425325,,,,Pública,,8.90625,,,7.51,,,8.6675,,,,,,6.5,,,9.5,,,Topázio,,,,4.0,,Cursando,,,1J
RA-1428,Aluno-1428,Masculino,2024,,,,,,-1.0,,,,EM Cecilia Cristina de Oliveira Rodrigues,,,1L,,,Fase 2 (5° e 6° ano),,,8.502,,,5.0,,,8.0,,,10.0,,,8.8562091505,,,8.006108496800001,,,,Pública,,9.166666667,,,7.51,,,8.085,,,,,,7.0,,,9.0,,,Topázio,,,,2.0,,Cursando,,,1L
RA-1429,Aluno-1429,Masculino,2024,,,,,,-1.0,,,,EE Helio Luiz Dobrochinski Prof,,,1L,,,Fase 2 (5° e 6° ano),,,9.502,,,5.0,,,7.75,,,11.0,,,8.888888889,,,8.041811111100001,,,,Pública,,8.958333333,,,7.51,,,8.085,,,,,,8.5,,,7.0,,,Topázio,,,,2.0,,Cursando,,,1L
RA-143,Aluno-143,Masculino,2019,3.0,24.0,1.0,1.0,1.0,,Destaque: As suas boas notas na Passos Mágicos.,Destaque: A sua boa entrega das lições de casa.,Destaque: A sua boa integração aos Princípios Passos Mágicos.,,4,FASE 5,,Fase 3 (7º e 8º ano),Fase 4 (9° ano),,8.3,8.3,,10.0,10.0,,7.9,6.5,,13.0,,,9.9,9.6,,8.638,7.794358333,,False,Rede Decisão,Privada - Programa de Apadrinhamento,,8.28125,,5.6,2.52,,9.5,8.3375,,6.4,5.2,,9.7,9.2,,7.7,5.0,,Topázio,Ametista,,True,4.0,4.0,,Sem limitações,,F,5A,
RA-143,Aluno-143,Masculino,2021,,,,,,2.0,,,,Colégio Arco Íris Evolução,,,7E,,,Fase 5 (1° EM),,,10.002,,,10.0,,,2.6333333333333333,,,15.0,,,9.92,,,7.449366666666667,,,,Privada - Programa de Apadrinhamento,,7.5,,,6.885,,,7.5,,,7.9,,,0.0,,,0.0,,,Ametista,,,,0.0,,Cursando,,,7E
RA-1430,Aluno-1430,Masculino,2024,,,,,,-1.0,,,,EE Helio Luiz Dobrochinski Prof,,,1L,,,Fase 2 (5° e 6° ano),,,8.502,,,5.0,,,6.25,,,11.0,,,10.0,,,7.864033333300001,,,,Pública,,8.958333333,,,7.51,,,8.085,,,,,,6.0,,,6.5,,,Ametista,,,,2.0,,Cursando,,,1L
RA-1431,Aluno-1431,Feminino,2024,,,,,,-1.0,,,,EE Neide Celestina de Oliveira,,,1M,,,Fase 2 (5° e 6° ano),,,9.002,,,5.0,,,8.0,,,11.0,,,7.7432712215,,,7.9147292443,,,,Pública,,7.96875,,,7.51,,,9.09,,,,,,8.0,,,8.0,,,Ametista,,,,2.0,,Cursando,,,1M
RA-1432,Aluno-1432,Feminino,2024,,,,,,-1.0,,,,EE Jardim Campestre,,,1M,,,Fase 2 (5° e 6° ano),,,10.002,,,5.0,,,9.5,,,10.0,,,10.0,,,8.774075000000002,,,,Pública,,9.21875,,,7.51,,,8.505,,,,,,10.0,,,9.0,,,Topázio,,,,2.0,,Cursando,,,1M
RA-1433,Aluno-1433,Feminino,2024,,,,,,-1.0,,,,EE Jardim Campestre,,,1M,,,Fase 2 (5° e 6° ano),,,8.502,,,5.0,,,8.75,,,10.0,,,9.068322981,,,8.1939895962,,,,Pública,,8.28125,,,7.51,,,8.505,,,,,,8.0,,,9.5,,,Topázio,,,,2.0,,Cursando,,,1M
RA-1434,Aluno-1434,Masculino,2024,,,,,,-1.0,,,,EE Jardim Campestre,,,1M,,,Fase 2 (5° e 6° ano),,,8.502,,,5.0,,,9.0,,,10.0,,,7.9813664595,,,8.2775982919,,,,Pública,,9.53125,,,6.26,,,9.76,,,,,,10.0,,,8.0,,,Topázio,,,,2.0,,Cursando,,,1M
RA-1435,Aluno-1435,Masculino,2024,,,,,,0.0,,,,EE Jardim Campestre,,,1M,,,Fase 1 (3° e 4° ano),,,9.502,,,10.0,,,7.5,,,10.0,,,7.833333333500001,,,7.7196166667,,,,Pública,,7.1875,,,7.51,,,6.165,,,,,,7.5,,,7.5,,,Ametista,,,,2.0,,Cursando,,,1M
RA-1436,Aluno-1436,Feminino,2024,,,,,,-1.0,,,,EM Alfredo Schunk,,,1M,,,Fase 2 (5° e 6° ano),,,7.418,,,5.0,,,8.0,,,11.0,,,8.674948240500001,,,7.589914648100001,,,,Pública,,8.28125,,,7.51,,,7.17,,,,,,8.0,,,8.0,,,Ametista,,,,2.0,,Cursando,,,1M
RA-1437,Aluno-1437,Feminino,2024,,,,,,-1.0,,,,EM Cecilia Cristina de Oliveira Rodrigues,,,1M,,,Fase 2 (5° e 6° ano),,,8.502,,,5.0,,,8.0,,,11.0,,,9.347826087,,,7.982890217400001,,,,Pública,,8.28125,,,7.51,,,7.92,,,,,,8.0,,,8.0,,,Ametista,,,,2.0,,Cursando,,,1M
RA-1438,Aluno-1438,Feminino,2024,,,,,,-1.0,,,,EM Bairro Lagoa Grande,,,1M,,,Fase 2 (5° e 6° ano),,,10.002,,,5.0,,,7.0,,,10.0,,,9.0,,,8.176825000000001,,,,Pública,,8.90625,,,7.51,,,9.175,,,,,,6.0,,,8.0,,,Topázio,,,,2.0,,Cursando,,,1M
RA-1439,Aluno-1439,Feminino,2024,,,,,,-1.0,,,,EE Jardim Campestre,,,1M,,,Fase 2 (5° e 6° ano),,,7.502,,,5.0,,,8.5,,,11.0,,,10.0,,,8.507700000000002,,,,Pública,,9.375,,,7.51,,,9.345,,,,,,9.0,,,8.0,,,Topázio,,,,2.0,,Cursando,,,1M
RA-144,Aluno-144,Feminino,2017,9.0,89.0,3.0,0.0,1.0,,Destaque: As suas boas notas na Passos Mágicos.,Destaque: A sua boa entrega das lições de casa.,Destaque: A sua boa integração aos Princípios Passos Mágicos.,,4,FASE 5,,Fase 4 (9º ano),Fase 4 (9° ano),,7.5,0.0,,10.0,10.0,,7.9,4.4,,14.0,14.0,,9.3,5.2,,8.181,4.990333333,,False,Rede Decisão,Privada - Programa de Apadrinhamento,,6.25,,5.0,2.52,,8.292,6.0,,9.0,7.3,,7.5,3.3,,7.2,2.5,,Topázio,Quartzo,,False,4.0,4.0,,Requer avaliação,,F,5F,
RA-1440,Aluno-1440,Feminino,2024,,,,,,-1.0,,,,EE Helio Luiz Dobrochinski Prof,,,1M,,,Fase 2 (5° e 6° ano),,,9.002,,,5.0,,,4.5,,,10.0,,,9.544513457499999,,,7.469102691500001,,,,Pública,,8.75,,,7.51,,,8.17,,,,,,9.0,,,0.0,,,Ametista,,,,2.0,,Cursando,,,1M
RA-1441,Aluno-1441,Masculino,2024,,,,,,0.0,,,,EE Jardim Campestre,,,1M,,,Fase 1 (3° e 4° ano),,,9.502,,,10.0,,,8.5,,,9.0,,,9.109730849,,,8.961646169800002,,,,Pública,,9.375,,,7.51,,,9.005,,,,,,9.0,,,8.0,,,Topázio,,,,2.0,,Cursando,,,1M
RA-1442,Aluno-1442,Masculino,2024,,,,,,-2.0,,,,EM Cecilia Cristina de Oliveira Rodrigues,,,1M,,,Fase 3 (7° e 8° ano),,,8.002,,,5.0,,,7.25,,,13.0,,,8.674948240500001,,,7.135189648100001,,,,Pública,,7.5,,,7.51,,,5.745,,,,,,8.5,,,6.0,,,Ametista,,,,2.0,,Cursando,,,1M
RA-1443,Aluno-1443,Feminino,2024,,,,,,-2.0,,,,EE Donizetti Aparecido Leite Professor,,,1N,,,Fase 3 (7° e 8° ano),,,6.918,,,5.0,,,6.75,,,13.0,,,7.5,,,6.921633333300001,,,,Pública,,7.708333333,,,6.26,,,7.415,,,,,,6.5,,,7.0,,,Ágata,,,,2.0,,Cursando,,,1N
RA-1444,Aluno-1444,Masculino,2024,,,,,,-1.0,,,,EE Donizetti Aparecido Leite Professor,,,1N,,,Fase 2 (5° e 6° ano),,,8.502,,,5.0,,,6.0,,,11.0,,,5.277777778,,,6.610588888900001,,,,Pública,,7.708333333,,,7.51,,,7.415,,,,,,8.0,,,4.0,,,Ágata,,,,2.0,,Cursando,,,1N
RA-1445,Aluno-1445,Feminino,2024,,,,,,-1.0,,,,EE Helio Luiz Dobrochinski Prof,,,1N,,,Fase 2 (5° e 6° ano),,,9.502,,,5.0,,,7.25,,,10.0,,,9.5,,,7.842866666700001,,,,Pública,,7.916666667,,,7.51,,,7.5,,,,,,6.5,,,8.0,,,Ametista,,,,2.0,,Cursando,,,1N
RA-1446,Aluno-1446,Masculino,2024,,,,,,0.0,,,,EM Cecilia Cristina de Oliveira Rodrigues,,,1N,,,Fase 1 (3° e 4° ano),,,8.002,,,10.0,,,0.0,,,9.0,,,6.6501976285,,,5.9004061924,,,,Pública,,7.291666667,,,6.26,,,7.075,,,,,,0.0,,,0.0,,,Quartzo,,,,2.0,,Cursando,,,1N
RA-1447,Aluno-1447,Feminino,2024,,,,,,-1.0,,,,EE Donizetti Aparecido Leite Professor,,,1N,,,Fase 2 (5° e 6° ano),,,9.502,,,5.0,,,5.25,,,11.0,,,9.7368421055,,,7.5402350878,,,,Pública,,7.916666667,,,7.51,,,7.75,,,,,,6.5,,,4.0,,,Ametista,,,,2.0,,Cursando,,,1N
RA-1448,Aluno-1448,Feminino,2024,,,,,,-2.0,,,,EE Donizetti Aparecido Leite Professor,,,1P,,,Fase 3 (7° e 8° ano),,,9.002,,,5.0,,,6.0,,,13.0,,,9.5346320345,,,7.466126406900001,,,,Pública,,7.5,,,7.51,,,7.29,,,,,,6.0,,,6.0,,,Ametista,,,,4.0,,Cursando,,,1P
RA-1449,Aluno-1449,Feminino,2024,,,,,,-1.0,,,,EE Luiz Schunck,,,1R,,,Fase 2 (5° e 6° ano),,,7.418,,,5.0,,,6.75,,,10.0,,,8.3333333335,,,7.214341666700001,,,,Pública,,7.96875,,,7.51,,,7.04,,,,,,6.5,,,7.0,,,Ametista,,,,4.0,,Cursando,,,1R
RA-145,Aluno-145,Masculino,2017,68.0,746.0,7.0,-2.0,-3.0,,Melhorar: Empenhar-se mais nas aulas e avaliações.,Melhorar: Melhorar a sua entrega de lições de casa.,Melhorar: Integrar-se mais aos Princípios Passos Mágicos.,,4,FASE 4,,Fase 6 (2º EM),Fase 7 (3° EM),,0.0,7.9,,5.0,2.5,,5.2,6.2,,16.0,17.0,,6.3,9.0,,5.846,,,True,Escola Pública,Pública,,7.96875,,8.1,,,7.25,7.4625,,7.8,7.2,,3.0,5.3,,4.8,6.0,,Quartzo,,,False,4.0,4.0,,Sem limitações,,H,4H,
RA-1450,Aluno-1450,Masculino,2024,,,,,,0.0,,,,EE Helio Luiz Dobrochinski Prof,,,1R,,,Fase 1 (3° e 4° ano),,,9.502,,,10.0,,,3.5,,,9.0,,,8.571428571,,,7.405235714200002,,,,Pública,,7.8125,,,7.51,,,7.5425,,,,,,0.0,,,7.0,,,Ametista,,,,4.0,,Cursando,,,1R
RA-1451,Aluno-1451,Feminino,2024,,,,,,-1.0,,,,EE Luiz Schunck,,,1R,,,Fase 2 (5° e 6° ano),,,10.002,,,5.0,,,6.0,,,11.0,,,8.8095238095,,,7.560479761900002,,,,Pública,,7.96875,,,7.51,,,7.7525,,,,,,6.0,,,6.0,,,Ametista,,,,4.0,,Cursando,,,1R
RA-1452,Aluno-1452,Masculino,2024,,,,,,0.0,,,,EE Leonice de Aquino Oliveira,,,2A,,,Fase 2 (5° e 6° ano),,,9.002,,,10.0,,,7.75,,,12.0,,,10.0,,,8.6268666667,,,,Pública,,7.916666667,,,7.51,,,8.17,,,,,,7.0,,,8.5,,,Topázio,,,,3.0,,Cursando,,,2A
RA-1453,Aluno-1453,Feminino,2021,,,,,,-1.0,,,,EE Leonice de Aquino Oliveira,,,2A,,,Fase 3 (7° e 8° ano),,,8.502,,,5.0,,,6.5,,,12.0,,,7.8214285715,,,7.1234857143,,,,Pública,,7.5,,,6.25,,,7.67,,,,,,4.5,,,8.5,,,Ametista,,,,3.0,,Cursando,,,2A
RA-1454,Aluno-1454,Feminino,2023,,,,,,0.0,,,,EE Dom Pedro Villas Boas de Souza,,,2A,,,Fase 2 (5° e 6° ano),,,8.002,,,10.0,,,7.75,,,10.0,,,5.880952381,,,7.7042238095,,,,Pública,,7.708333333,,,7.51,,,8.28,,,,,,7.5,,,8.0,,,Ametista,,,,3.0,,Cursando,,,2A
RA-1455,Aluno-1455,Feminino,2024,,,,,,-1.0,,,,EE Maria André Schunck Dona,,,2A,,,Fase 3 (7° e 8° ano),,,8.002,,,5.0,,,3.5,,,12.0,,,7.777777778,,,6.6442555555,,,,Pública,,7.708333333,,,7.51,,,7.833333333,,,,,,,,,3.5,,,Ágata,,,,3.0,,Cursando,,,2A
RA-1456,Aluno-1456,Masculino,2024,,,,,,0.0,,,,EE Leonice de Aquino Oliveira,,,2A,,,Fase 2 (5° e 6° ano),,,9.502,,,10.0,,,7.75,,,11.0,,,9.511904762,,,8.492914285800001,,,,Pública,,7.5,,,7.51,,,7.946666667,,,,,,5.5,,,10.0,,,Topázio,,,,3.0,,Cursando,,,2A
RA-1457,Aluno-1457,Feminino,2024,,,,,,-1.0,,,,EE Leonice de Aquino Oliveira,,,2B,,,Fase 3 (7° e 8° ano),,,3.498,,,5.0,,,2.75,,,12.0,,,8.0357142855,,,6.0197761904,,,,Pública,,7.291666667,,,7.51,,,7.663333333,,,,,,2.5,,,3.0,,,Ágata,,,,3.0,,Cursando,,,2B
RA-1458,Aluno-1458,Feminino,2024,,,,,,-1.0,,,,EE Alexandre Rodrigues Nogueira,,,2B,,,Fase 3 (7° e 8° ano),,,8.751,,,5.0,,,3.25,,,12.0,,,7.280701754500001,,,5.879073684200001,,,,Pública,,6.041666667,,,7.51,,,5.213333333,,,,,,0.5,,,6.0,,,Quartzo,,,,3.0,,Cursando,,,2B
RA-1459,Aluno-1459,Masculino,2024,,,,,,-1.0,,,,EE Olivia de Faria Nogueira,,,2C,,,Fase 3 (7° e 8° ano),,,8.002,,,5.0,,,3.75,,,12.0,,,8.2976190475,,,6.665390476100001,,,,Pública,,7.5,,,7.51,,,7.273333333,,,,,,2.0,,,5.5,,,Ágata,,,,3.0,,Cursando,,,2C
RA-146,Aluno-146,Feminino,2022,15.0,156.0,1.0,-1.0,-1.0,-2.0,Destaque: As suas boas notas na Passos Mágicos.,Destaque: A sua boa entrega das lições de casa.,Destaque: A sua boa integração aos Princípios Passos Mágicos.,EE Mario Francisco de Amorim,4,FASE 5,5D,Fase 5 (1º EM),Fase 6 (2° EM),Fase 7 (3° EM),8.3,6.2,8.751,5.0,5.0,5.0,7.9,7.9,9.333333333333334,15.0,,17.0,9.2,9.5,9.514316093333333,7.947,7.584483333,8.134554885333333,True,Escola Pública,Pública,Pública,8.4375,7.65625,7.5,5.0,5.635,8.208,8.2125,8.304,10.0,10.0,10.0,6.3,7.8,9.0,7.3,5.8,9.0,Ametista,Ametista,Topázio,False,4.0,4.0,5.0,Não atendido,Cursando,H,5C,5D
RA-1460,Aluno-1460,Masculino,2024,,,,,,0.0,,,,EE Alexandre Rodrigues Nogueira,,,2C,,,Fase 2 (5° e 6° ano),,,9.502,,,10.0,,,3.25,,,12.0,,,7.460526316,,,6.784805263200001,,,,Pública,,6.875,,,7.51,,,6.27,,,,,,2.5,,,4.0,,,Ágata,,,,3.0,,Cursando,,,2C
RA-1461,Aluno-1461,Feminino,2024,,,,,,-1.0,,,,EE Leonice de Aquino Oliveira,,,2C,,,Fase 3 (7° e 8° ano),,,10.002,,,5.0,,,2.75,,,12.0,,,9.273809524,,,6.871961904800001,,,,Pública,,7.5,,,7.51,,,7.33,,,,,,0.5,,,5.0,,,Ágata,,,,3.0,,Cursando,,,2C
RA-1462,Aluno-1462,Feminino,2024,,,,,,-1.0,,,,EE Joaquim Mendes Feliz,,,2D,,,Fase 3 (7° e 8° ano),,,8.502,,,5.0,,,6.5,,,13.0,,,10.0,,,7.6243666666,,,,Pública,,8.125,,,7.51,,,7.053333333,,,,,,6.0,,,7.0,,,Ametista,,,,3.0,,Cursando,,,2D
RA-1463,Aluno-1463,Masculino,2024,,,,,,0.0,,,,EE Paschoal Carlos Magno,,,2D,,,Fase 2 (5° e 6° ano),,,8.502,,,10.0,,,10.0,,,12.0,,,9.722222222,,,9.074561111000001,,,,Pública,,9.0625,,,7.51,,,8.113333333,,,,,,10.0,,,10.0,,,Topázio,,,,3.0,,Cursando,,,2D
RA-1464,Aluno-1464,Feminino,2024,,,,,,-1.0,,,,EE Paschoal Carlos Magno,,,2D,,,Fase 3 (7° e 8° ano),,,8.002,,,5.0,,,6.25,,,13.0,,,7.794871795,,,7.288424359,,,,Pública,,9.0625,,,7.51,,,7.61,,,,,,4.0,,,8.5,,,Ametista,,,,3.0,,Cursando,,,2D
RA-1465,Aluno-1465,Masculino,2024,,,,,,-1.0,,,,EE Paschoal Carlos Magno,,,2D,,,Fase 3 (7° e 8° ano),,,7.418,,,5.0,,,5.75,,,12.0,,,8.75,,,7.3344666666,,,,Pública,,8.75,,,7.51,,,7.833333333,,,,,,5.0,,,6.5,,,Ametista,,,,3.0,,Cursando,,,2D
RA-1466,Aluno-1466,Masculino,2024,,,,,,0.0,,,,EE Paschoal Carlos Magno,,,2D,,,Fase 2 (5° e 6° ano),,,10.002,,,10.0,,,7.5,,,12.0,,,7.380952381,,,8.213723809600001,,,,Pública,,8.75,,,7.51,,,8.056666667,,,,,,7.0,,,8.0,,,Topázio,,,,3.0,,Cursando,,,2D
RA-1467,Aluno-1467,Masculino,2024,,,,,,0.0,,,,EE Joaquim Mendes Feliz,,,2D,,,Fase 2 (5° e 6° ano),,,9.002,,,10.0,,,9.25,,,12.0,,,9.022556391,,,8.836711278200001,,,,Pública,,8.75,,,7.51,,,8.28,,,,,,9.0,,,9.5,,,Topázio,,,,3.0,,Cursando,,,2D
RA-1468,Aluno-1468,Feminino,2024,,,,,,0.0,,,,EE Joaquim Mendes Feliz,,,2D,,,Fase 2 (5° e 6° ano),,,8.502,,,10.0,,,7.0,,,12.0,,,8.972431078,,,8.1281028822,,,,Pública,,8.4375,,,7.51,,,7.443333333,,,,,,4.5,,,9.5,,,Topázio,,,,3.0,,Cursando,,,2D
RA-1469,Aluno-1469,Masculino,2024,,,,,,-1.0,,,,EE Joaquim Mendes Feliz,,,2D,,,Fase 3 (7° e 8° ano),,,8.502,,,5.0,,,4.75,,,13.0,,,9.4444444445,,,7.459755555500001,,,,Pública,,8.75,,,7.51,,,8.223333333,,,,,,6.0,,,3.5,,,Ametista,,,,3.0,,Cursando,,,2D
RA-147,Aluno-147,Feminino,2022,24.0,293.0,4.0,0.0,-1.0,-1.0,Melhorar: Empenhar-se mais nas aulas e avaliações.,Destaque: A sua boa entrega das lições de casa.,Melhorar: Integrar-se mais aos Princípios Passos Mágicos.,EE Joaquim Mendes Feliz,4,FASE 4,5F,Fase 4 (9º ano),Fase 5 (1° EM),Fase 6 (2° EM),8.3,0.0,8.334,10.0,5.0,5.0,6.1,4.5,6.166666666666667,14.0,15.0,16.0,7.7,7.0,9.277056277,7.541,5.5425,7.400477922133334,False,Escola Pública,Pública,Pública,6.875,7.5,7.5,5.63,7.51,7.25,7.46,7.386666667,7.7,2.5,10.0,5.8,5.0,6.0,4.8,6.0,2.5,Ametista,Quartzo,Ametista,False,4.0,4.0,3.0,Não atendido,Cursando,H,4F,5F
RA-1470,Aluno-1470,Feminino,2024,,,,,,-1.0,,,,EE Leonice de Aquino Oliveira,,,2G,,,Fase 3 (7° e 8° ano),,,8.002,,,5.0,,,5.0,,,12.0,,,6.35610766,,,5.967421532000001,,,,Pública,,6.875,,,6.26,,,5.4125,,,,,,5.0,,,5.0,,,Quartzo,,,,4.0,,Cursando,,,2G
RA-1471,Aluno-1471,Masculino,2024,,,,,,-1.0,,,,EE Loris Nassif Mattar Profa,,,2G,,,Fase 3 (7° e 8° ano),,,10.002,,,5.0,,,7.5,,,13.0,,,7.195652174,,,7.404455434800001,,,,Pública,,7.65625,,,7.51,,,7.2425,,,,,,8.0,,,7.0,,,Ametista,,,,4.0,,Cursando,,,2G
RA-1472,Aluno-1472,Masculino,2022,,,,,,0.0,,,,EE Leonice de Aquino Oliveira,,,2G,,,Fase 2 (5° e 6° ano),,,8.502,,,10.0,,,8.75,,,11.0,,,10.0,,,8.773575000000001,,,,Pública,,7.96875,,,7.51,,,8.1275,,,,,,9.0,,,8.5,,,Topázio,,,,4.0,,Cursando,,,2G
RA-1473,Aluno-1473,Masculino,2024,,,,,,-1.0,,,,EE Loris Nassif Mattar Profa,,,2G,,,Fase 3 (7° e 8° ano),,,9.502,,,5.0,,,5.25,,,13.0,,,8.4368530025,,,6.689320600500001,,,,Pública,,6.5625,,,5.625,,,6.415,,,,,,6.0,,,4.5,,,Ágata,,,,4.0,,Cursando,,,2G
RA-1474,Aluno-1474,Feminino,2024,,,,,,0.0,,,,EE João Ortiz Rodrigues,,,2H,,,Fase 2 (5° e 6° ano),,,8.002,,,10.0,,,7.5,,,11.0,,,7.960662526,,,7.384207505200001,,,,Pública,,6.71875,,,5.625,,,6.2875,,,,,,7.0,,,8.0,,,Ametista,,,,4.0,,Cursando,,,2H
RA-1475,Aluno-1475,Feminino,2024,,,,,,0.0,,,,EE Dom Pedro Villas Boas de Souza,,,2I,,,Fase 2 (5° e 6° ano),,,9.002,,,10.0,,,5.0,,,10.0,,,8.070175439,,,7.413901754400001,,,,Pública,,7.5,,,7.51,,,6.993333333,,,,,,7.0,,,3.0,,,Ametista,,,,3.0,,Cursando,,,2I
RA-1476,Aluno-1476,Feminino,2024,,,,,,0.0,,,,EE Maria André Schunck Dona,,,2K,,,Fase 2 (5° e 6° ano),,,9.502,,,10.0,,,8.5,,,11.0,,,10.0,,,8.80795,,,,Pública,,8.4375,,,5.635,,,8.7525,,,,,,8.0,,,9.0,,,Topázio,,,,4.0,,Cursando,,,2K
RA-1477,Aluno-1477,Masculino,2024,,,,,,0.0,,,,EE Maria André Schunck Dona,,,2K,,,Fase 2 (5° e 6° ano),,,8.002,,,10.0,,,5.0,,,11.0,,,8.010869565,,,7.0514989130000005,,,,Pública,,6.40625,,,7.51,,,6.2875,,,,,,5.0,,,5.0,,,Ametista,,,,4.0,,Cursando,,,2K
RA-1478,Aluno-1478,Masculino,2024,,,,,,0.0,,,,EE Maria André Schunck Dona,,,2K,,,Fase 2 (5° e 6° ano),,,8.002,,,10.0,,,4.25,,,11.0,,,6.666666667,,,6.7210333334,,,,Pública,,6.875,,,6.255,,,7.1225,,,,,,4.0,,,4.5,,,Ágata,,,,4.0,,Cursando,,,2K
RA-1479,Aluno-1479,Masculino,2024,,,,,,0.0,,,,EE Maria André Schunck Dona,,,2K,,,Fase 2 (5° e 6° ano),,,8.502,,,10.0,,,4.25,,,12.0,,,6.1965811965,,,6.615766239300001,,,,Pública,,7.1875,,,7.51,,,6.0325,,,,,,4.0,,,4.5,,,Ágata,,,,4.0,,Cursando,,,2K
RA-148,Aluno-148,Masculino,2022,16.0,172.0,2.0,0.0,,,Melhorar: Empenhar-se mais nas aulas e avaliações.,Destaque: A sua boa entrega das lições de casa.,Destaque: A sua boa integração aos Princípios Passos Mágicos.,,4,,,Fase 4 (9º ano),,,9.2,,,10.0,,,5.3,,,14.0,,,7.9,,,7.894,,,True,Escola Pública,,,,,10.0,,,7.708,,,5.0,,,4.7,,,6.3,,,Ametista,,,False,4.0,,,Sem limitações,,H,,
RA-1480,Aluno-1480,Masculino,2024,,,,,,-1.0,,,,EM Alfredo Schunk,,,2K,,,Fase 3 (7° e 8° ano),,,8.502,,,5.0,,,5.5,,,12.0,,,8.875,,,7.09445,,,,Pública,,7.1875,,,7.51,,,6.9975,,,,,,,,,5.5,,,Ametista,,,,4.0,,Cursando,,,2K
RA-1481,Aluno-1481,Feminino,2024,,,,,,-1.0,,,,EM Cecilia Cristina de Oliveira Rodrigues,,,2K,,,Fase 3 (7° e 8° ano),,,8.502,,,5.0,,,4.75,,,12.0,,,8.782608695499999,,,6.860721739100001,,,,Pública,,6.875,,,7.51,,,6.8275,,,,,,4.0,,,5.5,,,Ágata,,,,4.0,,Cursando,,,2K
RA-1482,Aluno-1482,Masculino,2024,,,,,,-1.0,,,,EM Cecilia Cristina de Oliveira Rodrigues,,,2K,,,Fase 3 (7° e 8° ano),,,8.502,,,5.0,,,0.0,,,14.0,,,5.0,,,5.2257,,,,Pública,,7.5,,,7.51,,,6.8725,,,,,,0.0,,,0.0,,,Quartzo,,,,4.0,,Cursando,,,2K
RA-1483,Aluno-1483,Masculino,2024,,,,,,0.0,,,,EE Jardim Campestre,,,2K,,,Fase 2 (5° e 6° ano),,,9.502,,,10.0,,,6.5,,,11.0,,,7.913043478500001,,,7.311433695700001,,,,Pública,,5.78125,,,7.51,,,5.7475,,,,,,6.0,,,7.0,,,Ametista,,,,4.0,,Cursando,,,2K
RA-1484,Aluno-1484,Feminino,2024,,,,,,-1.0,,,,EE Maria André Schunck Dona,,,2L,,,Fase 3 (7° e 8° ano),,,9.002,,,5.0,,,7.0,,,14.0,,,10.0,,,7.754200000000001,,,,Pública,,7.5,,,6.26,,,7.89,,,,,,5.0,,,9.0,,,Ametista,,,,3.0,,Cursando,,,2L
RA-1485,Aluno-1485,Masculino,2024,,,,,,-1.0,,,,EM Cecilia Cristina de Oliveira Rodrigues,,,2L,,,Fase 3 (7° e 8° ano),,,9.002,,,5.0,,,5.0,,,13.0,,,7.7432712215,,,6.7386875776999995,,,,Pública,,7.5,,,5.625,,,7.386666667,,,,,,5.0,,,5.0,,,Ágata,,,,3.0,,Cursando,,,2L
RA-1486,Aluno-1486,Masculino,2024,,,,,,0.0,,,,EE Maria André Schunck Dona,,,2L,,,Fase 2 (5° e 6° ano),,,8.002,,,10.0,,,5.75,,,11.0,,,5.431372549,,,6.865474509900001,,,,Pública,,7.916666667,,,6.26,,,7.056666667,,,,,,6.0,,,5.5,,,Ágata,,,,3.0,,Cursando,,,2L
RA-1487,Aluno-1487,Feminino,2024,,,,,,-1.0,,,,EE Maria André Schunck Dona,,,2L,,,Fase 3 (7° e 8° ano),,,10.002,,,5.0,,,8.25,,,13.0,,,9.5652173915,,,8.0267434782,,,,Pública,,7.708333333,,,6.26,,,7.833333333,,,,,,7.0,,,9.5,,,Topázio,,,,3.0,,Cursando,,,2L
RA-1488,Aluno-1488,Feminino,2024,,,,,,0.0,,,,EE Maria André Schunck Dona,,,2L,,,Fase 2 (5° e 6° ano),,,8.002,,,10.0,,,3.5,,,11.0,,,7.111801242,,,6.7668935818000016,,,,Pública,,7.5,,,7.51,,,6.716666667,,,,,,7.0,,,0.0,,,Ágata,,,,3.0,,Cursando,,,2L
RA-1489,Aluno-1489,Masculino,2024,,,,,,-1.0,,,,EE Maria André Schunck Dona,,,2L,,,Fase 3 (7° e 8° ano),,,9.002,,,5.0,,,5.0,,,12.0,,,5.793478261000001,,,5.9842289855000015,,,,Pública,,6.666666667,,,6.26,,,5.663333333,,,,,,5.0,,,5.0,,,Quartzo,,,,3.0,,Cursando,,,2L
RA-149,Aluno-149,Feminino,2022,60.0,679.0,6.0,-1.0,-2.0,-2.0,Melhorar: Empenhar-se mais nas aulas e avaliações.,Melhorar: Melhorar a sua entrega de lições de casa.,Melhorar: Integrar-se mais aos Princípios Passos Mágicos.,EE Leonice de Aquino Oliveira,4,FASE 4,5D,Fase 5 (1º EM),Fase 6 (2° EM),Fase 7 (3° EM),9.2,8.8,9.585,5.0,5.0,5.0,5.0,4.7,3.8333333333333335,15.0,,17.0,6.5,4.2,4.104378593666667,6.323,5.622266667,5.7316173854,False,Escola Pública,Pública,Pública,7.5,7.34375,7.5,2.52,6.26,6.125,7.2925,6.626,,5.0,5.0,4.0,5.7,0.0,6.0,3.5,6.5,Ágata,Quartzo,Quartzo,False,4.0,4.0,5.0,Não atendido,Cursando,H,4C,5D
RA-1490,Aluno-1490,Feminino,2024,,,,,,-1.0,,,,Rede Decisão - Unidade União,,,2L,,,Fase 3 (7° e 8° ano),,,8.502,,,5.0,,,7.75,,,12.0,,,9.5652173915,,,7.3725768116,,,,Privada,,6.666666667,,,6.26,,,6.333333333,,,,,,8.0,,,7.5,,,Ametista,,,,3.0,,Cursando,,,2L
RA-1491,Aluno-1491,Masculino,2024,,,,,,0.0,,,,EE Maria André Schunck Dona,,,2L,,,Fase 2 (5° e 6° ano),,,9.002,,,10.0,,,6.5,,,12.0,,,6.25,,,7.5072,,,,Pública,,7.5,,,7.51,,,7.78,,,,,,6.0,,,7.0,,,Ametista,,,,3.0,,Cursando,,,2L
RA-1492,Aluno-1492,Masculino,2024,,,,,,1.0,,,,EE Helio Luiz Dobrochinski Prof,,,2L,,,Fase 1 (3° e 4° ano),,,8.002,,,10.0,,,8.0,,,9.0,,,8.8141025645,,,8.479020512900002,,,,Pública,,8.75,,,7.51,,,8.45,,,,,,6.0,,,10.0,,,Topázio,,,,3.0,,Cursando,,,2L
RA-1493,Aluno-1493,Masculino,2024,,,,,,-1.0,,,,EE Donizetti Aparecido Leite Professor,,,2M,,,Fase 3 (7° e 8° ano),,,8.502,,,5.0,,,4.0,,,12.0,,,7.8468899525,,,6.378661323900001,,,,Pública,,7.1875,,,7.51,,,5.946666667,,,,,,3.5,,,4.5,,,Ágata,,,,3.0,,Cursando,,,2M
RA-1494,Aluno-1494,Feminino,2024,,,,,,0.0,,,,EE Donizetti Aparecido Leite Professor,,,2M,,,Fase 2 (5° e 6° ano),,,0.0,,,10.0,,,4.25,,,11.0,,,6.7794117645,,,5.8748823529,,,,Pública,,7.5,,,7.51,,,5.84,,,,,,8.5,,,0.0,,,Quartzo,,,,3.0,,Cursando,,,2M
RA-1495,Aluno-1495,Feminino,2021,,,,,,0.0,,,,EE Helio Luiz Dobrochinski Prof,,,2M,,,Fase 2 (5° e 6° ano),,,9.002,,,10.0,,,8.25,,,11.0,,,8.318181818,,,8.4845030302,,,,Pública,,8.75,,,7.51,,,8.223333333,,,,,,8.5,,,8.0,,,Topázio,,,,3.0,,Cursando,,,2M
RA-1496,Aluno-1496,Feminino,2024,,,,,,0.0,,,,EE Maria André Schunck Dona,,,2M,,,Fase 2 (5° e 6° ano),,,9.002,,,10.0,,,4.25,,,12.0,,,5.714285714500001,,,6.7799738095,,,,Pública,,7.8125,,,7.51,,,6.773333333,,,,,,2.5,,,6.0,,,Ágata,,,,3.0,,Cursando,,,2M
RA-1497,Aluno-1497,Feminino,2024,,,,,,0.0,,,,EE Donizetti Aparecido Leite Professor,,,2M,,,Fase 2 (5° e 6° ano),,,0.0,,,10.0,,,2.0,,,12.0,,,5.0227272725,,,5.2423787879,,,,Pública,,6.875,,,7.51,,,6.996666667,,,,,,4.0,,,0.0,,,Quartzo,,,,3.0,,Cursando,,,2M
RA-1498,Aluno-1498,Feminino,2024,,,,,,-1.0,,,,EE Donizetti Aparecido Leite Professor,,,2M,,,Fase 3 (7° e 8° ano),,,8.502,,,5.0,,,7.0,,,13.0,,,7.840909091,,,7.147881818200001,,,,Pública,,8.125,,,7.51,,,6.33,,,,,,5.0,,,9.0,,,Ametista,,,,3.0,,Cursando,,,2M
RA-1499,Aluno-1499,Feminino,2024,,,,,,0.0,,,,EE Donizetti Aparecido Leite Professor,,,2N,,,Fase 2 (5° e 6° ano),,,8.418,,,10.0,,,6.5,,,12.0,,,9.25,,,7.914800000000001,,,,Pública,,8.125,,,6.885,,,7.11,,,,,,6.0,,,7.0,,,Ametista,,,,3.0,,Cursando,,,2N
RA-15,Aluno-15,Masculino,2022,3.0,207.0,2.0,-1.0,,,Melhorar: Empenhar-se mais nas aulas e avaliações.,Destaque: A sua boa entrega das lições de casa.,Melhorar: Integrar-se mais aos Princípios Passos Mágicos.,,7,,,Fase 8 (Universitários),,,8.8,,,5.0,,,7.3,,,18.0,,,10.0,,,7.783,,,True,Escola Pública,,,,,7.5,,,7.292,,,,,,8.0,,,6.5,,,Ametista,,,False,4.0,,,Não atendido,,D,,
RA-150,Aluno-150,Feminino,2020,41.0,498.0,5.0,-2.0,,,Melhorar: Empenhar-se mais nas aulas e avaliações.,Melhorar: Melhorar a sua entrega de lições de casa.,Melhorar: Integrar-se mais aos Princípios Passos Mágicos.,,4,,,Fase 6 (2º EM),,,9.6,,,5.0,,,6.9,,,16.0,,,6.3,,,6.962,,,True,Escola Pública,,,,,6.9,,,7.333,,,8.6,,,5.3,,,6.7,,,Ágata,,,False,4.0,,,Sem limitações,,H,,
RA-1500,Aluno-1500,Masculino,2024,,,,,,0.0,,,,EE Donizetti Aparecido Leite Professor,,,2N,,,Fase 2 (5° e 6° ano),,,9.502,,,10.0,,,3.5,,,11.0,,,8.3333333335,,,7.360450000100002,,,,Pública,,8.4375,,,6.885,,,7.556666667,,,,,,2.0,,,5.0,,,Ametista,,,,3.0,,Cursando,,,2N
RA-1501,Aluno-1501,Feminino,2024,,,,,,0.0,,,,EE Donizetti Aparecido Leite Professor,,,2N,,,Fase 2 (5° e 6° ano),,,9.502,,,10.0,,,5.0,,,11.0,,,10.0,,,8.04495,,,,Pública,,8.4375,,,7.51,,,7.5,,,,,,4.5,,,5.5,,,Topázio,,,,3.0,,Cursando,,,2N
RA-1502,Aluno-1502,Feminino,2024,,,,,,-1.0,,,,EE Donizetti Aparecido Leite Professor,,,2N,,,Fase 3 (7° e 8° ano),,,8.002,,,5.0,,,5.25,,,12.0,,,7.628205128,,,6.886091025600001,,,,Pública,,7.8125,,,7.51,,,7.39,,,,,,3.5,,,7.0,,,Ágata,,,,3.0,,Cursando,,,2N
RA-1503,Aluno-1503,Feminino,2024,,,,,,-1.0,,,,EE Donizetti Aparecido Leite Professor,,,2P,,,Fase 3 (7° e 8° ano),,,7.502,,,5.0,,,2.75,,,13.0,,,10.0,,,6.991699999900001,,,,Pública,,8.958333333,,,7.51,,,7.723333333,,,,,,3.0,,,2.5,,,Ágata,,,,3.0,,Cursando,,,2P
RA-1504,Aluno-1504,Feminino,2024,,,,,,-1.0,,,,EE Donizetti Aparecido Leite Professor,,,2P,,,Fase 3 (7° e 8° ano),,,7.5,,,5.0,,,6.75,,,12.0,,,4.6136363634999995,,,6.057060605999999,,,,Pública,,5.833333333,,,5.63,,,6.94,,,,,,5.0,,,8.5,,,Ágata,,,,3.0,,Cursando,,,2P
RA-1505,Aluno-1505,Masculino,2024,,,,,,-1.0,,,,EE Donizetti Aparecido Leite Professor,,,2P,,,Fase 3 (7° e 8° ano),,,9.502,,,5.0,,,3.75,,,13.0,,,7.5252525255,,,6.7199171717,,,,Pública,,8.75,,,7.51,,,6.943333333,,,,,,3.0,,,4.5,,,Ágata,,,,3.0,,Cursando,,,2P
RA-1506,Aluno-1506,Feminino,2024,,,,,,0.0,,,,EE Helio Luiz Dobrochinski Prof,,,2R,,,Fase 2 (5° e 6° ano),,,8.002,,,10.0,,,3.5,,,11.0,,,8.3874458875,,,7.151855844200001,,,,Pública,,6.458333333,,,7.51,,,7.886666667,,,,,,0.0,,,7.0,,,Ametista,,,,3.0,,Cursando,,,2R
RA-1507,Aluno-1507,Masculino,2024,,,,,,-1.0,,,,EE Maria André Schunck Dona,,,2R,,,Fase 3 (7° e 8° ano),,,6.918,,,5.0,,,5.0,,,12.0,,,4.448051948,,,5.046077056300001,,,,Pública,,4.583333333,,,7.51,,,3.776666667,,,,,,5.0,,,5.0,,,Quartzo,,,,3.0,,Cursando,,,2R
RA-1508,Aluno-1508,Feminino,2024,,,,,,0.0,,,,EE Helio Luiz Dobrochinski Prof,,,2R,,,Fase 2 (5° e 6° ano),,,7.502,,,10.0,,,9.25,,,10.0,,,7.2294372295,,,8.1804207793,,,,Pública,,7.5,,,7.51,,,8.166666667,,,,,,10.0,,,8.5,,,Topázio,,,,3.0,,Cursando,,,2R
RA-1509,Aluno-1509,Masculino,2024,,,,,,0.0,,,,EE Maria André Schunck Dona,,,2R,,,Fase 2 (5° e 6° ano),,,8.502,,,10.0,,,7.5,,,11.0,,,6.5151515155,,,7.560230303200001,,,,Pública,,6.666666667,,,7.51,,,7.446666667,,,,,,7.0,,,8.0,,,Ametista,,,,3.0,,Cursando,,,2R
RA-151,Aluno-151,Feminino,2020,23.0,289.0,3.0,-2.0,-2.0,,Destaque: As suas boas notas na Passos Mágicos.,Destaque: A sua boa entrega das lições de casa.,Destaque: A sua boa integração aos Princípios Passos Mágicos.,,4,FASE 5,,Fase 6 (2º EM),Fase 7 (3° EM),,8.8,0.0,,5.0,5.0,,8.3,7.9,,16.0,17.0,,7.5,7.8,,7.563,6.892541667,,True,Escola Pública,Pública,,8.59375,,6.9,7.52,,7.958,8.1725,,9.5,10.0,,7.3,6.8,,8.0,7.0,,Ametista,Ágata,,False,4.0,4.0,,Sem limitações,,H,5C,
RA-1510,Aluno-1510,Feminino,2024,,,,,,0.0,,,,EE Maria André Schunck Dona,,,2R,,,Fase 2 (5° e 6° ano),,,10.002,,,10.0,,,10.0,,,11.0,,,9.7727272725,,,9.464745454400001,,,,Pública,,9.583333333,,,7.51,,,9.003333333,,,,,,10.0,,,10.0,,,Topázio,,,,3.0,,Cursando,,,2R
RA-1511,Aluno-1511,Feminino,2024,,,,,,0.0,,,,EE Helio Luiz Dobrochinski Prof,,,2U,,,Fase 2 (5° e 6° ano),,,10.002,,,10.0,,,8.75,,,11.0,,,9.3271221535,,,8.9217077641,,,,Pública,,8.4375,,,7.51,,,8.556666667,,,,,,8.0,,,9.5,,,Topázio,,,,3.0,,Cursando,,,2U
RA-1512,Aluno-1512,Feminino,2024,,,,,,0.0,,,,EE Helio Luiz Dobrochinski Prof,,,2U,,,Fase 2 (5° e 6° ano),,,9.502,,,10.0,,,5.5,,,10.0,,,10.0,,,8.10445,,,,Pública,,7.8125,,,7.51,,,7.61,,,,,,7.0,,,4.0,,,Topázio,,,,3.0,,Cursando,,,2U
RA-1513,Aluno-1513,Feminino,2024,,,,,,-1.0,,,,EE Maria André Schunck Dona,,,2U,,,Fase 3 (7° e 8° ano),,,8.502,,,5.0,,,3.75,,,12.0,,,7.5252525255,,,6.5509171717,,,,Pública,,7.5,,,7.51,,,7.223333333,,,,,,4.0,,,3.5,,,Ágata,,,,3.0,,Cursando,,,2U
RA-1514,Aluno-1514,Feminino,2024,,,,,,0.0,,,,EM Cecilia Cristina de Oliveira Rodrigues,,,2U,,,Fase 2 (5° e 6° ano),,,9.002,,,10.0,,,5.5,,,12.0,,,7.979797980000001,,,7.520576262600001,,,,Pública,,7.1875,,,7.51,,,7.273333333,,,,,,5.0,,,6.0,,,Ametista,,,,3.0,,Cursando,,,2U
RA-1515,Aluno-1515,Feminino,2024,,,,,,-1.0,,,,EE Maria André Schunck Dona,,,2U,,,Fase 3 (7° e 8° ano),,,6.418,,,5.0,,,3.5,,,12.0,,,6.6666666665,,,5.832133333300001,,,,Pública,,6.875,,,6.255,,,6.72,,,,,,6.0,,,1.0,,,Quartzo,,,,3.0,,Cursando,,,2U
RA-1516,Aluno-1516,Feminino,2024,,,,,,3.0,,,,Colégio Arco Íris Evolução,,,3A,,,Fase 3 (7° e 8° ano),,,9.585,,,10.0,,,4.666666666666667,,,13.0,,,5.404288499000001,,,7.217066033133334,,,,Privada,,7.96875,,,9.38,,,7.5475,,,9.0,,,0.0,,,5.0,,,Ametista,,,,4.0,,Cursando,,,3A
RA-1517,Aluno-1517,Masculino,2024,,,,,,-1.0,,,,EE Maria André Schunck Dona,,,3A,,,Fase 4 (9° ano),,,9.168,,,5.0,,,4.666666666666667,,,15.0,,,4.305555555666667,,,6.240744444466667,,,,Pública,,7.5,,,9.38,,,6.7075,,,4.5,,,5.0,,,4.5,,,Ágata,,,,4.0,,Cursando,,,3A
RA-1518,Aluno-1518,Feminino,2022,,,,,,-1.0,,,,EE Leonice de Aquino Oliveira,,,3A,,,Fase 4 (9° ano),,,7.084,,,5.0,,,1.75,,,15.0,,,5.714285714333333,,,5.721382142866666,,,,Pública,,7.65625,,,9.38,,,6.5825,,,,,,0.0,,,3.5,,,Quartzo,,,,4.0,,Cursando,,,3A
RA-1519,Aluno-1519,Masculino,2024,,,,,,3.0,,,,,,,3A,,,Fase 3 (7° e 8° ano),,,9.585,,,10.0,,,4.833333333333333,,,15.0,,,5.560902255666666,,,7.210222117800001,,,,,,7.96875,,,8.755,,,7.5025,,,8.0,,,0.0,,,6.5,,,Ametista,,,,4.0,,Cursando,,,3A
RA-152,Aluno-152,Feminino,2022,54.0,586.0,13.0,-2.0,-2.0,-2.0,Melhorar: Empenhar-se mais nas aulas e avaliações.,Melhorar: Melhorar a sua entrega de lições de casa.,Melhorar: Integrar-se mais aos Princípios Passos Mágicos.,EE Donizetti Aparecido Leite Professor,4,FASE 4,5L,Fase 6 (2º EM),Fase 6 (2° EM),Fase 7 (3° EM),8.3,7.9,7.5,5.0,5.0,5.0,6.5,4.5,5.166666666666667,16.0,16.0,17.0,7.0,7.7,7.337719298333333,6.712,6.30695,6.5837938596,False,Escola Pública,Pública,Pública,7.8125,7.8125,7.5,2.52,5.63,6.292,7.71,7.443333333,8.5,4.5,8.0,4.0,4.0,0.0,7.0,5.0,7.5,Ágata,Ágata,Ágata,False,4.0,4.0,3.0,Não atendido,Cursando,L,4M,5L
RA-1520,Aluno-1520,Feminino,2024,,,,,,-1.0,,,,EE Alexandre Rodrigues Nogueira,,,3B,,,Fase 4 (9° ano),,,8.334,,,5.0,,,3.75,,,14.0,,,9.060606060666666,,,7.0026462121333335,,,,Pública,,7.65625,,,8.75,,,7.3325,,,,,,4.0,,,3.5,,,Ametista,,,,4.0,,Cursando,,,3B
RA-1521,Aluno-1521,Feminino,2024,,,,,,-1.0,,,,EE Alexandre Rodrigues Nogueira,,,3B,,,Fase 4 (9° ano),,,7.5,,,5.0,,,3.1666666666666665,,,14.0,,,6.157902555,,,5.065788844333333,,,,Pública,,6.09375,,,2.51,,,5.4525,,,2.0,,,2.0,,,5.5,,,Quartzo,,,,4.0,,Cursando,,,3B
RA-1522,Aluno-1522,Masculino,2024,,,,,,0.0,,,,EE Leonice de Aquino Oliveira,,,3B,,,Fase 3 (7° e 8° ano),,,8.751,,,10.0,,,7.0,,,13.0,,,10.0,,,8.3261,,,,Pública,,6.875,,,9.38,,,7.1275,,,,,,10.0,,,4.0,,,Topázio,,,,4.0,,Cursando,,,3B
RA-1523,Aluno-1523,Masculino,2024,,,,,,1.0,,,,EE Alexandre Rodrigues Nogueira,,,3B,,,Fase 2 (5° e 6° ano),,,6.666,,,10.0,,,8.166666666666666,,,11.0,,,9.283272283333334,,,8.67371279,,,,Pública,,8.90625,,,8.755,,,8.755,,,10.0,,,8.0,,,6.5,,,Topázio,,,,4.0,,Cursando,,,3B
RA-1524,Aluno-1524,Feminino,2024,,,,,,-1.0,,,,EE Mario Francisco de Amorim,,,3B,,,Fase 4 (9° ano),,,7.917,,,5.0,,,4.0,,,14.0,,,2.777777777666667,,,5.5473805555333335,,,,Pública,,7.65625,,,7.51,,,6.9175,,,,,,4.0,,,,,,Quartzo,,,,4.0,,Cursando,,,3B
RA-1525,Aluno-1525,Masculino,2024,,,,,,0.0,,,,EE Joaquim Mendes Feliz,,,3C,,,Fase 3 (7° e 8° ano),,,7.917,,,10.0,,,7.0,,,13.0,,,8.293650793666666,,,7.778263492033334,,,,Pública,,8.541666667,,,5.63,,,7.553333333,,,9.0,,,6.5,,,5.5,,,Ametista,,,,3.0,,Cursando,,,3C
RA-1526,Aluno-1526,Feminino,2024,,,,,,0.0,,,,EE Alexandre Rodrigues Nogueira,,,3D,,,Fase 3 (7° e 8° ano),,,9.168,,,10.0,,,3.75,,,13.0,,,10.0,,,7.9798,,,,Pública,,8.125,,,8.75,,,8.1275,,,,,,2.0,,,5.5,,,Ametista,,,,4.0,,Cursando,,,3D
RA-1527,Aluno-1527,Masculino,2024,,,,,,0.0,,,,EE Alexandre Rodrigues Nogueira,,,3D,,,Fase 3 (7° e 8° ano),,,9.168,,,10.0,,,8.0,,,13.0,,,10.0,,,8.631675000000001,,,,Pública,,7.96875,,,7.51,,,7.835,,,,,,9.0,,,7.0,,,Topázio,,,,4.0,,Cursando,,,3D
RA-1528,Aluno-1528,Masculino,2024,,,,,,0.0,,,,EE Alexandre Rodrigues Nogueira,,,3D,,,Fase 3 (7° e 8° ano),,,9.168,,,10.0,,,5.666666666666667,,,13.0,,,7.787878788,,,7.622584090933335,,,,Pública,,7.96875,,,7.51,,,7.335,,,8.0,,,3.0,,,6.0,,,Ametista,,,,4.0,,Cursando,,,3D
RA-1529,Aluno-1529,Feminino,2024,,,,,,-1.0,,,,EE João Ortiz Rodrigues,,,3F,,,Fase 4 (9° ano),,,6.666,,,5.0,,,5.5,,,14.0,,,7.435897436,,,6.710079487200001,,,,Pública,,8.125,,,7.51,,,6.964,,,5.0,,,6.0,,,5.5,,,Ágata,,,,5.0,,Cursando,,,3F
RA-153,Aluno-153,Feminino,2018,25.0,297.0,5.0,0.0,0.0,,Melhorar: Empenhar-se mais nas aulas e avaliações.,Destaque: A sua boa entrega das lições de casa.,Destaque: A sua boa integração aos Princípios Passos Mágicos.,,4,FASE 5,,Fase 4 (9º ano),Fase 5 (1° EM),,7.9,9.2,,10.0,10.0,,6.6,6.4,,14.0,15.0,,8.2,7.4,,7.535,7.289966667,,False,Rede Decisão,Privada - Programa de Apadrinhamento,,8.125,,5.0,2.52,,7.708,7.71,,8.8,8.0,,3.3,6.0,,7.7,5.3,,Ametista,Ametista,,False,4.0,4.0,,Requer avaliação,,L,5M,
RA-153,Aluno-153,Feminino,2021,,,,,,2.0,,,,Colégio Albert Einstein - SP,,,7E,,,Fase 5 (1° EM),,,8.751,,,10.0,,,0.0,,,16.0,,,0.0,,,4.78185,,,,Privada - Programa de Apadrinhamento,,7.5,,,6.5675,,,7.5,,,0.0,,,0.0,,,0.0,,,Quartzo,,,,0.0,,Cursando,,,7E
RA-1530,Aluno-1530,Masculino,2024,,,,,,0.0,,,,EE João Ortiz Rodrigues,,,3F,,,Fase 3 (7° e 8° ano),,,0.0,,,10.0,,,2.8333333333333335,,,13.0,,,2.5238095237666665,,,4.6391535714200005,,,,Pública,,7.03125,,,8.13,,,5.258,,,0.0,,,1.5,,,7.0,,,Quartzo,,,,5.0,,Cursando,,,3F
RA-1531,Aluno-1531,Masculino,2024,,,,,,-1.0,,,,EE João Ortiz Rodrigues,,,3F,,,Fase 4 (9° ano),,,8.751,,,5.0,,,5.833333333333333,,,14.0,,,7.9726867336666665,,,7.0491790134,,,,Pública,,7.34375,,,7.505,,,7.14,,,5.0,,,4.5,,,8.0,,,Ametista,,,,5.0,,Cursando,,,3F
RA-1532,Aluno-1532,Masculino,2024,,,,,,-1.0,,,,EE João Ortiz Rodrigues,,,3H,,,Fase 4 (9° ano),,,0.0,,,5.0,,,2.0,,,15.0,,,3.9057239053333332,,,4.548544781066667,,,,Pública,,7.5,,,7.51,,,6.832,,,0.0,,,0.0,,,6.0,,,Quartzo,,,,5.0,,Cursando,,,3H
RA-1533,Aluno-1533,Feminino,2024,,,,,,0.0,,,,EE Joaquim Mendes Feliz,,,3I,,,Fase 3 (7° e 8° ano),,,9.168,,,10.0,,,9.5,,,14.0,,,9.710144927666667,,,9.089828985533336,,,,Pública,,8.5,,,8.135,,,8.3375,,,10.0,,,10.0,,,8.5,,,Topázio,,,,4.0,,Cursando,,,3I
RA-1534,Aluno-1534,Feminino,2024,,,,,,0.0,,,,EE Paschoal Carlos Magno,,,3I,,,Fase 3 (7° e 8° ano),,,7.917,,,10.0,,,1.1666666666666667,,,13.0,,,9.666666666666666,,,7.188366666666667,,,,Pública,,8.0,,,8.135,,,8.0825,,,0.0,,,2.0,,,1.5,,,Ametista,,,,4.0,,Cursando,,,3I
RA-1535,Aluno-1535,Feminino,2024,,,,,,0.0,,,,EE Paschoal Carlos Magno,,,3I,,,Fase 3 (7° e 8° ano),,,8.751,,,10.0,,,5.833333333333333,,,13.0,,,5.103121516333333,,,7.109390969933334,,,,Pública,,7.125,,,7.51,,,7.9175,,,4.5,,,7.5,,,5.5,,,Ametista,,,,4.0,,Cursando,,,3I
RA-1536,Aluno-1536,Feminino,2024,,,,,,-1.0,,,,EE Paschoal Carlos Magno,,,3I,,,Fase 4 (9° ano),,,9.168,,,5.0,,,7.0,,,15.0,,,8.722222222333334,,,7.653744444466668,,,,Pública,,7.875,,,8.135,,,7.4575,,,7.5,,,10.0,,,3.5,,,Ametista,,,,4.0,,Cursando,,,3I
RA-1537,Aluno-1537,Feminino,2024,,,,,,-1.0,,,,EE Joaquim Mendes Feliz,,,3I,,,Fase 4 (9° ano),,,9.168,,,5.0,,,8.666666666666666,,,14.0,,,8.33064949,,,8.176263231333333,,,,Pública,,8.125,,,8.135,,,8.67,,,10.0,,,10.0,,,6.0,,,Topázio,,,,4.0,,Cursando,,,3I
RA-1538,Aluno-1538,Masculino,2021,,,,,,1.0,,,,EE Maria André Schunck Dona,,,3K,,,Fase 2 (5° e 6° ano),,,9.168,,,10.0,,,7.166666666666667,,,13.0,,,7.935185184999999,,,7.9631703704333345,,,,Pública,,7.916666667,,,8.13,,,7.106666667,,,8.0,,,7.5,,,6.0,,,Ametista,,,,3.0,,Cursando,,,3K
RA-1539,Aluno-1539,Feminino,2024,,,,,,0.0,,,,EE Maria André Schunck Dona,,,3K,,,Fase 3 (7° e 8° ano),,,6.667,,,10.0,,,6.833333333333333,,,13.0,,,9.027777777666666,,,7.709588888900001,,,,Pública,,7.708333333,,,6.885,,,7.056666667,,,7.5,,,6.0,,,7.0,,,Ametista,,,,3.0,,Cursando,,,3K
RA-154,Aluno-154,Masculino,2017,65.0,714.0,15.0,-1.0,,,Melhorar: Empenhar-se mais nas aulas e avaliações.,Melhorar: Melhorar a sua entrega de lições de casa.,Melhorar: Integrar-se mais aos Princípios Passos Mágicos.,,4,,,Fase 5 (1º EM),,,8.3,,,5.0,,,4.0,,,15.0,,,6.1,,,6.073,,,True,Escola Pública,,,,,6.3,,,6.833,,,2.1,,,3.7,,,6.2,,,Ágata,,,False,4.0,,,Sem limitações,,L,,
RA-1540,Aluno-1540,Feminino,2024,,,,,,-1.0,,,,EE Donizetti Aparecido Leite Professor,,,3M,,,Fase 4 (9° ano),,,8.334,,,5.0,,,2.6666666666666665,,,14.0,,,5.0,,,5.696233333333334,,,,Pública,,7.125,,,7.51,,,6.83,,,4.0,,,2.0,,,2.0,,,Quartzo,,,,5.0,,Cursando,,,3M
RA-1541,Aluno-1541,Masculino,2024,,,,,,0.0,,,,EM Alfredo Schunk,,,3M,,,Fase 3 (7° e 8° ano),,,9.168,,,10.0,,,8.166666666666666,,,13.0,,,8.633333333333333,,,8.337,,,,Pública,,8.25,,,6.88,,,7.736,,,8.5,,,9.0,,,7.0,,,Topázio,,,,5.0,,Cursando,,,3M
RA-1542,Aluno-1542,Feminino,2024,,,,,,-2.0,,,,EE Donizetti Aparecido Leite Professor,,,3M,,,Fase 5 (1° EM),,,7.501,,,5.0,,,3.1666666666666665,,,16.0,,,6.304873294333333,,,6.0886079922,,,,Pública,,7.375,,,8.135,,,6.966,,,5.0,,,1.0,,,3.5,,,Ágata,,,,5.0,,Cursando,,,3M
RA-1543,Aluno-1543,Masculino,2024,,,,,,-1.0,,,,EE Donizetti Aparecido Leite Professor,,,3M,,,Fase 4 (9° ano),,,7.5,,,5.0,,,5.0,,,14.0,,,8.076923077,,,6.754584615400001,,,,Pública,,7.25,,,7.51,,,7.066,,,,,,6.0,,,4.0,,,Ágata,,,,5.0,,Cursando,,,3M
RA-1544,Aluno-1544,Feminino,2024,,,,,,-1.0,,,,EM Cecilia Cristina de Oliveira Rodrigues,,,3M,,,Fase 4 (9° ano),,,8.334,,,5.0,,,5.833333333333333,,,14.0,,,8.674509804,,,6.905568627466667,,,,Pública,,6.625,,,6.885,,,6.598,,,6.5,,,5.5,,,5.5,,,Ágata,,,,5.0,,Cursando,,,3M
RA-1545,Aluno-1545,Feminino,2024,,,,,,0.0,,,,EE Paschoal Carlos Magno,,,3N,,,Fase 3 (7° e 8° ano),,,7.501,,,10.0,,,8.166666666666666,,,12.0,,,6.210826211,,,7.296598575533334,,,,Pública,,6.25,,,8.13,,,6.165,,,10.0,,,8.0,,,6.5,,,Ametista,,,,2.0,,Cursando,,,3N
RA-1546,Aluno-1546,Masculino,2024,,,,,,0.0,,,,EE Paschoal Carlos Magno,,,3N,,,Fase 3 (7° e 8° ano),,,8.334,,,10.0,,,4.666666666666667,,,14.0,,,6.374643874666667,,,6.900662108266667,,,,Pública,,7.5,,,8.75,,,6.17,,,6.0,,,5.0,,,3.0,,,Ágata,,,,2.0,,Cursando,,,3N
RA-1547,Aluno-1547,Feminino,2024,,,,,,-1.0,,,,EE Donizetti Aparecido Leite Professor,,,3N,,,Fase 4 (9° ano),,,7.917,,,5.0,,,6.666666666666667,,,14.0,,,6.467236467333334,,,6.748480626800001,,,,Pública,,7.5,,,8.13,,,6.335,,,4.5,,,9.5,,,6.0,,,Ágata,,,,2.0,,Cursando,,,3N
RA-1548,Aluno-1548,Feminino,2024,,,,,,0.0,,,,Estuda em outra cidade,,,3N,,,Fase 3 (7° e 8° ano),,,8.334,,,10.0,,,4.833333333333333,,,13.0,,,5.2421652420000004,,,6.482499715066667,,,,Pública,,7.5,,,7.51,,,5.665,,,1.0,,,9.0,,,4.5,,,Ágata,,,,2.0,,Cursando,,,3N
RA-1549,Aluno-1549,Masculino,2024,,,,,,-2.0,,,,EE Maria André Schunck Dona,,,3N,,,Fase 5 (1° EM),,,9.585,,,5.0,,,4.166666666666667,,,15.0,,,7.441394335666668,,,6.514862200466668,,,,Pública,,7.1875,,,7.51,,,6.325,,,4.0,,,5.5,,,3.0,,,Ágata,,,,2.0,,Cursando,,,3N
RA-155,Aluno-155,Masculino,2022,39.0,470.0,9.0,-2.0,-2.0,0.0,Melhorar: Empenhar-se mais nas aulas e avaliações.,Destaque: A sua boa entrega das lições de casa.,Melhorar: Integrar-se mais aos Princípios Passos Mágicos.,Faculdade FIAP,4,FASE 5,8F,Fase 6 (2º EM),Fase 7 (3° EM),Fase 8 (Universitários),10.0,7.9,,5.0,5.0,10.0,5.2,4.4,,16.0,17.0,18.0,8.3,8.1,0.0,7.051,6.318991667,,True,Escola Pública,Pública,Privada *Parcerias com Bolsa 100%,7.03125,,7.5,5.0,,6.833,6.5875,,4.3,5.2,,4.3,5.3,,6.8,2.8,,Ametista,Ágata,,False,4.0,4.0,0.0,Não atendido,Cursando,L,5L,8F
RA-1550,Aluno-1550,Masculino,2024,,,,,,-1.0,,,,EE Maria André Schunck Dona,,,3P,,,Fase 4 (9° ano),,,9.585,,,5.0,,,4.333333333333333,,,15.0,,,5.222222222,,,6.064236111066667,,,,Pública,,7.03125,,,7.51,,,6.2025,,,5.0,,,5.0,,,3.0,,,Ágata,,,,4.0,,Cursando,,,3P
RA-1551,Aluno-1551,Masculino,2024,,,,,,-2.0,,,,EE Donizetti Aparecido Leite Professor,,,3P,,,Fase 5 (1° EM),,,9.585,,,5.0,,,3.5,,,15.0,,,4.7710437709999995,,,5.9717087542,,,,Pública,,7.5,,,7.51,,,6.79,,,4.0,,,1.0,,,5.5,,,Quartzo,,,,4.0,,Cursando,,,3P
RA-1552,Aluno-1552,Masculino,2024,,,,,,0.0,,,,EM Cecilia Cristina de Oliveira Rodrigues,,,3P,,,Fase 3 (7° e 8° ano),,,9.585,,,10.0,,,3.1666666666666665,,,13.0,,,9.743589743666666,,,7.443301282066667,,,,Pública,,7.1875,,,7.51,,,7.165,,,4.0,,,1.0,,,4.5,,,Ametista,,,,4.0,,Cursando,,,3P
RA-1553,Aluno-1553,Masculino,2024,,,,,,0.0,,,,EE Donizetti Aparecido Leite Professor,,,3R,,,Fase 3 (7° e 8° ano),,,8.334,,,10.0,,,4.333333333333333,,,13.0,,,9.003921568666668,,,7.641184313700001,,,,Pública,,8.333333333,,,7.51,,,7.78,,,2.0,,,6.0,,,5.0,,,Ametista,,,,3.0,,Cursando,,,3R
RA-1554,Aluno-1554,Masculino,2024,,,,,,-2.0,,,,EE Maria André Schunck Dona,,,3R,,,Fase 5 (1° EM),,,6.666,,,5.0,,,4.0,,,15.0,,,9.629629629666667,,,6.941692592633334,,,,Pública,,7.291666667,,,8.76,,,7.22,,,5.0,,,3.0,,,,,,Ágata,,,,3.0,,Cursando,,,3R
RA-1555,Aluno-1555,Masculino,2024,,,,,,0.0,,,,EE Donizetti Aparecido Leite Professor,,,3R,,,Fase 3 (7° e 8° ano),,,8.334,,,10.0,,,3.0,,,13.0,,,10.0,,,7.4827333334,,,,Pública,,8.125,,,6.255,,,8.056666667,,,0.0,,,9.0,,,0.0,,,Ametista,,,,3.0,,Cursando,,,3R
RA-1556,Aluno-1556,Masculino,2024,,,,,,0.0,,,,EE Donizetti Aparecido Leite Professor,,,3U,,,Fase 3 (7° e 8° ano),,,7.917,,,10.0,,,4.0,,,14.0,,,5.222222222333333,,,6.666811111166668,,,,Pública,,7.916666667,,,7.51,,,7.44,,,4.5,,,3.5,,,,,,Ágata,,,,3.0,,Cursando,,,3U
RA-1557,Aluno-1557,Feminino,2024,,,,,,0.0,,,,EE Donizetti Aparecido Leite Professor,,,3U,,,Fase 3 (7° e 8° ano),,,9.585,,,10.0,,,7.0,,,14.0,,,8.916666666666666,,,8.228500000033334,,,,Pública,,7.916666667,,,7.51,,,7.72,,,8.0,,,6.0,,,,,,Topázio,,,,3.0,,Cursando,,,3U
RA-1558,Aluno-1558,Masculino,2024,,,,,,-1.0,,,,EE Joaquim Mendes Feliz,,,4A,,,Fase 5 (1° EM),,,9.168,,,5.0,,,5.5,,,16.0,,,8.705360238666666,,,7.643772047733333,,,,Pública,,8.5,,,8.755,,,8.302,,,6.0,,,5.0,,,5.5,,,Ametista,,,,5.0,,Cursando,,,4A
RA-1559,Aluno-1559,Feminino,2024,,,,,,-1.0,,,,EE Paschoal Carlos Magno,,,4A,,,Fase 5 (1° EM),,,7.917,,,5.0,,,4.666666666666667,,,15.0,,,5.2929755216666665,,,6.330428437666668,,,,Pública,,8.375,,,6.885,,,7.604,,,6.0,,,8.0,,,0.0,,,Ágata,,,,5.0,,Cursando,,,4A
RA-156,Aluno-156,Masculino,2018,30.0,376.0,6.0,-1.0,,,Melhorar: Empenhar-se mais nas aulas e avaliações.,Destaque: A sua boa entrega das lições de casa.,Destaque: A sua boa integração aos Princípios Passos Mágicos.,,4,,,Fase 5 (1º EM),,,10.0,,,5.0,,,4.4,,,15.0,,,8.3,,,7.357,,,True,Escola Pública,,,,,9.4,,,7.792,,,2.1,,,4.7,,,6.5,,,Ametista,,,False,4.0,,,Sem limitações,,L,,
RA-1560,Aluno-1560,Feminino,2024,,,,,,1.0,,,,Colégio Arco Íris Evolução,,,4A,,,Fase 3 (7° e 8° ano),,,9.168,,,10.0,,,8.166666666666666,,,14.0,,,9.206349206333334,,,8.4721031746,,,,Privada,,8.5,,,5.635,,,8.336,,,10.0,,,6.0,,,8.5,,,Topázio,,,,5.0,,Cursando,,,4A
RA-1561,Aluno-1561,Masculino,2024,,,,,,-1.0,,,,EE Joaquim Mendes Feliz,,,4A,,,Fase 5 (1° EM),,,9.585,,,5.0,,,9.0,,,16.0,,,9.174603174666666,,,7.9402206349333335,,,,Pública,,8.0,,,5.0,,,7.734,,,10.0,,,8.5,,,8.5,,,Ametista,,,,5.0,,Cursando,,,4A
RA-1562,Aluno-1562,Feminino,2024,,,,,,-2.0,,,,EE Alexandre Rodrigues Nogueira,,,4B,,,Fase 6 (2° EM),,,6.25,,,5.0,,,0.5,,,16.0,,,8.666666666666666,,,5.458833333333334,,,,Pública,,6.25,,,5.01,,,6.8725,,,,,,0.5,,,,,,Quartzo,,,,4.0,,Cursando,,,4B
RA-1563,Aluno-1563,Feminino,2024,,,,,,-1.0,,,,EE Alexandre Rodrigues Nogueira,,,4B,,,Fase 5 (1° EM),,,8.751,,,5.0,,,7.0,,,15.0,,,8.305555555666666,,,7.604211111133335,,,,Pública,,7.25,,,7.51,,,8.46,,,8.5,,,5.0,,,7.5,,,Ametista,,,,4.0,,Cursando,,,4B
RA-1564,Aluno-1564,Masculino,2024,,,,,,-1.0,,,,EE Alexandre Rodrigues Nogueira,,,4B,,,Fase 5 (1° EM),,,8.334,,,5.0,,,2.1666666666666665,,,15.0,,,4.942067736333334,,,5.0761468806000005,,,,Pública,,5.75,,,6.885,,,5.2875,,,2.0,,,1.0,,,3.5,,,Quartzo,,,,4.0,,Cursando,,,4B
RA-1565,Aluno-1565,Masculino,2024,,,,,,-1.0,,,,EE Alexandre Rodrigues Nogueira,,,4B,,,Fase 5 (1° EM),,,0.0,,,5.0,,,5.5,,,16.0,,,8.102240896333333,,,5.816448179266667,,,,Pública,,6.375,,,7.51,,,6.0375,,,6.5,,,7.0,,,3.0,,,Quartzo,,,,4.0,,Cursando,,,4B
RA-1566,Aluno-1566,Feminino,2024,,,,,,-2.0,,,,EE Alexandre Rodrigues Nogueira,,,4B,,,Fase 6 (2° EM),,,9.168,,,5.0,,,6.5,,,17.0,,,9.247219355666667,,,7.759243871133334,,,,Pública,,7.75,,,7.51,,,8.335,,,8.5,,,3.0,,,8.0,,,Ametista,,,,4.0,,Cursando,,,4B
RA-1567,Aluno-1567,Feminino,2024,,,,,,-2.0,,,,EE Alexandre Rodrigues Nogueira,,,4B,,,Fase 6 (2° EM),,,8.334,,,5.0,,,8.166666666666666,,,16.0,,,8.771043771,,,7.913942087533334,,,,Pública,,7.75,,,7.51,,,8.335,,,10.0,,,5.0,,,9.5,,,Ametista,,,,4.0,,Cursando,,,4B
RA-1568,Aluno-1568,Feminino,2024,,,,,,-1.0,,,,EE Paschoal Carlos Magno,,,4B,,,Fase 5 (1° EM),,,9.168,,,5.0,,,8.166666666666666,,,15.0,,,7.493464052333334,,,7.8003261438000004,,,,Pública,,8.0,,,7.51,,,8.5025,,,9.5,,,7.5,,,7.5,,,Ametista,,,,4.0,,Cursando,,,4B
RA-1569,Aluno-1569,Feminino,2024,,,,,,-2.0,,,,EE Alexandre Rodrigues Nogueira,,,4B,,,Fase 6 (2° EM),,,6.666,,,5.0,,,2.1666666666666665,,,17.0,,,7.111111111333334,,,5.7191555556,,,,Pública,,6.875,,,6.26,,,6.9175,,,1.5,,,2.0,,,3.0,,,Quartzo,,,,4.0,,Cursando,,,4B
RA-157,Aluno-157,Feminino,2018,6.0,59.0,1.0,1.0,2.0,,Destaque: As suas boas notas na Passos Mágicos.,Destaque: A sua boa entrega das lições de casa.,Destaque: A sua boa integração aos Princípios Passos Mágicos.,,4,FASE 5,,Fase 3 (7º e 8º ano),Fase 3 (7° e 8° ano),,7.5,7.1,,10.0,10.0,,7.7,6.8,,12.0,13.0,,10.0,9.9,,8.317,7.879008333,,False,Rede Decisão,Privada - Programa de Apadrinhamento,,8.59375,,6.3,2.52,,8.292,8.63,,8.7,7.5,,7.0,6.0,,7.5,6.8,,Topázio,Ametista,,False,4.0,4.0,,Requer avaliação,,L,5M,
RA-157,Aluno-157,Feminino,2021,,,,,,1.0,,,,Colégio Arco Íris Evolução,,,5N,,,Fase 4 (9° ano),,,8.334,,,10.0,,,9.666666666666666,,,14.0,,,10.0,,,8.950566666733334,,,,Privada - Programa de Apadrinhamento,,8.125,,,6.26,,,8.726666667,,,10.0,,,10.0,,,9.0,,,Topázio,,,,3.0,,Cursando,,,5N
RA-1570,Aluno-1570,Feminino,2024,,,,,,-1.0,,,,EE Alexandre Rodrigues Nogueira,,,4B,,,Fase 5 (1° EM),,,9.585,,,5.0,,,8.333333333333334,,,16.0,,,7.542087542,,,7.894084175066667,,,,Pública,,7.75,,,7.51,,,8.6725,,,9.5,,,6.5,,,9.0,,,Ametista,,,,4.0,,Cursando,,,4B
RA-1571,Aluno-1571,Masculino,2024,,,,,,-1.0,,,,EE Alexandre Rodrigues Nogueira,,,4B,,,Fase 5 (1° EM),,,8.334,,,5.0,,,5.666666666666667,,,16.0,,,9.111111111333335,,,7.2484555556,,,,Pública,,7.5,,,5.005,,,8.545,,,6.0,,,5.0,,,6.0,,,Ametista,,,,4.0,,Cursando,,,4B
RA-1572,Aluno-1572,Feminino,2024,,,,,,-1.0,,,,EE Paschoal Carlos Magno,,,4C,,,Fase 5 (1° EM),,,9.168,,,5.0,,,7.5,,,15.0,,,9.841269841333334,,,8.080345634866667,,,,Pública,,7.65625,,,7.51,,,8.393333333,,,8.5,,,7.5,,,6.5,,,Topázio,,,,3.0,,Cursando,,,4C
RA-1573,Aluno-1573,Masculino,2024,,,,,,-1.0,,,,EE Olivia de Faria Nogueira,,,4C,,,Fase 5 (1° EM),,,9.168,,,5.0,,,5.0,,,16.0,,,6.120448179333334,,,6.743847969266667,,,,Pública,,7.65625,,,6.26,,,8.556666667,,,9.0,,,0.0,,,6.0,,,Ágata,,,,3.0,,Cursando,,,4C
RA-1574,Aluno-1574,Feminino,2024,,,,,,-1.0,,,,EE Paschoal Carlos Magno,,,4C,,,Fase 5 (1° EM),,,8.751,,,5.0,,,7.333333333333333,,,16.0,,,8.399470899666667,,,7.777244180000001,,,,Pública,,7.8125,,,7.51,,,8.616666667,,,9.0,,,7.0,,,6.0,,,Ametista,,,,3.0,,Cursando,,,4C
RA-1575,Aluno-1575,Feminino,2024,,,,,,-1.0,,,,EE Olivia de Faria Nogueira,,,4C,,,Fase 5 (1° EM),,,9.168,,,5.0,,,5.333333333333333,,,16.0,,,8.624338624,,,7.318459391466667,,,,Pública,,7.65625,,,6.885,,,8.28,,,8.5,,,0.0,,,7.5,,,Ametista,,,,3.0,,Cursando,,,4C
RA-1576,Aluno-1576,Feminino,2024,,,,,,-1.0,,,,EE Loris Nassif Mattar Profa,,,4C,,,Fase 5 (1° EM),,,8.334,,,5.0,,,6.666666666666667,,,16.0,,,9.523809523666666,,,7.4636202380666665,,,,Pública,,6.40625,,,5.635,,,8.44,,,8.0,,,7.5,,,4.5,,,Ametista,,,,3.0,,Cursando,,,4C
RA-1577,Aluno-1577,Masculino,2024,,,,,,-1.0,,,,EE Mario Francisco de Amorim,,,4C,,,Fase 5 (1° EM),,,10.002,,,5.0,,,4.333333333333333,,,16.0,,,4.993386243333333,,,6.305585581933334,,,,Pública,,7.34375,,,7.51,,,7.273333333,,,2.0,,,4.0,,,7.0,,,Ágata,,,,3.0,,Cursando,,,4C
RA-1578,Aluno-1578,Feminino,2024,,,,,,1.0,,,,EE Olivia de Faria Nogueira,,,4F,,,Fase 3 (7° e 8° ano),,,8.334,,,10.0,,,7.333333333333333,,,13.0,,,6.761695906666667,,,7.880605848,,,,Pública,,7.5,,,7.51,,,8.636,,,10.0,,,6.0,,,6.0,,,Ametista,,,,5.0,,Cursando,,,4F
RA-1579,Aluno-1579,Feminino,2022,,,,,,-2.0,,,,EE Joaquim Mendes Feliz,,,4F,,,Fase 6 (2° EM),,,8.751,,,5.0,,,7.166666666666667,,,16.0,,,9.090261886999999,,,7.894385710733333,,,,Pública,,8.5,,,5.635,,,9.272,,,8.0,,,7.5,,,6.0,,,Ametista,,,,5.0,,Cursando,,,4F
RA-158,Aluno-158,Feminino,2017,32.0,392.0,7.0,-3.0,1.0,,Melhorar: Empenhar-se mais nas aulas e avaliações.,Destaque: A sua boa entrega das lições de casa.,Destaque: A sua boa integração aos Princípios Passos Mágicos.,,4,FASE 5,,Fase 7 (3º EM),Fase 4 (9° ano),,7.9,7.1,,2.5,10.0,,6.6,6.0,,17.0,,,9.8,9.0,,7.302,7.297425,,False,Rede Decisão,Privada - Programa de Apadrinhamento,,8.28125,,5.6,2.52,,8.125,7.545,,8.1,6.3,,5.0,6.0,,6.7,5.7,,Ametista,Ametista,,False,4.0,4.0,,Requer avaliação,,L,5M,
RA-158,Aluno-158,Feminino,2021,,,,,,0.0,,,,Colégio Arco Íris Evolução,,,5M,,,Fase 5 (1° EM),,,8.334,,,10.0,,,4.0,,,15.0,,,7.796296296333334,,,6.855159259266667,,,,Privada - Programa de Apadrinhamento,,6.875,,,6.26,,,6.745,,,8.0,,,2.5,,,1.5,,,Ágata,,,,4.0,,Cursando,,,5M
RA-1580,Aluno-1580,Masculino,2024,,,,,,-1.0,,,,EE Paschoal Carlos Magno,,,4F,,,Fase 5 (1° EM),,,8.751,,,5.0,,,6.166666666666667,,,16.0,,,9.049953314666666,,,7.790523996266667,,,,Pública,,7.875,,,7.51,,,9.168,,,6.0,,,5.0,,,7.5,,,Ametista,,,,5.0,,Cursando,,,4F
RA-1581,Aluno-1581,Masculino,2024,,,,,,-1.0,,,,EE Olivia de Faria Nogueira,,,4H,,,Fase 5 (1° EM),,,8.334,,,5.0,,,6.333333333333333,,,16.0,,,7.834844760666667,,,6.9787022855,,,,Pública,,7.083333333,,,6.26,,,7.386666667,,,7.5,,,7.0,,,4.5,,,Ágata,,,,3.0,,Cursando,,,4H
RA-1582,Aluno-1582,Masculino,2024,,,,,,-1.0,,,,EE Paschoal Carlos Magno,,,4H,,,Fase 5 (1° EM),,,8.334,,,5.0,,,4.5,,,15.0,,,8.069444444333334,,,6.472788888966667,,,,Pública,,6.666666667,,,6.255,,,6.666666667,,,4.5,,,7.0,,,2.0,,,Ágata,,,,3.0,,Cursando,,,4H
RA-1583,Aluno-1583,Feminino,2024,,,,,,-1.0,,,,EE Mario Francisco de Amorim,,,4H,,,Fase 5 (1° EM),,,7.917,,,5.0,,,8.166666666666666,,,15.0,,,7.753623188333333,,,7.8197579711000005,,,,Pública,,9.166666667,,,6.26,,,9.006666667,,,10.0,,,8.0,,,6.5,,,Ametista,,,,3.0,,Cursando,,,4H
RA-1584,Aluno-1584,Feminino,2024,,,,,,-1.0,,,,Estuda em outra cidade,,,4L,,,Fase 5 (1° EM),,,8.334,,,5.0,,,5.5,,,15.0,,,9.153439153333332,,,7.429837830666667,,,,Pública,,7.8125,,,7.51,,,8.1675,,,5.0,,,6.0,,,5.5,,,Ametista,,,,4.0,,Cursando,,,4L
RA-1585,Aluno-1585,Feminino,2024,,,,,,-1.0,,,,EE Donizetti Aparecido Leite Professor,,,4L,,,Fase 5 (1° EM),,,10.002,,,5.0,,,4.0,,,15.0,,,6.775210084333334,,,6.730367016866668,,,,Pública,,7.65625,,,7.51,,,7.7925,,,4.0,,,5.0,,,3.0,,,Ágata,,,,4.0,,Cursando,,,4L
RA-1586,Aluno-1586,Feminino,2024,,,,,,-1.0,,,,EE Donizetti Aparecido Leite Professor,,,4L,,,Fase 5 (1° EM),,,10.002,,,5.0,,,5.666666666666667,,,15.0,,,6.128654970666666,,,6.555764327466668,,,,Pública,,6.875,,,5.01,,,7.54,,,8.0,,,3.5,,,5.5,,,Ágata,,,,4.0,,Cursando,,,4L
RA-1587,Aluno-1587,Feminino,2024,,,,,,-2.0,,,,EE Donizetti Aparecido Leite Professor,,,4L,,,Fase 6 (2° EM),,,9.168,,,5.0,,,3.75,,,16.0,,,10.0,,,7.34055,,,,Pública,,7.8125,,,7.51,,,8.2075,,,,,,7.5,,,0.0,,,Ametista,,,,4.0,,Cursando,,,4L
RA-1588,Aluno-1588,Feminino,2024,,,,,,0.0,,,,EE Maria André Schunck Dona,,,4L,,,Fase 4 (9° ano),,,7.917,,,10.0,,,4.0,,,14.0,,,8.640618640666666,,,7.303823728133333,,,,Pública,,7.5,,,7.51,,,7.415,,,,,,3.5,,,4.5,,,Ametista,,,,4.0,,Cursando,,,4L
RA-1589,Aluno-1589,Feminino,2024,,,,,,-1.0,,,,EE Donizetti Aparecido Leite Professor,,,4M,,,Fase 5 (1° EM),,,0.0,,,5.0,,,2.5,,,15.0,,,6.259259259333334,,,5.260851851866667,,,,Pública,,7.5,,,7.51,,,7.54,,,,,,3.0,,,2.0,,,Quartzo,,,,4.0,,Cursando,,,4M
RA-159,Aluno-159,Feminino,2021,58.0,644.0,14.0,-1.0,-2.0,,Melhorar: Empenhar-se mais nas aulas e avaliações.,Destaque: A sua boa entrega das lições de casa.,Melhorar: Integrar-se mais aos Princípios Passos Mágicos.,,4,FASE 4,,Fase 5 (1º EM),Fase 6 (2° EM),,8.3,7.9,,5.0,5.0,,4.7,6.3,,15.0,16.0,,8.1,8.1,,6.49,6.805033333,,False,Escola Pública,Pública,,8.125,,5.6,2.52,,6.458,7.8775,,3.9,7.8,,4.3,5.0,,5.8,6.0,,Ágata,Ágata,,False,4.0,4.0,,Requer avaliação,,L,4N,
RA-1590,Aluno-1590,Feminino,2024,,,,,,-1.0,,,,EE Maria André Schunck Dona,,,4N,,,Fase 5 (1° EM),,,7.917,,,5.0,,,8.666666666666666,,,15.0,,,8.267770876333332,,,8.1907875086,,,,Pública,,10.0,,,7.51,,,8.806,,,9.5,,,8.5,,,8.0,,,Topázio,,,,5.0,,Cursando,,,4N
RA-1591,Aluno-1591,Feminino,2024,,,,,,-2.0,,,,EE Maria André Schunck Dona,,,4N,,,Fase 6 (2° EM),,,7.083,,,5.0,,,3.5,,,16.0,,,6.430976431,,,6.1707952862,,,,Pública,,8.125,,,7.51,,,7.064,,,3.0,,,3.0,,,4.5,,,Ágata,,,,5.0,,Cursando,,,4N
RA-1592,Aluno-1592,Feminino,2024,,,,,,-1.0,,,,EE Maria André Schunck Dona,,,4N,,,Fase 5 (1° EM),,,7.917,,,5.0,,,5.5,,,15.0,,,6.854727398333334,,,6.812545479666667,,,,Pública,,8.125,,,7.51,,,7.432,,,5.0,,,4.0,,,7.5,,,Ágata,,,,5.0,,Cursando,,,4N
RA-1593,Aluno-1593,Masculino,2024,,,,,,-1.0,,,,EE Maria André Schunck Dona,,,4N,,,Fase 5 (1° EM),,,6.249,,,5.0,,,6.5,,,15.0,,,4.868875086666667,,,6.638525017333334,,,,Pública,,9.0625,,,6.26,,,8.538,,,4.0,,,9.0,,,6.5,,,Ágata,,,,5.0,,Cursando,,,4N
RA-1594,Aluno-1594,Masculino,2024,,,,,,-2.0,,,,EE Maria André Schunck Dona,,,4N,,,Fase 6 (2° EM),,,9.585,,,5.0,,,3.0,,,16.0,,,6.112836439,,,5.731267287800001,,,,Pública,,6.25,,,6.26,,,5.996,,,4.0,,,1.0,,,4.0,,,Quartzo,,,,5.0,,Cursando,,,4N
RA-1595,Aluno-1595,Masculino,2024,,,,,,0.0,,,,EM Cecilia Cristina de Oliveira Rodrigues,,,4R,,,Fase 4 (9° ano),,,8.334,,,10.0,,,2.3333333333333335,,,14.0,,,7.949735449666666,,,6.6599304233000005,,,,Pública,,7.395833333,,,6.26,,,7.021666667,,,4.0,,,3.0,,,0.0,,,Ágata,,,,6.0,,Cursando,,,4R
RA-1596,Aluno-1596,Feminino,2024,,,,,,-2.0,,,,EE Donizetti Aparecido Leite Professor,,,4R,,,Fase 6 (2° EM),,,8.751,,,5.0,,,3.3333333333333335,,,17.0,,,10.0,,,7.261016666766667,,,,Pública,,8.229166667,,,7.51,,,8.226666667,,,5.0,,,5.0,,,0.0,,,Ametista,,,,6.0,,Cursando,,,4R
RA-1597,Aluno-1597,Feminino,2024,,,,,,-1.0,,,,EE Donizetti Aparecido Leite Professor,,,4R,,,Fase 5 (1° EM),,,7.5,,,5.0,,,2.8333333333333335,,,16.0,,,8.412698412666666,,,6.7187063492,,,,Pública,,8.125,,,7.51,,,8.28,,,6.5,,,2.0,,,0.0,,,Ágata,,,,6.0,,Cursando,,,4R
RA-1598,Aluno-1598,Feminino,2024,,,,,,0.0,,,,EE Paschoal Carlos Magno,,,5B,,,Fase 5 (1° EM),,,9.585,,,10.0,,,7.5,,,15.0,,,8.857142857,,,8.4656285714,,,,Pública,,8.375,,,7.51,,,8.236,,,,,,7.5,,,7.5,,,Topázio,,,,5.0,,Cursando,,,5B
RA-1599,Aluno-1599,Feminino,2024,,,,,,-2.0,,,,EE Joaquim Mendes Feliz,,,5B,,,Fase 7 (3° EM),,,8.334,,,5.0,,,6.5,,,17.0,,,9.666666666666666,,,7.6059333333333345,,,,Pública,,7.75,,,7.51,,,7.566,,,,,,7.0,,,6.0,,,Ametista,,,,5.0,,Cursando,,,5B
RA-16,Aluno-16,Masculino,2022,14.0,706.0,8.0,-1.0,,,Melhorar: Empenhar-se mais nas aulas e avaliações.,Destaque: A sua boa entrega das lições de casa.,Melhorar: Integrar-se mais aos Princípios Passos Mágicos.,,7,,,Fase 8 (Universitários),,,7.9,,,5.0,,,3.5,,,19.0,,,8.3,,,6.112,,,True,Escola Pública,,,,,5.0,,,6.333,,,,,,7.0,,,0.0,,,Ágata,,,False,4.0,,,Requer avaliação,,D,,
RA-160,Aluno-160,Feminino,2021,52.0,568.0,12.0,-1.0,-1.0,-1.0,Melhorar: Empenhar-se mais nas aulas e avaliações.,Melhorar: Melhorar a sua entrega de lições de casa.,Destaque: A sua boa integração aos Princípios Passos Mágicos.,Colégio Arco Íris Evolução,4,FASE 5,5L,Fase 5 (1º EM),Fase 6 (2° EM),Fase 6 (2° EM),7.5,8.8,8.334,5.0,5.0,5.0,5.3,5.0,5.666666666666667,15.0,16.0,17.0,7.2,8.3,7.416666666666667,6.746,6.598266667,6.855108333266668,True,Escola Pública,Privada - Programa de Apadrinhamento,Privada - Programa de Apadrinhamento,8.125,7.34375,5.6,2.52,6.26,8.25,7.46,7.723333333,7.1,8.0,8.5,2.7,3.3,3.0,6.0,3.8,5.5,Ágata,Ágata,Ágata,False,4.0,4.0,3.0,Requer avaliação,Cursando,L,5L,5L
RA-1600,Aluno-1600,Feminino,2024,,,,,,-2.0,,,,EE Paschoal Carlos Magno,,,5B,,,Fase 7 (3° EM),,,8.751,,,5.0,,,5.666666666666667,,,17.0,,,8.425925926,,,6.750618518533334,,,,Pública,,7.25,,,6.26,,,6.03,,,10.0,,,5.0,,,2.0,,,Ágata,,,,5.0,,Cursando,,,5B
RA-1601,Aluno-1601,Feminino,2024,,,,,,-1.0,,,,EE Leonice de Aquino Oliveira,,,5C,,,Fase 6 (2° EM),,,8.751,,,5.0,,,6.5,,,17.0,,,7.0,,,7.2431,,,,Pública,,7.5,,,7.51,,,8.335,,,9.5,,,5.0,,,5.0,,,Ametista,,,,4.0,,Cursando,,,5C
RA-1602,Aluno-1602,Feminino,2024,,,,,,0.0,,,,EE Leonice de Aquino Oliveira,,,5C,,,Fase 5 (1° EM),,,7.917,,,10.0,,,7.166666666666667,,,15.0,,,8.782407407333332,,,8.041889814800001,,,,Pública,,7.34375,,,7.51,,,7.875,,,10.0,,,9.5,,,2.0,,,Topázio,,,,4.0,,Cursando,,,5C
RA-1603,Aluno-1603,Feminino,2024,,,,,,-1.0,,,,EE Olivia de Faria Nogueira,,,5C,,,Fase 6 (2° EM),,,7.5,,,5.0,,,8.333333333333334,,,16.0,,,9.259259258999998,,,7.836518518466668,,,,Pública,,7.5,,,7.51,,,7.835,,,9.5,,,8.5,,,7.0,,,Ametista,,,,4.0,,Cursando,,,5C
RA-1604,Aluno-1604,Masculino,2024,,,,,,-1.0,,,,EE Maria André Schunck Dona,,,5C,,,Fase 6 (2° EM),,,9.168,,,5.0,,,8.5,,,16.0,,,7.777777778,,,8.0118555556,,,,Pública,,8.125,,,7.51,,,8.88,,,10.0,,,10.0,,,5.5,,,Topázio,,,,4.0,,Cursando,,,5C
RA-1605,Aluno-1605,Masculino,2024,,,,,,-1.0,,,,EE Leonice de Aquino Oliveira,,,5D,,,Fase 6 (2° EM),,,0.0,,,5.0,,,2.5,,,16.0,,,5.0694444443333335,,,4.920488888866667,,,,Pública,,7.5,,,7.51,,,7.028,,,0.0,,,0.0,,,7.5,,,Quartzo,,,,5.0,,Cursando,,,5D
RA-1606,Aluno-1606,Feminino,2024,,,,,,-2.0,,,,EE Paschoal Carlos Magno,,,5D,,,Fase 7 (3° EM),,,8.334,,,5.0,,,2.5,,,17.0,,,5.148148148,,,5.8216796296,,,,Pública,,7.8125,,,7.51,,,7.132,,,0.0,,,7.5,,,0.0,,,Quartzo,,,,5.0,,Cursando,,,5D
RA-1607,Aluno-1607,Masculino,2024,,,,,,-1.0,,,,EE Olivia de Faria Nogueira,,,5D,,,Fase 6 (2° EM),,,5.833,,,5.0,,,0.0,,,16.0,,,6.222222222333333,,,4.899894444466667,,,,Pública,,6.5625,,,5.635,,,6.762,,,0.0,,,,,,0.0,,,Quartzo,,,,5.0,,Cursando,,,5D
RA-1608,Aluno-1608,Masculino,2024,,,,,,0.0,,,,EE Paschoal Carlos Magno,,,5D,,,Fase 5 (1° EM),,,8.751,,,10.0,,,5.0,,,15.0,,,7.199074074333335,,,7.072539814866667,,,,Pública,,6.40625,,,7.51,,,6.83,,,3.0,,,8.5,,,3.5,,,Ametista,,,,5.0,,Cursando,,,5D
RA-1609,Aluno-1609,Feminino,2024,,,,,,-2.0,,,,EE Joaquim Mendes Feliz,,,5F,,,Fase 7 (3° EM),,,8.334,,,5.0,,,6.0,,,17.0,,,9.666666666666666,,,7.577233333233334,,,,Pública,,7.708333333,,,7.51,,,7.943333333,,,8.0,,,6.0,,,4.0,,,Ametista,,,,3.0,,Cursando,,,5F
RA-161,Aluno-161,Feminino,2018,14.0,153.0,4.0,2.0,1.0,,Melhorar: Empenhar-se mais nas aulas e avaliações.,Destaque: A sua boa entrega das lições de casa.,Destaque: A sua boa integração aos Princípios Passos Mágicos.,,4,FASE 5,,Fase 2 (5º e 6º ano),Fase 4 (9° ano),,7.9,0.0,,10.0,10.0,,6.9,5.8,,11.0,14.0,,9.1,7.3,,7.957,6.250166667,,False,Rede Decisão,Privada - Programa de Apadrinhamento,,8.125,,5.6,2.52,,8.083,7.795,,8.5,6.0,,5.3,7.0,,6.8,4.5,,Ametista,Ágata,,False,4.0,4.0,,Requer avaliação,,L,5M,
RA-161,Aluno-161,Feminino,2021,,,,,,0.0,,,,Colégio Arco Íris Evolução,,,5L,,,Fase 5 (1° EM),,,8.751,,,10.0,,,4.0,,,15.0,,,7.965686274666666,,,7.258445588333334,,,,Privada - Programa de Apadrinhamento,,7.96875,,,6.26,,,7.836666667,,,0.0,,,5.0,,,7.0,,,Ametista,,,,3.0,,Cursando,,,5L
RA-1610,Aluno-1610,Masculino,2024,,,,,,-2.0,,,,EE Paschoal Carlos Magno,,,5F,,,Fase 7 (3° EM),,,9.168,,,5.0,,,5.166666666666667,,,17.0,,,7.753697970666667,,,6.7023729275666675,,,,Pública,,7.291666667,,,7.51,,,6.106666667,,,9.5,,,4.0,,,2.0,,,Ágata,,,,3.0,,Cursando,,,5F
RA-1611,Aluno-1611,Masculino,2024,,,,,,-2.0,,,,EE Joaquim Mendes Feliz,,,5F,,,Fase 7 (3° EM),,,7.083,,,5.0,,,4.5,,,17.0,,,8.361426442,,,6.4589186218000005,,,,Pública,,7.5,,,7.51,,,5.886666667,,,9.0,,,2.0,,,2.5,,,Ágata,,,,3.0,,Cursando,,,5F
RA-1612,Aluno-1612,Masculino,2024,,,,,,-2.0,,,,EE Joaquim Mendes Feliz,,,5F,,,Fase 7 (3° EM),,,6.666,,,5.0,,,6.166666666666667,,,18.0,,,8.523809523666666,,,7.014528571366666,,,,Pública,,7.708333333,,,7.51,,,6.94,,,7.0,,,5.0,,,6.5,,,Ametista,,,,3.0,,Cursando,,,5F
RA-1613,Aluno-1613,Feminino,2024,,,,,,-2.0,,,,EE Leonice de Aquino Oliveira,,,5G,,,Fase 7 (3° EM),,,8.334,,,5.0,,,3.0,,,17.0,,,7.1428571430000005,,,6.085471428700001,,,,Pública,,7.291666667,,,7.51,,,6.216666667,,,8.0,,,0.0,,,1.0,,,Ágata,,,,3.0,,Cursando,,,5G
RA-1614,Aluno-1614,Masculino,2024,,,,,,-1.0,,,,EE Donizetti Aparecido Leite Professor,,,5L,,,Fase 6 (2° EM),,,7.5,,,5.0,,,6.5,,,16.0,,,6.574494949666668,,,6.787898989933334,,,,Pública,,7.5,,,7.51,,,7.11,,,9.0,,,5.0,,,5.5,,,Ágata,,,,3.0,,Cursando,,,5L
RA-1615,Aluno-1615,Feminino,2024,,,,,,0.0,,,,EE Donizetti Aparecido Leite Professor,,,5M,,,Fase 5 (1° EM),,,7.917,,,10.0,,,8.333333333333334,,,15.0,,,9.833333333333334,,,8.417533333333333,,,,Pública,,7.5,,,7.51,,,7.4575,,,10.0,,,8.0,,,7.0,,,Topázio,,,,4.0,,Cursando,,,5M
RA-1616,Aluno-1616,Feminino,2024,,,,,,-1.0,,,,Estuda em outra cidade,,,5M,,,Fase 6 (2° EM),,,8.334,,,5.0,,,6.166666666666667,,,17.0,,,8.436274509666667,,,7.147738235266668,,,,Pública,,7.1875,,,7.51,,,7.12,,,6.5,,,5.5,,,6.5,,,Ametista,,,,4.0,,Cursando,,,5M
RA-1617,Aluno-1617,Feminino,2024,,,,,,-1.0,,,,EE Donizetti Aparecido Leite Professor,,,5M,,,Fase 6 (2° EM),,,0.0,,,5.0,,,3.25,,,16.0,,,5.571428571333333,,,4.926285714266666,,,,Pública,,6.875,,,7.51,,,6.1175,,,,,,0.5,,,6.0,,,Quartzo,,,,4.0,,Cursando,,,5M
RA-1618,Aluno-1618,Masculino,2024,,,,,,-1.0,,,,EE Donizetti Aparecido Leite Professor,,,5M,,,Fase 6 (2° EM),,,8.334,,,5.0,,,6.333333333333333,,,17.0,,,7.908496732000001,,,7.0487660130666665,,,,Pública,,7.5,,,7.51,,,6.83,,,7.0,,,5.0,,,7.0,,,Ametista,,,,4.0,,Cursando,,,5M
RA-1619,Aluno-1619,Masculino,2024,,,,,,1.0,,,,EE Maria André Schunck Dona,,,5M,,,Fase 4 (9° ano),,,7.501,,,10.0,,,4.25,,,15.0,,,9.259259259333334,,,7.393951851866667,,,,Pública,,7.5,,,7.51,,,7.205,,,,,,4.0,,,4.5,,,Ametista,,,,4.0,,Cursando,,,5M
RA-162,Aluno-162,Feminino,2021,34.0,423.0,8.0,0.0,,,Melhorar: Empenhar-se mais nas aulas e avaliações.,Destaque: A sua boa entrega das lições de casa.,Melhorar: Integrar-se mais aos Princípios Passos Mágicos.,,4,,,Fase 4 (9º ano),,,6.7,,,10.0,,,5.5,,,14.0,,,8.5,,,7.215,,,False,Escola Pública,,,,,7.5,,,6.542,,,6.4,,,4.7,,,5.5,,,Ametista,,,False,4.0,,,Requer avaliação,,L,,
RA-1620,Aluno-1620,Masculino,2024,,,,,,-1.0,,,,EE Maria André Schunck Dona,,,5N,,,Fase 6 (2° EM),,,8.751,,,5.0,,,5.166666666666667,,,16.0,,,6.666666666666667,,,6.652766666666667,,,,Pública,,7.5,,,7.51,,,7.05,,,3.0,,,5.5,,,7.0,,,Ágata,,,,3.0,,Cursando,,,5N
RA-1621,Aluno-1621,Feminino,2024,,,,,,-1.0,,,,EE Leonice de Aquino Oliveira,,,5N,,,Fase 6 (2° EM),,,7.917,,,5.0,,,8.333333333333334,,,17.0,,,10.0,,,8.107033333366667,,,,Pública,,8.333333333,,,6.26,,,8.446666667,,,10.0,,,7.5,,,7.5,,,Topázio,,,,3.0,,Cursando,,,5N
RA-1622,Aluno-1622,Feminino,2024,,,,,,-1.0,,,,EE Maria André Schunck Dona,,,5N,,,Fase 6 (2° EM),,,8.334,,,5.0,,,9.666666666666666,,,16.0,,,10.0,,,8.429066666633334,,,,Pública,,8.333333333,,,7.51,,,7.89,,,10.0,,,10.0,,,9.0,,,Topázio,,,,3.0,,Cursando,,,5N
RA-1623,Aluno-1623,Masculino,2024,,,,,,0.0,,,,EE Alexandre Rodrigues Nogueira,,,6A,,,Fase 6 (2° EM),,,9.168,,,10.0,,,6.0,,,17.0,,,8.518518518666667,,,7.7609537037333345,,,,Pública,,7.8125,,,6.26,,,7.666,,,10.0,,,5.5,,,2.5,,,Ametista,,,,5.0,,Cursando,,,6A
RA-1624,Aluno-1624,Feminino,2024,,,,,,-1.0,,,,Concluiu o 3º EM,,,6A,,,Fase 7 (3° EM),,,7.917,,,5.0,,,7.5,,,18.0,,,9.460317460333334,,,7.743213492066667,,,,Concluiu o 3º EM,,7.8125,,,7.51,,,7.636,,,9.0,,,8.0,,,5.5,,,Ametista,,,,5.0,,Cursando,,,6A
RA-1625,Aluno-1625,Masculino,2024,,,,,,0.0,,,,EE Joaquim Mendes Feliz,,,6A,,,Fase 6 (2° EM),,,7.5,,,10.0,,,4.333333333333333,,,17.0,,,7.112887113,,,6.888194089266667,,,,Pública,,7.1875,,,7.51,,,6.896,,,8.0,,,3.0,,,2.0,,,Ágata,,,,5.0,,Cursando,,,6A
RA-1626,Aluno-1626,Feminino,2024,,,,,,0.0,,,,EE Paschoal Carlos Magno,,,6A,,,Fase 6 (2° EM),,,8.751,,,10.0,,,7.333333333333333,,,16.0,,,9.696969697,,,8.541085606066668,,,,Pública,,8.28125,,,7.51,,,8.404,,,10.0,,,5.5,,,6.5,,,Topázio,,,,5.0,,Cursando,,,6A
RA-1627,Aluno-1627,Feminino,2024,,,,,,-1.0,,,,EE Alexandre Rodrigues Nogueira,,,6A,,,Fase 7 (3° EM),,,7.083,,,5.0,,,7.833333333333333,,,17.0,,,7.777777777666667,,,7.481547222200001,,,,Pública,,7.65625,,,7.51,,,8.172,,,10.0,,,6.0,,,7.5,,,Ametista,,,,5.0,,Cursando,,,6A
RA-1628,Aluno-1628,Feminino,2024,,,,,,0.0,,,,EE Joaquim Mendes Feliz,,,6A,,,Fase 6 (2° EM),,,8.334,,,10.0,,,5.833333333333333,,,16.0,,,8.509823509666667,,,7.500131368600001,,,,Pública,,6.875,,,7.51,,,6.798,,,9.5,,,3.0,,,5.0,,,Ametista,,,,5.0,,Cursando,,,6A
RA-1629,Aluno-1629,Feminino,2024,,,,,,-1.0,,,,EE Paschoal Carlos Magno,,,6A,,,Fase 7 (3° EM),,,9.585,,,5.0,,,7.25,,,17.0,,,8.645502645666667,,,7.560550529133334,,,,Pública,,7.1875,,,7.51,,,7.266,,,10.0,,,8.75,,,3.0,,,Ametista,,,,5.0,,Cursando,,,6A
RA-163,Aluno-163,Feminino,2021,49.0,556.0,10.0,-1.0,,,Melhorar: Empenhar-se mais nas aulas e avaliações.,Destaque: A sua boa entrega das lições de casa.,Melhorar: Integrar-se mais aos Princípios Passos Mágicos.,,4,,,Fase 5 (1º EM),,,8.8,,,5.0,,,6.7,,,15.0,,,7.9,,,6.797,,,False,Escola Pública,,,,,5.6,,,6.5,,,7.4,,,6.5,,,6.3,,,Ágata,,,False,4.0,,,Requer avaliação,,L,,
RA-1630,Aluno-1630,Masculino,2024,,,,,,0.0,,,,Colégio Arco Íris Evolução,,,6L,,,Fase 6 (2° EM),,,8.334,,,10.0,,,7.333333333333333,,,16.0,,,9.833333333333334,,,8.583133333333334,,,,Privada - Programa de Apadrinhamento,,8.25,,,7.51,,,8.702,,,4.0,,,9.0,,,9.0,,,Topázio,,,,5.0,,Cursando,,,6L
RA-1631,Aluno-1631,Masculino,2024,,,,,,-1.0,,,,Rede Decisão - Unidade União,,,6L,,,Fase 7 (3° EM),,,9.585,,,5.0,,,7.166666666666667,,,17.0,,,10.0,,,8.186433333333333,,,,Privada,,8.5,,,7.51,,,8.468,,,10.0,,,5.0,,,6.5,,,Topázio,,,,5.0,,Cursando,,,6L
RA-1632,Aluno-1632,Masculino,2024,,,,,,0.0,,,,EE Donizetti Aparecido Leite Professor,,,6L,,,Fase 6 (2° EM),,,9.168,,,10.0,,,6.666666666666667,,,16.0,,,10.0,,,8.389333333333335,,,,Pública,,7.75,,,7.51,,,8.066,,,5.0,,,9.0,,,6.0,,,Topázio,,,,5.0,,Cursando,,,6L
RA-1633,Aluno-1633,Masculino,2021,,,,,,0.0,,,,Unicamp,,,8B,,,Fase 8 (Universitários),,,,,,10.0,,,,,,21.0,,,0.0,,,,,,,Privada,,,,,,,,,,,,,,,,,,,,,,,,0.0,,Cursando,,,8B
RA-1634,Aluno-1634,Feminino,2021,,,,,,0.0,,,,Universidade Santo Amaro (UNISA),,,8B,,,Fase 8 (Universitários),,,,,,10.0,,,,,,21.0,,,0.0,,,,,,,Privada,,,,,,,,,,,,,,,,,,,,,,,,0.0,,Cursando,,,8B
RA-1635,Aluno-1635,Feminino,2021,,,,,,0.0,,,,Universidade Santo Amaro (UNISA),,,8D,,,Fase 8 (Universitários),,,,,,10.0,,,,,,20.0,,,0.0,,,,,,,Privada,,,,,,,,,,,,,,,,,,,,,,,,0.0,,Cursando,,,8D
RA-1636,Aluno-1636,Feminino,2021,,,,,,0.0,,,,Colégio Albert Einstein,,,8E,,,Fase 8 (Universitários),,,,,,10.0,,,,,,20.0,,,0.0,,,,,,,Privada,,,,,,,,,,,,,,,,,,,,,,,,0.0,,Cursando,,,8E
RA-1637,Aluno-1637,Masculino,2021,,,,,,1.0,,,,Faculdade (FIAP),,,9,,,Fase 8 (Universitários),,,,,,10.0,,,,,,23.0,,,0.0,,,,,,,Privada,,,,,,,,,,,,,,,,,,,,,,,,0.0,,Cursando,,,9
RA-1638,Aluno-1638,Feminino,2021,,,,,,1.0,,,,Bolsista Universitário *Formado (a),,,9,,,Fase 8 (Universitários),,,,,,10.0,,,,,,22.0,,,0.0,,,,,,,Bolsista Universitário *Formado (a),,,,,,,,,,,,,,,,,,,,,,,,0.0,,Cursando,,,9
RA-1639,Aluno-1639,Masculino,2021,,,,,,1.0,,,,Bolsista Universitário *Formado (a),,,9,,,Fase 8 (Universitários),,,,,,10.0,,,,,,21.0,,,0.0,,,,,,,Bolsista Universitário *Formado (a),,,,,,,,,,,,,,,,,,,,,,,,0.0,,Cursando,,,9
RA-164,Aluno-164,Masculino,2018,50.0,562.0,11.0,-2.0,-1.0,,Melhorar: Empenhar-se mais nas aulas e avaliações.,Melhorar: Melhorar a sua entrega de lições de casa.,Melhorar: Integrar-se mais aos Princípios Passos Mágicos.,,4,FASE 5,,Fase 6 (2º EM),Fase 6 (2° EM),,8.3,0.0,,5.0,5.0,,6.5,5.8,,16.0,16.0,,7.3,8.2,,6.776,5.638666667,,True,Escola Pública,Privada,,6.875,,5.6,2.52,,7.208,6.9625,,8.3,7.3,,4.7,6.0,,6.5,4.2,,Ágata,Quartzo,,False,4.0,4.0,,Requer avaliação,,L,5M,
RA-164,Aluno-164,Masculino,2021,,,,,,-2.0,,,,Colégio Nogueira e Sonho de Criança,,,5L,,,Fase 7 (3° EM),,,9.585,,,5.0,,,5.666666666666667,,,17.0,,,8.084795321666666,,,6.837125731066667,,,,Privada,,6.25,,,6.26,,,6.886666667,,,9.0,,,6.0,,,2.0,,,Ágata,,,,3.0,,Cursando,,,5L
RA-1640,Aluno-1640,Feminino,2021,,,,,,1.0,,,,Universidade Estácio de Sá,,,9,,,Fase 8 (Universitários),,,,,,10.0,,,,,,23.0,,,0.0,,,,,,,Privada,,,,,,,,,,,,,,,,,,,,,,,,0.0,,Cursando,,,9
RA-1641,Aluno-1641,Masculino,2021,,,,,,1.0,,,,Universidade Santo Amaro (UNISA),,,9,,,Fase 8 (Universitários),,,,,,10.0,,,,,,21.0,,,0.0,,,,,,,Privada,,,,,,,,,,,,,,,,,,,,,,,,0.0,,Cursando,,,9
RA-1642,Aluno-1642,Masculino,2021,,,,,,1.0,,,,Bolsista Universitário *Formado (a),,,9,,,Fase 8 (Universitários),,,,,,10.0,,,,,,23.0,,,0.0,,,,,,,Bolsista Universitário *Formado (a),,,,,,,,,,,,,,,,,,,,,,,,0.0,,Cursando,,,9
RA-1643,Aluno-1643,Masculino,2021,,,,,,1.0,,,,Faculdade (FIAP),,,9,,,Fase 8 (Universitários),,,,,,10.0,,,,,,22.0,,,0.0,,,,,,,Privada,,,,,,,,,,,,,,,,,,,,,,,,0.0,,Cursando,,,9
RA-1644,Aluno-1644,Masculino,2021,,,,,,1.0,,,,Bolsista Universitário *Formado (a),,,9,,,Fase 8 (Universitários),,,,,,10.0,,,,,,21.0,,,0.0,,,,,,,Bolsista Universitário *Formado (a),,,,,,,,,,,,,,,,,,,,,,,,0.0,,Cursando,,,9
RA-1645,Aluno-1645,Masculino,2021,,,,,,1.0,,,,Faculdade (FIAP),,,9,,,Fase 8 (Universitários),,,,,,10.0,,,,,,23.0,,,0.0,,,,,,,Privada,,,,,,,,,,,,,,,,,,,,,,,,0.0,,Cursando,,,9
RA-1646,Aluno-1646,Masculino,2021,,,,,,1.0,,,,Bolsista Universitário *Formado (a),,,9,,,Fase 8 (Universitários),,,,,,10.0,,,,,,21.0,,,0.0,,,,,,,Bolsista Universitário *Formado (a),,,,,,,,,,,,,,,,,,,,,,,,0.0,,Cursando,,,9
RA-1647,Aluno-1647,Feminino,2021,,,,,,1.0,,,,Universidade Santo Amaro (UNISA),,,9,,,Fase 8 (Universitários),,,,,,10.0,,,,,,22.0,,,0.0,,,,,,,Privada,,,,,,,,,,,,,,,,,,,,,,,,0.0,,Cursando,,,9
RA-1648,Aluno-1648,Masculino,2021,,,,,,1.0,,,,Bolsista Universitário *Formado (a),,,9,,,Fase 8 (Universitários),,,,,,10.0,,,,,,22.0,,,0.0,,,,,,,Bolsista Universitário *Formado (a),,,,,,,,,,,,,,,,,,,,,,,,0.0,,Cursando,,,9
RA-1649,Aluno-1649,Masculino,2021,,,,,,1.0,,,,Faculdade (FIAP),,,9,,,Fase 8 (Universitários),,,,,,10.0,,,,,,23.0,,,0.0,,,,,,,Privada,,,,,,,,,,,,,,,,,,,,,,,,0.0,,Cursando,,,9
RA-165,Aluno-165,Feminino,2017,12.0,128.0,3.0,0.0,0.0,,Destaque: As suas boas notas na Passos Mágicos.,Destaque: A sua boa entrega das lições de casa.,Destaque: A sua boa integração aos Princípios Passos Mágicos.,,4,FASE 5,,Fase 4 (9º ano),Fase 5 (1° EM),,7.1,6.7,,10.0,10.0,,7.6,7.3,,14.0,,,9.8,9.2,,8.063,7.583433333,,False,Rede Decisão,Privada - Programa de Apadrinhamento,,8.125,,5.6,2.52,,7.5,7.795,,9.7,8.3,,5.3,7.3,,7.8,6.2,,Topázio,Ametista,,False,4.0,4.0,,Sem limitações,,L,5M,
RA-165,Aluno-165,Feminino,2021,,,,,,0.0,,,,Colégio Arco Íris Evolução,,,5L,,,Fase 5 (1° EM),,,7.5,,,10.0,,,8.5,,,16.0,,,9.431042884999998,,,8.4627502436,,,,Privada - Programa de Apadrinhamento,,7.96875,,,7.51,,,7.893333333,,,8.0,,,10.0,,,7.5,,,Topázio,,,,3.0,,Cursando,,,5L
RA-1650,Aluno-1650,Masculino,2021,,,,,,1.0,,,,Faculdade (FIAP),,,9,,,Fase 8 (Universitários),,,,,,10.0,,,,,,22.0,,,0.0,,,,,,,Privada,,,,,,,,,,,,,,,,,,,,,,,,0.0,,Cursando,,,9
RA-1651,Aluno-1651,Masculino,2021,,,,,,1.0,,,,Bolsista Universitário *Formado (a),,,9,,,Fase 8 (Universitários),,,,,,10.0,,,,,,22.0,,,0.0,,,,,,,Bolsista Universitário *Formado (a),,,,,,,,,,,,,,,,,,,,,,,,0.0,,Cursando,,,9
RA-1652,Aluno-1652,Feminino,2021,,,,,,1.0,,,,Faculdade (FIAP),,,9,,,Fase 8 (Universitários),,,,,,10.0,,,,,,22.0,,,0.0,,,,,,,Privada,,,,,,,,,,,,,,,,,,,,,,,,0.0,,Cursando,,,9
RA-1653,Aluno-1653,Masculino,2021,,,,,,1.0,,,,Bolsista Universitário *Formado (a),,,9,,,Fase 8 (Universitários),,,,,,10.0,,,,,,20.0,,,0.0,,,,,,,Bolsista Universitário *Formado (a),,,,,,,,,,,,,,,,,,,,,,,,0.0,,Cursando,,,9
RA-1654,Aluno-1654,Masculino,2021,,,,,,1.0,,,,Bolsista Universitário *Formado (a),,,9,,,Fase 8 (Universitários),,,,,,10.0,,,,,,22.0,,,0.0,,,,,,,Bolsista Universitário *Formado (a),,,,,,,,,,,,,,,,,,,,,,,,0.0,,Cursando,,,9
RA-1655,Aluno-1655,Feminino,2022,,,,,,1.0,,,,Faculdade (FIAP),,,9,,,Fase 8 (Universitários),,,,,,10.0,,,,,,21.0,,,0.0,,,,,,,Privada,,,,,,,,,,,,,,,,,,,,,,,,0.0,,Cursando,,,9
RA-1656,Aluno-1656,Masculino,2021,,,,,,1.0,,,,Bolsista Universitário *Formado (a),,,9,,,Fase 8 (Universitários),,,,,,10.0,,,,,,22.0,,,0.0,,,,,,,Privada,,,,,,,,,,,,,,,,,,,,,,,,0.0,,Cursando,,,9
RA-1657,Aluno-1657,Masculino,2021,,,,,,1.0,,,,Bolsista Universitário *Formado (a),,,9,,,Fase 8 (Universitários),,,,,,10.0,,,,,,20.0,,,0.0,,,,,,,Bolsista Universitário *Formado (a),,,,,,,,,,,,,,,,,,,,,,,,0.0,,Cursando,,,9
RA-1658,Aluno-1658,Masculino,2021,,,,,,1.0,,,,Faculdade (FIAP),,,9,,,Fase 8 (Universitários),,,,,,10.0,,,,,,21.0,,,0.0,,,,,,,Privada,,,,,,,,,,,,,,,,,,,,,,,,0.0,,Cursando,,,9
RA-1659,Aluno-1659,Masculino,2021,,,,,,1.0,,,,Bolsista Universitário *Formado (a),,,9,,,Fase 8 (Universitários),,,,,,10.0,,,,,,21.0,,,0.0,,,,,,,Bolsista Universitário *Formado (a),,,,,,,,,,,,,,,,,,,,,,,,0.0,,Cursando,,,9
RA-166,Aluno-166,Masculino,2020,8.0,73.0,2.0,0.0,0.0,,Destaque: As suas boas notas na Passos Mágicos.,Destaque: A sua boa entrega das lições de casa.,Destaque: A sua boa integração aos Princípios Passos Mágicos.,,4,FASE 5,,Fase 4 (9º ano),Fase 5 (1° EM),,9.2,7.5,,10.0,10.0,,8.1,8.1,,14.0,,,9.0,8.9,,8.253,8.105583333,,True,Escola Pública,Privada - Programa de Apadrinhamento,,8.4375,,6.3,6.26,,7.542,7.4625,,10.0,10.0,,7.0,7.0,,7.2,7.2,,Topázio,Topázio,,False,4.0,4.0,,Sem limitações,,L,5L,
RA-166,Aluno-166,Masculino,2021,,,,,,1.0,,,,FIAP School - SP,,,7E,,,Fase 6 (2° EM),,,8.334,,,10.0,,,8.266666666666667,,,16.0,,,9.246,,,8.243183333333334,,,,Privada *Parcerias com Bolsa 100%,,7.5,,,6.5725,,,7.5,,,8.8,,,8.2,,,7.8,,,Topázio,,,,0.0,,Cursando,,,7E
RA-1660,Aluno-1660,Feminino,2021,,,,,,1.0,,,,Bolsista Universitário *Formado (a),,,9,,,Fase 8 (Universitários),,,,,,10.0,,,,,,24.0,,,0.0,,,,,,,Bolsista Universitário *Formado (a),,,,,,,,,,,,,,,,,,,,,,,,0.0,,Cursando,,,9
RA-1661,Aluno-1661,Feminino,2021,,,,,,1.0,,,,Bolsista Universitário *Formado (a),,,9,,,Fase 8 (Universitários),,,,,,10.0,,,,,,21.0,,,0.0,,,,,,,Bolsista Universitário *Formado (a),,,,,,,,,,,,,,,,,,,,,,,,0.0,,Cursando,,,9
RA-167,Aluno-167,Feminino,2018,19.0,200.0,3.0,-2.0,-2.0,,Destaque: As suas boas notas na Passos Mágicos.,Destaque: A sua boa entrega das lições de casa.,Destaque: A sua boa integração aos Princípios Passos Mágicos.,,4,FASE 5,,Fase 6 (2º EM),Fase 7 (3° EM),,9.2,8.8,,5.0,5.0,,7.9,7.9,,16.0,,,9.7,9.9,,7.798,7.806141667,,False,Rede Decisão,Privada - Programa de Apadrinhamento,,7.96875,,5.6,5.0,,7.833,7.8375,,6.3,8.3,,9.3,8.3,,8.0,7.2,,Ametista,Ametista,,False,4.0,4.0,,Requer avaliação,,P,5L,
RA-167,Aluno-167,Feminino,2021,,,,,,-1.0,,,,Colégio Arco Íris Evolução,,,6L,,,Fase 7 (3° EM),,,8.751,,,5.0,,,8.166666666666666,,,18.0,,,9.473684210666667,,,8.033470175466666,,,,Privada - Programa de Apadrinhamento,,8.375,,,6.26,,,8.334,,,10.0,,,8.0,,,6.5,,,Topázio,,,,5.0,,Cursando,,,6L
RA-168,Aluno-168,Feminino,2018,44.0,522.0,5.0,-1.0,0.0,,Melhorar: Empenhar-se mais nas aulas e avaliações.,Destaque: A sua boa entrega das lições de casa.,Melhorar: Integrar-se mais aos Princípios Passos Mágicos.,,4,FASE 5,,Fase 5 (1º EM),Fase 5 (1° EM),,7.9,0.0,,5.0,10.0,,5.9,4.7,,15.0,15.0,,8.3,9.6,,6.917,6.483083333,,False,Rede Decisão,Privada - Programa de Apadrinhamento,,6.5625,,6.3,6.89,,7.083,6.4225,,5.0,6.7,,4.7,4.3,,8.2,3.0,,Ágata,Ágata,,False,4.0,4.0,,Sem limitações,,P,5L,
RA-169,Aluno-169,Feminino,2018,73.0,814.0,9.0,-1.0,,,Melhorar: Empenhar-se mais nas aulas e avaliações.,Melhorar: Melhorar a sua entrega de lições de casa.,Melhorar: Integrar-se mais aos Princípios Passos Mágicos.,,4,,,Fase 5 (1º EM),,,7.5,,,5.0,,,3.2,,,15.0,,,5.1,,,5.159,,,False,Escola Pública,,,,,6.3,,,4.792,,,3.8,,,1.3,,,4.5,,,Quartzo,,,False,4.0,,,Sem limitações,,P,,
RA-17,Aluno-17,Masculino,2022,2.0,125.0,1.0,-1.0,0.0,0.0,Destaque: As suas boas notas na Passos Mágicos.,Destaque: A sua boa entrega das lições de casa.,Destaque: A sua boa integração aos Princípios Passos Mágicos.,Faculdade FIAP,7,FASE 8,8E,Fase 8 (Universitários),Fase 8 (Universitários),Fase 8 (Universitários),8.8,,,5.0,10.0,10.0,7.8,,,20.0,,22.0,10.0,,0.0,8.068,,,True,Escola Pública,Privada - Pagamento por *Empresa Parceira,Privada - Pagamento por *Empresa Parceira,,,7.5,,,8.292,,,,,,9.0,,,6.5,,,Topázio,,,False,4.0,,0.0,Não atendido,Cursando,D,8E,8E
RA-170,Aluno-170,Feminino,2018,40.0,484.0,4.0,0.0,-2.0,,Melhorar: Empenhar-se mais nas aulas e avaliações.,Destaque: A sua boa entrega das lições de casa.,Melhorar: Integrar-se mais aos Princípios Passos Mágicos.,,4,FASE 3,,Fase 4 (9º ano),Fase 5 (1° EM),,8.3,8.8,,10.0,5.0,,4.9,7.2,,14.0,15.0,,9.2,8.9,,7.007,7.062433333,,False,Rede Decisão,Privada - Programa de Apadrinhamento,,6.875,,5.6,2.52,,5.792,7.6725,,4.3,6.5,,3.7,6.3,,6.7,8.7,,Ágata,Ametista,,False,4.0,4.0,,Requer avaliação,,P,3P,
RA-170,Aluno-170,Feminino,2021,,,,,,-1.0,,,,Colégio Arco Íris Evolução,,,4R,,,Fase 5 (1° EM),,,9.168,,,5.0,,,8.0,,,16.0,,,8.5,,,7.646383333300001,,,,Privada - Programa de Apadrinhamento,,7.604166667,,,5.635,,,8.028333333,,,7.5,,,10.0,,,6.5,,,Ametista,,,,6.0,,Cursando,,,4R
RA-171,Aluno-171,Masculino,2022,57.0,632.0,7.0,-2.0,-2.0,-1.0,Melhorar: Empenhar-se mais nas aulas e avaliações.,Melhorar: Melhorar a sua entrega de lições de casa.,Melhorar: Integrar-se mais aos Princípios Passos Mágicos.,EE Donizetti Aparecido Leite Professor,4,FASE 5,6L,Fase 6 (2º EM),Fase 7 (3° EM),Fase 7 (3° EM),7.5,7.5,7.5,5.0,5.0,5.0,5.5,5.2,8.333333333333334,16.0,17.0,18.0,6.8,7.2,7.833333333333333,6.581,6.293083333,7.3289333333333335,False,Escola Pública,Pública,Pública,7.1875,7.625,7.5,5.0,5.635,6.875,6.755,7.598,,6.2,10.0,3.0,4.5,7.0,8.0,4.8,8.0,Ágata,Ágata,Ametista,False,4.0,4.0,5.0,Sem limitações,Cursando,P,5L,6L
RA-172,Aluno-172,Feminino,2018,1.0,18.0,1.0,0.0,2.0,,Melhorar: Empenhar-se mais nas aulas e avaliações.,Destaque: A sua boa entrega das lições de casa.,Destaque: A sua boa integração aos Princípios Passos Mágicos.,,4,FASE 7,,Fase 4 (9º ano),Fase 5 (1° EM),,9.2,0.0,,10.0,10.0,,7.3,,,14.0,15.0,,8.9,,,8.673,,,False,Rede Decisão,Privada - Programa de Apadrinhamento,,,,9.4,3.77,,8.917,,,8.1,,,6.0,,,7.7,,,Topázio,,,True,4.0,,,Sem limitações,,P,7E,
RA-172,Aluno-172,Feminino,2021,,,,,,1.0,,,,Colégio Albert Einstein - SP,,,7E,,,Fase 6 (2° EM),,,8.751,,,10.0,,,6.933333333333334,,,16.0,,,9.8,,,8.128766666666667,,,,Privada - Programa de Apadrinhamento,,7.5,,,6.57,,,7.5,,,6.4,,,6.7,,,7.7,,,Topázio,,,,0.0,,Cursando,,,7E
RA-173,Aluno-173,Masculino,2019,18.0,198.0,2.0,-3.0,-2.0,,Destaque: As suas boas notas na Passos Mágicos.,Destaque: A sua boa entrega das lições de casa.,Destaque: A sua boa integração aos Princípios Passos Mágicos.,,4,FASE 5,,Fase 7 (3º EM),Fase 7 (3° EM),,8.3,9.2,,2.5,5.0,,7.9,8.1,,17.0,17.0,,9.2,8.5,,7.816,7.757466667,,False,Rede Decisão,Privada - Programa de Apadrinhamento,,8.125,,6.9,6.26,,9.25,7.8775,,7.1,9.2,,9.0,9.0,,7.5,6.2,,Ametista,Ametista,,True,4.0,4.0,,Requer avaliação,,P,5L,
RA-173,Aluno-173,Masculino,2021,,,,,,0.0,,,,Faculdade FIAP,,,8F,,,Fase 8 (Universitários),,,,,,10.0,,,,,,18.0,,,0.0,,,,,,,Privada *Parcerias com Bolsa 100%,,,,,,,,,,,,,,,,,,,,,,,,0.0,,Cursando,,,8F
RA-174,Aluno-174,Feminino,2019,64.0,713.0,8.0,-1.0,-2.0,,Melhorar: Empenhar-se mais nas aulas e avaliações.,Melhorar: Melhorar a sua entrega de lições de casa.,Melhorar: Integrar-se mais aos Princípios Passos Mágicos.,,4,FASE 4,,Fase 5 (1º EM),Fase 6 (2° EM),,7.9,7.9,,5.0,5.0,,4.4,5.1,,15.0,16.0,,6.2,5.6,,6.075,6.1242,,False,Escola Pública,Pública,,7.5,,7.5,5.0,,6.042,7.2125,,3.8,4.3,,4.0,3.7,,5.3,7.3,,Ágata,Ágata,,False,4.0,4.0,,Sem limitações,,P,4L,
RA-175,Aluno-175,Feminino,2018,51.0,567.0,6.0,-1.0,-1.0,,Melhorar: Empenhar-se mais nas aulas e avaliações.,Destaque: A sua boa entrega das lições de casa.,Melhorar: Integrar-se mais aos Princípios Passos Mágicos.,,4,FASE 5,,Fase 5 (1º EM),Fase 6 (2° EM),,8.3,8.8,,5.0,5.0,,5.9,4.8,,15.0,,,9.2,9.2,,6.75,6.569516667,,False,Rede Decisão,Privada - Programa de Apadrinhamento,,7.1875,,5.6,2.52,,5.833,7.085,,5.9,4.5,,4.7,5.0,,7.2,5.0,,Ágata,Ágata,,False,4.0,4.0,,Requer avaliação,,P,5L,
RA-175,Aluno-175,Feminino,2021,,,,,,-1.0,,,,Colégio Arco Íris Evolução,,,6L,,,Fase 7 (3° EM),,,10.002,,,5.0,,,8.5,,,17.0,,,9.473684210666667,,,8.024136842133334,,,,Privada - Programa de Apadrinhamento,,7.5,,,6.26,,,7.766,,,9.5,,,9.5,,,6.5,,,Topázio,,,,5.0,,Cursando,,,6L
RA-176,Aluno-176,Feminino,2018,12.0,44.0,4.0,0.0,0.0,,Melhorar: Empenhar-se mais nas aulas e avaliações.,Destaque: A sua boa entrega das lições de casa.,Destaque: A sua boa integração aos Princípios Passos Mágicos.,,3,FASE 4,,Fase 3 (7º e 8º ano),Fase 4 (9° ano),,9.6,9.6,,10.0,10.0,,6.9,8.0,,13.0,14.0,,9.1,9.5,,8.427,8.316833333,,False,Rede Decisão,Privada - Programa de Apadrinhamento,,8.125,,5.6,2.52,,9.083,9.0025,,8.7,9.3,,5.1,7.3,,6.8,7.3,,Topázio,Topázio,,True,4.0,4.0,,Requer avaliação,,A,4A,
RA-176,Aluno-176,Feminino,2021,,,,,,1.0,,,,Colégio Arco Íris Evolução,,,5C,,,Fase 4 (9° ano),,,9.585,,,10.0,,,8.833333333333334,,,15.0,,,9.545454545333333,,,8.828632575733334,,,,Privada - Programa de Apadrinhamento,,8.59375,,,6.26,,,8.545,,,9.5,,,9.0,,,8.0,,,Topázio,,,,4.0,,Cursando,,,5C
RA-177,Aluno-177,Feminino,2022,40.0,347.0,9.0,0.0,,,Melhorar: Empenhar-se mais nas aulas e avaliações.,Destaque: A sua boa entrega das lições de casa.,Melhorar: Integrar-se mais aos Princípios Passos Mágicos.,,3,,,Fase 3 (7º e 8º ano),,,7.9,,,10.0,,,6.8,,,13.0,,,8.8,,,7.424,,,False,Escola Pública,,,,,4.4,,,6.958,,,,,,6.0,,,7.5,,,Ametista,,,False,4.0,,,Requer avaliação,,A,,
RA-178,Aluno-178,Feminino,2016,61.0,481.0,13.0,0.0,0.0,,Melhorar: Empenhar-se mais nas aulas e avaliações.,Destaque: A sua boa entrega das lições de casa.,Destaque: A sua boa integração aos Princípios Passos Mágicos.,,3,FASE 4,,Fase 3 (7º e 8º ano),Fase 4 (9° ano),,0.0,7.9,,10.0,10.0,,6.3,5.9,,13.0,,,8.8,8.7,,7.025,7.406658333,,False,Rede Decisão,Privada - Programa de Apadrinhamento,,7.65625,,4.4,2.52,,8.458,8.42,,7.3,5.5,,6.2,6.3,,5.3,5.8,,Ágata,Ametista,,True,4.0,4.0,,Requer avaliação,,A,4A,
RA-178,Aluno-178,Feminino,2021,,,,,,0.0,,,,Colégio Arco Íris Evolução,,,5A,,,Fase 5 (1° EM),,,9.585,,,10.0,,,4.166666666666667,,,16.0,,,8.739177489333334,,,7.234168831200001,,,,Privada - Programa de Apadrinhamento,,7.625,,,6.26,,,6.53,,,7.5,,,2.5,,,2.5,,,Ametista,,,,5.0,,Cursando,,,5A
RA-179,Aluno-179,Masculino,2022,22.0,145.0,5.0,0.0,0.0,1.0,Melhorar: Empenhar-se mais nas aulas e avaliações.,Destaque: A sua boa entrega das lições de casa.,Destaque: A sua boa integração aos Princípios Passos Mágicos.,Recanto Betânia Centro Educacional,3,FASE 3,4A,Fase 3 (7º e 8º ano),Fase 3 (7° e 8° ano),Fase 3 (7° e 8° ano),7.5,8.8,9.168,10.0,10.0,10.0,6.1,6.4,8.166666666666666,12.0,12.0,13.0,9.2,9.4,9.407894737,7.993,8.437641667,8.932712280733334,True,Escola Pública,Pública,Privada,8.59375,8.75,7.5,7.52,9.38,8.042,8.9225,8.44,8.0,4.3,9.5,3.7,8.7,7.0,6.7,6.3,8.0,Ametista,Topázio,Topázio,False,4.0,4.0,5.0,Sem limitações,Cursando,A,3A,4A
RA-18,Aluno-18,Masculino,2022,7.0,418.0,5.0,-1.0,,,Destaque: As suas boas notas na Passos Mágicos.,Destaque: A sua boa entrega das lições de casa.,Melhorar: Integrar-se mais aos Princípios Passos Mágicos.,,7,,,Fase 8 (Universitários),,,6.3,,,5.0,,,9.0,,,19.0,,,8.7,,,7.226,,,True,Escola Pública,,,,,6.3,,,6.875,,,,,,9.0,,,9.0,,,Ametista,,,False,4.0,,,Requer avaliação,,D,,
RA-180,Aluno-180,Masculino,2018,11.0,42.0,3.0,0.0,1.0,,Destaque: As suas boas notas na Passos Mágicos.,Destaque: A sua boa entrega das lições de casa.,Destaque: A sua boa integração aos Princípios Passos Mágicos.,,3,FASE 4,,Fase 3 (7º e 8º ano),Fase 3 (7° e 8° ano),,9.2,9.2,,10.0,10.0,,8.1,8.0,,12.0,13.0,,8.3,9.4,,8.442,8.283216667,,False,Rede Decisão,Privada - Programa de Apadrinhamento,,8.4375,,6.3,2.52,,8.625,8.92,,8.3,8.5,,7.7,8.3,,8.3,7.3,,Topázio,Topázio,,True,4.0,4.0,,Requer avaliação,,A,4A,
RA-180,Aluno-180,Masculino,2021,,,,,,2.0,,,,Colégio Arco Íris Evolução,,,5A,,,Fase 3 (7° e 8° ano),,,9.168,,,10.0,,,8.5,,,14.0,,,9.431818181666666,,,8.801463636333335,,,,Privada - Programa de Apadrinhamento,,8.125,,,7.51,,,8.674,,,8.0,,,9.0,,,8.5,,,Topázio,,,,5.0,,Cursando,,,5A
RA-181,Aluno-181,Feminino,2019,6.0,25.0,2.0,0.0,0.0,,Melhorar: Empenhar-se mais nas aulas e avaliações.,Destaque: A sua boa entrega das lições de casa.,Destaque: A sua boa integração aos Princípios Passos Mágicos.,,3,FASE 4,,Fase 3 (7º e 8º ano),Fase 4 (9° ano),,9.2,9.6,,10.0,10.0,,6.8,6.8,,13.0,,,9.5,8.3,,8.623,7.671208333,,False,Rede Decisão,Privada - Programa de Apadrinhamento,,7.96875,,8.8,2.52,,8.458,8.2525,,6.2,5.5,,6.8,8.3,,7.3,6.5,,Topázio,Ametista,,True,4.0,4.0,,Não atendido,,A,4A,
RA-181,Aluno-181,Feminino,2021,,,,,,0.0,,,,Colégio Arco Íris Evolução,,,5A,,,Fase 5 (1° EM),,,7.5,,,10.0,,,4.333333333333333,,,15.0,,,8.737373737333334,,,7.439841414133334,,,,Privada - Programa de Apadrinhamento,,7.625,,,6.26,,,8.436,,,5.5,,,0.0,,,7.5,,,Ametista,,,,5.0,,Cursando,,,5A
RA-182,Aluno-182,Feminino,2021,93.0,677.0,15.0,-3.0,,,Melhorar: Empenhar-se mais nas aulas e avaliações.,Destaque: A sua boa entrega das lições de casa.,Melhorar: Integrar-se mais aos Princípios Passos Mágicos.,,3,,,Fase 6 (2º EM),,,7.5,,,2.5,,,4.1,,,16.0,,,8.0,,,6.328,,,False,Escola Pública,,,,,7.5,,,6.958,,,5.4,,,1.3,,,5.7,,,Ágata,,,False,4.0,,,Não atendido,,A,,
RA-183,Aluno-183,Feminino,2022,46.0,394.0,11.0,0.0,-1.0,0.0,Melhorar: Empenhar-se mais nas aulas e avaliações.,Destaque: A sua boa entrega das lições de casa.,Melhorar: Integrar-se mais aos Princípios Passos Mágicos.,EE Mario Francisco de Amorim,3,FASE 3,4A,Fase 3 (7º e 8º ano),Fase 4 (9° ano),Fase 4 (9° ano),8.3,7.9,7.917,10.0,5.0,10.0,3.8,7.7,7.5,13.0,14.0,15.0,8.8,9.7,9.249011857666666,7.3,7.586241667,8.266902371533334,False,Escola Pública,Pública,Pública,7.96875,8.25,7.5,2.52,6.26,7.25,8.795,8.372,,8.2,10.0,0.0,7.0,5.0,7.5,8.0,7.5,Ametista,Ametista,Topázio,False,4.0,4.0,5.0,Não atendido,Cursando,A,3D,4A
RA-184,Aluno-184,Masculino,2019,47.0,403.0,12.0,-3.0,1.0,,Melhorar: Empenhar-se mais nas aulas e avaliações.,Destaque: A sua boa entrega das lições de casa.,Destaque: A sua boa integração aos Princípios Passos Mágicos.,,3,FASE 4,,Fase 6 (2º EM),Fase 3 (7° e 8° ano),,8.8,7.9,,2.5,10.0,,7.2,7.1,,16.0,13.0,,7.7,9.5,,7.28,8.430241667,,True,Escola Pública,Pública,,8.59375,,7.5,7.52,,8.0,8.5025,,9.3,7.8,,5.0,7.3,,7.3,6.3,,Ametista,Topázio,,False,4.0,4.0,,Não atendido,,A,4B,
RA-184,Aluno-184,Masculino,2021,,,,,,1.0,,,,Colégio Arco Íris Evolução,,,5D,,,Fase 4 (9° ano),,,8.751,,,10.0,,,8.166666666666666,,,14.0,,,8.696741854666667,,,8.471456704266666,,,,Privada - Programa de Apadrinhamento,,7.96875,,,6.26,,,9.004,,,10.0,,,9.5,,,5.0,,,Topázio,,,,5.0,,Cursando,,,5D
RA-185,Aluno-185,Masculino,2021,81.0,621.0,14.0,-2.0,,,Melhorar: Empenhar-se mais nas aulas e avaliações.,Destaque: A sua boa entrega das lições de casa.,Melhorar: Integrar-se mais aos Princípios Passos Mágicos.,,3,,,Fase 5 (1º EM),,,7.9,,,5.0,,,4.5,,,15.0,,,7.7,,,6.615,,,False,Escola Pública,,,,,7.5,,,6.875,,,4.5,,,3.3,,,5.7,,,Ágata,,,False,4.0,,,Não atendido,,A,,
RA-186,Aluno-186,Feminino,2019,29.0,192.0,7.0,0.0,0.0,,Melhorar: Empenhar-se mais nas aulas e avaliações.,Destaque: A sua boa entrega das lições de casa.,Melhorar: Integrar-se mais aos Princípios Passos Mágicos.,,3,FASE 4,,Fase 3 (7º e 8º ano),Fase 4 (9° ano),,8.3,7.5,,10.0,10.0,,6.6,6.9,,13.0,,,8.5,9.7,,7.832,7.817541667,,True,Escola Pública,Privada,,7.96875,,7.5,2.52,,7.5,8.46,,8.0,7.0,,6.0,6.8,,5.7,7.0,,Ametista,Ametista,,False,4.0,4.0,,Não atendido,,A,4A,
RA-186,Aluno-186,Feminino,2021,,,,,,1.0,,,,Colégio Nogueira e Sonho de Criança,,,5B,,,Fase 4 (9° ano),,,7.917,,,10.0,,,7.166666666666667,,,15.0,,,9.640151515,,,8.325963636333334,,,,Privada,,8.125,,,6.26,,,8.672,,,8.5,,,6.0,,,7.0,,,Topázio,,,,5.0,,Cursando,,,5B
RA-187,Aluno-187,Feminino,2019,25.0,161.0,6.0,0.0,0.0,,Melhorar: Empenhar-se mais nas aulas e avaliações.,Destaque: A sua boa entrega das lições de casa.,Destaque: A sua boa integração aos Princípios Passos Mágicos.,,3,FASE 3,,Fase 3 (7º e 8º ano),Fase 3 (7° e 8° ano),,8.8,7.5,,10.0,10.0,,5.8,6.9,,12.0,13.0,,8.9,9.9,,7.928,7.809875,,False,Rede Decisão,Privada - Programa de Apadrinhamento,,7.96875,,7.5,2.52,,7.917,8.255,,4.8,4.7,,5.3,7.3,,7.2,8.7,,Ametista,Ametista,,False,4.0,4.0,,Não atendido,,A,3D,
RA-187,Aluno-187,Feminino,2021,,,,,,0.0,,,,Colégio Arco Íris Evolução,,,4C,,,Fase 4 (9° ano),,,8.751,,,10.0,,,7.833333333333333,,,14.0,,,9.537037037,,,8.568424074066666,,,,Privada - Programa de Apadrinhamento,,8.4375,,,5.635,,,9.06,,,9.0,,,7.5,,,7.0,,,Topázio,,,,3.0,,Cursando,,,4C
RA-188,Aluno-188,Masculino,2021,122.0,803.0,16.0,-1.0,,,Melhorar: Empenhar-se mais nas aulas e avaliações.,Melhorar: Melhorar a sua entrega de lições de casa.,Destaque: A sua boa integração aos Princípios Passos Mágicos.,,3,,,Fase 4 (9º ano),,,0.0,,,5.0,,,2.7,,,14.0,,,6.1,,,5.307,,,True,Escola Pública,,,,,7.5,,,7.583,,,2.0,,,3.0,,,3.2,,,Quartzo,,,False,4.0,,,Não atendido,,A,,
RA-189,Aluno-189,Masculino,2018,33.0,261.0,8.0,-1.0,0.0,,Melhorar: Empenhar-se mais nas aulas e avaliações.,Destaque: A sua boa entrega das lições de casa.,Melhorar: Integrar-se mais aos Princípios Passos Mágicos.,,3,FASE 4,,Fase 4 (9º ano),Fase 4 (9° ano),,10.0,7.9,,5.0,10.0,,7.2,6.5,,14.0,14.0,,9.7,9.4,,7.629,7.727325,,False,Rede Decisão,Privada - Programa de Apadrinhamento,,8.28125,,5.0,2.52,,7.333,8.3775,,8.0,6.7,,6.3,6.3,,7.2,6.5,,Ametista,Ametista,,False,4.0,4.0,,Requer avaliação,,A,4A,
RA-189,Aluno-189,Masculino,2021,,,,,,0.0,,,,Colégio Arco Íris Evolução,,,5A,,,Fase 5 (1° EM),,,10.002,,,10.0,,,8.166666666666666,,,15.0,,,10.0,,,8.586533333333334,,,,Privada - Programa de Apadrinhamento,,6.875,,,6.255,,,8.2,,,10.0,,,7.0,,,7.5,,,Topázio,,,,5.0,,Cursando,,,5A
RA-19,Aluno-19,Feminino,2022,4.0,248.0,3.0,-1.0,-1.0,0.0,Destaque: As suas boas notas na Passos Mágicos.,Destaque: A sua boa entrega das lições de casa.,Melhorar: Integrar-se mais aos Princípios Passos Mágicos.,Universidade Santo Amaro (UNISA),7,FASE 7,8F,Fase 8 (Universitários),Fase 8 (Universitários),Fase 8 (Universitários),7.9,7.9,,5.0,5.0,10.0,8.0,7.8,,19.0,19.0,20.0,9.5,9.4,0.0,7.665,7.710866667,,True,Escola Pública,Nenhuma das opções acima,Privada *Parcerias com Bolsa 100%,7.75,,7.5,5.63,,7.0,8.1725,,,8.8,,7.0,7.7,,9.0,7.0,,Ametista,Ametista,,False,4.0,4.0,0.0,Sem limitações,Cursando,D,7A,8F
RA-190,Aluno-190,Feminino,2022,44.0,380.0,10.0,0.0,-1.0,,Melhorar: Empenhar-se mais nas aulas e avaliações.,Melhorar: Melhorar a sua entrega de lições de casa.,Melhorar: Integrar-se mais aos Princípios Passos Mágicos.,,3,FASE 3,,Fase 3 (7º e 8º ano),Fase 4 (9° ano),,6.7,7.9,,10.0,5.0,,6.3,5.7,,13.0,14.0,,6.9,9.5,,7.335,6.934158333,,False,Escola Pública,Pública,,7.65625,,8.8,2.52,,7.25,7.9575,,,6.0,,5.0,5.8,,7.5,5.2,,Ametista,Ágata,,False,4.0,4.0,,Não atendido,,A,3D,
RA-191,Aluno-191,Masculino,2019,2.0,13.0,1.0,0.0,0.0,,Melhorar: Empenhar-se mais nas aulas e avaliações.,Destaque: A sua boa entrega das lições de casa.,Destaque: A sua boa integração aos Princípios Passos Mágicos.,,3,FASE 4,,Fase 3 (7º e 8º ano),Fase 4 (9° ano),,10.0,0.0,,10.0,10.0,,7.2,7.8,,13.0,14.0,,9.4,9.7,,8.74,7.263666667,,False,Rede Decisão,Privada - Programa de Apadrinhamento,,8.125,,8.8,2.52,,8.5,8.4625,,6.3,7.8,,8.0,8.7,,7.2,7.0,,Topázio,Ametista,,True,4.0,4.0,,Não atendido,,A,4A,
RA-191,Aluno-191,Masculino,2021,,,,,,2.0,,,,FIAP School - SP,,,7E,,,Fase 5 (1° EM),,,7.5,,,10.0,,,6.3999999999999995,,,15.0,,,9.571,,,7.7887,,,,Privada *Parcerias com Bolsa 100%,,7.5,,,5.945,,,7.5,,,6.3,,,6.0,,,6.9,,,Ametista,,,,0.0,,Cursando,,,7E
RA-192,Aluno-192,Masculino,2021,130.0,829.0,14.0,-2.0,-2.0,-2.0,Melhorar: Empenhar-se mais nas aulas e avaliações.,Melhorar: Melhorar a sua entrega de lições de casa.,Melhorar: Integrar-se mais aos Princípios Passos Mágicos.,Rede Decisão - Unidade União,3,FASE 4,5B,Fase 5 (1º EM),Fase 6 (2° EM),Fase 7 (3° EM),8.8,8.8,8.334,5.0,5.0,5.0,2.7,6.5,7.166666666666667,15.0,16.0,17.0,3.6,6.2,6.363636363666667,4.932,6.616016667,6.882960606066668,False,Escola Pública,Privada,Privada,7.1875,7.125,7.5,5.0,7.51,4.708,7.3775,6.9,1.7,7.8,10.0,1.7,6.0,4.0,4.7,5.8,7.5,Quartzo,Ágata,Ágata,False,4.0,4.0,5.0,Não atendido,Cursando,B,4B,5B
RA-193,Aluno-193,Masculino,2016,16.0,95.0,2.0,0.0,1.0,,Melhorar: Empenhar-se mais nas aulas e avaliações.,Destaque: A sua boa entrega das lições de casa.,Destaque: A sua boa integração aos Princípios Passos Mágicos.,,3,FASE 4,,Fase 3 (7º e 8º ano),Fase 3 (7° e 8° ano),,9.2,8.3,,10.0,10.0,,6.7,6.5,,12.0,13.0,,8.9,9.4,,8.155,7.718566667,,False,Rede Decisão,Privada - Programa de Apadrinhamento,,8.125,,5.6,2.52,,8.5,8.17,,8.7,7.3,,5.0,6.0,,6.3,6.3,,Topázio,Ametista,,True,4.0,4.0,,Sem limitações,,B,4A,
RA-193,Aluno-193,Masculino,2021,,,,,,1.0,,,,Colégio Arco Íris Evolução,,,5C,,,Fase 4 (9° ano),,,8.751,,,10.0,,,7.0,,,14.0,,,9.848484848333333,,,8.465046969666668,,,,Privada - Programa de Apadrinhamento,,8.4375,,,6.26,,,8.7525,,,10.0,,,6.5,,,4.5,,,Topázio,,,,4.0,,Cursando,,,5C
RA-194,Aluno-194,Feminino,2022,144.0,851.0,15.0,-1.0,,,Melhorar: Empenhar-se mais nas aulas e avaliações.,Melhorar: Melhorar a sua entrega de lições de casa.,Melhorar: Integrar-se mais aos Princípios Passos Mágicos.,,3,,,Fase 4 (9º ano),,,0.0,,,5.0,,,3.2,,,14.0,,,6.2,,,4.265,,,False,Escola Pública,,,,,5.0,,,3.75,,,0.0,,,3.7,,,5.8,,,Quartzo,,,False,4.0,,,Requer avaliação,,B,,
RA-195,Aluno-195,Feminino,2017,21.0,137.0,4.0,0.0,0.0,,Melhorar: Empenhar-se mais nas aulas e avaliações.,Destaque: A sua boa entrega das lições de casa.,Destaque: A sua boa integração aos Princípios Passos Mágicos.,,3,FASE 4,,Fase 3 (7º e 8º ano),Fase 4 (9° ano),,8.8,7.1,,10.0,10.0,,6.3,6.0,,13.0,,,9.2,9.2,,8.017,7.60205,,False,Rede Decisão,Privada - Programa de Apadrinhamento,,8.4375,,5.0,2.52,,8.25,8.79,,5.8,5.5,,6.8,6.3,,6.3,6.2,,Ametista,Ametista,,False,4.0,4.0,,Requer avaliação,,B,4A,
RA-195,Aluno-195,Feminino,2021,,,,,,1.0,,,,Colégio Arco Íris Evolução,,,5C,,,Fase 4 (9° ano),,,7.5,,,10.0,,,7.833333333333333,,,15.0,,,9.682539682666667,,,8.4690496032,,,,Privada - Programa de Apadrinhamento,,7.96875,,,6.26,,,8.965,,,8.0,,,9.0,,,6.5,,,Topázio,,,,4.0,,Cursando,,,5C
RA-196,Aluno-196,Masculino,2018,17.0,106.0,3.0,0.0,1.0,,Melhorar: Empenhar-se mais nas aulas e avaliações.,Destaque: A sua boa entrega das lições de casa.,Destaque: A sua boa integração aos Princípios Passos Mágicos.,,3,FASE 4,,Fase 3 (7º e 8º ano),Fase 3 (7° e 8° ano),,9.2,7.9,,10.0,10.0,,5.1,6.2,,12.0,13.0,,9.1,9.0,,8.124,7.560991667,,False,Rede Decisão,Privada - Programa de Apadrinhamento,,8.28125,,7.5,2.52,,8.625,8.2125,,5.3,5.7,,4.0,7.0,,6.0,6.0,,Topázio,Ametista,,True,4.0,4.0,,Não atendido,,B,4A,
RA-196,Aluno-196,Masculino,2021,,,,,,1.0,,,,Colégio Arco Íris Evolução,,,5C,,,Fase 4 (9° ano),,,8.751,,,10.0,,,8.0,,,14.0,,,9.689754689666666,,,8.823550937933334,,,,Privada - Programa de Apadrinhamento,,8.75,,,7.51,,,8.9225,,,9.0,,,8.0,,,7.0,,,Topázio,,,,4.0,,Cursando,,,5C
RA-197,Aluno-197,Feminino,2021,15.0,82.0,1.0,0.0,1.0,0.0,Melhorar: Empenhar-se mais nas aulas e avaliações.,Destaque: A sua boa entrega das lições de casa.,Destaque: A sua boa integração aos Princípios Passos Mágicos.,Colégio Arco Íris Evolução,3,FASE 4,5C,Fase 3 (7º e 8º ano),Fase 3 (7° e 8° ano),Fase 5 (1° EM),8.8,8.3,7.5,10.0,10.0,10.0,7.3,7.2,8.333333333333334,13.0,13.0,14.0,9.7,9.8,9.848484848333333,8.218,7.967608333,8.568238636333334,False,Rede Decisão,Privada - Programa de Apadrinhamento,Privada - Programa de Apadrinhamento,7.96875,7.96875,4.4,2.52,6.26,8.292,8.46,8.795,8.3,7.2,10.0,6.0,7.0,7.0,7.5,7.3,8.0,Topázio,Ametista,Topázio,False,4.0,4.0,4.0,Requer avaliação,Cursando,B,4A,5C
RA-198,Aluno-198,Masculino,2017,117.0,782.0,11.0,0.0,,,Melhorar: Empenhar-se mais nas aulas e avaliações.,Melhorar: Melhorar a sua entrega de lições de casa.,Melhorar: Integrar-se mais aos Princípios Passos Mágicos.,,3,,,Fase 3 (7º e 8º ano),,,0.0,,,10.0,,,4.6,,,13.0,,,6.2,,,5.554,,,False,Escola Pública,,,,,5.0,,,5.958,,,2.8,,,5.2,,,5.8,,,Quartzo,,,False,4.0,,,Requer avaliação,,B,,
RA-199,Aluno-199,Masculino,2022,34.0,287.0,5.0,0.0,-1.0,-1.0,Destaque: As suas boas notas na Passos Mágicos.,Melhorar: Melhorar a sua entrega de lições de casa.,Melhorar: Integrar-se mais aos Princípios Passos Mágicos.,Estuda em outra cidade,3,FASE 3,4A,Fase 3 (7º e 8º ano),Fase 4 (9° ano),Fase 5 (1° EM),8.3,9.2,8.334,10.0,5.0,5.0,7.5,8.5,7.166666666666667,13.0,,15.0,7.1,7.6,7.554824561666667,7.564,7.892341667,7.419398245666667,False,Escola Pública,Privada,Privada,7.96875,8.125,7.5,7.51,6.88,6.458,8.505,8.206,9.0,9.2,7.5,5.7,8.2,5.0,7.8,8.2,9.0,Ametista,Ametista,Ametista,False,4.0,4.0,5.0,Não atendido,Cursando,B,3A,4A
RA-2,Aluno-2,Feminino,2017,8.0,469.0,3.0,0.0,0.0,,Melhorar: Empenhar-se mais nas aulas e avaliações.,Melhorar: Melhorar a sua entrega de lições de casa.,Melhorar: Integrar-se mais aos Princípios Passos Mágicos.,,7,FASE 8,,Fase 7 (3º EM),Fase 8 (Universitários),,8.8,,,10.0,10.0,,6.8,,,17.0,18.0,,5.2,,,7.055,,,False,Rede Decisão,Privada *Parcerias com Bolsa 100%,,,,6.3,,,6.778,,,9.7,,,6.3,,,4.5,,,Ametista,,,False,4.0,,,Sem limitações,,A,8E,
RA-2,Aluno-2,Feminino,2021,,,,,,0.0,,,,Faculdade FIAP,,,8E,,,Fase 8 (Universitários),,,,,,10.0,,,,,,19.0,,,0.0,,,,,,,Privada *Parcerias com Bolsa 100%,,,,,,,,,,,,,,,,,,,,,,,,0.0,,Cursando,,,8E
RA-20,Aluno-20,Feminino,2022,5.0,296.0,4.0,-1.0,,,Destaque: As suas boas notas na Passos Mágicos.,Destaque: A sua boa entrega das lições de casa.,Melhorar: Integrar-se mais aos Princípios Passos Mágicos.,,7,,,Fase 8 (Universitários),,,7.1,,,5.0,,,7.8,,,19.0,,,10.0,,,7.535,,,True,Escola Pública,,,,,6.3,,,7.167,,,,,,9.0,,,6.5,,,Ametista,,,False,4.0,,,Não atendido,,D,,
RA-200,Aluno-200,Masculino,2018,109.0,759.0,9.0,-2.0,-2.0,,Melhorar: Empenhar-se mais nas aulas e avaliações.,Melhorar: Melhorar a sua entrega de lições de casa.,Melhorar: Integrar-se mais aos Princípios Passos Mágicos.,,3,FASE 4,,Fase 5 (1º EM),Fase 6 (2° EM),,7.9,9.6,,5.0,5.0,,5.5,4.3,,15.0,16.0,,5.6,4.5,,5.705,5.661166667,,False,Escola JP II,Privada - Programa de Apadrinhamento,,7.5,,4.4,2.52,,4.917,7.17,,6.8,4.5,,4.7,4.3,,5.0,4.2,,Quartzo,Quartzo,,False,4.0,4.0,,Requer avaliação,,B,4B,
RA-201,Aluno-201,Feminino,2021,58.0,462.0,7.0,-2.0,,,Melhorar: Empenhar-se mais nas aulas e avaliações.,Melhorar: Melhorar a sua entrega de lições de casa.,Destaque: A sua boa integração aos Princípios Passos Mágicos.,,3,,,Fase 5 (1º EM),,,7.9,,,5.0,,,6.5,,,15.0,,,7.3,,,7.078,,,False,Escola Pública,,,,,7.5,,,7.542,,,6.3,,,6.0,,,7.2,,,Ametista,,,False,4.0,,,Não atendido,,B,,
RA-202,Aluno-202,Feminino,2017,123.0,810.0,13.0,-1.0,-1.0,,Melhorar: Empenhar-se mais nas aulas e avaliações.,Melhorar: Melhorar a sua entrega de lições de casa.,Melhorar: Integrar-se mais aos Princípios Passos Mágicos.,,3,FASE 4,,Fase 4 (9º ano),Fase 5 (1° EM),,0.0,8.8,,5.0,5.0,,5.4,5.9,,14.0,,,5.2,7.9,,5.201,6.791641667,,True,Escola Pública,Pública,,7.96875,,4.4,2.52,,6.917,8.005,,4.2,6.7,,6.3,6.3,,5.8,4.8,,Quartzo,Ágata,,False,4.0,4.0,,Requer avaliação,,B,4C,
RA-202,Aluno-202,Feminino,2021,,,,,,-1.0,,,,EE Leonice de Aquino Oliveira,,,5C,,,Fase 6 (2° EM),,,8.334,,,5.0,,,7.5,,,16.0,,,7.880952381,,,7.3512154762,,,,Pública,,7.65625,,,6.26,,,7.75,,,8.0,,,8.5,,,6.0,,,Ametista,,,,4.0,,Cursando,,,5C
RA-203,Aluno-203,Feminino,2021,113.0,766.0,10.0,-1.0,,,Melhorar: Empenhar-se mais nas aulas e avaliações.,Melhorar: Melhorar a sua entrega de lições de casa.,Melhorar: Integrar-se mais aos Princípios Passos Mágicos.,,3,,,Fase 4 (9º ano),,,8.8,,,5.0,,,2.8,,,14.0,,,4.3,,,5.669,,,False,Escola Pública,,,,,7.5,,,6.875,,,2.5,,,2.3,,,3.5,,,Quartzo,,,False,4.0,,,Não atendido,,B,,
RA-204,Aluno-204,Feminino,2019,64.0,509.0,8.0,0.0,0.0,,Melhorar: Empenhar-se mais nas aulas e avaliações.,Melhorar: Melhorar a sua entrega de lições de casa.,Melhorar: Integrar-se mais aos Princípios Passos Mágicos.,,3,FASE 4,,Fase 3 (7º e 8º ano),Fase 4 (9° ano),,7.9,8.8,,10.0,10.0,,7.4,7.1,,13.0,,,6.7,7.9,,6.943,7.557558333,,False,Escola Pública,Pública,,8.28125,,4.4,2.52,,5.708,8.045,,8.5,8.5,,5.3,4.7,,8.5,8.0,,Ágata,Ametista,,False,4.0,4.0,,Requer avaliação,,B,4B,
RA-204,Aluno-204,Feminino,2021,,,,,,0.0,,,,EE Alexandre Rodrigues Nogueira,,,4B,,,Fase 4 (9° ano),,,9.168,,,10.0,,,7.5,,,15.0,,,6.827094474333333,,,7.838218894866668,,,,Pública,,7.125,,,6.26,,,8.5875,,,10.0,,,5.0,,,7.5,,,Ametista,,,,4.0,,Cursando,,,4B
RA-205,Aluno-205,Masculino,2020,120.0,797.0,12.0,-1.0,-1.0,,Melhorar: Empenhar-se mais nas aulas e avaliações.,Melhorar: Melhorar a sua entrega de lições de casa.,Melhorar: Integrar-se mais aos Princípios Passos Mágicos.,,3,FASE 4,,Fase 4 (9º ano),Fase 5 (1° EM),,9.6,9.6,,5.0,5.0,,4.1,6.6,,14.0,,,3.8,7.6,,5.372,6.857625,,False,Escola Pública,Pública,,7.03125,,7.5,4.38,,4.833,7.09,,5.0,7.3,,5.7,7.0,,1.7,5.5,,Quartzo,Ágata,,False,4.0,4.0,,Não atendido,,B,4C,
RA-206,Aluno-206,Feminino,2022,56.0,455.0,6.0,0.0,,,Melhorar: Empenhar-se mais nas aulas e avaliações.,Destaque: A sua boa entrega das lições de casa.,Melhorar: Integrar-se mais aos Princípios Passos Mágicos.,,3,,,Fase 3 (7º e 8º ano),,,8.3,,,10.0,,,5.0,,,12.0,,,8.8,,,7.101,,,False,Escola Pública,,,,,7.5,,,5.167,,,,,,4.0,,,6.0,,,Ametista,,,False,4.0,,,Não atendido,,B,,
RA-207,Aluno-207,Masculino,2021,129.0,827.0,5.0,-3.0,,,Melhorar: Empenhar-se mais nas aulas e avaliações.,Melhorar: Melhorar a sua entrega de lições de casa.,Melhorar: Integrar-se mais aos Princípios Passos Mágicos.,,3,,,Fase 6 (2º EM),,,0.0,,,2.5,,,5.8,,,16.0,,,4.8,,,4.936,,,False,Escola Pública,,,,,7.5,,,5.708,,,8.0,,,5.3,,,4.0,,,Quartzo,,,False,4.0,,,Não atendido,,C,,
RA-208,Aluno-208,Masculino,2018,78.0,599.0,4.0,-1.0,,,Melhorar: Empenhar-se mais nas aulas e avaliações.,Melhorar: Melhorar a sua entrega de lições de casa.,Melhorar: Integrar-se mais aos Princípios Passos Mágicos.,,3,,,Fase 4 (9º ano),,,7.5,,,5.0,,,6.1,,,14.0,,,7.1,,,6.667,,,False,Escola Pública,,,,,7.5,,,6.417,,,5.8,,,5.0,,,7.5,,,Ágata,,,False,4.0,,,Não atendido,,C,,
RA-209,Aluno-209,Masculino,2019,140.0,843.0,7.0,-1.0,,,Melhorar: Empenhar-se mais nas aulas e avaliações.,Melhorar: Melhorar a sua entrega de lições de casa.,Melhorar: Integrar-se mais aos Princípios Passos Mágicos.,,3,,,Fase 4 (9º ano),,,0.0,,,5.0,,,6.0,,,14.0,,,4.8,,,4.499,,,False,Escola Pública,,,,,5.6,,,3.75,,,7.8,,,5.0,,,5.2,,,Quartzo,,,False,4.0,,,Requer avaliação,,C,,
RA-21,Aluno-21,Masculino,2022,9.0,508.0,6.0,-1.0,0.0,0.0,Melhorar: Empenhar-se mais nas aulas e avaliações.,Destaque: A sua boa entrega das lições de casa.,Melhorar: Integrar-se mais aos Princípios Passos Mágicos.,Faculdade FIAP,7,FASE 8,8E,Fase 8 (Universitários),Fase 8 (Universitários),Fase 8 (Universitários),9.6,,,5.0,10.0,10.0,3.8,,,18.0,19.0,20.0,9.2,,0.0,6.945,,,True,Escola Pública,Privada *Parcerias com Bolsa 100%,Privada - Pagamento por *Empresa Parceira,,,7.5,,,7.25,,,,,,7.0,,,0.5,,,Ágata,,,False,4.0,,0.0,Não atendido,Cursando,D,8E,8E
RA-210,Aluno-210,Masculino,2022,141.0,844.0,8.0,-1.0,,,Melhorar: Empenhar-se mais nas aulas e avaliações.,Melhorar: Melhorar a sua entrega de lições de casa.,Melhorar: Integrar-se mais aos Princípios Passos Mágicos.,,3,,,Fase 4 (9º ano),,,0.0,,,5.0,,,3.4,,,14.0,,,5.1,,,4.44,,,False,Escola Pública,,,,,7.5,,,4.417,,,2.3,,,2.7,,,5.3,,,Quartzo,,,False,4.0,,,Não atendido,,C,,
RA-211,Aluno-211,Masculino,2021,10.0,39.0,1.0,0.0,0.0,0.0,Destaque: As suas boas notas na Passos Mágicos.,Destaque: A sua boa entrega das lições de casa.,Destaque: A sua boa integração aos Princípios Passos Mágicos.,Colégio Arco Íris Evolução,3,FASE 4,5A,Fase 3 (7º e 8º ano),Fase 4 (9° ano),Fase 5 (1° EM),9.2,9.6,9.585,10.0,10.0,10.0,7.6,7.1,7.0,13.0,14.0,15.0,8.8,9.4,9.379509379666667,8.465,8.024791667,8.283601875933334,True,Escola Pública,Privada - Programa de Apadrinhamento,Privada - Programa de Apadrinhamento,7.65625,7.25,7.5,2.52,7.51,8.458,8.71,7.866,8.5,5.7,9.0,6.7,7.7,5.5,7.5,8.0,6.5,Topázio,Topázio,Topázio,True,4.0,4.0,5.0,Não atendido,Cursando,C,4A,5A
RA-212,Aluno-212,Masculino,2022,49.0,407.0,2.0,-1.0,,,Melhorar: Empenhar-se mais nas aulas e avaliações.,Destaque: A sua boa entrega das lições de casa.,Melhorar: Integrar-se mais aos Princípios Passos Mágicos.,,3,,,Fase 4 (9º ano),,,9.6,,,5.0,,,6.2,,,14.0,,,8.4,,,7.268,,,False,Escola Pública,,,,,7.5,,,6.958,,,7.8,,,4.8,,,5.8,,,Ametista,,,False,4.0,,,Não atendido,,C,,
RA-213,Aluno-213,Masculino,2022,51.0,425.0,3.0,0.0,,,Melhorar: Empenhar-se mais nas aulas e avaliações.,Destaque: A sua boa entrega das lições de casa.,Melhorar: Integrar-se mais aos Princípios Passos Mágicos.,,3,,,Fase 3 (7º e 8º ano),,,9.6,,,10.0,,,3.5,,,13.0,,,8.7,,,7.209,,,False,Escola Pública,,,,,7.5,,,6.833,,,,,,5.0,,,2.0,,,Ametista,,,False,4.0,,,Não atendido,,C,,
RA-214,Aluno-214,Masculino,2022,133.0,832.0,6.0,-2.0,,,Melhorar: Empenhar-se mais nas aulas e avaliações.,Melhorar: Melhorar a sua entrega de lições de casa.,Melhorar: Integrar-se mais aos Princípios Passos Mágicos.,,3,,,Fase 5 (1º EM),,,0.0,,,5.0,,,4.3,,,15.0,,,6.1,,,4.87,,,False,Escola Pública,,,,,7.5,,,5.125,,,,,,5.0,,,3.5,,,Quartzo,,,False,4.0,,,Não atendido,,C,,
RA-215,Aluno-215,Feminino,2021,53.0,442.0,3.0,0.0,0.0,0.0,Destaque: As suas boas notas na Passos Mágicos.,Melhorar: Melhorar a sua entrega de lições de casa.,Melhorar: Integrar-se mais aos Princípios Passos Mágicos.,EE Paschoal Carlos Magno,3,FASE 4,5B,Fase 3 (7º e 8º ano),Fase 4 (9° ano),Fase 5 (1° EM),6.7,8.8,7.084,10.0,10.0,10.0,7.8,6.9,5.666666666666667,13.0,14.0,15.0,5.8,6.6,6.455627705333334,7.172,7.166475,7.045258874400002,False,Escola Pública,Pública,Pública,7.96875,8.0,7.5,2.52,6.26,6.542,7.7125,7.432,10.0,8.3,10.0,5.7,5.7,5.0,7.7,6.7,2.0,Ametista,Ametista,Ametista,False,4.0,4.0,5.0,Não atendido,Cursando,D,4C,5B
RA-216,Aluno-216,Feminino,2018,35.0,310.0,1.0,0.0,,,Melhorar: Empenhar-se mais nas aulas e avaliações.,Destaque: A sua boa entrega das lições de casa.,Melhorar: Integrar-se mais aos Princípios Passos Mágicos.,,3,,,Fase 3 (7º e 8º ano),,,7.9,,,10.0,,,7.0,,,13.0,,,8.5,,,7.502,,,False,Escola Pública,,,,,7.5,,,5.583,,,9.2,,,5.3,,,6.5,,,Ametista,,,False,4.0,,,Não atendido,,D,,
RA-217,Aluno-217,Feminino,2021,42.0,363.0,2.0,-2.0,-1.0,-1.0,Melhorar: Empenhar-se mais nas aulas e avaliações.,Destaque: A sua boa entrega das lições de casa.,Melhorar: Integrar-se mais aos Princípios Passos Mágicos.,Colégio Arco Íris Evolução,3,FASE 4,5A,Fase 5 (1º EM),Fase 5 (1° EM),Fase 6 (2° EM),7.9,8.3,8.334,5.0,5.0,5.0,7.1,5.6,7.833333333333333,15.0,,17.0,8.5,8.6,8.917748917666666,7.397,6.96965,7.4209164502,True,Escola Pública,Pública,Privada - Programa de Apadrinhamento,8.4375,7.125,7.5,2.52,6.26,7.292,8.5025,6.994,7.7,4.8,7.5,6.3,6.7,9.0,7.2,5.3,7.0,Ametista,Ágata,Ametista,False,4.0,4.0,5.0,Não atendido,Cursando,D,4B,5A
RA-218,Aluno-218,Feminino,2022,99.0,709.0,6.0,-1.0,-1.0,,Melhorar: Empenhar-se mais nas aulas e avaliações.,Melhorar: Melhorar a sua entrega de lições de casa.,Melhorar: Integrar-se mais aos Princípios Passos Mágicos.,,3,FASE 4,,Fase 4 (9º ano),Fase 5 (1° EM),,6.3,0.0,,5.0,5.0,,4.0,6.7,,14.0,15.0,,7.3,6.7,,6.1,5.811541667,,False,Escola Pública,Pública,,7.96875,,7.5,2.52,,6.125,7.88,,0.0,7.5,,5.0,5.7,,7.0,7.0,,Ágata,Quartzo,,False,4.0,4.0,,Não atendido,,D,4C,
RA-219,Aluno-219,Masculino,2019,105.0,733.0,7.0,-3.0,,,Melhorar: Empenhar-se mais nas aulas e avaliações.,Melhorar: Melhorar a sua entrega de lições de casa.,Melhorar: Integrar-se mais aos Princípios Passos Mágicos.,,3,,,Fase 6 (2º EM),,,8.8,,,2.5,,,3.5,,,16.0,,,6.9,,,5.942,,,False,Escola Pública,,,,,7.5,,,6.375,,,1.7,,,4.0,,,4.8,,,Quartzo,,,False,4.0,,,Não atendido,,D,,
RA-22,Aluno-22,Feminino,2019,10.0,327.0,10.0,-1.0,,,Melhorar: Empenhar-se mais nas aulas e avaliações.,Melhorar: Melhorar a sua entrega de lições de casa.,Destaque: A sua boa integração aos Princípios Passos Mágicos.,,6,,,Fase 7 (3º EM),,,8.3,,,5.0,,,6.7,,,17.0,,,7.4,,,7.474,,,False,Rede Decisão,,,,,8.1,,,8.833,,,7.8,,,9.0,,,3.1,,,Ametista,,,True,4.0,,,Sem limitações,,A,,
RA-220,Aluno-220,Feminino,2022,60.0,479.0,4.0,0.0,0.0,0.0,Melhorar: Empenhar-se mais nas aulas e avaliações.,Destaque: A sua boa entrega das lições de casa.,Destaque: A sua boa integração aos Princípios Passos Mágicos.,EE Joaquim Mendes Feliz,3,FASE 4,5B,Fase 3 (7º e 8º ano),Fase 4 (9° ano),Fase 5 (1° EM),0.0,8.8,8.751,10.0,10.0,10.0,6.5,6.1,6.833333333333333,13.0,14.0,15.0,8.1,7.6,8.198051948,7.028,7.102016667,7.6987770562666675,True,Escola Pública,Pública,Pública,7.1875,7.25,7.5,2.52,6.26,7.833,7.5475,7.332,5.8,6.3,9.0,6.8,6.3,8.0,6.8,5.8,3.5,Ágata,Ametista,Ametista,False,4.0,4.0,5.0,Não atendido,Cursando,D,4C,5B
RA-221,Aluno-221,Masculino,2022,68.0,528.0,5.0,-1.0,-2.0,,Melhorar: Empenhar-se mais nas aulas e avaliações.,Destaque: A sua boa entrega das lições de casa.,Melhorar: Integrar-se mais aos Princípios Passos Mágicos.,,3,FASE 3,,Fase 4 (9º ano),Fase 5 (1° EM),,9.6,9.6,,5.0,5.0,,5.2,5.0,,14.0,15.0,,8.5,9.0,,6.892,6.959916667,,False,Escola Pública,Pública,,7.1875,,7.5,5.0,,6.0,7.38,,5.0,4.8,,7.0,5.5,,3.5,4.8,,Ágata,Ágata,,False,4.0,4.0,,Não atendido,,D,3C,
RA-222,Aluno-222,Feminino,2019,115.0,774.0,8.0,-2.0,,,Melhorar: Empenhar-se mais nas aulas e avaliações.,Melhorar: Melhorar a sua entrega de lições de casa.,Melhorar: Integrar-se mais aos Princípios Passos Mágicos.,,3,,,Fase 5 (1º EM),,,7.1,,,5.0,,,6.2,,,15.0,,,4.6,,,5.604,,,False,Escola Pública,,,,,7.5,,,4.917,,,6.0,,,5.0,,,7.5,,,Quartzo,,,False,4.0,,,Não atendido,,D,,
RA-223,Aluno-223,Feminino,2022,128.0,823.0,12.0,0.0,-1.0,,Melhorar: Empenhar-se mais nas aulas e avaliações.,Melhorar: Melhorar a sua entrega de lições de casa.,Melhorar: Integrar-se mais aos Princípios Passos Mágicos.,,3,FASE 3,,Fase 3 (7º e 8º ano),Fase 4 (9° ano),,0.0,0.0,,10.0,5.0,,3.1,3.8,,13.0,14.0,,4.6,4.5,,4.966,5.089833333,,False,Escola Pública,Pública,,7.5,,7.5,7.52,,5.583,7.1725,,0.2,1.8,,4.3,5.5,,4.7,4.0,,Quartzo,Quartzo,,False,4.0,4.0,,Não atendido,,E,3G,
RA-224,Aluno-224,Masculino,2021,112.0,765.0,11.0,0.0,,,Melhorar: Empenhar-se mais nas aulas e avaliações.,Melhorar: Melhorar a sua entrega de lições de casa.,Melhorar: Integrar-se mais aos Princípios Passos Mágicos.,,3,,,Fase 3 (7º e 8º ano),,,9.6,,,10.0,,,2.6,,,13.0,,,4.3,,,5.671,,,False,Escola Pública,,,,,7.5,,,4.875,,,0.0,,,5.0,,,2.7,,,Quartzo,,,False,4.0,,,Não atendido,,E,,
RA-225,Aluno-225,Masculino,2022,107.0,736.0,10.0,-1.0,,,Melhorar: Empenhar-se mais nas aulas e avaliações.,Melhorar: Melhorar a sua entrega de lições de casa.,Melhorar: Integrar-se mais aos Princípios Passos Mágicos.,,3,,,Fase 4 (9º ano),,,8.3,,,5.0,,,5.0,,,14.0,,,5.3,,,5.918,,,False,Escola Pública,,,,,7.5,,,5.708,,,,,,3.0,,,7.0,,,Quartzo,,,False,4.0,,,Não atendido,,E,,
RA-226,Aluno-226,Feminino,2022,82.0,638.0,4.0,-1.0,,,Melhorar: Empenhar-se mais nas aulas e avaliações.,Melhorar: Melhorar a sua entrega de lições de casa.,Melhorar: Integrar-se mais aos Princípios Passos Mágicos.,,3,,,Fase 4 (9º ano),,,7.5,,,5.0,,,6.8,,,14.0,,,6.1,,,6.549,,,False,Escola Pública,,,,,7.5,,,6.208,,,,,,7.0,,,6.5,,,Ágata,,,False,4.0,,,Não atendido,,E,,
RA-227,Aluno-227,Masculino,2022,84.0,647.0,5.0,0.0,0.0,0.0,Melhorar: Empenhar-se mais nas aulas e avaliações.,Melhorar: Melhorar a sua entrega de lições de casa.,Melhorar: Integrar-se mais aos Princípios Passos Mágicos.,Colégio Nogueira e Sonho de Criança,3,FASE 3,3A,Fase 3 (7º e 8º ano),Fase 3 (7° e 8° ano),Fase 3 (7° e 8° ano),9.2,9.6,9.585,10.0,10.0,10.0,3.3,6.9,6.5,12.0,,13.0,6.4,7.5,8.097577276666668,6.471,7.722125,8.074015455333335,False,Escola Pública,Pública,Pública,8.28125,7.5,7.5,5.63,9.38,5.833,7.4625,7.54,1.0,7.0,9.5,4.7,7.2,4.0,4.3,6.5,6.0,Ágata,Ametista,Topázio,False,4.0,4.0,4.0,Não atendido,Cursando,E,3B,3A
RA-228,Aluno-228,Feminino,2017,95.0,700.0,7.0,-2.0,,,Melhorar: Empenhar-se mais nas aulas e avaliações.,Melhorar: Melhorar a sua entrega de lições de casa.,Melhorar: Integrar-se mais aos Princípios Passos Mágicos.,,3,,,Fase 5 (1º EM),,,7.5,,,5.0,,,4.8,,,15.0,,,6.7,,,6.196,,,False,Escola Pública,,,,,7.5,,,6.417,,,5.3,,,3.0,,,6.0,,,Ágata,,,False,4.0,,,Não atendido,,E,,
RA-229,Aluno-229,Masculino,2022,7.0,27.0,1.0,0.0,1.0,1.0,Melhorar: Empenhar-se mais nas aulas e avaliações.,Destaque: A sua boa entrega das lições de casa.,Destaque: A sua boa integração aos Princípios Passos Mágicos.,Colégio Arco Íris Evolução,3,FASE 4,5C,Fase 3 (7º e 8º ano),Fase 3 (7° e 8° ano),Fase 4 (9° ano),10.0,9.2,9.585,10.0,10.0,10.0,6.9,7.8,8.833333333333334,12.0,,14.0,9.4,9.8,9.841269841333334,8.62,8.207591667,8.852545634933334,True,Escola Pública,Privada - Programa de Apadrinhamento,Privada - Programa de Apadrinhamento,8.28125,8.28125,7.5,2.52,5.635,8.5,8.42,8.8375,7.2,7.3,10.0,7.0,8.0,9.5,6.7,8.2,7.0,Topázio,Topázio,Topázio,True,4.0,4.0,4.0,Não atendido,Cursando,E,4A,5C
RA-23,Aluno-23,Masculino,2021,8.0,243.0,8.0,-1.0,1.0,0.0,Melhorar: Empenhar-se mais nas aulas e avaliações.,Destaque: A sua boa entrega das lições de casa.,Destaque: A sua boa integração aos Princípios Passos Mágicos.,Universidade Santo Amaro (UNISA),6,FASE 8,8E,Fase 7 (3º EM),Fase 7 (3° EM),Fase 8 (Universitários),8.3,,,5.0,10.0,10.0,6.7,,,17.0,,19.0,8.2,,0.0,7.677,,,True,Escola Pública,Privada *Parcerias com Bolsa 100%,Privada *Parcerias com Bolsa 100%,,,8.1,,,8.556,,,8.2,,,7.2,,,4.7,,,Ametista,,,True,4.0,,0.0,Sem limitações,Cursando,A,8E,8E
RA-230,Aluno-230,Masculino,2022,92.0,676.0,6.0,-1.0,,,Melhorar: Empenhar-se mais nas aulas e avaliações.,Melhorar: Melhorar a sua entrega de lições de casa.,Melhorar: Integrar-se mais aos Princípios Passos Mágicos.,,3,,,Fase 4 (9º ano),,,7.9,,,5.0,,,5.7,,,14.0,,,5.1,,,6.328,,,True,Escola Pública,,,,,7.5,,,6.75,,,9.0,,,3.7,,,4.3,,,Ágata,,,False,4.0,,,Não atendido,,E,,
RA-231,Aluno-231,Masculino,2022,97.0,705.0,8.0,-1.0,,,Melhorar: Empenhar-se mais nas aulas e avaliações.,Melhorar: Melhorar a sua entrega de lições de casa.,Melhorar: Integrar-se mais aos Princípios Passos Mágicos.,,3,,,Fase 4 (9º ano),,,8.8,,,5.0,,,3.8,,,14.0,,,7.4,,,6.116,,,False,Escola Pública,,,,,7.5,,,5.333,,,,,,3.0,,,4.5,,,Ágata,,,False,4.0,,,Não atendido,,E,,
RA-232,Aluno-232,Masculino,2022,145.0,852.0,13.0,0.0,,,Melhorar: Empenhar-se mais nas aulas e avaliações.,Melhorar: Melhorar a sua entrega de lições de casa.,Melhorar: Integrar-se mais aos Princípios Passos Mágicos.,,3,,,Fase 3 (7º e 8º ano),,,0.0,,,10.0,,,0.0,,,12.0,,,4.9,,,4.245,,,False,Escola Pública,,,,,7.5,,,4.542,,,,,,0.0,,,0.0,,,Quartzo,,,False,4.0,,,Não atendido,,E,,
RA-233,Aluno-233,Masculino,2022,101.0,718.0,9.0,-1.0,,,Melhorar: Empenhar-se mais nas aulas e avaliações.,Melhorar: Melhorar a sua entrega de lições de casa.,Melhorar: Integrar-se mais aos Princípios Passos Mágicos.,,3,,,Fase 4 (9º ano),,,7.9,,,5.0,,,3.8,,,14.0,,,7.4,,,6.051,,,False,Escola Pública,,,,,7.5,,,5.5,,,,,,3.0,,,4.5,,,Ágata,,,False,4.0,,,Não atendido,,E,,
RA-234,Aluno-234,Masculino,2022,75.0,583.0,3.0,0.0,0.0,,Melhorar: Empenhar-se mais nas aulas e avaliações.,Destaque: A sua boa entrega das lições de casa.,Melhorar: Integrar-se mais aos Princípios Passos Mágicos.,,3,FASE 3,,Fase 3 (7º e 8º ano),Fase 3 (7° e 8° ano),,10.0,6.7,,10.0,10.0,,4.3,5.6,,13.0,13.0,,7.6,8.0,,6.719,6.248741667,,False,Escola Pública,Pública,,4.84375,,5.6,2.52,,5.583,5.595,,2.8,5.3,,3.7,6.3,,6.3,5.3,,Ágata,Ágata,,False,4.0,4.0,,Sem limitações,,E,3D,
RA-235,Aluno-235,Feminino,2022,73.0,559.0,2.0,-1.0,,,Melhorar: Empenhar-se mais nas aulas e avaliações.,Melhorar: Melhorar a sua entrega de lições de casa.,Melhorar: Integrar-se mais aos Princípios Passos Mágicos.,,3,,,Fase 4 (9º ano),,,8.3,,,5.0,,,6.3,,,14.0,,,7.3,,,6.79,,,False,Escola Pública,,,,,7.5,,,6.417,,,,,,7.0,,,5.5,,,Ágata,,,False,4.0,,,Não atendido,,E,,
RA-236,Aluno-236,Feminino,2022,55.0,452.0,9.0,0.0,0.0,0.0,Melhorar: Empenhar-se mais nas aulas e avaliações.,Melhorar: Melhorar a sua entrega de lições de casa.,Melhorar: Integrar-se mais aos Princípios Passos Mágicos.,EE Loris Nassif Mattar Profa,3,FASE 3,4F,Fase 3 (7º e 8º ano),Fase 3 (7° e 8° ano),Fase 4 (9° ano),9.6,10.0,9.168,10.0,10.0,10.0,3.7,4.5,4.5,12.0,13.0,14.0,7.5,7.5,7.890668700666666,7.11,7.337116667,6.980833740133334,False,Escola Pública,Pública,Pública,7.1875,6.875,7.5,7.52,6.26,7.208,7.2975,6.362,3.0,3.3,8.0,4.0,6.3,1.5,4.0,4.0,4.0,Ametista,Ametista,Ágata,False,4.0,4.0,5.0,Não atendido,Cursando,F,3G,4F
RA-237,Aluno-237,Feminino,2022,19.0,121.0,6.0,-1.0,-1.0,-1.0,Destaque: As suas boas notas na Passos Mágicos.,Destaque: A sua boa entrega das lições de casa.,Destaque: A sua boa integração aos Princípios Passos Mágicos.,Colégio Arco Íris Evolução,3,FASE 4,5F,Fase 4 (9º ano),Fase 5 (1° EM),Fase 6 (2° EM),10.0,8.3,8.751,5.0,5.0,5.0,7.8,6.7,7.666666666666667,14.0,15.0,16.0,9.0,9.5,9.689754689666666,8.084,7.436566667,7.931384271366667,True,Escola Pública,Privada - Programa de Apadrinhamento,Privada - Programa de Apadrinhamento,8.125,7.916666667,7.5,2.52,6.26,8.417,8.96,8.336666667,8.8,5.5,10.0,6.8,7.7,6.0,7.7,7.0,7.0,Topázio,Ametista,Ametista,True,4.0,4.0,3.0,Não atendido,Cursando,F,4F,5F
RA-238,Aluno-238,Feminino,2021,91.0,674.0,12.0,-1.0,,,Melhorar: Empenhar-se mais nas aulas e avaliações.,Melhorar: Melhorar a sua entrega de lições de casa.,Melhorar: Integrar-se mais aos Princípios Passos Mágicos.,,3,,,Fase 4 (9º ano),,,8.8,,,5.0,,,5.1,,,14.0,,,6.4,,,6.331,,,False,Escola Pública,,,,,5.0,,,7.208,,,4.5,,,4.3,,,6.5,,,Ágata,,,False,4.0,,,Requer avaliação,,F,,
RA-239,Aluno-239,Feminino,2021,138.0,840.0,13.0,-2.0,-2.0,-3.0,Melhorar: Empenhar-se mais nas aulas e avaliações.,Melhorar: Melhorar a sua entrega de lições de casa.,Melhorar: Integrar-se mais aos Princípios Passos Mágicos.,EE Paschoal Carlos Magno,3,FASE 4,4F,Fase 5 (1º EM),Fase 6 (2° EM),Fase 7 (3° EM),0.0,0.0,8.751,5.0,5.0,2.5,3.7,7.0,6.666666666666667,15.0,16.0,17.0,3.7,8.4,6.361737677333333,4.572,6.411333333,6.782180868800001,False,Escola Pública,Pública,Pública,8.125,7.875,7.5,5.0,5.635,5.958,7.6275,8.502,4.5,7.7,6.0,2.0,6.0,4.0,4.7,7.2,10.0,Quartzo,Ágata,Ágata,False,4.0,4.0,5.0,Não atendido,Cursando,F,4G,4F
RA-24,Aluno-24,Feminino,2021,5.0,119.0,5.0,-1.0,,,Destaque: As suas boas notas na Passos Mágicos.,Destaque: A sua boa entrega das lições de casa.,Destaque: A sua boa integração aos Princípios Passos Mágicos.,,6,,,Fase 7 (3º EM),,,9.2,,,5.0,,,8.6,,,17.0,,,7.9,,,8.087,,,False,Rede Decisão,,,,,6.9,,,9.111,,,9.7,,,10.0,,,6.3,,,Topázio,,,True,4.0,,,Requer avaliação,,A,,
RA-240,Aluno-240,Feminino,2017,65.0,510.0,11.0,0.0,0.0,,Melhorar: Empenhar-se mais nas aulas e avaliações.,Destaque: A sua boa entrega das lições de casa.,Melhorar: Integrar-se mais aos Princípios Passos Mágicos.,,3,FASE 4,,Fase 3 (7º e 8º ano),Fase 4 (9° ano),,7.1,7.1,,10.0,10.0,,4.7,4.8,,13.0,,,8.1,6.7,,6.943,6.337966667,,False,Rede Decisão,Privada - Programa de Apadrinhamento,,6.875,,5.0,2.52,,7.042,6.9175,,2.8,4.2,,6.3,7.0,,5.0,3.3,,Ágata,Ágata,,False,4.0,4.0,,Requer avaliação,,F,4F,
RA-241,Aluno-241,Masculino,2016,9.0,38.0,5.0,-1.0,-1.0,,Destaque: As suas boas notas na Passos Mágicos.,Destaque: A sua boa entrega das lições de casa.,Destaque: A sua boa integração aos Princípios Passos Mágicos.,,3,FASE 4,,Fase 4 (9º ano),Fase 5 (1° EM),,10.0,0.0,,5.0,5.0,,7.7,7.5,,14.0,,,10.0,9.9,,8.468,7.016,,False,Rede Decisão,Privada - Programa de Apadrinhamento,,8.75,,7.5,2.52,,9.125,9.545,,7.3,6.2,,8.2,9.3,,7.5,7.0,,Topázio,Ametista,,True,4.0,4.0,,Não atendido,,F,4F,
RA-241,Aluno-241,Masculino,2021,,,,,,2.0,,,,FIAP School - SP,,,7E,,,Fase 5 (1° EM),,,10.002,,,10.0,,,6.816666666666667,,,16.0,,,9.891666667,,,8.311616666733334,,,,Privada *Parcerias com Bolsa 100%,,7.5,,,7.1975,,,7.5,,,7.1,,,6.15,,,7.2,,,Topázio,,,,0.0,,Cursando,,,7E
RA-242,Aluno-242,Masculino,2018,3.0,19.0,1.0,0.0,0.0,,Destaque: As suas boas notas na Passos Mágicos.,Destaque: A sua boa entrega das lições de casa.,Destaque: A sua boa integração aos Princípios Passos Mágicos.,,3,FASE 4,,Fase 3 (7º e 8º ano),Fase 4 (9° ano),,9.6,7.1,,10.0,10.0,,8.2,7.9,,13.0,14.0,,9.7,9.7,,8.673,8.221841667,,False,Rede Decisão,Privada - Programa de Apadrinhamento,,8.59375,,5.6,2.52,,8.708,9.3775,,8.7,7.2,,8.7,9.3,,7.2,7.3,,Topázio,Topázio,,True,4.0,4.0,,Requer avaliação,,F,4F,
RA-242,Aluno-242,Masculino,2021,,,,,,2.0,,,,FIAP School - SP,,,7E,,,Fase 5 (1° EM),,,9.585,,,10.0,,,7.650000000000001,,,15.0,,,9.621,,,8.2887,,,,Privada *Parcerias com Bolsa 100%,,7.5,,,6.26,,,7.5,,,6.85,,,8.05,,,8.05,,,Topázio,,,,0.0,,Cursando,,,7E
RA-243,Aluno-243,Feminino,2022,63.0,493.0,10.0,-2.0,,,Melhorar: Empenhar-se mais nas aulas e avaliações.,Destaque: A sua boa entrega das lições de casa.,Destaque: A sua boa integração aos Princípios Passos Mágicos.,,3,,,Fase 5 (1º EM),,,7.1,,,5.0,,,6.0,,,15.0,,,8.7,,,6.982,,,False,Escola Pública,,,,,5.0,,,7.875,,,7.7,,,5.0,,,5.3,,,Ágata,,,False,4.0,,,Requer avaliação,,F,,
RA-244,Aluno-244,Feminino,2018,8.0,34.0,4.0,0.0,1.0,,Destaque: As suas boas notas na Passos Mágicos.,Destaque: A sua boa entrega das lições de casa.,Destaque: A sua boa integração aos Princípios Passos Mágicos.,,3,FASE 4,,Fase 3 (7º e 8º ano),Fase 3 (7° e 8° ano),,7.5,0.0,,10.0,10.0,,7.8,7.3,,12.0,13.0,,9.4,8.8,,8.51,7.044333333,,False,Rede Decisão,Privada - Programa de Apadrinhamento,,8.125,,6.3,2.52,,9.208,8.8325,,8.7,6.8,,6.7,7.0,,8.0,8.0,,Topázio,Ametista,,True,4.0,4.0,,Requer avaliação,,F,4F,
RA-244,Aluno-244,Feminino,2021,,,,,,1.0,,,,Colégio Arco Íris Evolução,,,5G,,,Fase 4 (9° ano),,,7.5,,,10.0,,,9.5,,,14.0,,,10.0,,,8.7225,,,,Privada - Programa de Apadrinhamento,,8.125,,,6.26,,,8.17,,,9.5,,,10.0,,,9.0,,,Topázio,,,,3.0,,Cursando,,,5G
RA-245,Aluno-245,Masculino,2016,4.0,20.0,2.0,-1.0,-1.0,,Destaque: As suas boas notas na Passos Mágicos.,Destaque: A sua boa entrega das lições de casa.,Destaque: A sua boa integração aos Princípios Passos Mágicos.,,3,FASE 4,,Fase 4 (9º ano),Fase 5 (1° EM),,10.0,0.0,,5.0,5.0,,8.4,8.1,,14.0,,,9.9,10.0,,8.656,7.171166667,,False,Rede Decisão,Privada - Programa de Apadrinhamento,,8.75,,7.5,2.52,,9.25,9.5875,,8.8,7.3,,8.3,9.3,,8.2,7.8,,Topázio,Ametista,,True,4.0,4.0,,Não atendido,,F,4F,
RA-245,Aluno-245,Masculino,2021,,,,,,2.0,,,,Colégio Albert Einstein - SP,,,7E,,,Fase 5 (1° EM),,,9.168,,,10.0,,,8.033333333333333,,,16.0,,,9.953333333,,,8.452633333266668,,,,Privada - Programa de Apadrinhamento,,7.5,,,6.885,,,7.5,,,8.1,,,8.4,,,7.6,,,Topázio,,,,0.0,,Cursando,,,7E
RA-246,Aluno-246,Masculino,2022,5.0,23.0,3.0,0.0,0.0,2.0,Destaque: As suas boas notas na Passos Mágicos.,Destaque: A sua boa entrega das lições de casa.,Destaque: A sua boa integração aos Princípios Passos Mágicos.,FIAP School - SP,3,FASE 4,7E,Fase 3 (7º e 8º ano),Fase 4 (9° ano),Fase 5 (1° EM),8.3,8.8,8.334,10.0,10.0,10.0,7.6,6.8,0.0,13.0,,15.0,9.4,9.9,0.0,8.639,8.256766667,4.7404,True,Escola Pública,Privada,Privada *Parcerias com Bolsa 100%,8.125,7.5,7.5,4.39,6.57,9.167,8.9175,7.5,8.0,5.8,0.0,8.0,7.7,0.0,6.7,7.0,0.0,Topázio,Topázio,Quartzo,True,4.0,4.0,0.0,Não atendido,Cursando,F,4F,7E
RA-247,Aluno-247,Feminino,2021,32.0,230.0,7.0,0.0,0.0,0.0,Melhorar: Empenhar-se mais nas aulas e avaliações.,Destaque: A sua boa entrega das lições de casa.,Destaque: A sua boa integração aos Princípios Passos Mágicos.,EE Loris Nassif Mattar Profa,3,FASE 3,4B,Fase 3 (7º e 8º ano),Fase 3 (7° e 8° ano),Fase 4 (9° ano),8.3,0.0,0.0,10.0,10.0,10.0,5.8,7.2,4.333333333333333,13.0,13.0,14.0,8.2,8.5,8.306595365666666,7.72,7.221958333,6.646485739800001,True,Escola Pública,Pública,Pública,8.28125,7.75,7.5,7.52,6.26,7.875,7.5425,8.5875,6.3,8.3,8.0,5.3,6.5,0.0,5.7,6.7,5.0,Ametista,Ametista,Ágata,False,4.0,4.0,4.0,Não atendido,Cursando,F,3B,4B
RA-248,Aluno-248,Masculino,2022,39.0,343.0,8.0,0.0,,,Melhorar: Empenhar-se mais nas aulas e avaliações.,Destaque: A sua boa entrega das lições de casa.,Melhorar: Integrar-se mais aos Princípios Passos Mágicos.,,3,,,Fase 3 (7º e 8º ano),,,9.2,,,10.0,,,5.2,,,13.0,,,7.6,,,7.429,,,False,Escola Pública,,,,,7.5,,,7.292,,,6.0,,,4.0,,,5.5,,,Ametista,,,False,4.0,,,Não atendido,,F,,
RA-249,Aluno-249,Masculino,2017,125.0,816.0,10.0,-1.0,-2.0,,Melhorar: Empenhar-se mais nas aulas e avaliações.,Melhorar: Melhorar a sua entrega de lições de casa.,Melhorar: Integrar-se mais aos Princípios Passos Mágicos.,,3,FASE 3,,Fase 4 (9º ano),Fase 5 (1° EM),,6.7,0.0,,5.0,5.0,,2.9,4.9,,14.0,,,7.4,8.2,,5.097,5.444625,,False,Escola Pública,Pública,,5.15625,,5.0,5.0,,4.292,6.545,,2.2,3.2,,2.3,6.2,,4.2,5.3,,Quartzo,Quartzo,,False,4.0,4.0,,Não atendido,,G,3F,
RA-249,Aluno-249,Masculino,2021,,,,,,-2.0,,,,EE Paschoal Carlos Magno,,,4F,,,Fase 6 (2° EM),,,7.083,,,5.0,,,5.0,,,16.0,,,6.645021645,,,6.125104328999999,,,,Pública,,6.75,,,5.0,,,7.064,,,6.0,,,1.0,,,8.0,,,Ágata,,,,5.0,,Cursando,,,4F
RA-25,Aluno-25,Feminino,2021,6.0,147.0,6.0,-1.0,0.0,0.0,Melhorar: Empenhar-se mais nas aulas e avaliações.,Destaque: A sua boa entrega das lições de casa.,Destaque: A sua boa integração aos Princípios Passos Mágicos.,Universidade Santo Amaro (UNISA),6,FASE 8,8E,Fase 7 (3º EM),Fase 8 (Universitários),Fase 8 (Universitários),8.3,,,5.0,10.0,10.0,6.9,,,17.0,18.0,19.0,8.3,,0.0,7.979,,,True,Escola Pública,Privada *Parcerias com Bolsa 100%,Privada *Parcerias com Bolsa 100%,,,8.8,,,9.667,,,7.7,,,9.2,,,3.8,,,Ametista,,,True,4.0,,0.0,Sem limitações,Cursando,A,8E,8E
RA-250,Aluno-250,Feminino,2022,23.0,152.0,1.0,0.0,0.0,0.0,Melhorar: Empenhar-se mais nas aulas e avaliações.,Destaque: A sua boa entrega das lições de casa.,Destaque: A sua boa integração aos Princípios Passos Mágicos.,Colégio Arco Íris Evolução,3,FASE 3,4H,Fase 3 (7º e 8º ano),Fase 3 (7° e 8° ano),Fase 4 (9° ano),8.3,0.0,9.168,10.0,10.0,10.0,6.6,8.3,9.166666666666666,12.0,13.0,14.0,8.6,9.3,9.629629629666667,7.958,7.598208333,9.049892592566668,True,Escola Pública,Pública,Privada - Programa de Apadrinhamento,7.96875,8.958333333,7.5,5.63,6.88,7.625,8.625,8.95,6.7,8.3,10.0,6.7,7.7,10.0,6.5,8.8,7.5,Ametista,Ametista,Topázio,False,4.0,4.0,3.0,Não atendido,Cursando,G,3F,4H
RA-251,Aluno-251,Masculino,2018,62.0,482.0,4.0,-2.0,-1.0,,Melhorar: Empenhar-se mais nas aulas e avaliações.,Destaque: A sua boa entrega das lições de casa.,Melhorar: Integrar-se mais aos Princípios Passos Mágicos.,,3,FASE 4,,Fase 5 (1º EM),Fase 5 (1° EM),,10.0,9.6,,5.0,5.0,,6.3,5.3,,15.0,,,8.1,8.0,,7.022,6.665208333,,False,Escola Pública,Pública,,7.34375,,5.6,2.52,,6.625,7.835,,7.2,5.3,,5.3,5.0,,6.3,5.5,,Ágata,Ágata,,False,4.0,4.0,,Sem limitações,,G,4N,
RA-251,Aluno-251,Masculino,2021,,,,,,-1.0,,,,EE Maria André Schunck Dona,,,5N,,,Fase 6 (2° EM),,,8.751,,,5.0,,,4.5,,,16.0,,,8.612836439,,,6.7135006212,,,,Pública,,6.875,,,5.63,,,7.326666667,,,7.0,,,4.0,,,2.5,,,Ágata,,,,3.0,,Cursando,,,5N
RA-252,Aluno-252,Masculino,2018,143.0,850.0,14.0,-1.0,,,Melhorar: Empenhar-se mais nas aulas e avaliações.,Melhorar: Melhorar a sua entrega de lições de casa.,Melhorar: Integrar-se mais aos Princípios Passos Mágicos.,,3,,,Fase 4 (9º ano),,,9.2,,,5.0,,,0.9,,,14.0,,,2.8,,,4.277,,,False,Escola Pública,,,,,7.5,,,3.875,,,0.2,,,1.3,,,1.2,,,Quartzo,,,False,4.0,,,Não atendido,,G,,
RA-253,Aluno-253,Masculino,2019,142.0,847.0,13.0,-2.0,,,Melhorar: Empenhar-se mais nas aulas e avaliações.,Melhorar: Melhorar a sua entrega de lições de casa.,Melhorar: Integrar-se mais aos Princípios Passos Mágicos.,,3,,,Fase 5 (1º EM),,,9.2,,,5.0,,,1.8,,,15.0,,,3.6,,,4.312,,,False,Escola Pública,,,,,5.0,,,3.75,,,0.7,,,1.0,,,3.7,,,Quartzo,,,False,4.0,,,Requer avaliação,,G,,
RA-254,Aluno-254,Masculino,2019,76.0,584.0,7.0,-1.0,-1.0,,Melhorar: Empenhar-se mais nas aulas e avaliações.,Melhorar: Melhorar a sua entrega de lições de casa.,Melhorar: Integrar-se mais aos Princípios Passos Mágicos.,,3,FASE 4,,Fase 4 (9º ano),Fase 5 (1° EM),,10.0,9.6,,5.0,5.0,,5.3,5.9,,14.0,15.0,,7.4,8.8,,6.715,,,False,Escola Pública,Pública,,7.8125,,5.6,,,6.917,7.71,,4.0,6.2,,5.0,5.7,,6.8,5.7,,Ágata,,,False,4.0,4.0,,Requer avaliação,,G,4H,
RA-255,Aluno-255,Masculino,2019,139.0,841.0,12.0,-1.0,,,Melhorar: Empenhar-se mais nas aulas e avaliações.,Melhorar: Melhorar a sua entrega de lições de casa.,Melhorar: Integrar-se mais aos Princípios Passos Mágicos.,,3,,,Fase 4 (9º ano),,,7.5,,,5.0,,,1.3,,,14.0,,,3.8,,,4.563,,,False,Escola Pública,,,,,5.0,,,5.542,,,0.5,,,1.0,,,2.3,,,Quartzo,,,False,4.0,,,Não indicado,,G,,
RA-256,Aluno-256,Feminino,2019,52.0,433.0,3.0,0.0,,,Melhorar: Empenhar-se mais nas aulas e avaliações.,Destaque: A sua boa entrega das lições de casa.,Melhorar: Integrar-se mais aos Princípios Passos Mágicos.,,3,,,Fase 3 (7º e 8º ano),,,8.8,,,10.0,,,5.2,,,12.0,,,8.5,,,7.192,,,False,Escola Pública,,,,,5.0,,,6.708,,,3.5,,,5.3,,,6.7,,,Ametista,,,False,4.0,,,Requer avaliação,,G,,
RA-257,Aluno-257,Feminino,2018,124.0,815.0,9.0,-1.0,,,Melhorar: Empenhar-se mais nas aulas e avaliações.,Melhorar: Melhorar a sua entrega de lições de casa.,Melhorar: Integrar-se mais aos Princípios Passos Mágicos.,,3,,,Fase 4 (9º ano),,,0.0,,,5.0,,,3.6,,,14.0,,,6.4,,,5.149,,,False,Escola Pública,,,,,5.6,,,6.708,,,1.5,,,4.0,,,5.2,,,Quartzo,,,False,4.0,,,Requer avaliação,,G,,
RA-258,Aluno-258,Feminino,2018,67.0,517.0,5.0,0.0,,,Melhorar: Empenhar-se mais nas aulas e avaliações.,Melhorar: Melhorar a sua entrega de lições de casa.,Melhorar: Integrar-se mais aos Princípios Passos Mágicos.,,3,,,Fase 3 (7º e 8º ano),,,10.0,,,10.0,,,4.8,,,12.0,,,7.3,,,6.926,,,False,Escola Pública,,,,,5.6,,,6.125,,,5.5,,,2.7,,,6.2,,,Ágata,,,False,4.0,,,Sem limitações,,G,,
RA-258,Aluno-258,Feminino,2021,,,,,,0.0,,,,EE João Ortiz Rodrigues,,,3H,,,Fase 3 (7° e 8° ano),,,7.084,,,10.0,,,2.5,,,13.0,,,6.944444444333333,,,6.429063888866667,,,,Pública,,7.34375,,,7.51,,,6.732,,,0.0,,,,,,5.0,,,Ágata,,,,5.0,,Cursando,,,3H
RA-259,Aluno-259,Masculino,2017,146.0,853.0,15.0,-3.0,,,Melhorar: Empenhar-se mais nas aulas e avaliações.,Melhorar: Melhorar a sua entrega de lições de casa.,Melhorar: Integrar-se mais aos Princípios Passos Mágicos.,,3,,,Fase 6 (2º EM),,,8.8,,,2.5,,,0.9,,,16.0,,,2.9,,,4.182,,,False,Escola Pública,,,,,7.5,,,4.625,,,0.2,,,0.0,,,2.7,,,Quartzo,,,False,4.0,,,Não atendido,,G,,
RA-26,Aluno-26,Masculino,2022,3.0,17.0,3.0,-1.0,-1.0,0.0,Destaque: As suas boas notas na Passos Mágicos.,Destaque: A sua boa entrega das lições de casa.,Destaque: A sua boa integração aos Princípios Passos Mágicos.,Faculdade FIAP,6,FASE 7,8F,Fase 7 (3º EM),Fase 8 (Universitários),Fase 8 (Universitários),9.6,0.0,,5.0,5.0,10.0,8.0,,,17.0,,19.0,8.8,,0.0,8.677,,,True,Escola Pública,Privada *Parcerias com Bolsa 100%,Privada *Parcerias com Bolsa 100%,,,10.0,7.52,,10.0,,,10.0,,,9.5,,,4.4,,,Topázio,,,True,4.0,,0.0,Sem limitações,Cursando,A,7E,8F
RA-260,Aluno-260,Feminino,2019,38.0,340.0,2.0,0.0,0.0,,Melhorar: Empenhar-se mais nas aulas e avaliações.,Destaque: A sua boa entrega das lições de casa.,Melhorar: Integrar-se mais aos Princípios Passos Mágicos.,,3,FASE 3,,Fase 3 (7º e 8º ano),Fase 3 (7° e 8° ano),,10.0,9.2,,10.0,10.0,,5.0,6.1,,13.0,,,8.2,9.9,,7.44,8.080008333,,False,Escola Pública,Pública,,7.34375,,7.5,7.52,,6.458,7.4175,,4.2,6.7,,5.7,6.3,,5.2,5.2,,Ametista,Topázio,,False,4.0,4.0,,Não atendido,,G,3G,
RA-260,Aluno-260,Feminino,2021,,,,,,0.0,,,,EE João Ortiz Rodrigues,,,4F,,,Fase 4 (9° ano),,,8.751,,,10.0,,,7.0,,,15.0,,,9.674603174666666,,,8.448920634933334,,,,Pública,,7.875,,,7.51,,,8.502,,,8.0,,,7.5,,,5.5,,,Topázio,,,,5.0,,Cursando,,,4F
RA-261,Aluno-261,Feminino,2019,74.0,566.0,6.0,-1.0,,,Melhorar: Empenhar-se mais nas aulas e avaliações.,Melhorar: Melhorar a sua entrega de lições de casa.,Melhorar: Integrar-se mais aos Princípios Passos Mágicos.,,3,,,Fase 4 (9º ano),,,8.8,,,5.0,,,5.8,,,14.0,,,7.2,,,6.763,,,True,Escola Pública,,,,,5.6,,,7.042,,,5.5,,,6.2,,,5.8,,,Ágata,,,False,4.0,,,Sem limitações,,G,,
RA-262,Aluno-262,Masculino,2021,135.0,835.0,11.0,-2.0,-2.0,-2.0,Melhorar: Empenhar-se mais nas aulas e avaliações.,Melhorar: Melhorar a sua entrega de lições de casa.,Melhorar: Integrar-se mais aos Princípios Passos Mágicos.,Colégio Nogueira e Sonho de Criança,3,FASE 4,4F,Fase 5 (1º EM),Fase 6 (2° EM),Fase 6 (2° EM),0.0,0.0,7.917,5.0,5.0,5.0,3.4,3.8,4.166666666666667,15.0,,17.0,5.8,3.7,4.854560643666667,4.786,4.406458333,5.806145462066667,False,Escola Pública,Privada,Privada,7.03125,7.0,5.6,5.0,7.51,5.625,6.05,6.296,3.5,3.0,7.0,1.3,5.0,1.0,5.5,3.3,4.5,Quartzo,Quartzo,Quartzo,False,4.0,4.0,5.0,Sem limitações,Cursando,G,4G,4F
RA-263,Aluno-263,Feminino,2019,121.0,800.0,8.0,-2.0,,,Melhorar: Empenhar-se mais nas aulas e avaliações.,Melhorar: Melhorar a sua entrega de lições de casa.,Melhorar: Integrar-se mais aos Princípios Passos Mágicos.,,3,,,Fase 5 (1º EM),,,5.8,,,5.0,,,3.7,,,15.0,,,5.6,,,5.319,,,False,Escola Pública,,,,,7.5,,,4.417,,,5.4,,,3.0,,,2.8,,,Quartzo,,,False,4.0,,,Não atendido,,G,,
RA-264,Aluno-264,Feminino,2022,57.0,460.0,2.0,-2.0,,,Melhorar: Empenhar-se mais nas aulas e avaliações.,Destaque: A sua boa entrega das lições de casa.,Melhorar: Integrar-se mais aos Princípios Passos Mágicos.,,3,,,Fase 5 (1º EM),,,10.0,,,5.0,,,5.8,,,15.0,,,9.2,,,7.087,,,False,Escola Pública,,,,,5.6,,,6.625,,,,,,6.0,,,5.5,,,Ametista,,,False,4.0,,,Requer avaliação,,I,,
RA-265,Aluno-265,Masculino,2019,26.0,162.0,1.0,0.0,0.0,,Melhorar: Empenhar-se mais nas aulas e avaliações.,Destaque: A sua boa entrega das lições de casa.,Destaque: A sua boa integração aos Princípios Passos Mágicos.,,3,FASE 4,,Fase 3 (7º e 8º ano),Fase 4 (9° ano),,8.3,8.3,,10.0,10.0,,6.9,7.0,,13.0,14.0,,7.7,8.7,,7.926,,,True,Escola Pública,Pública,,7.96875,,7.5,,,7.917,7.88,,8.5,6.8,,5.3,7.3,,7.0,6.8,,Ametista,,,False,4.0,4.0,,Não atendido,,I,4H,
RA-266,Aluno-266,Feminino,2019,104.0,730.0,4.0,-3.0,,,Melhorar: Empenhar-se mais nas aulas e avaliações.,Melhorar: Melhorar a sua entrega de lições de casa.,Melhorar: Integrar-se mais aos Princípios Passos Mágicos.,,3,,,Fase 6 (2º EM),,,7.5,,,2.5,,,6.0,,,16.0,,,5.8,,,5.987,,,False,Escola Pública,,,,,5.6,,,6.583,,,6.3,,,5.0,,,6.7,,,Quartzo,,,False,4.0,,,Requer avaliação,,I,,
RA-267,Aluno-267,Feminino,2016,103.0,727.0,3.0,-2.0,-2.0,,Melhorar: Empenhar-se mais nas aulas e avaliações.,Melhorar: Melhorar a sua entrega de lições de casa.,Melhorar: Integrar-se mais aos Princípios Passos Mágicos.,,3,FASE 4,,Fase 5 (1º EM),Fase 6 (2° EM),,10.0,7.9,,5.0,5.0,,3.3,2.7,,15.0,16.0,,7.4,7.7,,6.012,,,False,Escola Pública,Pública,,4.6875,,5.0,,,6.292,6.505,,2.7,1.3,,2.3,2.7,,4.8,4.0,,Ágata,,,False,4.0,4.0,,Não indicado,,I,4H,
RA-267,Aluno-267,Feminino,2021,,,,,,-2.0,,,,EE Leonice de Aquino Oliveira,,,5G,,,Fase 7 (3° EM),,,10.002,,,5.0,,,2.0,,,17.0,,,8.285533910333333,,,5.8963067819666675,,,,Pública,,4.583333333,,,6.26,,,6.273333333,,,4.0,,,0.0,,,2.0,,,Quartzo,,,,3.0,,Cursando,,,5G
RA-268,Aluno-268,Feminino,2021,77.0,590.0,11.0,-1.0,,,Melhorar: Empenhar-se mais nas aulas e avaliações.,Melhorar: Melhorar a sua entrega de lições de casa.,Melhorar: Integrar-se mais aos Princípios Passos Mágicos.,,3,,,Fase 4 (9º ano),,,9.2,,,5.0,,,5.7,,,14.0,,,6.7,,,6.695,,,True,Escola Pública,,,,,6.3,,,7.208,,,3.2,,,7.0,,,6.8,,,Ágata,,,False,4.0,,,Requer avaliação,,K,,
RA-269,Aluno-269,Masculino,2022,13.0,76.0,2.0,0.0,0.0,2.0,Destaque: As suas boas notas na Passos Mágicos.,Destaque: A sua boa entrega das lições de casa.,Melhorar: Integrar-se mais aos Princípios Passos Mágicos.,FIAP School - SP,3,FASE 4,7E,Fase 3 (7º e 8º ano),Fase 4 (9° ano),Fase 5 (1° EM),9.2,9.6,9.168,10.0,10.0,10.0,8.9,7.4,8.200000000000001,13.0,14.0,15.0,8.6,9.0,9.6,8.231,8.116041667,8.4773,False,Escola Pública,Pública,Privada *Parcerias com Bolsa 100%,8.59375,7.5,6.3,2.52,7.505,7.25,8.7975,7.5,8.5,7.0,7.9,8.7,8.0,8.1,9.5,7.3,8.6,Topázio,Topázio,Topázio,False,4.0,4.0,0.0,Requer avaliação,Cursando,K,4L,7E
RA-27,Aluno-27,Masculino,2016,12.0,449.0,12.0,-1.0,0.0,,Destaque: As suas boas notas na Passos Mágicos.,Destaque: A sua boa entrega das lições de casa.,Destaque: A sua boa integração aos Princípios Passos Mágicos.,,6,FASE 7,,Fase 7 (3º EM),Fase 7 (3° EM),,0.0,6.7,,5.0,10.0,,8.0,6.9,,17.0,,,7.6,7.7,,7.124,7.921266667,,False,Rede Decisão,Privada - Programa de Apadrinhamento,,8.625,,8.1,6.89,,9.111,8.8825,,10.0,8.0,,7.7,7.0,,6.3,5.8,,Ametista,Ametista,,True,4.0,4.0,,Sem limitações,,A,7A,
RA-27,Aluno-27,Masculino,2021,,,,,,0.0,,,,Faculdade FIAP,,,8F,,,Fase 8 (Universitários),,,,,,10.0,,,,,,18.0,,,0.0,,,,,,,Privada *Parcerias com Bolsa 100%,,,,,,,,,,,,,,,,,,,,,,,,0.0,,Cursando,,,8F
RA-270,Aluno-270,Feminino,2019,14.0,79.0,3.0,0.0,0.0,,Destaque: As suas boas notas na Passos Mágicos.,Destaque: A sua boa entrega das lições de casa.,Destaque: A sua boa integração aos Princípios Passos Mágicos.,,3,FASE 4,,Fase 3 (7º e 8º ano),Fase 4 (9° ano),,8.3,9.2,,10.0,10.0,,7.9,6.6,,13.0,14.0,,8.4,9.0,,8.226,7.982633333,,False,Rede Decisão,Privada - Programa de Apadrinhamento,,8.75,,6.9,2.52,,8.125,9.1275,,8.5,5.8,,8.0,7.7,,7.2,6.2,,Topázio,Ametista,,False,4.0,4.0,,Não atendido,,K,4M,
RA-270,Aluno-270,Feminino,2021,,,,,,2.0,,,,Colégio Albert Einstein - SP,,,7E,,,Fase 5 (1° EM),,,9.168,,,10.0,,,0.0,,,15.0,,,0.0,,,4.79255,,,,Privada - Programa de Apadrinhamento,,7.5,,,6.2575,,,7.5,,,0.0,,,0.0,,,0.0,,,Quartzo,,,,0.0,,Cursando,,,7E
RA-271,Aluno-271,Feminino,2022,50.0,411.0,8.0,-2.0,-2.0,-1.0,Melhorar: Empenhar-se mais nas aulas e avaliações.,Destaque: A sua boa entrega das lições de casa.,Melhorar: Integrar-se mais aos Princípios Passos Mágicos.,EE Donizetti Aparecido Leite Professor,3,FASE 4,5M,Fase 5 (1º EM),Fase 6 (2° EM),Fase 6 (2° EM),9.2,0.0,9.168,5.0,5.0,5.0,7.1,5.9,7.333333333333333,15.0,16.0,17.0,8.5,9.3,8.958333333333334,7.255,6.140333333,7.400633333333334,True,Escola Pública,Pública,Pública,8.125,7.5,5.6,2.52,6.26,6.958,7.7125,6.7475,8.3,6.3,9.5,6.3,4.3,5.0,6.5,7.0,7.5,Ametista,Ágata,Ametista,False,4.0,4.0,4.0,Requer avaliação,Cursando,K,4M,5M
RA-272,Aluno-272,Masculino,2021,88.0,666.0,14.0,-1.0,,,Melhorar: Empenhar-se mais nas aulas e avaliações.,Melhorar: Melhorar a sua entrega de lições de casa.,Melhorar: Integrar-se mais aos Princípios Passos Mágicos.,,3,,,Fase 4 (9º ano),,,9.2,,,5.0,,,5.1,,,14.0,,,5.7,,,6.361,,,False,Escola Pública,,,,,7.5,,,6.417,,,3.5,,,5.0,,,6.8,,,Ágata,,,False,4.0,,,Não atendido,,K,,
RA-273,Aluno-273,Feminino,2018,110.0,761.0,15.0,-1.0,-1.0,,Melhorar: Empenhar-se mais nas aulas e avaliações.,Melhorar: Melhorar a sua entrega de lições de casa.,Melhorar: Integrar-se mais aos Princípios Passos Mágicos.,,3,FASE 3,,Fase 4 (9º ano),Fase 4 (9° ano),,9.2,7.9,,5.0,5.0,,3.0,5.0,,14.0,14.0,,5.3,7.4,,5.679,6.337116667,,False,Escola Pública,Pública,,7.8125,,7.5,2.52,,5.833,7.6275,,0.5,3.0,,3.8,5.3,,4.7,6.8,,Quartzo,Ágata,,False,4.0,4.0,,Não atendido,,K,3L,
RA-273,Aluno-273,Feminino,2021,,,,,,-1.0,,,,EE Maria André Schunck Dona,,,4N,,,Fase 5 (1° EM),,,9.168,,,5.0,,,4.5,,,16.0,,,7.323153899,,,6.5991307798,,,,Pública,,8.125,,,6.26,,,6.896,,,4.0,,,3.0,,,6.5,,,Ágata,,,,5.0,,Cursando,,,4N
RA-274,Aluno-274,Feminino,2019,24.0,157.0,5.0,1.0,1.0,,Destaque: As suas boas notas na Passos Mágicos.,Destaque: A sua boa entrega das lições de casa.,Melhorar: Integrar-se mais aos Princípios Passos Mágicos.,,3,FASE 4,,Fase 2 (5º e 6º ano),Fase 3 (7° e 8° ano),,7.9,7.5,,10.0,10.0,,8.1,7.5,,11.0,12.0,,8.3,9.5,,7.946,8.137625,,False,Rede Decisão,Privada - Programa de Apadrinhamento,,7.65625,,7.5,5.63,,7.0,8.295,,7.0,7.8,,8.1,7.0,,9.3,7.7,,Ametista,Topázio,,False,4.0,4.0,,Não atendido,,K,4M,
RA-274,Aluno-274,Feminino,2021,,,,,,2.0,,,,Colégio Arco Íris Evolução,,,5L,,,Fase 3 (7° e 8° ano),,,8.334,,,10.0,,,9.333333333333334,,,13.0,,,9.648148147999999,,,8.651029629666667,,,,Privada - Programa de Apadrinhamento,,8.125,,,5.635,,,8.226666667,,,10.0,,,9.0,,,9.0,,,Topázio,,,,3.0,,Cursando,,,5L
RA-275,Aluno-275,Masculino,2018,79.0,600.0,12.0,-2.0,,,Melhorar: Empenhar-se mais nas aulas e avaliações.,Melhorar: Melhorar a sua entrega de lições de casa.,Melhorar: Integrar-se mais aos Princípios Passos Mágicos.,,3,,,Fase 5 (1º EM),,,9.6,,,5.0,,,4.6,,,15.0,,,6.9,,,6.665,,,True,Escola Pública,,,,,7.5,,,6.667,,,2.7,,,5.0,,,6.0,,,Ágata,,,False,4.0,,,Não atendido,,K,,
RA-276,Aluno-276,Feminino,2017,118.0,788.0,16.0,-1.0,0.0,,Melhorar: Empenhar-se mais nas aulas e avaliações.,Melhorar: Melhorar a sua entrega de lições de casa.,Melhorar: Integrar-se mais aos Princípios Passos Mágicos.,,3,FASE 4,,Fase 4 (9º ano),Fase 4 (9° ano),,7.1,6.3,,5.0,10.0,,4.3,5.5,,14.0,,,5.7,8.5,,5.527,6.690458333,,False,Escola Pública,Privada - Programa de Apadrinhamento,,7.03125,,5.6,2.52,,5.125,6.585,,3.3,8.0,,3.7,3.7,,6.0,4.7,,Quartzo,Ágata,,False,4.0,4.0,,Não indicado,,K,4M,
RA-277,Aluno-277,Masculino,2021,41.0,354.0,7.0,-1.0,-1.0,2.0,Melhorar: Empenhar-se mais nas aulas e avaliações.,Destaque: A sua boa entrega das lições de casa.,Melhorar: Integrar-se mais aos Princípios Passos Mágicos.,FIAP School - SP,3,FASE 4,7E,Fase 4 (9º ano),Fase 5 (1° EM),Fase 5 (1° EM),7.1,8.3,8.334,5.0,5.0,10.0,7.4,5.5,6.8999999999999995,14.0,,16.0,8.8,9.9,9.741666667,7.411,7.7284,8.0689833334,True,Escola Pública,Pública,Privada *Parcerias com Bolsa 100%,8.125,7.5,7.5,7.52,6.5725,7.208,8.7525,7.5,8.2,4.8,6.05,7.2,5.7,6.5,7.0,6.0,8.15,Ametista,Ametista,Topázio,False,4.0,4.0,0.0,Não atendido,Cursando,K,4M,7E
RA-278,Aluno-278,Masculino,2018,31.0,222.0,6.0,0.0,1.0,,Melhorar: Empenhar-se mais nas aulas e avaliações.,Destaque: A sua boa entrega das lições de casa.,Melhorar: Integrar-se mais aos Princípios Passos Mágicos.,,3,FASE 4,,Fase 3 (7º e 8º ano),Fase 3 (7° e 8° ano),,8.8,0.0,,10.0,10.0,,6.0,5.6,,12.0,13.0,,9.2,9.8,,7.741,7.1935,,False,Rede Decisão,Pública,,8.75,,5.6,5.63,,7.417,8.3775,,6.4,5.5,,5.7,6.0,,5.8,5.3,,Ametista,Ametista,,False,4.0,4.0,,Requer avaliação,,K,4M,
RA-278,Aluno-278,Masculino,2021,,,,,,1.0,,,,Colégio Arco Íris Evolução,,,5N,,,Fase 4 (9° ano),,,9.168,,,10.0,,,9.333333333333334,,,14.0,,,9.855072463666666,,,8.907314492800001,,,,Privada - Programa de Apadrinhamento,,8.125,,,7.51,,,7.946666667,,,10.0,,,9.0,,,9.0,,,Topázio,,,,3.0,,Cursando,,,5N
RA-279,Aluno-279,Masculino,2019,1.0,10.0,1.0,0.0,0.0,,Destaque: As suas boas notas na Passos Mágicos.,Destaque: A sua boa entrega das lições de casa.,Destaque: A sua boa integração aos Princípios Passos Mágicos.,,3,FASE 4,,Fase 3 (7º e 8º ano),Fase 4 (9° ano),,9.2,8.8,,10.0,10.0,,9.1,8.9,,13.0,14.0,,9.9,10.0,,8.815,9.006266667,,False,Rede Decisão,Pública,,8.75,,6.3,6.27,,8.208,9.2125,,9.3,9.3,,9.7,9.0,,8.3,8.5,,Topázio,Topázio,,False,4.0,4.0,,Sem limitações,,K,4M,
RA-279,Aluno-279,Masculino,2021,,,,,,1.0,,,,Colégio Arco Íris Evolução,,,5N,,,Fase 4 (9° ano),,,9.168,,,10.0,,,9.333333333333334,,,15.0,,,10.0,,,9.113133333366667,,,,Privada - Programa de Apadrinhamento,,8.333333333,,,7.51,,,8.726666667,,,10.0,,,10.0,,,8.0,,,Topázio,,,,3.0,,Cursando,,,5N
RA-28,Aluno-28,Feminino,2019,14.0,698.0,14.0,-1.0,,,Melhorar: Empenhar-se mais nas aulas e avaliações.,Melhorar: Melhorar a sua entrega de lições de casa.,Melhorar: Integrar-se mais aos Princípios Passos Mágicos.,,6,,,Fase 7 (3º EM),,,7.9,,,5.0,,,5.0,,,17.0,,,6.1,,,6.242,,,False,Escola Pública,,,,,7.5,,,6.333,,,5.3,,,8.2,,,1.5,,,Ágata,,,False,4.0,,,Requer avaliação,,A,,
RA-280,Aluno-280,Feminino,2021,20.0,133.0,4.0,0.0,0.0,1.0,Melhorar: Empenhar-se mais nas aulas e avaliações.,Destaque: A sua boa entrega das lições de casa.,Melhorar: Integrar-se mais aos Princípios Passos Mágicos.,Colégio Arco Íris Evolução,3,FASE 4,5N,Fase 3 (7º e 8º ano),Fase 4 (9° ano),Fase 4 (9° ano),7.5,6.7,7.917,10.0,10.0,10.0,7.1,6.5,9.333333333333334,13.0,,15.0,9.2,9.5,9.855072463666666,8.046,8.189225,8.822714492700001,False,Rede Decisão,Privada - Programa de Apadrinhamento,Privada - Programa de Apadrinhamento,8.28125,8.333333333,7.5,7.52,6.26,7.333,8.7125,8.67,8.7,5.5,10.0,5.7,6.3,10.0,7.0,7.7,8.0,Ametista,Topázio,Topázio,False,4.0,4.0,3.0,Sem limitações,Cursando,K,4M,5N
RA-281,Aluno-281,Feminino,2019,71.0,553.0,10.0,0.0,,,Melhorar: Empenhar-se mais nas aulas e avaliações.,Melhorar: Melhorar a sua entrega de lições de casa.,Melhorar: Integrar-se mais aos Princípios Passos Mágicos.,,3,,,Fase 3 (7º e 8º ano),,,6.7,,,10.0,,,5.9,,,13.0,,,6.9,,,6.806,,,False,Escola Pública,,,,,7.5,,,5.625,,,6.0,,,5.0,,,6.8,,,Ágata,,,False,4.0,,,Sem limitações,,K,,
RA-282,Aluno-282,Feminino,2019,80.0,620.0,13.0,0.0,,,Melhorar: Empenhar-se mais nas aulas e avaliações.,Melhorar: Melhorar a sua entrega de lições de casa.,Melhorar: Integrar-se mais aos Princípios Passos Mágicos.,,3,,,Fase 3 (7º e 8º ano),,,8.8,,,10.0,,,4.0,,,13.0,,,6.8,,,6.618,,,False,Escola Pública,,,,,7.5,,,5.625,,,1.0,,,4.7,,,6.3,,,Ágata,,,False,4.0,,,Sem limitações,,K,,
RA-283,Aluno-283,Masculino,2020,54.0,448.0,9.0,-1.0,-2.0,,Melhorar: Empenhar-se mais nas aulas e avaliações.,Destaque: A sua boa entrega das lições de casa.,Melhorar: Integrar-se mais aos Princípios Passos Mágicos.,,3,FASE 3,,Fase 4 (9º ano),Fase 5 (1° EM),,9.6,8.3,,5.0,5.0,,5.6,6.8,,14.0,15.0,,8.8,9.5,,7.131,7.549025,,False,Escola Pública,Pública,,7.03125,,7.5,7.52,,6.625,7.5025,,6.6,8.8,,4.5,6.8,,5.8,4.8,,Ametista,Ametista,,False,4.0,4.0,,Não atendido,,K,3N,
RA-283,Aluno-283,Masculino,2021,,,,,,-2.0,,,,EE Maria André Schunck Dona,,,4N,,,Fase 6 (2° EM),,,8.751,,,5.0,,,8.0,,,16.0,,,9.761904762,,,7.9444309524,,,,Pública,,7.8125,,,6.885,,,7.736,,,9.5,,,6.5,,,8.0,,,Ametista,,,,5.0,,Cursando,,,4N
RA-284,Aluno-284,Masculino,2022,106.0,734.0,3.0,0.0,,,Melhorar: Empenhar-se mais nas aulas e avaliações.,Melhorar: Melhorar a sua entrega de lições de casa.,Melhorar: Integrar-se mais aos Princípios Passos Mágicos.,,3,,,Fase 3 (7º e 8º ano),,,6.7,,,10.0,,,3.8,,,13.0,,,5.1,,,5.939,,,False,Escola Pública,,,,,5.6,,,5.958,,,0.0,,,7.0,,,4.5,,,Quartzo,,,False,4.0,,,Sem limitações,,L,,
RA-285,Aluno-285,Feminino,2020,126.0,817.0,5.0,-3.0,-3.0,,Melhorar: Empenhar-se mais nas aulas e avaliações.,Melhorar: Melhorar a sua entrega de lições de casa.,Melhorar: Integrar-se mais aos Princípios Passos Mágicos.,,3,FASE 4,,Fase 6 (2º EM),Fase 7 (3° EM),,9.2,8.3,,2.5,2.5,,2.8,4.7,,16.0,17.0,,4.1,4.6,,5.063,5.380358333,,False,Escola Pública,Pública,,7.65625,,7.5,2.52,,5.75,7.13,,1.2,4.0,,4.0,4.0,,3.2,6.0,,Quartzo,Quartzo,,False,4.0,4.0,,Sem limitações,,L,4N,
RA-286,Aluno-286,Feminino,2022,119.0,794.0,4.0,-2.0,-1.0,-1.0,Melhorar: Empenhar-se mais nas aulas e avaliações.,Melhorar: Melhorar a sua entrega de lições de casa.,Melhorar: Integrar-se mais aos Princípios Passos Mágicos.,EE Donizetti Aparecido Leite Professor,3,FASE 4,5M,Fase 5 (1º EM),Fase 5 (1° EM),Fase 6 (2° EM),7.1,0.0,6.666,5.0,5.0,5.0,3.0,4.7,3.1666666666666665,15.0,15.0,16.0,5.8,7.5,4.031862745000001,5.424,5.713333333,5.123180882333333,False,Escola Pública,Pública,Pública,8.125,7.34375,6.3,5.0,6.26,5.625,7.3375,5.7825,2.0,5.3,4.5,4.7,3.7,5.0,2.3,5.0,0.0,Quartzo,Quartzo,Quartzo,False,4.0,4.0,4.0,Sem limitações,Cursando,L,4L,5M
RA-287,Aluno-287,Feminino,2022,148.0,859.0,11.0,-4.0,-4.0,,Melhorar: Empenhar-se mais nas aulas e avaliações.,Melhorar: Melhorar a sua entrega de lições de casa.,Melhorar: Integrar-se mais aos Princípios Passos Mágicos.,,3,FASE 4,,Fase 7 (3º EM),Fase 8 (Universitários),,7.9,0.0,,2.5,2.5,,1.1,3.9,,17.0,18.0,,3.4,4.8,,3.7,3.745541667,,False,Escola Pública,Pública,,4.21875,,5.0,2.52,,4.292,5.375,,0.2,6.5,,0.7,3.0,,2.5,2.3,,Quartzo,Quartzo,,False,4.0,4.0,,Requer avaliação,,L,4N,
RA-288,Aluno-288,Feminino,2022,147.0,854.0,10.0,-3.0,,,Melhorar: Empenhar-se mais nas aulas e avaliações.,Melhorar: Melhorar a sua entrega de lições de casa.,Melhorar: Integrar-se mais aos Princípios Passos Mágicos.,,3,,,Fase 6 (2º EM),,,0.0,,,2.5,,,0.0,,,16.0,,,5.6,,,4.097,,,False,Escola Pública,,,,,6.3,,,6.833,,,,,,,,,,,,Quartzo,,,False,4.0,,,Sem limitações,,L,,
RA-289,Aluno-289,Feminino,2020,94.0,699.0,2.0,-1.0,,,Melhorar: Empenhar-se mais nas aulas e avaliações.,Destaque: A sua boa entrega das lições de casa.,Melhorar: Integrar-se mais aos Princípios Passos Mágicos.,,3,,,Fase 4 (9º ano),,,0.0,,,5.0,,,6.8,,,14.0,,,7.8,,,6.236,,,False,Escola Pública,,,,,6.3,,,7.25,,,7.5,,,5.3,,,7.5,,,Ágata,,,False,4.0,,,Sem limitações,,L,,
RA-29,Aluno-29,Masculino,2022,16.0,821.0,16.0,-1.0,0.0,0.0,Melhorar: Empenhar-se mais nas aulas e avaliações.,Melhorar: Melhorar a sua entrega de lições de casa.,Destaque: A sua boa integração aos Princípios Passos Mágicos.,Faculdade FIAP,6,FASE 8,8E,Fase 7 (3º EM),Fase 8 (Universitários),Fase 8 (Universitários),0.0,,,5.0,10.0,10.0,3.7,,,17.0,,19.0,4.0,,0.0,4.985,,,True,Escola Pública,Privada *Parcerias com Bolsa 100%,Privada - Pagamento por *Empresa Parceira,,,8.8,,,7.611,,,3.8,,,6.3,,,1.1,,,Quartzo,,,False,4.0,,0.0,Requer avaliação,Cursando,A,8E,8E
RA-290,Aluno-290,Feminino,2022,131.0,830.0,7.0,-4.0,,,Melhorar: Empenhar-se mais nas aulas e avaliações.,Melhorar: Melhorar a sua entrega de lições de casa.,Melhorar: Integrar-se mais aos Princípios Passos Mágicos.,,3,,,Fase 7 (3º EM),,,10.0,,,2.5,,,1.7,,,17.0,,,3.9,,,4.929,,,False,Escola Pública,,,,,6.3,,,6.042,,,1.8,,,1.0,,,2.3,,,Quartzo,,,False,4.0,,,Sem limitações,,L,,
RA-291,Aluno-291,Masculino,2022,18.0,107.0,1.0,0.0,0.0,2.0,Destaque: As suas boas notas na Passos Mágicos.,Destaque: A sua boa entrega das lições de casa.,Destaque: A sua boa integração aos Princípios Passos Mágicos.,FIAP School - SP,3,FASE 4,7E,Fase 3 (7º e 8º ano),Fase 4 (9° ano),Fase 5 (1° EM),8.3,8.8,8.751,10.0,10.0,10.0,8.0,7.1,6.166666666666667,13.0,14.0,15.0,8.2,8.6,9.737666667,8.122,8.493058333,7.9319666667333335,True,Escola Pública,Privada - Programa de Apadrinhamento,Privada - Programa de Apadrinhamento,8.90625,7.5,6.9,7.52,6.26,7.792,9.21,7.5,8.5,6.7,6.0,8.0,8.0,6.0,7.5,6.5,6.5,Topázio,Topázio,Ametista,False,4.0,4.0,0.0,Sem limitações,Cursando,L,4M,7E
RA-292,Aluno-292,Masculino,2022,134.0,833.0,9.0,-3.0,,,Melhorar: Empenhar-se mais nas aulas e avaliações.,Melhorar: Melhorar a sua entrega de lições de casa.,Melhorar: Integrar-se mais aos Princípios Passos Mágicos.,,3,,,Fase 6 (2º EM),,,7.9,,,2.5,,,1.8,,,16.0,,,3.7,,,4.837,,,False,Escola Pública,,,,,7.5,,,6.292,,,0.5,,,0.0,,,5.0,,,Quartzo,,,False,4.0,,,Não atendido,,L,,
RA-293,Aluno-293,Masculino,2022,132.0,831.0,8.0,0.0,,,Melhorar: Empenhar-se mais nas aulas e avaliações.,Melhorar: Melhorar a sua entrega de lições de casa.,Melhorar: Integrar-se mais aos Princípios Passos Mágicos.,,3,,,Fase 3 (7º e 8º ano),,,8.8,,,10.0,,,2.3,,,13.0,,,2.9,,,4.875,,,False,Escola Pública,,,,,7.5,,,3.333,,,1.0,,,2.0,,,3.8,,,Quartzo,,,False,4.0,,,Não atendido,,L,,
RA-294,Aluno-294,Feminino,2022,127.0,819.0,6.0,-5.0,,,Melhorar: Empenhar-se mais nas aulas e avaliações.,Melhorar: Melhorar a sua entrega de lições de casa.,Melhorar: Integrar-se mais aos Princípios Passos Mágicos.,,3,,,Fase 8 (Universitários),,,9.6,,,2.5,,,0.0,,,18.0,,,5.8,,,5.031,,,False,Escola Pública,,,,,7.5,,,5.917,,,,,,,,,,,,Quartzo,,,False,4.0,,,Não atendido,,L,,
RA-295,Aluno-295,Feminino,2022,45.0,386.0,2.0,-1.0,-1.0,,Melhorar: Empenhar-se mais nas aulas e avaliações.,Destaque: A sua boa entrega das lições de casa.,Melhorar: Integrar-se mais aos Princípios Passos Mágicos.,,3,FASE 4,,Fase 4 (9º ano),Fase 5 (1° EM),,7.9,8.8,,5.0,5.0,,6.9,7.7,,14.0,15.0,,8.0,8.8,,7.305,7.641016667,,True,Escola Pública,Pública,,9.0625,,7.5,2.52,,7.375,9.005,,7.7,8.7,,5.3,7.3,,7.7,7.2,,Ametista,Ametista,,False,4.0,4.0,,Não atendido,,M,4L,
RA-296,Aluno-296,Feminino,2022,137.0,839.0,16.0,-2.0,,,Melhorar: Empenhar-se mais nas aulas e avaliações.,Melhorar: Melhorar a sua entrega de lições de casa.,Melhorar: Integrar-se mais aos Princípios Passos Mágicos.,,3,,,Fase 5 (1º EM),,,8.8,,,5.0,,,2.8,,,15.0,,,3.6,,,4.665,,,False,Escola Pública,,,,,7.5,,,3.833,,,0.2,,,5.7,,,2.7,,,Quartzo,,,False,4.0,,,Não atendido,,M,,
RA-297,Aluno-297,Feminino,2022,36.0,324.0,1.0,0.0,,,Melhorar: Empenhar-se mais nas aulas e avaliações.,Destaque: A sua boa entrega das lições de casa.,Melhorar: Integrar-se mais aos Princípios Passos Mágicos.,,3,,,Fase 3 (7º e 8º ano),,,7.1,,,10.0,,,6.6,,,13.0,,,7.9,,,7.478,,,True,Escola Pública,,,,,6.3,,,7.417,,,8.2,,,6.3,,,5.3,,,Ametista,,,False,4.0,,,Sem limitações,,M,,
RA-298,Aluno-298,Masculino,2019,86.0,659.0,7.0,0.0,-1.0,,Melhorar: Empenhar-se mais nas aulas e avaliações.,Melhorar: Melhorar a sua entrega de lições de casa.,Melhorar: Integrar-se mais aos Princípios Passos Mágicos.,,3,FASE 3,,Fase 3 (7º e 8º ano),Fase 4 (9° ano),,9.2,9.6,,10.0,5.0,,5.2,5.5,,13.0,14.0,,6.3,8.6,,6.409,6.824333333,,False,Escola Pública,Pública,,7.5,,5.6,2.52,,5.417,7.7525,,,4.2,,5.5,7.7,,4.8,4.5,,Ágata,Ágata,,False,4.0,4.0,,Sem limitações,,M,3K,
RA-299,Aluno-299,Feminino,2019,48.0,404.0,3.0,0.0,0.0,,Melhorar: Empenhar-se mais nas aulas e avaliações.,Destaque: A sua boa entrega das lições de casa.,Melhorar: Integrar-se mais aos Princípios Passos Mágicos.,,3,FASE 4,,Fase 3 (7º e 8º ano),Fase 4 (9° ano),,7.1,0.0,,10.0,10.0,,6.8,6.1,,13.0,14.0,,8.2,9.6,,7.278,6.796541667,,False,Rede Decisão,Privada - Programa de Apadrinhamento,,7.96875,,5.0,2.52,,6.708,8.005,,6.7,6.2,,6.3,5.0,,7.3,7.2,,Ametista,Ágata,,False,4.0,4.0,,Requer avaliação,,M,4M,
RA-299,Aluno-299,Feminino,2021,,,,,,1.0,,,,Colégio Arco Íris Evolução,,,5N,,,Fase 4 (9° ano),,,8.751,,,10.0,,,8.166666666666666,,,15.0,,,8.963768115999999,,,8.177186956533333,,,,Privada - Programa de Apadrinhamento,,7.5,,,6.26,,,7.5,,,9.0,,,8.0,,,7.5,,,Topázio,,,,3.0,,Cursando,,,5N
RA-3,Aluno-3,Feminino,2016,13.0,629.0,6.0,0.0,,,Melhorar: Empenhar-se mais nas aulas e avaliações.,Destaque: A sua boa entrega das lições de casa.,Destaque: A sua boa integração aos Princípios Passos Mágicos.,,7,,,Fase 7 (3º EM),,,0.0,,,10.0,,,5.6,,,17.0,,,7.9,,,6.591,,,False,Rede Decisão,,,,,5.6,,,7.556,,,6.9,,,5.8,,,4.0,,,Ágata,,,False,4.0,,,Sem limitações,,A,,
RA-30,Aluno-30,Feminino,2021,9.0,270.0,9.0,0.0,,,Destaque: As suas boas notas na Passos Mágicos.,Melhorar: Melhorar a sua entrega de lições de casa.,Melhorar: Integrar-se mais aos Princípios Passos Mágicos.,,6,,,Fase 6 (2º EM),,,8.8,,,10.0,,,7.5,,,16.0,,,6.4,,,7.605,,,False,Escola Pública,,,,,7.5,,,7.333,,,9.7,,,8.5,,,4.4,,,Ametista,,,False,4.0,,,Sem limitações,,A,,
RA-300,Aluno-300,Masculino,2022,116.0,781.0,14.0,-1.0,-2.0,,Melhorar: Empenhar-se mais nas aulas e avaliações.,Melhorar: Melhorar a sua entrega de lições de casa.,Melhorar: Integrar-se mais aos Princípios Passos Mágicos.,,3,FASE 3,,Fase 4 (9º ano),Fase 5 (1° EM),,5.4,5.0,,5.0,5.0,,3.1,4.5,,14.0,15.0,,6.9,7.5,,5.557,5.616691667,,True,Escola Pública,Pública,,6.40625,,6.3,2.52,,5.875,6.5875,,1.7,3.8,,2.7,4.5,,4.8,5.3,,Quartzo,Quartzo,,False,4.0,4.0,,Sem limitações,,M,3K,
RA-301,Aluno-301,Feminino,2019,72.0,554.0,5.0,0.0,0.0,,Melhorar: Empenhar-se mais nas aulas e avaliações.,Melhorar: Melhorar a sua entrega de lições de casa.,Melhorar: Integrar-se mais aos Princípios Passos Mágicos.,,3,FASE 4,,Fase 3 (7º e 8º ano),Fase 4 (9° ano),,8.8,9.2,,10.0,10.0,,6.3,5.2,,13.0,,,5.8,5.4,,6.802,6.760341667,,True,Escola Pública,Pública,,6.71875,,5.6,7.52,,6.042,6.465,,5.4,4.5,,6.5,4.7,,7.2,6.5,,Ágata,Ágata,,False,4.0,4.0,,Sem limitações,,M,4L,
RA-301,Aluno-301,Feminino,2021,,,,,,0.0,,,,EE Maria André Schunck Dona,,,4M,,,Fase 4 (9° ano),,,9.168,,,10.0,,,9.0,,,15.0,,,7.4947368423333325,,,8.410830701766667,,,,Pública,,8.020833333,,,7.51,,,8.21,,,8.0,,,10.0,,,9.0,,,Topázio,,,,4.0,,Cursando,,,4M
RA-302,Aluno-302,Masculino,2022,90.0,673.0,10.0,-3.0,-2.0,,Melhorar: Empenhar-se mais nas aulas e avaliações.,Destaque: A sua boa entrega das lições de casa.,Melhorar: Integrar-se mais aos Princípios Passos Mágicos.,,3,FASE 5,,Fase 6 (2º EM),Fase 7 (3° EM),,9.2,0.0,,2.5,5.0,,4.8,4.3,,16.0,17.0,,7.7,7.3,,6.334,5.314333333,,False,Escola Pública,Pública,,7.5,,6.9,5.0,,6.208,6.255,,5.0,5.8,,4.3,4.7,,5.0,2.3,,Ágata,Quartzo,,False,4.0,4.0,,Sem limitações,,M,5L,
RA-303,Aluno-303,Masculino,2019,102.0,723.0,13.0,-1.0,-2.0,,Melhorar: Empenhar-se mais nas aulas e avaliações.,Melhorar: Melhorar a sua entrega de lições de casa.,Melhorar: Integrar-se mais aos Princípios Passos Mágicos.,,3,FASE 3,,Fase 4 (9º ano),Fase 5 (1° EM),,7.5,0.0,,5.0,5.0,,3.9,5.1,,14.0,15.0,,7.2,7.3,,6.03,5.914291667,,False,Escola Pública,Pública,,7.65625,,7.5,7.52,,5.375,7.05,,,4.5,,3.8,5.7,,4.0,5.2,,Ágata,Quartzo,,False,4.0,4.0,,Não atendido,,M,3M,
RA-303,Aluno-303,Masculino,2021,,,,,,-2.0,,,,EE Donizetti Aparecido Leite Professor,,,4M,,,Fase 6 (2° EM),,,8.751,,,5.0,,,5.666666666666667,,,16.0,,,3.9520467836666664,,,6.2443426900666665,,,,Pública,,6.875,,,7.51,,,7.535,,,7.0,,,5.0,,,5.0,,,Ágata,,,,4.0,,Cursando,,,4M
RA-304,Aluno-304,Masculino,2020,89.0,667.0,9.0,-2.0,-2.0,,Melhorar: Empenhar-se mais nas aulas e avaliações.,Destaque: A sua boa entrega das lições de casa.,Melhorar: Integrar-se mais aos Princípios Passos Mágicos.,,3,FASE 3,,Fase 5 (1º EM),Fase 5 (1° EM),,8.8,0.0,,5.0,5.0,,4.3,5.7,,15.0,,,7.7,8.8,,6.355,6.241583333,,True,Escola Pública,Pública,,7.8125,,7.5,5.0,,5.542,7.835,,,6.3,,3.0,7.0,,5.5,3.7,,Ágata,Ágata,,False,4.0,4.0,,Não atendido,,M,3N,
RA-304,Aluno-304,Masculino,2021,,,,,,-3.0,,,,EE Maria André Schunck Dona,,,3N,,,Fase 6 (2° EM),,,10.002,,,2.5,,,7.166666666666667,,,16.0,,,7.826890756333333,,,6.852411484600001,,,,Pública,,6.875,,,7.51,,,5.825,,,7.0,,,9.0,,,5.5,,,Ágata,,,,2.0,,Cursando,,,3N
RA-305,Aluno-305,Masculino,2019,100.0,717.0,12.0,-1.0,-2.0,,Melhorar: Empenhar-se mais nas aulas e avaliações.,Melhorar: Melhorar a sua entrega de lições de casa.,Melhorar: Integrar-se mais aos Princípios Passos Mágicos.,,3,FASE 3,,Fase 4 (9º ano),Fase 5 (1° EM),,7.9,0.0,,5.0,5.0,,4.8,5.2,,14.0,15.0,,6.6,8.9,,6.058,6.394291667,,False,Escola Pública,Pública,,7.65625,,7.5,7.52,,5.208,7.75,,,5.7,,2.8,5.2,,6.7,4.8,,Ágata,Ágata,,False,4.0,4.0,,Não atendido,,M,3L,
RA-305,Aluno-305,Masculino,2021,,,,,,-1.0,,,,EE Maria André Schunck Dona,,,4N,,,Fase 5 (1° EM),,,8.334,,,5.0,,,4.833333333333333,,,16.0,,,7.898550724666666,,,6.693026811600001,,,,Pública,,7.8125,,,6.26,,,7.03,,,8.5,,,3.0,,,3.0,,,Ágata,,,,5.0,,Cursando,,,4N
RA-306,Aluno-306,Feminino,2021,85.0,656.0,6.0,-1.0,-1.0,-1.0,Melhorar: Empenhar-se mais nas aulas e avaliações.,Melhorar: Melhorar a sua entrega de lições de casa.,Melhorar: Integrar-se mais aos Princípios Passos Mágicos.,EE Donizetti Aparecido Leite Professor,3,FASE 4,5M,Fase 4 (9º ano),Fase 5 (1° EM),Fase 6 (2° EM),8.3,0.0,7.917,5.0,5.0,5.0,5.2,4.0,2.8333333333333335,14.0,,16.0,6.8,7.9,7.699561403666666,6.427,5.732375,6.1661539474,False,Escola Pública,Pública,Pública,7.34375,7.34375,7.5,6.26,7.51,5.958,7.46,6.4125,5.0,2.8,3.5,4.7,4.7,3.5,5.8,4.5,1.5,Ágata,Quartzo,Ágata,False,4.0,4.0,4.0,Não atendido,Cursando,M,4M,5M
RA-307,Aluno-307,Masculino,2022,136.0,838.0,15.0,-1.0,-2.0,,Melhorar: Empenhar-se mais nas aulas e avaliações.,Melhorar: Melhorar a sua entrega de lições de casa.,Melhorar: Integrar-se mais aos Princípios Passos Mágicos.,,3,FASE 3,,Fase 4 (9º ano),Fase 5 (1° EM),,5.4,0.0,,5.0,5.0,,2.5,6.3,,14.0,,,4.5,6.5,,4.733,6.047333333,,False,Escola Pública,Pública,,7.5,,7.5,7.52,,4.708,7.46,,,5.2,,5.0,6.3,,0.0,7.3,,Quartzo,Ágata,,False,4.0,4.0,,Não atendido,,M,3N,
RA-308,Aluno-308,Masculino,2019,66.0,514.0,4.0,0.0,0.0,,Melhorar: Empenhar-se mais nas aulas e avaliações.,Melhorar: Melhorar a sua entrega de lições de casa.,Melhorar: Integrar-se mais aos Princípios Passos Mágicos.,,3,FASE 4,,Fase 3 (7º e 8º ano),Fase 4 (9° ano),,7.9,5.4,,10.0,10.0,,5.0,4.9,,13.0,14.0,,7.4,6.8,,6.93,6.578558333,,True,Escola Pública,Pública,,7.03125,,6.9,5.0,,6.167,7.5025,,2.8,4.7,,6.7,4.7,,5.5,5.2,,Ágata,Ágata,,False,4.0,4.0,,Sem limitações,,M,4L,
RA-308,Aluno-308,Masculino,2021,,,,,,1.0,,,,EE Leonice de Aquino Oliveira,,,5M,,,Fase 4 (9° ano),,,7.083,,,10.0,,,6.5,,,15.0,,,8.714912280666667,,,7.489282456133334,,,,Pública,,7.5,,,5.635,,,7.1225,,,7.0,,,5.5,,,7.0,,,Ametista,,,,4.0,,Cursando,,,5M
RA-309,Aluno-309,Feminino,2022,96.0,702.0,11.0,-1.0,,,Melhorar: Empenhar-se mais nas aulas e avaliações.,Melhorar: Melhorar a sua entrega de lições de casa.,Melhorar: Integrar-se mais aos Princípios Passos Mágicos.,,3,,,Fase 4 (9º ano),,,9.2,,,5.0,,,6.5,,,14.0,,,5.2,,,6.151,,,False,Escola Pública,,,,,7.5,,,5.083,,,,,,7.0,,,6.0,,,Ágata,,,False,4.0,,,Não atendido,,M,,
RA-31,Aluno-31,Feminino,2019,2.0,9.0,2.0,-1.0,0.0,,Destaque: As suas boas notas na Passos Mágicos.,Destaque: A sua boa entrega das lições de casa.,Destaque: A sua boa integração aos Princípios Passos Mágicos.,,6,FASE 8,,Fase 7 (3º EM),Fase 8 (Universitários),,10.0,,,5.0,10.0,,8.0,,,17.0,18.0,,9.5,,,8.843,,,False,Rede Decisão,Privada *Parcerias com Bolsa 100%,,,,9.4,,,10.0,,,9.3,,,9.0,,,5.7,,,Topázio,,,True,4.0,,,Sem limitações,,A,8E,
RA-31,Aluno-31,Feminino,2021,,,,,,0.0,,,,ESPM,,,8E,,,Fase 8 (Universitários),,,,,,10.0,,,,,,19.0,,,0.0,,,,,,,Privada *Parcerias com Bolsa 100%,,,,,,,,,,,,,,,,,,,,,,,,0.0,,Cursando,,,8E
RA-310,Aluno-310,Feminino,2022,87.0,662.0,8.0,-2.0,,,Melhorar: Empenhar-se mais nas aulas e avaliações.,Destaque: A sua boa entrega das lições de casa.,Melhorar: Integrar-se mais aos Princípios Passos Mágicos.,,3,,,Fase 5 (1º EM),,,7.9,,,5.0,,,4.5,,,15.0,,,7.5,,,6.4,,,True,Escola Pública,,,,,7.5,,,6.0,,,6.0,,,3.7,,,3.8,,,Ágata,,,False,4.0,,,Não atendido,,M,,
RA-311,Aluno-311,Feminino,2022,114.0,771.0,13.0,-3.0,,,Melhorar: Empenhar-se mais nas aulas e avaliações.,Melhorar: Melhorar a sua entrega de lições de casa.,Melhorar: Integrar-se mais aos Princípios Passos Mágicos.,,3,,,Fase 6 (2º EM),,,7.9,,,2.5,,,5.2,,,16.0,,,5.6,,,5.652,,,False,Escola Pública,,,,,5.0,,,6.222,,,4.3,,,5.0,,,6.2,,,Quartzo,,,False,3.0,,,Requer avaliação,,N,,
RA-312,Aluno-312,Feminino,2022,43.0,378.0,5.0,0.0,,,Melhorar: Empenhar-se mais nas aulas e avaliações.,Destaque: A sua boa entrega das lições de casa.,Melhorar: Integrar-se mais aos Princípios Passos Mágicos.,,3,,,Fase 3 (7º e 8º ano),,,9.6,,,10.0,,,5.2,,,13.0,,,8.1,,,7.339,,,False,Escola Pública,,,,,7.5,,,6.167,,,5.0,,,6.0,,,4.5,,,Ametista,,,False,3.0,,,Não atendido,,N,,
RA-313,Aluno-313,Feminino,2022,108.0,750.0,11.0,-1.0,0.0,-1.0,Melhorar: Empenhar-se mais nas aulas e avaliações.,Melhorar: Melhorar a sua entrega de lições de casa.,Melhorar: Integrar-se mais aos Princípios Passos Mágicos.,EE Donizetti Aparecido Leite Professor,3,FASE 4,4L,Fase 4 (9º ano),Fase 4 (9° ano),Fase 5 (1° EM),7.5,9.2,8.751,5.0,10.0,5.0,4.1,3.9,4.833333333333333,14.0,14.0,15.0,7.0,8.7,9.666666666666666,5.8,7.011091667,7.2528500000000005,False,Escola Pública,Pública,Pública,7.65625,7.8125,5.0,2.52,5.63,5.889,7.75,8.1675,2.5,5.0,5.5,4.7,4.0,1.0,5.0,2.8,8.0,Quartzo,Ametista,Ametista,False,3.0,4.0,4.0,Requer avaliação,Cursando,N,4L,4L
RA-314,Aluno-314,Feminino,2022,98.0,708.0,10.0,0.0,,,Melhorar: Empenhar-se mais nas aulas e avaliações.,Melhorar: Melhorar a sua entrega de lições de casa.,Melhorar: Integrar-se mais aos Princípios Passos Mágicos.,,3,,,Fase 3 (7º e 8º ano),,,5.4,,,10.0,,,5.3,,,13.0,,,5.4,,,6.1,,,False,Escola Pública,,,,,5.0,,,6.0,,,8.3,,,4.3,,,3.3,,,Ágata,,,False,3.0,,,Requer avaliação,,N,,
RA-315,Aluno-315,Feminino,2022,111.0,764.0,12.0,0.0,-1.0,-1.0,Melhorar: Empenhar-se mais nas aulas e avaliações.,Melhorar: Melhorar a sua entrega de lições de casa.,Melhorar: Integrar-se mais aos Princípios Passos Mágicos.,EE Donizetti Aparecido Leite Professor,3,FASE 3,4M,Fase 3 (7º e 8º ano),Fase 4 (9° ano),Fase 5 (1° EM),6.7,0.0,0.0,10.0,5.0,5.0,3.0,6.3,6.833333333333333,13.0,,15.0,5.1,6.8,5.918518518666667,5.672,5.977708333,6.0768703704,False,Escola Pública,Pública,Pública,7.96875,7.5,7.5,5.0,7.51,5.056,7.8375,7.6275,1.8,6.3,7.5,3.0,5.7,6.5,4.2,6.8,6.5,Quartzo,Quartzo,Ágata,False,3.0,4.0,4.0,Não atendido,Cursando,N,3N,4M
RA-316,Aluno-316,Feminino,2022,28.0,174.0,2.0,-1.0,0.0,0.0,Melhorar: Empenhar-se mais nas aulas e avaliações.,Destaque: A sua boa entrega das lições de casa.,Destaque: A sua boa integração aos Princípios Passos Mágicos.,Colégio Arco Íris Evolução,3,FASE 4,5M,Fase 4 (9º ano),Fase 4 (9° ano),Fase 5 (1° EM),10.0,10.0,9.168,5.0,10.0,10.0,6.1,5.7,8.0,14.0,14.0,15.0,10.0,9.5,10.0,7.889,8.436908333,8.708925,True,Escola Pública,Pública,Privada - Programa de Apadrinhamento,8.59375,7.65625,6.9,7.52,7.51,8.389,8.96,8.3775,4.7,5.0,8.5,7.0,6.3,8.5,6.5,5.7,7.0,Ametista,Topázio,Topázio,True,3.0,4.0,4.0,Não atendido,Cursando,N,4M,5M
RA-317,Aluno-317,Masculino,2021,59.0,474.0,6.0,0.0,,,Melhorar: Empenhar-se mais nas aulas e avaliações.,Melhorar: Melhorar a sua entrega de lições de casa.,Melhorar: Integrar-se mais aos Princípios Passos Mágicos.,,3,,,Fase 3 (7º e 8º ano),,,8.8,,,10.0,,,6.8,,,13.0,,,5.6,,,7.04,,,False,Escola Pública,,,,,7.5,,,5.944,,,10.0,,,4.7,,,5.7,,,Ametista,,,False,3.0,,,Não atendido,,N,,
RA-318,Aluno-318,Feminino,2019,83.0,640.0,9.0,-1.0,-1.0,,Melhorar: Empenhar-se mais nas aulas e avaliações.,Melhorar: Melhorar a sua entrega de lições de casa.,Melhorar: Integrar-se mais aos Princípios Passos Mágicos.,,3,FASE 4,,Fase 4 (9º ano),Fase 5 (1° EM),,8.3,7.9,,5.0,5.0,,5.8,4.9,,14.0,15.0,,6.9,8.1,,6.527,6.856575,,False,Escola Pública,Pública,,7.96875,,6.9,6.26,,6.111,7.71,,7.3,4.7,,4.3,5.0,,5.8,5.0,,Ágata,Ágata,,False,3.0,4.0,,Sem limitações,,N,4M,
RA-318,Aluno-318,Feminino,2021,,,,,,-1.0,,,,EE Donizetti Aparecido Leite Professor,,,5L,,,Fase 6 (2° EM),,,7.917,,,5.0,,,4.666666666666667,,,16.0,,,9.129629629666667,,,7.025000925866668,,,,Pública,,7.34375,,,7.51,,,7.443333333,,,6.0,,,2.0,,,6.0,,,Ametista,,,,3.0,,Cursando,,,5L
RA-319,Aluno-319,Masculino,2022,37.0,336.0,4.0,0.0,0.0,0.0,Melhorar: Empenhar-se mais nas aulas e avaliações.,Destaque: A sua boa entrega das lições de casa.,Destaque: A sua boa integração aos Princípios Passos Mágicos.,EE Donizetti Aparecido Leite Professor,3,FASE 4,5L,Fase 3 (7º e 8º ano),Fase 4 (9° ano),Fase 5 (1° EM),9.2,9.6,9.585,10.0,10.0,10.0,5.2,7.2,5.833333333333333,13.0,,15.0,7.7,9.2,9.024122807,7.448,8.367208333,7.948699561466667,False,Escola Pública,Concluiu o 3º EM,Pública,8.59375,7.34375,7.5,5.0,7.51,7.5,8.88,7.666666667,5.0,10.0,8.5,6.3,5.7,4.0,4.3,5.8,5.0,Ametista,Topázio,Ametista,False,3.0,4.0,3.0,Não atendido,Cursando,N,4N,5L
RA-32,Aluno-32,Feminino,2018,11.0,370.0,11.0,0.0,0.0,,Melhorar: Empenhar-se mais nas aulas e avaliações.,Melhorar: Melhorar a sua entrega de lições de casa.,Destaque: A sua boa integração aos Princípios Passos Mágicos.,,6,FASE 7,,Fase 6 (2º EM),Fase 7 (3° EM),,8.8,0.0,,10.0,10.0,,6.1,7.9,,16.0,,,5.2,8.2,,7.37,6.716666667,,False,Rede Decisão,Privada - Programa de Apadrinhamento,,7.375,,8.8,3.77,,7.944,6.8775,,8.9,9.0,,5.7,9.0,,3.6,5.8,,Ametista,Ágata,,False,4.0,4.0,,Sem limitações,,A,7A,
RA-320,Aluno-320,Feminino,2022,27.0,170.0,1.0,-1.0,0.0,0.0,Melhorar: Empenhar-se mais nas aulas e avaliações.,Destaque: A sua boa entrega das lições de casa.,Destaque: A sua boa integração aos Princípios Passos Mágicos.,Colégio Arco Íris Evolução,3,FASE 4,5M,Fase 4 (9º ano),Fase 4 (9° ano),Fase 5 (1° EM),8.8,9.2,9.168,5.0,10.0,10.0,6.4,5.5,6.666666666666667,14.0,14.0,15.0,10.0,9.9,10.0,7.897,8.393508333,8.442258333333335,True,Escola Pública,Pública,Privada - Programa de Apadrinhamento,8.59375,7.65625,6.9,7.52,7.51,8.667,8.96,8.3775,5.7,4.7,7.0,7.3,5.7,7.5,6.3,6.0,5.5,Ametista,Topázio,Topázio,True,3.0,4.0,4.0,Sem limitações,Cursando,N,4M,5M
RA-321,Aluno-321,Feminino,2022,30.0,202.0,3.0,0.0,1.0,1.0,Melhorar: Empenhar-se mais nas aulas e avaliações.,Destaque: A sua boa entrega das lições de casa.,Destaque: A sua boa integração aos Princípios Passos Mágicos.,EE Donizetti Aparecido Leite Professor,3,FASE 4,5N,Fase 3 (7º e 8º ano),Fase 3 (7° e 8° ano),Fase 4 (9° ano),9.2,8.3,7.917,10.0,10.0,10.0,5.2,6.2,7.166666666666667,12.0,13.0,14.0,9.1,9.4,9.534706331,7.792,7.695233333,8.125807932933334,True,Escola Pública,Pública,Pública,8.125,8.125,5.6,2.52,6.26,8.278,8.42,7.776666667,3.7,6.7,9.5,5.7,6.0,6.0,6.2,5.8,6.0,Ametista,Ametista,Topázio,False,3.0,4.0,3.0,Sem limitações,Cursando,N,4N,5N
RA-322,Aluno-322,Feminino,2022,70.0,536.0,8.0,0.0,0.0,,Melhorar: Empenhar-se mais nas aulas e avaliações.,Destaque: A sua boa entrega das lições de casa.,Melhorar: Integrar-se mais aos Princípios Passos Mágicos.,,3,FASE 4,,Fase 3 (7º e 8º ano),Fase 4 (9° ano),,7.1,6.7,,10.0,10.0,,4.7,5.3,,13.0,14.0,,8.1,8.3,,6.859,7.037808333,,False,Escola Pública,Pública,,7.96875,,5.0,2.52,,6.778,8.045,,4.0,6.3,,4.3,4.0,,5.7,5.5,,Ágata,Ametista,,False,3.0,4.0,,Requer avaliação,,N,4N,
RA-323,Aluno-323,Masculino,2022,69.0,535.0,7.0,0.0,,,Melhorar: Empenhar-se mais nas aulas e avaliações.,Melhorar: Melhorar a sua entrega de lições de casa.,Melhorar: Integrar-se mais aos Princípios Passos Mágicos.,,3,,,Fase 3 (7º e 8º ano),,,9.2,,,10.0,,,3.4,,,13.0,,,7.3,,,6.86,,,False,Escola Pública,,,,,7.5,,,6.611,,,0.5,,,7.3,,,2.5,,,Ágata,,,False,3.0,,,Sem limitações,,N,,
RA-324,Aluno-324,Feminino,2022,6.0,66.0,1.0,0.0,0.0,,Melhorar: Empenhar-se mais nas aulas e avaliações.,Destaque: A sua boa entrega das lições de casa.,Destaque: A sua boa integração aos Princípios Passos Mágicos.,,2,FASE 2,,Fase 2 (5º e 6º ano),Fase 2 (5° e 6° ano),,10.0,5.8,,10.0,10.0,,6.8,8.4,,10.0,,,9.3,9.0,,8.27,7.6354,,True,Escola Pública,Pública,,8.125,,6.9,2.52,,8.611,7.5875,,,,,6.3,8.0,,7.2,8.7,,Topázio,Ametista,,True,3.0,3.0,,Sem limitações,,A,2D,
RA-325,Aluno-325,Masculino,2022,42.0,265.0,6.0,0.0,0.0,0.0,Melhorar: Empenhar-se mais nas aulas e avaliações.,Melhorar: Melhorar a sua entrega de lições de casa.,Destaque: A sua boa integração aos Princípios Passos Mágicos.,EE Paschoal Carlos Magno,2,FASE 2,3C,Fase 2 (5º e 6º ano),Fase 2 (5° e 6° ano),Fase 3 (7° e 8° ano),9.5,0.0,9.168,10.0,10.0,10.0,6.0,5.6,7.0,10.0,11.0,12.0,6.8,7.1,9.866666666666667,7.619,6.243,8.385133333233336,True,Escola Pública,Pública,Pública,8.125,8.333333333,7.5,5.0,7.51,8.444,7.0025,7.553333333,,,8.5,6.0,3.8,7.0,6.0,7.3,5.5,Ametista,Ágata,Topázio,True,3.0,3.0,3.0,Sem limitações,Cursando,A,2D,3C
RA-326,Aluno-326,Feminino,2022,9.0,80.0,2.0,-1.0,0.0,1.0,Destaque: As suas boas notas na Passos Mágicos.,Destaque: A sua boa entrega das lições de casa.,Destaque: A sua boa integração aos Princípios Passos Mágicos.,Recanto Betânia Centro Educacional,2,FASE 3,4A,Fase 3 (7º e 8º ano),Fase 3 (7° e 8° ano),Fase 3 (7° e 8° ano),10.0,9.6,9.168,5.0,10.0,10.0,9.0,8.2,9.333333333333334,12.0,13.0,14.0,9.7,9.4,8.973112128333334,8.22,8.65075,8.832389092333335,True,Escola Pública,Privada,Privada,9.0625,8.875,5.0,3.14,6.26,8.944,9.76,8.704,,8.8,9.0,8.7,8.3,10.0,9.3,7.5,9.0,Topázio,Topázio,Topázio,True,3.0,4.0,5.0,Requer avaliação,Cursando,A,3A,4A
RA-327,Aluno-327,Masculino,2021,72.0,491.0,7.0,0.0,,,Melhorar: Empenhar-se mais nas aulas e avaliações.,Destaque: A sua boa entrega das lições de casa.,Melhorar: Integrar-se mais aos Princípios Passos Mágicos.,,2,,,Fase 2 (5º e 6º ano),,,8.5,,,10.0,,,2.8,,,11.0,,,8.8,,,6.986,,,False,Escola Pública,,,,,7.5,,,7.333,,,,,,2.3,,,3.2,,,Ágata,,,False,3.0,,,Sem limitações,,A,,
RA-328,Aluno-328,Masculino,2020,86.0,548.0,8.0,-1.0,,,Melhorar: Empenhar-se mais nas aulas e avaliações.,Melhorar: Melhorar a sua entrega de lições de casa.,Melhorar: Integrar-se mais aos Princípios Passos Mágicos.,,2,,,Fase 3 (7º e 8º ano),,,10.0,,,5.0,,,5.3,,,12.0,,,7.0,,,6.823,,,False,Escola Pública,,,,,7.5,,,7.5,,,,,,4.0,,,6.5,,,Ágata,,,False,3.0,,,Sem limitações,,A,,
RA-329,Aluno-329,Masculino,2019,126.0,683.0,12.0,0.0,,,Melhorar: Empenhar-se mais nas aulas e avaliações.,Melhorar: Melhorar a sua entrega de lições de casa.,Melhorar: Integrar-se mais aos Princípios Passos Mágicos.,,2,,,Fase 2 (5º e 6º ano),,,7.4,,,10.0,,,5.0,,,11.0,,,6.9,,,6.313,,,False,Escola Pública,,,,,4.4,,,5.778,,,,,,3.0,,,7.0,,,Ágata,,,False,3.0,,,Requer avaliação,,A,,
RA-33,Aluno-33,Feminino,2020,17.0,824.0,17.0,-1.0,,,Melhorar: Empenhar-se mais nas aulas e avaliações.,Melhorar: Melhorar a sua entrega de lições de casa.,Melhorar: Integrar-se mais aos Princípios Passos Mágicos.,,6,,,Fase 7 (3º EM),,,0.0,,,5.0,,,4.8,,,17.0,,,4.6,,,4.952,,,False,Escola Pública,,,,,7.5,,,6.0,,,3.7,,,9.0,,,1.6,,,Quartzo,,,False,4.0,,,Sem limitações,,A,,
RA-330,Aluno-330,Feminino,2018,116.0,651.0,11.0,-2.0,-2.0,,Melhorar: Empenhar-se mais nas aulas e avaliações.,Destaque: A sua boa entrega das lições de casa.,Melhorar: Integrar-se mais aos Princípios Passos Mágicos.,,2,FASE 3,,Fase 4 (9º ano),Fase 5 (1° EM),,9.5,9.6,,5.0,5.0,,2.5,3.3,,14.0,,,8.8,7.2,,6.446,6.084875,,False,Escola Pública,Pública,,6.71875,,7.5,6.89,,7.056,5.8275,,,2.3,,2.3,3.8,,2.7,3.8,,Ágata,Ágata,,False,3.0,4.0,,Sem limitações,,A,3A,
RA-331,Aluno-331,Feminino,2019,105.0,613.0,10.0,-1.0,0.0,,Melhorar: Empenhar-se mais nas aulas e avaliações.,Destaque: A sua boa entrega das lições de casa.,Melhorar: Integrar-se mais aos Princípios Passos Mágicos.,,2,FASE 3,,Fase 3 (7º e 8º ano),Fase 3 (7° e 8° ano),,9.0,9.6,,5.0,10.0,,3.7,5.2,,12.0,13.0,,8.7,8.6,,6.636,7.039791667,,False,Escola Pública,Pública,,7.03125,,7.5,2.52,,6.944,6.7975,,,5.2,,2.3,5.7,,5.0,4.8,,Ágata,Ametista,,False,3.0,4.0,,Sem limitações,,A,3B,
RA-331,Aluno-331,Feminino,2021,,,,,,-1.0,,,,EE Leonice de Aquino Oliveira,,,3B,,,Fase 4 (9° ano),,,8.751,,,5.0,,,3.5,,,14.0,,,7.735353535333334,,,6.231045707066668,,,,Pública,,6.09375,,,8.755,,,5.62,,,3.0,,,4.0,,,3.5,,,Ágata,,,,4.0,,Cursando,,,3B
RA-332,Aluno-332,Masculino,2017,27.0,176.0,5.0,-1.0,-1.0,,Destaque: As suas boas notas na Passos Mágicos.,Destaque: A sua boa entrega das lições de casa.,Destaque: A sua boa integração aos Princípios Passos Mágicos.,,2,FASE 3,,Fase 3 (7º e 8º ano),Fase 4 (9° ano),,9.5,9.2,,5.0,5.0,,7.5,6.8,,13.0,,,9.0,8.4,,7.883,8.002591667,,False,Rede Decisão,Privada - Programa de Apadrinhamento,,8.28125,,8.1,8.76,,8.5,9.175,,,6.5,,7.5,6.3,,7.5,7.7,,Ametista,Topázio,,True,3.0,4.0,,Sem limitações,,A,3A,
RA-332,Aluno-332,Masculino,2021,,,,,,1.0,,,,Colégio Arco Íris Evolução,,,4A,,,Fase 3 (7° e 8° ano),,,9.585,,,10.0,,,7.0,,,15.0,,,7.605358505000001,,,8.421271701,,,,Privada - Programa de Apadrinhamento,,8.625,,,9.38,,,8.706,,,7.0,,,7.0,,,7.0,,,Topázio,,,,5.0,,Cursando,,,4A
RA-333,Aluno-333,Masculino,2018,153.0,807.0,13.0,-2.0,,,Melhorar: Empenhar-se mais nas aulas e avaliações.,Melhorar: Melhorar a sua entrega de lições de casa.,Melhorar: Integrar-se mais aos Princípios Passos Mágicos.,,2,,,Fase 4 (9º ano),,,8.0,,,5.0,,,2.9,,,14.0,,,5.8,,,5.249,,,False,Escola JP II,,,,,3.8,,,6.722,,,,,,0.2,,,5.7,,,Quartzo,,,False,3.0,,,Não indicado,,A,,
RA-334,Aluno-334,Feminino,2019,20.0,151.0,3.0,0.0,,,Destaque: As suas boas notas na Passos Mágicos.,Destaque: A sua boa entrega das lições de casa.,Destaque: A sua boa integração aos Princípios Passos Mágicos.,,2,,,Fase 2 (5º e 6º ano),,,6.9,,,10.0,,,8.0,,,11.0,,,9.2,,,7.961,,,False,Rede Decisão,,,,,4.4,,,8.722,,,,,,7.0,,,9.0,,,Ametista,,,True,3.0,,,Não indicado,,A,,
RA-335,Aluno-335,Masculino,2022,25.0,168.0,4.0,0.0,,,Melhorar: Empenhar-se mais nas aulas e avaliações.,Destaque: A sua boa entrega das lições de casa.,Melhorar: Integrar-se mais aos Princípios Passos Mágicos.,,2,,,Fase 2 (5º e 6º ano),,,9.5,,,10.0,,,7.4,,,10.0,,,9.4,,,7.902,,,False,Escola Pública,,,,,7.5,,,6.833,,,,,,5.8,,,9.0,,,Ametista,,,False,3.0,,,Sem limitações,,A,,
RA-336,Aluno-336,Masculino,2016,87.0,560.0,9.0,-1.0,-1.0,,Melhorar: Empenhar-se mais nas aulas e avaliações.,Destaque: A sua boa entrega das lições de casa.,Destaque: A sua boa integração aos Princípios Passos Mágicos.,,2,FASE 3,,Fase 3 (7º e 8º ano),Fase 4 (9° ano),,9.5,0.0,,5.0,5.0,,5.1,5.1,,13.0,14.0,,8.5,7.5,,6.787,5.887708333,,False,Escola Pública,Pública,,7.34375,,4.4,6.89,,7.889,7.255,,,3.3,,4.5,6.7,,5.7,5.2,,Ágata,Quartzo,,False,3.0,4.0,,Requer avaliação,,A,3B,
RA-336,Aluno-336,Masculino,2021,,,,,,0.0,,,,EE Mario Francisco de Amorim,,,4A,,,Fase 4 (9° ano),,,7.5,,,10.0,,,5.833333333333333,,,15.0,,,5.512100409000001,,,6.834286748466667,,,,Pública,,7.5,,,6.26,,,7.196,,,5.0,,,6.0,,,6.5,,,Ágata,,,,5.0,,Cursando,,,4A
RA-337,Aluno-337,Masculino,2022,22.0,163.0,3.0,0.0,,,Melhorar: Empenhar-se mais nas aulas e avaliações.,Destaque: A sua boa entrega das lições de casa.,Destaque: A sua boa integração aos Princípios Passos Mágicos.,,2,,,Fase 2 (5º e 6º ano),,,10.0,,,10.0,,,5.8,,,11.0,,,9.3,,,7.914,,,False,Escola Pública,,,,,7.5,,,7.611,,,,,,7.5,,,4.0,,,Ametista,,,False,3.0,,,Não atendido,,B,,
RA-338,Aluno-338,Masculino,2019,84.0,544.0,10.0,-1.0,0.0,,Melhorar: Empenhar-se mais nas aulas e avaliações.,Melhorar: Melhorar a sua entrega de lições de casa.,Destaque: A sua boa integração aos Princípios Passos Mágicos.,,2,FASE 3,,Fase 3 (7º e 8º ano),Fase 3 (7° e 8° ano),,8.5,8.3,,5.0,10.0,,5.8,6.7,,12.0,,,7.3,9.1,,6.837,8.287441667,,False,Escola Pública,Pública,,8.59375,,7.5,7.52,,7.611,8.38,,,4.5,,5.3,8.7,,6.2,7.0,,Ágata,Topázio,,False,3.0,4.0,,Não atendido,,B,3D,
RA-338,Aluno-338,Masculino,2021,,,,,,0.0,,,,EE Leonice de Aquino Oliveira,,,4B,,,Fase 4 (9° ano),,,9.168,,,10.0,,,6.833333333333333,,,14.0,,,7.441643324,,,8.052795331466667,,,,Pública,,7.625,,,7.51,,,8.8375,,,7.5,,,5.0,,,8.0,,,Topázio,,,,4.0,,Cursando,,,4B
RA-339,Aluno-339,Feminino,2019,3.0,36.0,1.0,0.0,0.0,,Destaque: As suas boas notas na Passos Mágicos.,Destaque: A sua boa entrega das lições de casa.,Destaque: A sua boa integração aos Princípios Passos Mágicos.,,2,FASE 3,,Fase 2 (5º e 6º ano),Fase 3 (7° e 8° ano),,6.9,0.0,,10.0,10.0,,8.1,7.1,,11.0,,,9.9,8.9,,8.488,7.377583333,,True,Escola Pública,Pública,,7.8125,,7.5,7.52,,8.889,8.255,,,7.8,,7.1,7.7,,9.2,5.7,,Topázio,Ametista,,True,3.0,4.0,,Não atendido,,B,3D,
RA-339,Aluno-339,Feminino,2021,,,,,,1.0,,,,EE Leonice de Aquino Oliveira,,,4A,,,Fase 3 (7° e 8° ano),,,7.5,,,10.0,,,8.166666666666666,,,13.0,,,7.155537064000001,,,7.711540746133334,,,,Pública,,8.0,,,5.635,,,7.668,,,9.5,,,8.0,,,7.0,,,Ametista,,,,5.0,,Cursando,,,4A
RA-34,Aluno-34,Masculino,2016,13.0,692.0,13.0,-1.0,0.0,,Melhorar: Empenhar-se mais nas aulas e avaliações.,Melhorar: Melhorar a sua entrega de lições de casa.,Melhorar: Integrar-se mais aos Princípios Passos Mágicos.,,6,FASE 8,,Fase 7 (3º EM),Fase 8 (Universitários),,9.6,,,5.0,10.0,,3.8,,,17.0,,,4.8,,,6.259,,,False,Rede Decisão,Privada *Parcerias com Bolsa 100%,,,,8.1,,,7.278,,,2.8,,,4.7,,,4.0,,,Ágata,,,False,4.0,,,Sem limitações,,A,8E,
RA-340,Aluno-340,Masculino,2017,36.0,229.0,5.0,0.0,-1.0,,Melhorar: Empenhar-se mais nas aulas e avaliações.,Destaque: A sua boa entrega das lições de casa.,Destaque: A sua boa integração aos Princípios Passos Mágicos.,,2,FASE 2,,Fase 2 (5º e 6º ano),Fase 3 (7° e 8° ano),,9.0,0.0,,10.0,5.0,,6.5,8.9,,11.0,,,8.2,9.6,,7.721,7.059666667,,False,Escola Pública,Pública,,9.166666667,,7.5,2.52,,7.667,8.505,,,,,6.0,9.0,,7.0,8.7,,Ametista,Ametista,,False,3.0,3.0,,Não atendido,,B,2B,
RA-340,Aluno-340,Masculino,2021,,,,,,0.0,,,,EE Alexandre Rodrigues Nogueira,,,3D,,,Fase 3 (7° e 8° ano),,,7.917,,,10.0,,,5.166666666666667,,,13.0,,,6.585769980666666,,,6.715437329466668,,,,Pública,,6.5625,,,7.51,,,5.83,,,2.5,,,6.0,,,7.0,,,Ágata,,,,4.0,,Cursando,,,3D
RA-341,Aluno-341,Masculino,2022,83.0,537.0,9.0,-1.0,,,Melhorar: Empenhar-se mais nas aulas e avaliações.,Destaque: A sua boa entrega das lições de casa.,Destaque: A sua boa integração aos Princípios Passos Mágicos.,,2,,,Fase 3 (7º e 8º ano),,,8.0,,,5.0,,,5.8,,,12.0,,,7.7,,,6.854,,,False,Escola Pública,,,,,7.5,,,7.5,,,,,,5.0,,,6.5,,,Ágata,,,False,3.0,,,Não atendido,,B,,
RA-342,Aluno-342,Feminino,2021,77.0,511.0,7.0,-2.0,-2.0,-1.0,Melhorar: Empenhar-se mais nas aulas e avaliações.,Melhorar: Melhorar a sua entrega de lições de casa.,Destaque: A sua boa integração aos Princípios Passos Mágicos.,EE Mario Francisco de Amorim,2,FASE 3,4C,Fase 4 (9º ano),Fase 5 (1° EM),Fase 5 (1° EM),9.0,7.5,8.751,5.0,5.0,5.0,6.6,6.6,4.5,14.0,15.0,16.0,6.7,8.6,7.728174603333334,6.941,7.539875,6.757026587266667,False,Escola Pública,Pública,Pública,7.96875,7.65625,7.5,7.52,6.26,7.5,8.505,7.723333333,,5.7,0.0,5.5,6.3,6.5,7.7,7.8,7.0,Ágata,Ametista,Ágata,False,3.0,4.0,3.0,Não atendido,Cursando,B,3D,4C
RA-343,Aluno-343,Masculino,2020,80.0,525.0,8.0,-2.0,-2.0,,Melhorar: Empenhar-se mais nas aulas e avaliações.,Melhorar: Melhorar a sua entrega de lições de casa.,Melhorar: Integrar-se mais aos Princípios Passos Mágicos.,,2,FASE 3,,Fase 4 (9º ano),Fase 5 (1° EM),,9.5,9.2,,5.0,5.0,,5.9,5.7,,14.0,,,7.4,7.2,,6.9,6.779591667,,False,Escola Pública,Pública,,7.65625,,7.5,6.26,,7.167,6.9225,,,6.0,,4.2,4.5,,7.7,6.7,,Ágata,Ágata,,False,3.0,4.0,,Não atendido,,B,3B,
RA-344,Aluno-344,Masculino,2019,60.0,409.0,6.0,0.0,,,Melhorar: Empenhar-se mais nas aulas e avaliações.,Destaque: A sua boa entrega das lições de casa.,Destaque: A sua boa integração aos Princípios Passos Mágicos.,,2,,,Fase 2 (5º e 6º ano),,,8.5,,,10.0,,,4.5,,,11.0,,,8.3,,,7.263,,,False,Escola Pública,,,,,7.5,,,7.5,,,,,,2.3,,,6.7,,,Ametista,,,False,3.0,,,Não atendido,,B,,
RA-345,Aluno-345,Masculino,2021,139.0,754.0,12.0,-1.0,-1.0,,Melhorar: Empenhar-se mais nas aulas e avaliações.,Melhorar: Melhorar a sua entrega de lições de casa.,Melhorar: Integrar-se mais aos Princípios Passos Mágicos.,,2,FASE 3,,Fase 3 (7º e 8º ano),Fase 4 (9° ano),,9.5,8.8,,5.0,5.0,,3.6,4.6,,13.0,,,5.4,6.8,,5.75,6.534766667,,False,Escola Pública,Pública,,8.125,,5.6,6.26,,6.667,7.1725,,,2.5,,1.3,5.7,,5.8,5.7,,Quartzo,Ágata,,False,3.0,4.0,,Requer avaliação,,B,3B,
RA-346,Aluno-346,Masculino,2022,14.0,102.0,2.0,0.0,1.0,0.0,Melhorar: Empenhar-se mais nas aulas e avaliações.,Destaque: A sua boa entrega das lições de casa.,Destaque: A sua boa integração aos Princípios Passos Mágicos.,Rede Decisão - Unidade União,2,FASE 3,3A,Fase 2 (5º e 6º ano),Fase 2 (5° e 6° ano),Fase 3 (7° e 8° ano),10.0,0.0,10.002,10.0,10.0,10.0,7.0,6.2,6.166666666666667,10.0,,12.0,9.1,9.4,9.149206349333333,8.143,7.305541667,7.761749603200001,False,Escola Pública,Pública,Pública,7.96875,7.96875,7.5,8.14,2.51,7.889,7.84,8.2525,,6.5,8.0,6.0,6.7,6.0,8.0,5.5,4.5,Topázio,Ametista,Ametista,False,3.0,4.0,4.0,Não atendido,Cursando,B,3B,3A
RA-347,Aluno-347,Feminino,2019,24.0,167.0,4.0,-1.0,0.0,,Destaque: As suas boas notas na Passos Mágicos.,Destaque: A sua boa entrega das lições de casa.,Destaque: A sua boa integração aos Princípios Passos Mágicos.,,2,FASE 3,,Fase 3 (7º e 8º ano),Fase 3 (7° e 8° ano),,9.0,6.7,,5.0,10.0,,8.5,7.3,,12.0,13.0,,10.0,9.5,,7.908,7.61835,,True,Escola Pública,Pública,,7.8125,,5.6,2.52,,8.0,7.7925,,,9.0,,8.5,6.7,,8.5,6.2,,Ametista,Ametista,,False,3.0,4.0,,Sem limitações,,B,3D,
RA-347,Aluno-347,Feminino,2021,,,,,,1.0,,,,EE Leonice de Aquino Oliveira,,,4A,,,Fase 3 (7° e 8° ano),,,8.751,,,10.0,,,7.666666666666667,,,14.0,,,9.673046251999999,,,8.384742583733333,,,,Pública,,8.0,,,6.885,,,7.766,,,9.0,,,6.5,,,7.5,,,Topázio,,,,5.0,,Cursando,,,4A
RA-348,Aluno-348,Masculino,2022,135.0,741.0,11.0,-1.0,-1.0,,Melhorar: Empenhar-se mais nas aulas e avaliações.,Destaque: A sua boa entrega das lições de casa.,Melhorar: Integrar-se mais aos Princípios Passos Mágicos.,,2,FASE 2,,Fase 3 (7º e 8º ano),Fase 3 (7° e 8° ano),,9.0,10.0,,5.0,5.0,,1.8,4.4,,12.0,,,8.7,8.7,,5.864,6.817866667,,False,Escola Pública,Pública,,8.541666667,,7.5,2.52,,5.833,8.0075,,,,,0.5,2.0,,3.0,6.7,,Quartzo,Ágata,,False,3.0,3.0,,Sem limitações,,B,2B,
RA-349,Aluno-349,Masculino,2021,143.0,770.0,13.0,-1.0,,,Melhorar: Empenhar-se mais nas aulas e avaliações.,Destaque: A sua boa entrega das lições de casa.,Melhorar: Integrar-se mais aos Princípios Passos Mágicos.,,2,,,Fase 3 (7º e 8º ano),,,9.5,,,5.0,,,3.7,,,12.0,,,7.7,,,5.658,,,False,Escola Pública,,,,,7.5,,,3.944,,,,,,2.2,,,5.2,,,Quartzo,,,False,3.0,,,Sem limitações,,B,,
RA-35,Aluno-35,Feminino,2019,1.0,5.0,1.0,-1.0,0.0,,Destaque: As suas boas notas na Passos Mágicos.,Destaque: A sua boa entrega das lições de casa.,Destaque: A sua boa integração aos Princípios Passos Mágicos.,,6,FASE 8,,Fase 7 (3º EM),Fase 8 (Universitários),,10.0,,,5.0,10.0,,8.5,,,17.0,18.0,,9.6,,,8.965,,,False,Rede Decisão,Privada *Parcerias com Bolsa 100%,,,,9.4,,,10.0,,,9.3,,,9.0,,,7.1,,,Topázio,,,True,4.0,,,Sem limitações,,A,8E,
RA-35,Aluno-35,Feminino,2021,,,,,,0.0,,,,ESPM,,,8E,,,Fase 8 (Universitários),,,,,,10.0,,,,,,19.0,,,0.0,,,,,,,Privada *Parcerias com Bolsa 100%,,,,,,,,,,,,,,,,,,,,,,,,0.0,,Cursando,,,8E
RA-350,Aluno-350,Feminino,2022,10.0,84.0,2.0,0.0,-1.0,,Melhorar: Empenhar-se mais nas aulas e avaliações.,Destaque: A sua boa entrega das lições de casa.,Destaque: A sua boa integração aos Princípios Passos Mágicos.,,2,FASE 2,,Fase 2 (5º e 6º ano),Fase 3 (7° e 8° ano),,10.0,10.0,,10.0,5.0,,6.5,9.0,,11.0,,,8.8,9.7,,8.206,7.972033333,,False,Escola Pública,Pública,,8.958333333,,7.5,2.52,,8.611,7.92,,,,,7.0,8.8,,6.0,9.2,,Topázio,Ametista,,True,3.0,3.0,,Não atendido,,D,2D,
RA-351,Aluno-351,Masculino,2022,107.0,618.0,7.0,-2.0,,,Melhorar: Empenhar-se mais nas aulas e avaliações.,Melhorar: Melhorar a sua entrega de lições de casa.,Destaque: A sua boa integração aos Princípios Passos Mágicos.,,2,,,Fase 4 (9º ano),,,9.0,,,5.0,,,4.0,,,14.0,,,7.2,,,6.622,,,False,Escola Pública,,,,,7.5,,,8.111,,,,,,3.2,,,4.8,,,Ágata,,,False,3.0,,,Não atendido,,D,,
RA-352,Aluno-352,Masculino,2019,31.0,191.0,4.0,0.0,0.0,,Melhorar: Empenhar-se mais nas aulas e avaliações.,Destaque: A sua boa entrega das lições de casa.,Destaque: A sua boa integração aos Princípios Passos Mágicos.,,2,FASE 3,,Fase 2 (5º e 6º ano),Fase 3 (7° e 8° ano),,9.0,9.2,,10.0,10.0,,7.0,7.2,,11.0,12.0,,8.1,8.1,,7.834,7.840341667,,False,Escola Pública,Pública,,7.96875,,5.6,6.26,,8.389,7.17,,,7.5,,7.3,8.2,,6.7,6.0,,Ametista,Ametista,,True,3.0,4.0,,Requer avaliação,,D,3B,
RA-352,Aluno-352,Masculino,2021,,,,,,1.0,,,,EE Loris Nassif Mattar Profa,,,4B,,,Fase 3 (7° e 8° ano),,,8.334,,,10.0,,,3.1666666666666665,,,13.0,,,4.453748006333333,,,5.9794829346,,,,Pública,,6.375,,,6.26,,,6.7925,,,2.0,,,2.0,,,5.5,,,Quartzo,,,,4.0,,Cursando,,,4B
RA-353,Aluno-353,Feminino,2022,7.0,69.0,1.0,0.0,0.0,,Destaque: As suas boas notas na Passos Mágicos.,Destaque: A sua boa entrega das lições de casa.,Destaque: A sua boa integração aos Princípios Passos Mágicos.,,2,FASE 3,,Fase 2 (5º e 6º ano),Fase 3 (7° e 8° ano),,7.0,8.8,,10.0,10.0,,7.5,8.4,,11.0,12.0,,10.0,9.9,,8.264,8.309016667,,False,Escola Pública,Pública,,7.8125,,7.5,2.52,,8.444,8.67,,,9.5,,8.0,8.5,,7.0,7.3,,Topázio,Topázio,,True,3.0,4.0,,Não atendido,,D,3D,
RA-354,Aluno-354,Feminino,2018,136.0,742.0,9.0,-1.0,,,Melhorar: Empenhar-se mais nas aulas e avaliações.,Melhorar: Melhorar a sua entrega de lições de casa.,Melhorar: Integrar-se mais aos Princípios Passos Mágicos.,,2,,,Fase 3 (7º e 8º ano),,,8.5,,,5.0,,,4.5,,,13.0,,,4.3,,,5.858,,,False,Escola Pública,,,,,7.5,,,7.333,,,,,,2.8,,,6.2,,,Quartzo,,,False,3.0,,,Não atendido,,D,,
RA-355,Aluno-355,Feminino,2018,151.0,796.0,11.0,-1.0,,,Melhorar: Empenhar-se mais nas aulas e avaliações.,Melhorar: Melhorar a sua entrega de lições de casa.,Melhorar: Integrar-se mais aos Princípios Passos Mágicos.,,2,,,Fase 3 (7º e 8º ano),,,5.8,,,5.0,,,4.5,,,12.0,,,5.0,,,5.379,,,False,Escola Pública,,,,,7.5,,,6.056,,,,,,5.5,,,3.5,,,Quartzo,,,False,3.0,,,Não atendido,,D,,
RA-356,Aluno-356,Masculino,2019,97.0,591.0,6.0,-1.0,0.0,,Melhorar: Empenhar-se mais nas aulas e avaliações.,Destaque: A sua boa entrega das lições de casa.,Destaque: A sua boa integração aos Princípios Passos Mágicos.,,2,FASE 3,,Fase 3 (7º e 8º ano),Fase 3 (7° e 8° ano),,10.0,9.2,,5.0,10.0,,4.6,3.4,,12.0,,,8.4,8.5,,6.69,6.452008333,,False,Escola Pública,Pública,,6.09375,,5.0,2.52,,8.278,6.5025,,,1.3,,5.3,4.3,,3.8,4.5,,Ágata,Ágata,,False,3.0,4.0,,Requer avaliação,,D,3C,
RA-356,Aluno-356,Masculino,2021,,,,,,1.0,,,,EE Alexandre Rodrigues Nogueira,,,4B,,,Fase 3 (7° e 8° ano),,,8.334,,,10.0,,,5.333333333333333,,,14.0,,,6.656346749333334,,,6.627336016533334,,,,Pública,,5.25,,,5.635,,,6.5375,,,8.0,,,1.0,,,7.0,,,Ágata,,,,4.0,,Cursando,,,4B
RA-357,Aluno-357,Masculino,2022,30.0,190.0,3.0,-1.0,-1.0,-1.0,Destaque: As suas boas notas na Passos Mágicos.,Destaque: A sua boa entrega das lições de casa.,Destaque: A sua boa integração aos Princípios Passos Mágicos.,EE Joaquim Mendes Feliz,2,FASE 2,3I,Fase 3 (7º e 8º ano),Fase 3 (7° e 8° ano),Fase 4 (9° ano),8.0,8.5,8.751,5.0,5.0,5.0,8.5,8.7,7.666666666666667,12.0,13.0,14.0,9.6,9.6,9.028180354333333,7.836,8.2832,7.731569404200001,False,Escola Pública,Pública,Pública,8.75,7.875,7.5,7.52,8.135,7.778,8.23,7.0825,,,7.5,10.0,8.7,8.5,7.0,8.7,7.0,Ametista,Topázio,Ametista,False,3.0,3.0,4.0,Não atendido,Cursando,D,2I,3I
RA-358,Aluno-358,Masculino,2022,150.0,795.0,10.0,-1.0,,,Melhorar: Empenhar-se mais nas aulas e avaliações.,Melhorar: Melhorar a sua entrega de lições de casa.,Destaque: A sua boa integração aos Princípios Passos Mágicos.,,2,,,Fase 3 (7º e 8º ano),,,7.5,,,5.0,,,0.0,,,13.0,,,6.5,,,5.412,,,False,Escola Pública,,,,,7.5,,,7.556,,,,,,0.0,,,0.0,,,Quartzo,,,False,3.0,,,Não atendido,,D,,
RA-359,Aluno-359,Feminino,2019,108.0,625.0,8.0,-1.0,0.0,,Melhorar: Empenhar-se mais nas aulas e avaliações.,Melhorar: Melhorar a sua entrega de lições de casa.,Melhorar: Integrar-se mais aos Princípios Passos Mágicos.,,2,FASE 3,,Fase 3 (7º e 8º ano),Fase 3 (7° e 8° ano),,9.0,9.6,,5.0,10.0,,4.6,5.8,,12.0,13.0,,7.0,9.2,,6.606,7.627125,,False,Escola Pública,Pública,,7.65625,,7.5,2.52,,7.5,8.255,,,4.7,,3.3,6.0,,5.8,6.7,,Ágata,Ametista,,False,3.0,4.0,,Não atendido,,D,3C,
RA-359,Aluno-359,Feminino,2021,,,,,,1.0,,,,EE Joaquim Mendes Feliz,,,4C,,,Fase 3 (7° e 8° ano),,,9.168,,,10.0,,,5.5,,,14.0,,,7.162698412666667,,,7.492006349133335,,,,Pública,,7.5,,,6.26,,,8.333333333,,,8.0,,,4.0,,,4.5,,,Ametista,,,,3.0,,Cursando,,,4C
RA-36,Aluno-36,Feminino,2019,7.0,177.0,7.0,-1.0,0.0,,Melhorar: Empenhar-se mais nas aulas e avaliações.,Destaque: A sua boa entrega das lições de casa.,Destaque: A sua boa integração aos Princípios Passos Mágicos.,,6,FASE 8,,Fase 7 (3º EM),Fase 8 (Universitários),,9.2,,,5.0,10.0,,6.8,,,17.0,18.0,,9.0,,,7.876,,,False,Rede Decisão,Privada *Parcerias com Bolsa 100%,,,,6.9,,,8.944,,,7.8,,,8.5,,,4.3,,,Ametista,,,True,4.0,,,Sem limitações,,A,8E,
RA-36,Aluno-36,Feminino,2021,,,,,,0.0,,,,Universidade Santo Amaro (UNISA),,,8E,,,Fase 8 (Universitários),,,,,,10.0,,,,,,19.0,,,0.0,,,,,,,Privada *Parcerias com Bolsa 100%,,,,,,,,,,,,,,,,,,,,,,,,0.0,,Cursando,,,8E
RA-360,Aluno-360,Feminino,2019,70.0,463.0,5.0,-1.0,0.0,,Melhorar: Empenhar-se mais nas aulas e avaliações.,Destaque: A sua boa entrega das lições de casa.,Melhorar: Integrar-se mais aos Princípios Passos Mágicos.,,2,FASE 3,,Fase 3 (7º e 8º ano),Fase 3 (7° e 8° ano),,9.5,0.0,,5.0,10.0,,5.2,4.3,,12.0,13.0,,8.5,7.3,,7.075,5.790875,,False,Escola Pública,Pública,,7.34375,,7.5,2.52,,7.5,7.4225,,,2.8,,4.7,5.3,,5.7,4.8,,Ametista,Quartzo,,False,3.0,4.0,,Não atendido,,D,3C,
RA-360,Aluno-360,Feminino,2021,,,,,,-1.0,,,,EE Paschoal Carlos Magno,,,3C,,,Fase 4 (9° ano),,,8.334,,,5.0,,,5.833333333333333,,,14.0,,,5.618045113,,,6.293175689166667,,,,Pública,,7.708333333,,,5.0,,,6.993333333,,,7.5,,,4.0,,,6.0,,,Ágata,,,,3.0,,Cursando,,,3C
RA-361,Aluno-361,Feminino,2022,93.0,576.0,16.0,-1.0,,,Melhorar: Empenhar-se mais nas aulas e avaliações.,Destaque: A sua boa entrega das lições de casa.,Melhorar: Integrar-se mais aos Princípios Passos Mágicos.,,2,,,Fase 3 (7º e 8º ano),,,7.9,,,5.0,,,5.0,,,13.0,,,9.2,,,6.731,,,False,Escola Pública,,,,,6.3,,,6.778,,,,,,4.0,,,6.0,,,Ágata,,,False,3.0,,,Sem limitações,,F,,
RA-362,Aluno-362,Feminino,2018,51.0,350.0,7.0,-1.0,0.0,,Destaque: As suas boas notas na Passos Mágicos.,Destaque: A sua boa entrega das lições de casa.,Destaque: A sua boa integração aos Princípios Passos Mágicos.,,2,FASE 3,,Fase 3 (7º e 8º ano),Fase 3 (7° e 8° ano),,8.5,0.0,,5.0,10.0,,7.9,5.1,,12.0,13.0,,7.9,7.5,,7.413,6.392625,,False,Escola Pública,Pública,,7.03125,,7.5,7.52,,7.5,7.0875,,,2.8,,6.5,5.7,,9.3,6.8,,Ametista,Ágata,,False,3.0,4.0,,Sem limitações,,F,3G,
RA-363,Aluno-363,Masculino,2022,104.0,610.0,17.0,-1.0,-1.0,0.0,Melhorar: Empenhar-se mais nas aulas e avaliações.,Destaque: A sua boa entrega das lições de casa.,Melhorar: Integrar-se mais aos Princípios Passos Mágicos.,Colégio Nogueira e Sonho de Criança,2,FASE 2,3D,Fase 3 (7º e 8º ano),Fase 3 (7° e 8° ano),Fase 3 (7° e 8° ano),10.0,0.0,9.585,5.0,5.0,10.0,2.0,6.8,5.333333333333333,12.0,13.0,14.0,10.0,9.9,9.523809524,6.644,6.680833333,7.617803571466666,False,Escola Pública,Pública,Privada,8.541666667,7.34375,6.9,2.52,5.625,7.056,8.673333333,6.955,,,8.5,1.0,6.8,4.0,3.0,6.8,3.5,Ágata,Ágata,Ametista,False,3.0,3.0,4.0,Sem limitações,Cursando,F,2F,3D
RA-364,Aluno-364,Masculino,2019,1.0,12.0,1.0,0.0,0.0,,Destaque: As suas boas notas na Passos Mágicos.,Destaque: A sua boa entrega das lições de casa.,Destaque: A sua boa integração aos Princípios Passos Mágicos.,,2,FASE 3,,Fase 2 (5º e 6º ano),Fase 3 (7° e 8° ano),,9.5,8.8,,10.0,10.0,,8.8,5.8,,11.0,,,10.0,9.0,,8.75,7.734891667,,False,Escola Pública,Pública,,7.03125,,7.5,6.89,,8.167,7.505,,,4.3,,9.5,8.0,,8.0,5.2,,Topázio,Ametista,,False,3.0,4.0,,Sem limitações,,F,3G,
RA-364,Aluno-364,Masculino,2021,,,,,,0.0,,,,EE Leonice de Aquino Oliveira,,,3G,,,Fase 3 (7° e 8° ano),,,8.751,,,10.0,,,7.5,,,13.0,,,9.526143791,,,8.2697037582,,,,Pública,,7.96875,,,7.51,,,7.2075,,,9.5,,,8.0,,,5.0,,,Topázio,,,,4.0,,Cursando,,,3G
RA-365,Aluno-365,Feminino,2022,17.0,129.0,3.0,0.0,0.0,1.0,Destaque: As suas boas notas na Passos Mágicos.,Destaque: A sua boa entrega das lições de casa.,Destaque: A sua boa integração aos Princípios Passos Mágicos.,EE Loris Nassif Mattar Profa,2,FASE 2,3H,Fase 2 (5º e 6º ano),Fase 2 (5° e 6° ano),Fase 2 (5° e 6° ano),8.0,10.0,9.585,10.0,10.0,10.0,7.8,8.7,6.666666666666667,10.0,10.0,11.0,10.0,9.9,10.0,8.063,8.6587,8.526983333333334,False,Escola Pública,Pública,Pública,8.958333333,8.4375,5.0,2.52,7.51,7.833,8.953333333,8.202,,,5.0,6.0,8.2,8.0,9.5,9.2,7.0,Topázio,Topázio,Topázio,False,3.0,3.0,5.0,Sem limitações,Cursando,F,2G,3H
RA-366,Aluno-366,Masculino,2022,67.0,437.0,9.0,-1.0,,,Melhorar: Empenhar-se mais nas aulas e avaliações.,Destaque: A sua boa entrega das lições de casa.,Melhorar: Integrar-se mais aos Princípios Passos Mágicos.,,2,,,Fase 3 (7º e 8º ano),,,9.5,,,5.0,,,5.5,,,12.0,,,9.4,,,7.181,,,False,Escola Pública,,,,,7.5,,,6.833,,,,,,6.0,,,5.0,,,Ametista,,,False,3.0,,,Sem limitações,,F,,
RA-367,Aluno-367,Feminino,2018,76.0,506.0,14.0,-1.0,0.0,,Melhorar: Empenhar-se mais nas aulas e avaliações.,Melhorar: Melhorar a sua entrega de lições de casa.,Destaque: A sua boa integração aos Princípios Passos Mágicos.,,2,FASE 3,,Fase 3 (7º e 8º ano),Fase 3 (7° e 8° ano),,8.5,8.8,,5.0,10.0,,6.7,5.9,,12.0,12.0,,7.4,8.7,,6.95,7.38685,,False,Escola Pública,Pública,,7.8125,,6.3,2.52,,7.5,7.7925,,,5.2,,5.2,7.0,,8.2,5.5,,Ágata,Ametista,,False,3.0,4.0,,Sem limitações,,F,3F,
RA-367,Aluno-367,Feminino,2021,,,,,,1.0,,,,EE Leonice de Aquino Oliveira,,,4B,,,Fase 3 (7° e 8° ano),,,9.168,,,10.0,,,5.0,,,13.0,,,7.268170426,,,7.209434085200001,,,,Pública,,6.875,,,6.26,,,7.6275,,,7.5,,,2.0,,,5.5,,,Ametista,,,,4.0,,Cursando,,,4B
RA-368,Aluno-368,Masculino,2018,74.0,497.0,12.0,-1.0,-1.0,,Melhorar: Empenhar-se mais nas aulas e avaliações.,Destaque: A sua boa entrega das lições de casa.,Destaque: A sua boa integração aos Princípios Passos Mágicos.,,2,FASE 3,,Fase 3 (7º e 8º ano),Fase 4 (9° ano),,8.0,0.0,,5.0,5.0,,7.3,6.7,,13.0,,,7.9,7.7,,6.969,5.796458333,,False,Rede Decisão,Pública,,7.03125,,5.0,2.52,,7.5,7.34,,,7.8,,5.5,5.0,,9.0,7.2,,Ágata,Quartzo,,False,3.0,4.0,,Requer avaliação,,F,3F,
RA-368,Aluno-368,Masculino,2021,,,,,,-1.0,,,,EE João Ortiz Rodrigues,,,3G,,,Fase 4 (9° ano),,,7.917,,,5.0,,,7.0,,,15.0,,,6.166666666666667,,,6.782158333333333,,,,Pública,,7.65625,,,7.51,,,6.7025,,,9.5,,,4.5,,,7.0,,,Ágata,,,,4.0,,Cursando,,,3G
RA-369,Aluno-369,Masculino,2022,73.0,496.0,11.0,0.0,-1.0,0.0,Melhorar: Empenhar-se mais nas aulas e avaliações.,Melhorar: Melhorar a sua entrega de lições de casa.,Melhorar: Integrar-se mais aos Princípios Passos Mágicos.,EE Leonice de Aquino Oliveira,2,FASE 2,3H,Fase 2 (5º e 6º ano),Fase 3 (7° e 8° ano),Fase 3 (7° e 8° ano),9.0,10.0,8.751,10.0,5.0,10.0,4.8,4.0,1.6666666666666667,11.0,,13.0,6.9,4.1,4.908119658333334,6.973,6.0197,5.667282265,False,Escola Pública,Pública,Pública,8.541666667,6.40625,7.5,5.0,7.51,6.889,7.726666667,5.428,,,5.0,4.0,5.0,0.0,5.5,3.0,0.0,Ágata,Ágata,Quartzo,False,3.0,3.0,5.0,Sem limitações,Cursando,F,2F,3H
RA-37,Aluno-37,Feminino,2019,18.0,825.0,18.0,-1.0,,,Melhorar: Empenhar-se mais nas aulas e avaliações.,Melhorar: Melhorar a sua entrega de lições de casa.,Melhorar: Integrar-se mais aos Princípios Passos Mágicos.,,6,,,Fase 7 (3º EM),,,0.0,,,5.0,,,5.9,,,17.0,,,5.4,,,4.95,,,False,Rede Decisão,,,,,5.0,,,5.222,,,10.0,,,2.3,,,5.3,,,Quartzo,,,False,4.0,,,Sem limitações,,A,,
RA-370,Aluno-370,Feminino,2018,71.0,465.0,10.0,-1.0,,,Melhorar: Empenhar-se mais nas aulas e avaliações.,Destaque: A sua boa entrega das lições de casa.,Destaque: A sua boa integração aos Princípios Passos Mágicos.,,2,,,Fase 3 (7º e 8º ano),,,8.5,,,5.0,,,7.2,,,12.0,,,8.2,,,7.066,,,False,Rede Decisão,,,,,5.0,,,7.611,,,,,,5.2,,,9.2,,,Ametista,,,False,3.0,,,Requer avaliação,,F,,
RA-371,Aluno-371,Feminino,2022,16.0,111.0,2.0,0.0,,,Destaque: As suas boas notas na Passos Mágicos.,Destaque: A sua boa entrega das lições de casa.,Destaque: A sua boa integração aos Princípios Passos Mágicos.,,2,,,Fase 2 (5º e 6º ano),,,9.5,,,10.0,,,8.4,,,10.0,,,8.0,,,8.112,,,False,Escola Pública,,,,,6.9,,,7.667,,,,,,7.8,,,9.0,,,Topázio,,,False,3.0,,,Sem limitações,,F,,
RA-372,Aluno-372,Masculino,2021,57.0,389.0,8.0,0.0,,,Destaque: As suas boas notas na Passos Mágicos.,Melhorar: Melhorar a sua entrega de lições de casa.,Melhorar: Integrar-se mais aos Princípios Passos Mágicos.,,2,,,Fase 2 (5º e 6º ano),,,8.5,,,10.0,,,7.8,,,10.0,,,5.5,,,7.304,,,False,Escola Pública,,,,,6.9,,,7.389,,,,,,8.3,,,7.2,,,Ametista,,,False,3.0,,,Sem limitações,,F,,
RA-373,Aluno-373,Masculino,2022,46.0,308.0,6.0,0.0,-1.0,,Melhorar: Empenhar-se mais nas aulas e avaliações.,Destaque: A sua boa entrega das lições de casa.,Melhorar: Integrar-se mais aos Princípios Passos Mágicos.,,2,FASE 2,,Fase 2 (5º e 6º ano),Fase 3 (7° e 8° ano),,6.4,0.0,,10.0,5.0,,7.3,8.4,,11.0,,,9.5,9.7,,7.503,6.805,,False,Escola Pública,Pública,,8.75,,5.0,2.52,,6.944,7.84,,,,,6.5,7.7,,8.0,9.0,,Ametista,Ágata,,False,3.0,3.0,,Requer avaliação,,F,2G,
RA-374,Aluno-374,Feminino,2021,34.0,217.0,5.0,-1.0,0.0,,Melhorar: Empenhar-se mais nas aulas e avaliações.,Destaque: A sua boa entrega das lições de casa.,Destaque: A sua boa integração aos Princípios Passos Mágicos.,,2,FASE 3,,Fase 3 (7º e 8º ano),Fase 3 (7° e 8° ano),,9.0,8.8,,5.0,10.0,,6.9,5.4,,12.0,13.0,,9.8,8.3,,7.747,7.533891667,,False,Escola Pública,Privada,,7.65625,,7.5,5.63,,7.944,7.9175,,,3.7,,5.3,6.3,,8.5,6.3,,Ametista,Ametista,,False,3.0,4.0,,Sem limitações,,F,3F,
RA-375,Aluno-375,Masculino,2019,32.0,194.0,4.0,0.0,-1.0,,Melhorar: Empenhar-se mais nas aulas e avaliações.,Destaque: A sua boa entrega das lições de casa.,Destaque: A sua boa integração aos Princípios Passos Mágicos.,,2,FASE 2,,Fase 2 (5º e 6º ano),Fase 3 (7° e 8° ano),,9.0,0.0,,10.0,5.0,,5.4,7.9,,11.0,12.0,,9.5,9.9,,7.831,7.070833333,,False,Escola Pública,Pública,,8.541666667,,7.5,5.0,,7.667,8.283333333,,,,,3.3,6.8,,7.5,9.0,,Ametista,Ametista,,False,3.0,3.0,,Sem limitações,,F,2F,
RA-375,Aluno-375,Masculino,2021,,,,,,0.0,,,,EE Leonice de Aquino Oliveira,,,3H,,,Fase 3 (7° e 8° ano),,,9.585,,,10.0,,,6.833333333333333,,,13.0,,,9.443589743666667,,,7.970034615400001,,,,Pública,,7.1875,,,7.51,,,6.432,,,6.0,,,9.0,,,5.5,,,Ametista,,,,5.0,,Cursando,,,3H
RA-376,Aluno-376,Feminino,2019,75.0,500.0,13.0,-1.0,-1.0,,Melhorar: Empenhar-se mais nas aulas e avaliações.,Destaque: A sua boa entrega das lições de casa.,Destaque: A sua boa integração aos Princípios Passos Mágicos.,,2,FASE 2,,Fase 3 (7º e 8º ano),Fase 3 (7° e 8° ano),,9.0,8.5,,5.0,5.0,,4.3,5.9,,12.0,,,9.0,9.6,,6.957,7.1392,,False,Escola Pública,Pública,,7.916666667,,7.5,2.52,,7.5,8.226666667,,,,,2.0,4.3,,6.7,7.5,,Ágata,Ametista,,False,3.0,3.0,,Sem limitações,,F,2F,
RA-376,Aluno-376,Feminino,2021,,,,,,-1.0,,,,EE Leonice de Aquino Oliveira,,,3G,,,Fase 4 (9° ano),,,10.002,,,5.0,,,2.8333333333333335,,,14.0,,,8.287284610666667,,,5.896573588800001,,,,Pública,,6.5625,,,2.51,,,6.325,,,1.5,,,2.0,,,5.0,,,Quartzo,,,,4.0,,Cursando,,,3G
RA-377,Aluno-377,Feminino,2021,92.0,571.0,15.0,-1.0,0.0,0.0,Melhorar: Empenhar-se mais nas aulas e avaliações.,Destaque: A sua boa entrega das lições de casa.,Melhorar: Integrar-se mais aos Princípios Passos Mágicos.,EE João Ortiz Rodrigues,2,FASE 3,4F,Fase 3 (7º e 8º ano),Fase 3 (7° e 8° ano),Fase 4 (9° ano),9.0,9.6,9.168,5.0,10.0,10.0,6.2,4.8,5.166666666666667,12.0,13.0,14.0,7.7,7.6,7.698412698333333,6.743,7.205041667,7.480115873000001,False,Escola Pública,Pública,Pública,7.34375,7.125,5.6,5.0,7.51,6.833,7.6275,7.634,,2.8,5.0,4.3,6.0,4.0,8.0,5.7,6.5,Ágata,Ametista,Ametista,False,3.0,4.0,5.0,Requer avaliação,Cursando,F,3F,4F
RA-378,Aluno-378,Masculino,2021,62.0,428.0,3.0,-1.0,,,Destaque: As suas boas notas na Passos Mágicos.,Melhorar: Melhorar a sua entrega de lições de casa.,Destaque: A sua boa integração aos Princípios Passos Mágicos.,,2,,,Fase 3 (7º e 8º ano),,,9.0,,,5.0,,,8.1,,,12.0,,,6.8,,,7.203,,,True,Escola Pública,,,,,5.6,,,7.889,,,,,,8.7,,,7.5,,,Ametista,,,False,3.0,,,Requer avaliação,,I,,
RA-379,Aluno-379,Feminino,2022,95.0,581.0,7.0,-1.0,,,Melhorar: Empenhar-se mais nas aulas e avaliações.,Destaque: A sua boa entrega das lições de casa.,Melhorar: Integrar-se mais aos Princípios Passos Mágicos.,,2,,,Fase 3 (7º e 8º ano),,,8.5,,,5.0,,,5.0,,,13.0,,,8.1,,,6.722,,,False,Escola Pública,,,,,7.5,,,6.778,,,,,,5.0,,,5.0,,,Ágata,,,False,3.0,,,Sem limitações,,I,,
RA-38,Aluno-38,Feminino,2017,4.0,31.0,4.0,-1.0,0.0,,Destaque: As suas boas notas na Passos Mágicos.,Destaque: A sua boa entrega das lições de casa.,Destaque: A sua boa integração aos Princípios Passos Mágicos.,,6,FASE 7,,Fase 7 (3º EM),Fase 7 (3° EM),,9.2,9.6,,5.0,10.0,,8.6,7.7,,17.0,17.0,,8.9,9.7,,8.523,8.835333333,,False,Rede Decisão,Privada - Programa de Apadrinhamento,,8.75,,7.5,7.52,,9.833,8.8825,,9.7,6.0,,9.0,8.2,,7.0,8.8,,Topázio,Topázio,,True,4.0,4.0,,Não indicado,,A,7A,
RA-38,Aluno-38,Feminino,2021,,,,,,0.0,,,,Universidade Santo Amaro (UNISA),,,8F,,,Fase 8 (Universitários),,,,,,10.0,,,,,,18.0,,,0.0,,,,,,,Privada - Programa de Apadrinhamento,,,,,,,,,,,,,,,,,,,,,,,,0.0,,Cursando,,,8F
RA-380,Aluno-380,Masculino,2017,154.0,842.0,13.0,-1.0,-1.0,,Melhorar: Empenhar-se mais nas aulas e avaliações.,Melhorar: Melhorar a sua entrega de lições de casa.,Melhorar: Integrar-se mais aos Princípios Passos Mágicos.,,2,FASE 3,,Fase 3 (7º e 8º ano),Fase 4 (9° ano),,7.9,0.0,,5.0,5.0,,2.5,4.5,,13.0,14.0,,4.4,6.4,,4.556,4.912375,,False,Escola Pública,Pública,,6.71875,,5.0,2.52,,4.833,6.5425,,,2.5,,2.3,7.0,,2.7,4.0,,Quartzo,Quartzo,,False,3.0,4.0,,Requer avaliação,,I,3F,
RA-381,Aluno-381,Masculino,2018,114.0,649.0,9.0,-1.0,-1.0,,Melhorar: Empenhar-se mais nas aulas e avaliações.,Destaque: A sua boa entrega das lições de casa.,Melhorar: Integrar-se mais aos Princípios Passos Mágicos.,,2,FASE 3,,Fase 3 (7º e 8º ano),Fase 4 (9° ano),,9.0,0.0,,5.0,5.0,,3.3,3.9,,13.0,,,8.3,8.4,,6.454,5.758041667,,False,Escola Pública,Pública,,7.34375,,6.9,6.89,,6.944,6.84,,,1.2,,1.5,5.3,,5.2,5.3,,Ágata,Quartzo,,False,3.0,4.0,,Sem limitações,,I,3G,
RA-381,Aluno-381,Masculino,2021,,,,,,-2.0,,,,EE Alexandre Rodrigues Nogueira,,,3G,,,Fase 5 (1° EM),,,8.334,,,5.0,,,3.6666666666666665,,,15.0,,,6.133333333333333,,,5.940775,,,,Pública,,6.71875,,,7.51,,,6.1225,,,4.0,,,2.5,,,4.5,,,Quartzo,,,,4.0,,Cursando,,,3G
RA-382,Aluno-382,Masculino,2017,88.0,561.0,5.0,-2.0,-2.0,,Melhorar: Empenhar-se mais nas aulas e avaliações.,Destaque: A sua boa entrega das lições de casa.,Melhorar: Integrar-se mais aos Princípios Passos Mágicos.,,2,FASE 3,,Fase 4 (9º ano),Fase 5 (1° EM),,9.0,0.0,,5.0,5.0,,5.4,5.2,,14.0,15.0,,7.7,9.4,,6.777,6.223833333,,False,Escola Pública,Pública,,7.5,,6.3,6.26,,7.333,7.1725,,,4.7,,4.0,5.0,,6.8,5.8,,Ágata,Ágata,,False,3.0,4.0,,Sem limitações,,I,3G,
RA-382,Aluno-382,Masculino,2021,,,,,,-1.0,,,,EE Alexandre Rodrigues Nogueira,,,4F,,,Fase 5 (1° EM),,,9.168,,,5.0,,,3.0,,,16.0,,,6.324561403666666,,,5.805712280733333,,,,Pública,,6.75,,,5.63,,,6.43,,,4.0,,,2.0,,,3.0,,,Quartzo,,,,5.0,,Cursando,,,4F
RA-383,Aluno-383,Masculino,2019,5.0,47.0,1.0,0.0,0.0,,Destaque: As suas boas notas na Passos Mágicos.,Destaque: A sua boa entrega das lições de casa.,Destaque: A sua boa integração aos Princípios Passos Mágicos.,,2,FASE 3,,Fase 2 (5º e 6º ano),Fase 3 (7° e 8° ano),,9.0,9.2,,10.0,10.0,,8.1,6.5,,11.0,12.0,,9.6,8.8,,8.4,7.5408,,False,Escola Pública,Pública,,7.5,,7.5,3.14,,7.778,7.5,,,7.0,,8.0,6.3,,8.2,6.2,,Topázio,Ametista,,False,3.0,4.0,,Sem limitações,,I,3G,
RA-383,Aluno-383,Masculino,2021,,,,,,1.0,,,,EE João Ortiz Rodrigues,,,4F,,,Fase 3 (7° e 8° ano),,,9.168,,,10.0,,,5.833333333333333,,,13.0,,,8.600288600333334,,,8.036024386733335,,,,Pública,,7.875,,,7.51,,,8.47,,,8.5,,,1.0,,,8.0,,,Topázio,,,,5.0,,Cursando,,,4F
RA-384,Aluno-384,Feminino,2017,44.0,291.0,2.0,-1.0,0.0,,Destaque: As suas boas notas na Passos Mágicos.,Destaque: A sua boa entrega das lições de casa.,Destaque: A sua boa integração aos Princípios Passos Mágicos.,,2,FASE 3,,Fase 3 (7º e 8º ano),Fase 3 (7° e 8° ano),,9.0,0.0,,5.0,10.0,,8.1,7.3,,12.0,,,8.4,9.1,,7.558,6.757958333,,False,Escola Pública,Pública,,7.65625,,6.3,2.52,,8.0,7.335,,,8.3,,8.0,6.3,,8.2,7.2,,Ametista,Ágata,,False,3.0,4.0,,Requer avaliação,,I,3G,
RA-384,Aluno-384,Feminino,2021,,,,,,0.0,,,,EE João Ortiz Rodrigues,,,4F,,,Fase 4 (9° ano),,,7.5,,,10.0,,,7.5,,,14.0,,,8.607503607333333,,,8.072200721466668,,,,Pública,,7.625,,,7.51,,,7.936,,,8.0,,,5.0,,,9.5,,,Topázio,,,,5.0,,Cursando,,,4F
RA-385,Aluno-385,Feminino,2022,131.0,712.0,12.0,-1.0,,,Melhorar: Empenhar-se mais nas aulas e avaliações.,Melhorar: Melhorar a sua entrega de lições de casa.,Melhorar: Integrar-se mais aos Princípios Passos Mágicos.,,2,,,Fase 3 (7º e 8º ano),,,7.4,,,5.0,,,4.9,,,12.0,,,7.5,,,6.083,,,False,Escola Pública,,,,,5.0,,,6.5,,,,,,2.7,,,7.2,,,Ágata,,,False,3.0,,,Sem limitações,,I,,
RA-386,Aluno-386,Masculino,2019,130.0,707.0,11.0,-1.0,-1.0,,Melhorar: Empenhar-se mais nas aulas e avaliações.,Melhorar: Melhorar a sua entrega de lições de casa.,Melhorar: Integrar-se mais aos Princípios Passos Mágicos.,,2,FASE 3,,Fase 3 (7º e 8º ano),Fase 4 (9° ano),,10.0,9.2,,5.0,5.0,,4.0,3.3,,13.0,,,5.9,7.0,,6.104,5.758425,,False,Escola Pública,Pública,,7.03125,,5.6,2.52,,7.222,6.6325,,,1.2,,3.7,5.0,,4.3,3.7,,Ágata,Quartzo,,False,3.0,4.0,,Requer avaliação,,I,3G,
RA-387,Aluno-387,Masculino,2019,124.0,680.0,10.0,-1.0,-1.0,,Melhorar: Empenhar-se mais nas aulas e avaliações.,Destaque: A sua boa entrega das lições de casa.,Melhorar: Integrar-se mais aos Princípios Passos Mágicos.,,2,FASE 3,,Fase 3 (7º e 8º ano),Fase 4 (9° ano),,7.0,0.0,,5.0,5.0,,3.7,3.0,,13.0,14.0,,8.2,6.8,,6.323,4.794333333,,False,Escola Pública,Pública,,6.875,,7.5,2.52,,6.833,7.0075,,,1.8,,1.3,4.3,,6.0,2.8,,Ágata,Quartzo,,False,3.0,4.0,,Sem limitações,,I,3F,
RA-387,Aluno-387,Masculino,2021,,,,,,-1.0,,,,EE Leonice de Aquino Oliveira,,,3G,,,Fase 4 (9° ano),,,7.5,,,5.0,,,4.333333333333333,,,15.0,,,7.166666666666667,,,6.125500000000001,,,,Pública,,6.25,,,7.51,,,5.9975,,,4.0,,,5.0,,,4.0,,,Ágata,,,,4.0,,Cursando,,,3G
RA-388,Aluno-388,Feminino,2019,101.0,605.0,8.0,-2.0,-2.0,,Melhorar: Empenhar-se mais nas aulas e avaliações.,Destaque: A sua boa entrega das lições de casa.,Destaque: A sua boa integração aos Princípios Passos Mágicos.,,2,FASE 3,,Fase 4 (9º ano),Fase 5 (1° EM),,7.9,0.0,,5.0,5.0,,4.5,4.2,,14.0,15.0,,8.5,7.4,,6.654,5.630833333,,False,Escola Pública,Pública,,6.875,,5.6,5.63,,7.722,7.835,,,2.2,,3.5,6.0,,5.5,4.3,,Ágata,Quartzo,,False,3.0,4.0,,Requer avaliação,,I,3F,
RA-388,Aluno-388,Feminino,2021,,,,,,-1.0,,,,EE Joaquim Mendes Feliz,,,4F,,,Fase 5 (1° EM),,,7.5,,,5.0,,,4.333333333333333,,,16.0,,,6.349206349,,,5.965307936466667,,,,Pública,,6.75,,,7.51,,,5.764,,,5.0,,,1.0,,,7.0,,,Quartzo,,,,5.0,,Cursando,,,4F
RA-389,Aluno-389,Masculino,2019,66.0,435.0,4.0,0.0,-1.0,,Melhorar: Empenhar-se mais nas aulas e avaliações.,Destaque: A sua boa entrega das lições de casa.,Destaque: A sua boa integração aos Princípios Passos Mágicos.,,2,FASE 2,,Fase 2 (5º e 6º ano),Fase 3 (7° e 8° ano),,8.0,0.0,,10.0,5.0,,3.5,8.2,,11.0,,,8.9,8.2,,7.184,6.687,,False,Escola Pública,Pública,,8.75,,7.5,2.52,,7.556,8.95,,,,,2.0,6.8,,5.0,9.5,,Ametista,Ágata,,False,3.0,3.0,,Sem limitações,,I,2H,
RA-389,Aluno-389,Masculino,2021,,,,,,0.0,,,,EE João Ortiz Rodrigues,,,3G,,,Fase 3 (7° e 8° ano),,,9.585,,,10.0,,,5.166666666666667,,,13.0,,,6.674358974333333,,,7.2079551282,,,,Pública,,6.5625,,,8.76,,,6.745,,,5.0,,,6.5,,,4.0,,,Ametista,,,,4.0,,Cursando,,,3G
RA-39,Aluno-39,Feminino,2017,15.0,722.0,15.0,0.0,0.0,,Melhorar: Empenhar-se mais nas aulas e avaliações.,Melhorar: Melhorar a sua entrega de lições de casa.,Melhorar: Integrar-se mais aos Princípios Passos Mágicos.,,6,FASE 7,,Fase 6 (2º EM),Fase 7 (3° EM),,0.0,9.6,,10.0,10.0,,6.9,7.8,,16.0,17.0,,4.8,9.1,,6.033,8.710333333,,False,Rede Decisão,Privada - Programa de Apadrinhamento,,8.75,,6.9,7.52,,6.111,8.7575,,7.8,7.2,,7.7,8.3,,5.1,7.8,,Ágata,Topázio,,False,4.0,4.0,,Requer avaliação,,A,7A,
RA-39,Aluno-39,Feminino,2021,,,,,,0.0,,,,Universidade Santo Amaro (UNISA),,,8F,,,Fase 8 (Universitários),,,,,,10.0,,,,,,18.0,,,0.0,,,,,,,Privada *Parcerias com Bolsa 100%,,,,,,,,,,,,,,,,,,,,,,,,0.0,,Cursando,,,8F
RA-390,Aluno-390,Feminino,2022,89.0,563.0,6.0,-1.0,0.0,0.0,Melhorar: Empenhar-se mais nas aulas e avaliações.,Destaque: A sua boa entrega das lições de casa.,Destaque: A sua boa integração aos Princípios Passos Mágicos.,EE João Ortiz Rodrigues,2,FASE 3,3G,Fase 3 (7º e 8º ano),Fase 3 (7° e 8° ano),Fase 3 (7° e 8° ano),7.4,7.9,7.5,5.0,10.0,10.0,4.7,4.8,4.166666666666667,12.0,,13.0,8.8,8.8,6.080701754333333,6.776,6.905741667,6.5472236842000004,False,Escola Pública,Pública,Pública,7.34375,6.5625,6.3,2.52,8.755,7.722,7.005,6.08,,3.0,7.0,4.0,5.7,3.0,5.3,5.8,2.5,Ágata,Ágata,Ágata,False,3.0,4.0,4.0,Requer avaliação,Cursando,I,3G,3G
RA-391,Aluno-391,Feminino,2022,69.0,451.0,3.0,-1.0,0.0,,Melhorar: Empenhar-se mais nas aulas e avaliações.,Destaque: A sua boa entrega das lições de casa.,Destaque: A sua boa integração aos Princípios Passos Mágicos.,,2,FASE 3,,Fase 3 (7º e 8º ano),Fase 3 (7° e 8° ano),,10.0,7.9,,5.0,10.0,,5.1,3.5,,12.0,,,8.1,7.5,,7.117,6.5107,,False,Escola Pública,Pública,,7.5,,7.5,2.52,,8.056,7.585,,,1.3,,5.0,4.2,,5.2,5.0,,Ametista,Ágata,,False,3.0,4.0,,Sem limitações,,J,3I,
RA-392,Aluno-392,Masculino,2022,118.0,657.0,5.0,-2.0,-2.0,-1.0,Melhorar: Empenhar-se mais nas aulas e avaliações.,Destaque: A sua boa entrega das lições de casa.,Melhorar: Integrar-se mais aos Princípios Passos Mágicos.,EE Alexandre Rodrigues Nogueira,2,FASE 3,4B,Fase 4 (9º ano),Fase 5 (1° EM),Fase 5 (1° EM),9.5,9.6,9.585,5.0,5.0,5.0,4.8,4.6,1.0,14.0,15.0,16.0,8.8,9.5,5.414731682,6.418,6.567208333,4.3639463364,False,Escola Pública,Pública,Pública,6.09375,3.5,5.6,2.52,5.635,6.778,7.17,3.545,,2.8,1.0,3.7,6.2,0.0,5.8,4.7,2.0,Ágata,Ágata,Quartzo,False,3.0,4.0,4.0,Não indicado,Cursando,J,3I,4B
RA-393,Aluno-393,Feminino,2018,148.0,790.0,7.0,-4.0,,,Melhorar: Empenhar-se mais nas aulas e avaliações.,Melhorar: Melhorar a sua entrega de lições de casa.,Melhorar: Integrar-se mais aos Princípios Passos Mágicos.,,2,,,Fase 6 (2º EM),,,10.0,,,2.5,,,4.6,,,16.0,,,5.4,,,5.518,,,False,Escola Pública,,,,,5.0,,,6.778,,,,,,4.7,,,4.5,,,Quartzo,,,False,3.0,,,Não indicado,,J,,
RA-394,Aluno-394,Feminino,2022,26.0,171.0,1.0,0.0,,,Melhorar: Empenhar-se mais nas aulas e avaliações.,Destaque: A sua boa entrega das lições de casa.,Destaque: A sua boa integração aos Princípios Passos Mágicos.,,2,,,Fase 2 (5º e 6º ano),,,9.5,,,10.0,,,5.9,,,11.0,,,8.6,,,7.897,,,False,Escola Pública,,,,,7.5,,,8.444,,,,,,4.3,,,7.5,,,Ametista,,,True,3.0,,,Sem limitações,,J,,
RA-395,Aluno-395,Feminino,2018,39.0,239.0,2.0,0.0,0.0,,Melhorar: Empenhar-se mais nas aulas e avaliações.,Destaque: A sua boa entrega das lições de casa.,Destaque: A sua boa integração aos Princípios Passos Mágicos.,,2,FASE 3,,Fase 2 (5º e 6º ano),Fase 3 (7° e 8° ano),,9.0,9.2,,10.0,10.0,,4.9,6.0,,11.0,12.0,,8.9,8.6,,7.683,7.469175,,False,Escola Pública,Pública,,7.96875,,7.5,2.52,,8.333,7.9175,,,6.0,,4.2,6.7,,5.7,5.3,,Ametista,Ametista,,False,3.0,4.0,,Sem limitações,,J,3I,
RA-395,Aluno-395,Feminino,2021,,,,,,1.0,,,,EE Olivia de Faria Nogueira,,,4F,,,Fase 3 (7° e 8° ano),,,8.751,,,10.0,,,4.333333333333333,,,13.0,,,6.921693121666666,,,7.169905291000001,,,,Pública,,7.25,,,6.26,,,8.464,,,5.0,,,2.5,,,5.5,,,Ametista,,,,5.0,,Cursando,,,4F
RA-396,Aluno-396,Masculino,2022,111.0,637.0,4.0,-1.0,,,Melhorar: Empenhar-se mais nas aulas e avaliações.,Destaque: A sua boa entrega das lições de casa.,Melhorar: Integrar-se mais aos Princípios Passos Mágicos.,,2,,,Fase 3 (7º e 8º ano),,,9.0,,,5.0,,,5.6,,,12.0,,,8.0,,,6.556,,,False,Escola Pública,,,,,6.3,,,6.556,,,,,,4.7,,,6.5,,,Ágata,,,False,3.0,,,Requer avaliação,,J,,
RA-397,Aluno-397,Feminino,2017,137.0,744.0,6.0,-2.0,-1.0,,Melhorar: Empenhar-se mais nas aulas e avaliações.,Melhorar: Melhorar a sua entrega de lições de casa.,Melhorar: Integrar-se mais aos Princípios Passos Mágicos.,,2,FASE 4,,Fase 4 (9º ano),Fase 5 (1° EM),,9.0,7.5,,5.0,5.0,,2.8,4.6,,14.0,15.0,,5.7,7.9,,5.852,6.207083333,,False,Escola Pública,Pública,,7.1875,,6.9,2.52,,7.167,7.465,,,2.0,,3.3,6.7,,2.3,5.0,,Quartzo,Ágata,,False,3.0,4.0,,Requer avaliação,,J,4G,
RA-397,Aluno-397,Feminino,2021,,,,,,-2.0,,,,EE Paschoal Carlos Magno,,,4A,,,Fase 6 (2° EM),,,7.918,,,5.0,,,5.666666666666667,,,16.0,,,7.885292942666666,,,6.807291921866668,,,,Pública,,7.625,,,5.63,,,7.398,,,7.5,,,5.0,,,4.5,,,Ágata,,,,5.0,,Cursando,,,4A
RA-398,Aluno-398,Feminino,2022,35.0,221.0,2.0,0.0,1.0,0.0,Melhorar: Empenhar-se mais nas aulas e avaliações.,Destaque: A sua boa entrega das lições de casa.,Destaque: A sua boa integração aos Princípios Passos Mágicos.,EE Donizetti Aparecido Leite Professor,2,FASE 3,3U,Fase 2 (5º e 6º ano),Fase 2 (5° e 6° ano),Fase 3 (7° e 8° ano),9.0,6.7,7.083,10.0,10.0,10.0,5.5,6.5,8.0,10.0,,12.0,9.3,8.1,5.733333333333333,7.742,7.153766667,7.2457999999666685,False,Escola Pública,Pública,Pública,7.5,7.291666667,7.5,2.52,7.51,7.5,7.7925,6.553333333,,4.5,8.0,3.0,9.3,8.5,8.0,5.8,7.5,Ametista,Ametista,Ametista,False,3.0,4.0,3.0,Sem limitações,Cursando,K,3N,3U
RA-399,Aluno-399,Feminino,2022,110.0,633.0,9.0,-1.0,0.0,,Melhorar: Empenhar-se mais nas aulas e avaliações.,Destaque: A sua boa entrega das lições de casa.,Destaque: A sua boa integração aos Princípios Passos Mágicos.,,2,FASE 3,,Fase 3 (7º e 8º ano),Fase 3 (7° e 8° ano),,6.8,7.9,,5.0,10.0,,4.3,4.7,,12.0,,,9.3,8.2,,6.58,7.000033333,,False,Escola Pública,Pública,,7.5,,5.6,2.52,,7.5,8.165,,,4.8,,3.0,5.0,,5.5,4.2,,Ágata,Ametista,,False,3.0,4.0,,Requer avaliação,,K,3N,
RA-4,Aluno-4,Masculino,2017,15.0,731.0,7.0,0.0,,,Melhorar: Empenhar-se mais nas aulas e avaliações.,Melhorar: Melhorar a sua entrega de lições de casa.,Melhorar: Integrar-se mais aos Princípios Passos Mágicos.,,7,,,Fase 7 (3º EM),,,8.8,,,10.0,,,5.0,,,17.0,,,4.5,,,5.951,,,False,Rede Decisão,,,,,5.6,,,5.278,,,8.7,,,2.8,,,3.5,,,Quartzo,,,False,4.0,,,Requer avaliação,,A,,
RA-40,Aluno-40,Feminino,2016,27.0,429.0,3.0,-1.0,-1.0,,Melhorar: Empenhar-se mais nas aulas e avaliações.,Destaque: A sua boa entrega das lições de casa.,Destaque: A sua boa integração aos Princípios Passos Mágicos.,,5,FASE 6,,Fase 6 (2º EM),Fase 7 (3° EM),,7.9,7.5,,5.0,5.0,,6.8,5.9,,16.0,17.0,,7.8,8.2,,7.203,7.169975,,False,Rede Decisão,Privada - Programa de Apadrinhamento,,7.96875,,7.5,7.52,,7.75,7.755,,8.4,5.8,,4.7,6.2,,7.3,5.7,,Ametista,Ametista,,False,3.0,4.0,,Sem limitações,,A,6A,
RA-40,Aluno-40,Feminino,2021,,,,,,0.0,,,,Colégio Arco Íris Evolução,,,7A,,,Fase 7 (3° EM),,,7.083,,,10.0,,,5.333333333333333,,,18.0,,,7.211257310000001,,,7.098051462066667,,,,Privada - Programa de Apadrinhamento,,8.125,,,8.13,,,6.276666667,,,6.5,,,3.5,,,6.0,,,Ametista,,,,3.0,,Cursando,,,7A
RA-400,Aluno-400,Masculino,2018,132.0,720.0,10.0,-2.0,-1.0,,Melhorar: Empenhar-se mais nas aulas e avaliações.,Destaque: A sua boa entrega das lições de casa.,Melhorar: Integrar-se mais aos Princípios Passos Mágicos.,,2,FASE 3,,Fase 4 (9º ano),Fase 4 (9° ano),,9.0,9.2,,5.0,5.0,,1.7,4.1,,14.0,,,8.5,9.0,,6.042,6.529425,,False,Escola Pública,Pública,,7.65625,,5.0,2.52,,7.444,7.375,,,2.8,,1.2,4.8,,2.2,4.7,,Ágata,Ágata,,False,3.0,4.0,,Requer avaliação,,K,3L,
RA-401,Aluno-401,Feminino,2021,103.0,609.0,8.0,-1.0,-1.0,0.0,Melhorar: Empenhar-se mais nas aulas e avaliações.,Destaque: A sua boa entrega das lições de casa.,Melhorar: Integrar-se mais aos Princípios Passos Mágicos.,EE Maria André Schunck Dona,2,FASE 2,3L,Fase 3 (7º e 8º ano),Fase 3 (7° e 8° ano),Fase 3 (7° e 8° ano),6.9,4.0,6.666,5.0,5.0,10.0,4.3,7.3,4.833333333333333,12.0,12.0,14.0,9.6,8.1,6.839473684333334,6.645,6.363666667,6.728911403533334,False,Escola Pública,Pública,Pública,7.083333333,6.5625,7.5,2.52,6.885,6.722,7.116666667,6.915,,,2.5,3.7,6.3,7.0,5.0,8.3,5.0,Ágata,Ágata,Ágata,False,3.0,3.0,4.0,Sem limitações,Cursando,K,2K,3L
RA-402,Aluno-402,Feminino,2019,152.0,806.0,13.0,-1.0,0.0,,Melhorar: Empenhar-se mais nas aulas e avaliações.,Melhorar: Melhorar a sua entrega de lições de casa.,Melhorar: Integrar-se mais aos Princípios Passos Mágicos.,,2,FASE 3,,Fase 3 (7º e 8º ano),Fase 3 (7° e 8° ano),,9.0,9.2,,5.0,10.0,,3.0,4.2,,12.0,13.0,,3.7,7.3,,5.261,6.632716667,,False,Escola Pública,Pública,,7.8125,,5.0,2.52,,7.222,6.88,,,4.0,,4.3,4.7,,1.7,4.0,,Quartzo,Ágata,,False,3.0,4.0,,Requer avaliação,,K,3N,
RA-402,Aluno-402,Feminino,2021,,,,,,0.0,,,,EE Donizetti Aparecido Leite Professor,,,4M,,,Fase 4 (9° ano),,,7.5,,,10.0,,,4.166666666666667,,,14.0,,,3.074074074,,,5.683064814833333,,,,Pública,,6.354166667,,,6.26,,,6.1175,,,6.0,,,3.0,,,3.5,,,Quartzo,,,,4.0,,Cursando,,,4M
RA-403,Aluno-403,Masculino,2020,50.0,334.0,4.0,-1.0,-1.0,,Melhorar: Empenhar-se mais nas aulas e avaliações.,Destaque: A sua boa entrega das lições de casa.,Destaque: A sua boa integração aos Princípios Passos Mágicos.,,2,FASE 2,,Fase 3 (7º e 8º ano),Fase 3 (7° e 8° ano),,9.5,8.5,,5.0,5.0,,6.3,7.8,,12.0,,,9.3,8.8,,7.455,7.716366667,,False,Escola Pública,Pública,,7.291666667,,7.5,6.27,,7.5,8.45,,,,,6.5,6.8,,6.2,8.8,,Ametista,Ametista,,False,3.0,3.0,,Sem limitações,,K,2U,
RA-403,Aluno-403,Masculino,2021,,,,,,0.0,,,,EE Maria André Schunck Dona,,,3K,,,Fase 3 (7° e 8° ano),,,8.751,,,10.0,,,7.666666666666667,,,14.0,,,7.361111111,,,8.008488888833334,,,,Pública,,8.541666667,,,7.51,,,7.613333333,,,9.0,,,6.0,,,8.0,,,Topázio,,,,3.0,,Cursando,,,3K
RA-404,Aluno-404,Feminino,2020,100.0,602.0,7.0,-1.0,-1.0,,Melhorar: Empenhar-se mais nas aulas e avaliações.,Melhorar: Melhorar a sua entrega de lições de casa.,Melhorar: Integrar-se mais aos Princípios Passos Mágicos.,,2,FASE 2,,Fase 3 (7º e 8º ano),Fase 3 (7° e 8° ano),,9.0,7.9,,5.0,5.0,,5.3,6.0,,12.0,,,7.3,8.3,,6.658,6.7093,,False,Escola Pública,Pública,,6.875,,7.5,5.02,,6.944,6.89,,,,,4.0,4.7,,6.5,7.2,,Ágata,Ágata,,False,3.0,3.0,,Sem limitações,,K,2L,
RA-404,Aluno-404,Feminino,2021,,,,,,0.0,,,,EM Cecilia Cristina de Oliveira Rodrigues,,,3M,,,Fase 3 (7° e 8° ano),,,8.334,,,10.0,,,5.666666666666667,,,14.0,,,6.286274509666666,,,6.624588235266668,,,,Pública,,7.5,,,2.51,,,6.998,,,6.0,,,6.0,,,5.0,,,Ágata,,,,5.0,,Cursando,,,3M
RA-405,Aluno-405,Masculino,2016,142.0,769.0,12.0,-1.0,,,Melhorar: Empenhar-se mais nas aulas e avaliações.,Melhorar: Melhorar a sua entrega de lições de casa.,Melhorar: Integrar-se mais aos Princípios Passos Mágicos.,,2,,,Fase 3 (7º e 8º ano),,,9.5,,,5.0,,,3.3,,,13.0,,,6.2,,,5.661,,,False,Escola Pública,,,,,5.0,,,6.0,,,,,,2.7,,,3.8,,,Quartzo,,,False,3.0,,,Requer avaliação,,K,,
RA-406,Aluno-406,Feminino,2019,47.0,314.0,3.0,-1.0,,,Melhorar: Empenhar-se mais nas aulas e avaliações.,Destaque: A sua boa entrega das lições de casa.,Melhorar: Integrar-se mais aos Princípios Passos Mágicos.,,2,,,Fase 3 (7º e 8º ano),,,9.5,,,5.0,,,6.6,,,13.0,,,9.5,,,7.496,,,False,Escola Pública,,,,,7.5,,,7.333,,,,,,5.4,,,7.8,,,Ametista,,,False,3.0,,,Sem limitações,,K,,
RA-407,Aluno-407,Masculino,2022,64.0,431.0,5.0,-1.0,-1.0,0.0,Melhorar: Empenhar-se mais nas aulas e avaliações.,Destaque: A sua boa entrega das lições de casa.,Melhorar: Integrar-se mais aos Princípios Passos Mágicos.,EE Maria André Schunck Dona,2,FASE 3,4L,Fase 3 (7º e 8º ano),Fase 4 (9° ano),Fase 4 (9° ano),8.5,9.6,8.334,5.0,5.0,10.0,6.0,7.3,3.6666666666666665,13.0,14.0,15.0,9.3,8.6,7.614522417333333,7.195,7.665083333,7.0875128168,False,Escola Pública,Pública,Pública,7.8125,7.96875,7.5,7.52,6.26,7.056,7.5,7.875,,7.3,4.0,4.0,7.3,2.0,8.0,7.2,5.0,Ametista,Ametista,Ametista,False,3.0,4.0,4.0,Sem limitações,Cursando,K,3L,4L
RA-408,Aluno-408,Feminino,2022,94.0,578.0,6.0,-1.0,-1.0,0.0,Melhorar: Empenhar-se mais nas aulas e avaliações.,Destaque: A sua boa entrega das lições de casa.,Melhorar: Integrar-se mais aos Princípios Passos Mágicos.,EE Maria André Schunck Dona,2,FASE 2,3K,Fase 3 (7º e 8º ano),Fase 3 (7° e 8° ano),Fase 3 (7° e 8° ano),8.0,7.9,7.5,5.0,5.0,10.0,3.3,6.8,4.833333333333333,12.0,13.0,14.0,9.7,8.5,4.981481481666667,6.725,7.242133333,6.5276296297,False,Escola Pública,Pública,Pública,8.333333333,7.083333333,7.5,3.77,7.51,7.333,8.45,6.776666667,,,6.0,1.0,6.0,3.0,5.5,7.5,5.5,Ágata,Ametista,Ágata,False,3.0,3.0,3.0,Sem limitações,Cursando,K,2L,3K
RA-409,Aluno-409,Feminino,2022,13.0,99.0,1.0,0.0,-1.0,0.0,Destaque: As suas boas notas na Passos Mágicos.,Destaque: A sua boa entrega das lições de casa.,Destaque: A sua boa integração aos Princípios Passos Mágicos.,EE Maria André Schunck Dona,2,FASE 2,3K,Fase 2 (5º e 6º ano),Fase 3 (7° e 8° ano),Fase 3 (7° e 8° ano),7.9,8.4,9.585,10.0,5.0,10.0,7.8,8.0,7.166666666666667,11.0,,13.0,9.7,9.5,9.231481481333333,8.15,7.621466667,8.225462962900002,False,Escola Pública,Pública,Pública,7.916666667,7.916666667,7.5,2.52,7.51,7.5,8.73,7.223333333,,,7.0,6.0,6.2,7.0,9.5,9.7,7.5,Topázio,Ametista,Topázio,False,3.0,3.0,3.0,Sem limitações,Cursando,K,2K,3K
RA-41,Aluno-41,Masculino,2018,51.0,777.0,9.0,-2.0,,,Melhorar: Empenhar-se mais nas aulas e avaliações.,Melhorar: Melhorar a sua entrega de lições de casa.,Melhorar: Integrar-se mais aos Princípios Passos Mágicos.,,5,,,Fase 7 (3º EM),,,9.2,,,5.0,,,5.6,,,17.0,,,6.1,,,5.581,,,False,Escola Pública,,,,,5.0,,,4.375,,,8.0,,,6.3,,,2.5,,,Quartzo,,,False,3.0,,,Requer avaliação,,A,,
RA-410,Aluno-410,Masculino,2018,141.0,763.0,11.0,-2.0,-1.0,,Melhorar: Empenhar-se mais nas aulas e avaliações.,Melhorar: Melhorar a sua entrega de lições de casa.,Melhorar: Integrar-se mais aos Princípios Passos Mágicos.,,2,FASE 3,,Fase 4 (9º ano),Fase 4 (9° ano),,7.4,8.8,,5.0,5.0,,2.0,4.9,,14.0,,,6.5,5.8,,5.675,6.140808333,,False,Escola Pública,Pública,,6.71875,,6.3,7.52,,7.444,6.0425,,,4.8,,2.0,5.0,,2.0,4.8,,Quartzo,Ágata,,False,3.0,4.0,,Requer avaliação,,K,3K,
RA-411,Aluno-411,Feminino,2019,61.0,415.0,12.0,-1.0,0.0,,Melhorar: Empenhar-se mais nas aulas e avaliações.,Destaque: A sua boa entrega das lições de casa.,Destaque: A sua boa integração aos Princípios Passos Mágicos.,,2,FASE 3,,Fase 3 (7º e 8º ano),Fase 3 (7° e 8° ano),,6.4,6.2,,5.0,10.0,,7.1,6.6,,12.0,13.0,,8.6,9.0,,7.232,7.779983333,,False,Escola Pública,Privada,,7.8125,,7.5,7.52,,7.833,7.5425,,,7.3,,6.7,5.7,,7.5,6.7,,Ametista,Ametista,,False,3.0,4.0,,Não atendido,,L,3L,
RA-411,Aluno-411,Feminino,2021,,,,,,0.0,,,,Rede Decisão - Unidade União,,,4M,,,Fase 4 (9° ano),,,7.083,,,10.0,,,4.833333333333333,,,14.0,,,9.148148147999999,,,7.279762962966667,,,,Privada,,7.291666667,,,5.635,,,7.4125,,,4.0,,,3.5,,,7.0,,,Ametista,,,,4.0,,Cursando,,,4M
RA-412,Aluno-412,Feminino,2018,45.0,292.0,8.0,-1.0,0.0,,Melhorar: Empenhar-se mais nas aulas e avaliações.,Destaque: A sua boa entrega das lições de casa.,Destaque: A sua boa integração aos Princípios Passos Mágicos.,,2,FASE 3,,Fase 3 (7º e 8º ano),Fase 3 (7° e 8° ano),,8.5,8.8,,5.0,10.0,,7.3,6.2,,12.0,13.0,,9.0,8.9,,7.556,7.373891667,,False,Escola Pública,Pública,,7.03125,,7.5,2.52,,7.778,7.585,,,7.7,,6.5,5.8,,8.2,5.2,,Ametista,Ametista,,False,3.0,4.0,,Não atendido,,L,3L,
RA-412,Aluno-412,Feminino,2021,,,,,,0.0,,,,EE Maria André Schunck Dona,,,4M,,,Fase 4 (9° ano),,,8.334,,,10.0,,,7.333333333333333,,,14.0,,,8.456140351,,,8.044378070166667,,,,Pública,,8.020833333,,,6.26,,,8.125,,,8.0,,,8.0,,,6.0,,,Topázio,,,,4.0,,Cursando,,,4M
RA-413,Aluno-413,Feminino,2022,120.0,660.0,15.0,-1.0,-1.0,,Melhorar: Empenhar-se mais nas aulas e avaliações.,Destaque: A sua boa entrega das lições de casa.,Melhorar: Integrar-se mais aos Princípios Passos Mágicos.,,2,FASE 2,,Fase 3 (7º e 8º ano),Fase 3 (7° e 8° ano),,6.4,7.9,,5.0,5.0,,4.7,6.3,,12.0,13.0,,8.7,8.9,,6.408,6.803633333,,False,Escola Pública,Pública,,7.291666667,,5.6,2.52,,7.056,7.503333333,,,,,4.2,5.8,,5.2,6.7,,Ágata,Ágata,,False,3.0,3.0,,Requer avaliação,,L,2K,
RA-414,Aluno-414,Feminino,2021,58.0,399.0,11.0,-1.0,0.0,0.0,Melhorar: Empenhar-se mais nas aulas e avaliações.,Destaque: A sua boa entrega das lições de casa.,Destaque: A sua boa integração aos Princípios Passos Mágicos.,EE Maria André Schunck Dona,2,FASE 3,3L,Fase 3 (7º e 8º ano),Fase 3 (7° e 8° ano),Fase 3 (7° e 8° ano),8.0,0.0,7.917,5.0,10.0,10.0,5.9,6.5,6.0,12.0,13.0,14.0,9.3,9.5,8.429629629666666,7.284,7.25025,7.187625925933334,False,Escola Pública,Pública,Pública,7.8125,6.25,7.5,7.52,7.51,7.667,7.585,5.67,,6.5,6.0,5.7,6.0,9.0,6.2,7.0,3.0,Ametista,Ametista,Ametista,False,3.0,4.0,4.0,Não atendido,Cursando,L,3L,3L
RA-415,Aluno-415,Feminino,2019,37.0,235.0,7.0,0.0,0.0,,Melhorar: Empenhar-se mais nas aulas e avaliações.,Destaque: A sua boa entrega das lições de casa.,Destaque: A sua boa integração aos Princípios Passos Mágicos.,,2,FASE 3,,Fase 2 (5º e 6º ano),Fase 3 (7° e 8° ano),,8.0,7.1,,10.0,10.0,,6.2,3.7,,11.0,12.0,,8.3,8.2,,7.695,7.18805,,False,Escola Pública,Pública,,7.8125,,7.5,7.52,,8.056,7.8325,,,4.3,,4.8,2.8,,7.5,4.0,,Ametista,Ametista,,False,3.0,4.0,,Não atendido,,L,3L,
RA-416,Aluno-416,Masculino,2018,23.0,164.0,6.0,-1.0,0.0,,Melhorar: Empenhar-se mais nas aulas e avaliações.,Destaque: A sua boa entrega das lições de casa.,Destaque: A sua boa integração aos Princípios Passos Mágicos.,,2,FASE 3,,Fase 3 (7º e 8º ano),Fase 3 (7° e 8° ano),,9.5,9.2,,5.0,10.0,,7.2,7.6,,12.0,13.0,,9.3,9.8,,7.913,8.144425,,False,Rede Decisão,Privada - Programa de Apadrinhamento,,8.28125,,8.8,2.52,,8.222,8.3375,,,8.8,,6.7,7.0,,7.7,7.0,,Ametista,Topázio,,False,3.0,4.0,,Sem limitações,,L,3L,
RA-416,Aluno-416,Masculino,2021,,,,,,1.0,,,,Colégio Arco Íris Evolução,,,4M,,,Fase 3 (7° e 8° ano),,,8.751,,,10.0,,,8.0,,,14.0,,,8.972709551666666,,,8.700808577033333,,,,Privada - Programa de Apadrinhamento,,8.541666667,,,7.51,,,9.13,,,8.5,,,8.0,,,7.5,,,Topázio,,,,4.0,,Cursando,,,4M
RA-417,Aluno-417,Feminino,2022,4.0,43.0,2.0,-1.0,0.0,0.0,Destaque: As suas boas notas na Passos Mágicos.,Destaque: A sua boa entrega das lições de casa.,Destaque: A sua boa integração aos Princípios Passos Mágicos.,EE Neide Celestina de Oliveira Profa,2,FASE 3,4L,Fase 3 (7º e 8º ano),Fase 3 (7° e 8° ano),Fase 4 (9° ano),10.0,5.4,8.334,5.0,10.0,10.0,8.0,7.8,8.833333333333334,13.0,,14.0,10.0,9.7,8.401559454333333,8.428,8.257658333,8.533628557533333,False,Escola Pública,Pública,Pública,8.28125,8.4375,7.5,7.52,7.51,9.556,8.2125,8.2925,,8.3,7.5,6.0,6.7,9.0,10.0,8.3,10.0,Topázio,Topázio,Topázio,True,3.0,4.0,4.0,Não atendido,Cursando,L,3L,4L
RA-418,Aluno-418,Feminino,2020,12.0,93.0,3.0,0.0,1.0,,Destaque: As suas boas notas na Passos Mágicos.,Destaque: A sua boa entrega das lições de casa.,Destaque: A sua boa integração aos Princípios Passos Mágicos.,,2,FASE 3,,Fase 2 (5º e 6º ano),Fase 2 (5° e 6° ano),,8.0,8.8,,10.0,10.0,,7.5,8.1,,10.0,,,9.4,10.0,,8.175,8.1686,,False,Rede Decisão,Privada - Programa de Apadrinhamento,,8.125,,7.5,2.52,,8.222,8.045,,,9.3,,6.5,6.7,,8.5,8.3,,Topázio,Topázio,,False,3.0,4.0,,Não atendido,,L,3L,
RA-418,Aluno-418,Feminino,2021,,,,,,1.0,,,,Colégio Arco Íris Evolução,,,4M,,,Fase 3 (7° e 8° ano),,,8.751,,,10.0,,,9.333333333333334,,,12.0,,,10.0,,,9.125183333366667,,,,Privada - Programa de Apadrinhamento,,8.229166667,,,7.51,,,9.0475,,,10.0,,,9.5,,,8.5,,,Topázio,,,,4.0,,Cursando,,,4M
RA-419,Aluno-419,Feminino,2019,55.0,375.0,10.0,-1.0,0.0,,Melhorar: Empenhar-se mais nas aulas e avaliações.,Destaque: A sua boa entrega das lições de casa.,Destaque: A sua boa integração aos Princípios Passos Mágicos.,,2,FASE 3,,Fase 3 (7º e 8º ano),Fase 3 (7° e 8° ano),,7.5,6.7,,5.0,10.0,,6.9,7.6,,12.0,,,9.2,9.5,,7.359,7.7261,,False,Rede Decisão,Privada - Programa de Apadrinhamento,,8.125,,5.6,2.52,,8.389,7.875,,,8.5,,5.3,7.0,,8.5,7.3,,Ametista,Ametista,,True,3.0,4.0,,Requer avaliação,,L,3L,
RA-419,Aluno-419,Feminino,2021,,,,,,1.0,,,,Colégio Arco Íris Evolução,,,4M,,,Fase 3 (7° e 8° ano),,,7.083,,,10.0,,,8.166666666666666,,,14.0,,,9.382456140666667,,,8.355707894766669,,,,Privada - Programa de Apadrinhamento,,8.020833333,,,6.26,,,8.5475,,,10.0,,,6.5,,,8.0,,,Topázio,,,,4.0,,Cursando,,,4M
RA-42,Aluno-42,Masculino,2019,33.0,582.0,5.0,0.0,-1.0,,Melhorar: Empenhar-se mais nas aulas e avaliações.,Destaque: A sua boa entrega das lições de casa.,Melhorar: Integrar-se mais aos Princípios Passos Mágicos.,,5,FASE 5,,Fase 5 (1º EM),Fase 6 (2° EM),,8.3,8.8,,10.0,5.0,,4.8,5.7,,15.0,,,7.9,8.6,,6.72,6.794516667,,False,Rede Decisão,Privada - Programa de Apadrinhamento,,6.5625,,5.6,5.63,,6.083,6.6675,,6.2,6.7,,3.7,6.3,,4.5,4.2,,Ágata,Ágata,,False,3.0,4.0,,Requer avaliação,,A,5A,
RA-42,Aluno-42,Masculino,2021,,,,,,-1.0,,,,EE Paschoal Carlos Magno,,,6A,,,Fase 7 (3° EM),,,9.168,,,5.0,,,8.166666666666666,,,17.0,,,9.682539682666667,,,7.656628769866667,,,,Pública,,6.796875,,,5.635,,,7.134,,,8.0,,,9.0,,,7.5,,,Ametista,,,,5.0,,Cursando,,,6A
RA-420,Aluno-420,Feminino,2019,49.0,331.0,9.0,0.0,0.0,,Melhorar: Empenhar-se mais nas aulas e avaliações.,Destaque: A sua boa entrega das lições de casa.,Destaque: A sua boa integração aos Princípios Passos Mágicos.,,2,FASE 3,,Fase 2 (5º e 6º ano),Fase 3 (7° e 8° ano),,9.5,8.3,,10.0,10.0,,4.5,5.3,,11.0,,,9.0,9.3,,7.461,7.356358333,,False,Rede Decisão,Privada - Programa de Apadrinhamento,,7.65625,,5.6,2.52,,8.0,7.96,,,4.3,,1.3,5.7,,7.7,5.8,,Ametista,Ametista,,False,3.0,4.0,,Requer avaliação,,L,3M,
RA-420,Aluno-420,Feminino,2021,,,,,,1.0,,,,Colégio Arco Íris Evolução,,,4M,,,Fase 3 (7° e 8° ano),,,8.334,,,10.0,,,4.0,,,13.0,,,9.557894737,,,7.544228947400001,,,,Privada - Programa de Apadrinhamento,,7.8125,,,6.26,,,7.96,,,4.5,,,3.0,,,4.5,,,Ametista,,,,4.0,,Cursando,,,4M
RA-421,Aluno-421,Masculino,2021,2.0,14.0,1.0,0.0,0.0,1.0,Destaque: As suas boas notas na Passos Mágicos.,Destaque: A sua boa entrega das lições de casa.,Destaque: A sua boa integração aos Princípios Passos Mágicos.,Estuda em outra cidade,2,FASE 3,4N,Fase 2 (5º e 6º ano),Fase 3 (7° e 8° ano),Fase 3 (7° e 8° ano),8.5,9.2,8.751,10.0,10.0,10.0,8.8,7.3,6.666666666666667,11.0,,13.0,9.3,9.9,9.540744978333334,8.717,8.030716667,8.488232329,True,Escola Pública,Pública,Pública,7.8125,9.0625,7.5,2.52,7.51,9.111,8.17,8.572,,7.8,9.0,9.2,8.0,5.0,8.5,6.2,6.0,Topázio,Topázio,Topázio,True,3.0,4.0,5.0,Não atendido,Cursando,L,3L,4N
RA-422,Aluno-422,Masculino,2022,90.0,569.0,13.0,-1.0,-1.0,-1.0,Melhorar: Empenhar-se mais nas aulas e avaliações.,Destaque: A sua boa entrega das lições de casa.,Destaque: A sua boa integração aos Princípios Passos Mágicos.,EE Maria André Schunck Dona,2,FASE 2,3K,Fase 3 (7º e 8º ano),Fase 3 (7° e 8° ano),Fase 4 (9° ano),8.5,0.0,7.5,5.0,5.0,5.0,2.5,4.4,2.8333333333333335,12.0,,14.0,10.0,7.8,6.157407407333333,6.746,5.57,5.544981481433334,False,Escola Pública,Pública,Pública,6.666666667,6.458333333,7.5,7.52,7.51,7.5,6.106666667,5.5,,,1.0,1.0,3.0,3.0,4.0,5.7,4.5,Ágata,Quartzo,Quartzo,False,3.0,3.0,3.0,Não atendido,Cursando,L,2U,3K
RA-423,Aluno-423,Feminino,2022,102.0,607.0,14.0,-1.0,-1.0,0.0,Melhorar: Empenhar-se mais nas aulas e avaliações.,Destaque: A sua boa entrega das lições de casa.,Destaque: A sua boa integração aos Princípios Passos Mágicos.,EE Maria André Schunck Dona,2,FASE 2,3L,Fase 3 (7º e 8º ano),Fase 3 (7° e 8° ano),Fase 3 (7° e 8° ano),8.4,8.0,5.833,5.0,5.0,10.0,2.3,3.4,4.333333333333333,12.0,13.0,14.0,9.6,8.7,6.501135191,6.647,6.607533333,6.616193704866666,False,Escola Pública,Pública,Pública,7.083333333,6.875,7.5,6.89,8.13,7.667,7.45,6.8275,,,3.5,0.5,2.3,6.0,4.0,4.5,3.5,Ágata,Ágata,Ágata,False,3.0,3.0,4.0,Sem limitações,Cursando,L,2U,3L
RA-424,Aluno-424,Feminino,2022,21.0,159.0,5.0,-1.0,0.0,0.0,Destaque: As suas boas notas na Passos Mágicos.,Destaque: A sua boa entrega das lições de casa.,Destaque: A sua boa integração aos Princípios Passos Mágicos.,EM Cecilia Cristina de Oliveira Rodrigues,2,FASE 3,4L,Fase 3 (7º e 8º ano),Fase 3 (7° e 8° ano),Fase 4 (9° ano),9.0,8.8,8.334,5.0,10.0,10.0,7.5,6.4,3.3333333333333335,12.0,,14.0,10.0,9.9,9.616228070333333,7.94,7.72685,7.341187280733334,False,Escola Pública,Pública,Pública,7.8125,7.34375,7.5,2.52,7.51,8.222,7.7925,7.1625,,7.5,2.0,10.0,5.0,2.0,5.0,6.7,6.0,Ametista,Ametista,Ametista,False,3.0,4.0,4.0,Não atendido,Cursando,L,3M,4L
RA-425,Aluno-425,Masculino,2022,15.0,110.0,4.0,-1.0,0.0,0.0,Destaque: As suas boas notas na Passos Mágicos.,Destaque: A sua boa entrega das lições de casa.,Destaque: A sua boa integração aos Princípios Passos Mágicos.,EE Maria André Schunck Dona,2,FASE 3,4M,Fase 3 (7º e 8º ano),Fase 3 (7° e 8° ano),Fase 4 (9° ano),9.0,9.2,10.002,5.0,10.0,10.0,9.0,7.5,9.0,12.0,13.0,14.0,10.0,9.9,10.0,8.117,8.10555,9.016616666700001,False,Escola Pública,Pública,Pública,7.8125,8.229166667,7.5,2.52,6.26,7.5,8.3775,8.8375,,8.5,9.5,9.0,6.7,10.0,9.0,7.3,7.5,Topázio,Topázio,Topázio,False,3.0,4.0,4.0,Não atendido,Cursando,L,3L,4M
RA-426,Aluno-426,Feminino,2022,122.0,668.0,9.0,-2.0,-1.0,-1.0,Melhorar: Empenhar-se mais nas aulas e avaliações.,Melhorar: Melhorar a sua entrega de lições de casa.,Melhorar: Integrar-se mais aos Princípios Passos Mágicos.,EE Donizetti Aparecido Leite Professor,2,FASE 3,4L,Fase 4 (9º ano),Fase 4 (9° ano),Fase 5 (1° EM),9.0,5.4,7.917,5.0,5.0,5.0,4.6,5.0,4.833333333333333,14.0,,15.0,6.5,7.6,7.9050567596666665,6.35,6.329158333,6.6430030186,False,Escola Pública,Pública,Pública,7.65625,7.65625,7.5,5.0,4.38,7.111,7.5425,8.0,,5.0,4.0,2.3,4.7,3.5,6.8,5.2,7.0,Ágata,Ágata,Ágata,False,3.0,4.0,4.0,Não atendido,Cursando,M,3M,4L
RA-427,Aluno-427,Masculino,2022,128.0,696.0,11.0,-1.0,,,Melhorar: Empenhar-se mais nas aulas e avaliações.,Destaque: A sua boa entrega das lições de casa.,Melhorar: Integrar-se mais aos Princípios Passos Mágicos.,,2,,,Fase 3 (7º e 8º ano),,,8.0,,,5.0,,,2.5,,,13.0,,,8.5,,,6.245,,,False,Escola Pública,,,,,7.5,,,6.778,,,,,,3.0,,,2.0,,,Ágata,,,False,3.0,,,Não atendido,,M,,
RA-428,Aluno-428,Masculino,2022,38.0,238.0,2.0,-1.0,0.0,0.0,Destaque: As suas boas notas na Passos Mágicos.,Destaque: A sua boa entrega das lições de casa.,Melhorar: Integrar-se mais aos Princípios Passos Mágicos.,EE Donizetti Aparecido Leite Professor,2,FASE 3,4M,Fase 3 (7º e 8º ano),Fase 3 (7° e 8° ano),Fase 4 (9° ano),6.8,8.3,9.168,5.0,10.0,10.0,9.5,7.2,5.0,13.0,,14.0,8.7,9.5,8.898245614,7.683,7.821816667,7.534949122800001,False,Escola Pública,Pública,Pública,7.8125,7.5,7.5,2.52,5.635,7.111,8.0425,7.625,,7.7,8.0,10.0,9.3,3.0,9.0,4.7,4.0,Ametista,Ametista,Ametista,False,3.0,4.0,4.0,Não atendido,Cursando,M,3N,4M
RA-429,Aluno-429,Masculino,2019,138.0,749.0,12.0,-1.0,,,Melhorar: Empenhar-se mais nas aulas e avaliações.,Melhorar: Melhorar a sua entrega de lições de casa.,Melhorar: Integrar-se mais aos Princípios Passos Mágicos.,,2,,,Fase 3 (7º e 8º ano),,,10.0,,,5.0,,,2.7,,,13.0,,,5.3,,,5.811,,,False,Escola Pública,,,,,7.5,,,6.611,,,,,,2.8,,,2.5,,,Quartzo,,,False,3.0,,,Não atendido,,M,,
RA-43,Aluno-43,Feminino,2019,54.0,791.0,11.0,-1.0,-1.0,,Melhorar: Empenhar-se mais nas aulas e avaliações.,Melhorar: Melhorar a sua entrega de lições de casa.,Melhorar: Integrar-se mais aos Princípios Passos Mágicos.,,5,FASE 6,,Fase 6 (2º EM),Fase 7 (3° EM),,6.3,7.9,,5.0,5.0,,4.3,5.0,,16.0,17.0,,6.5,6.7,,5.486,6.4622,,False,Escola Pública,Pública,,7.5,,5.6,5.63,,5.958,7.5875,,3.2,6.0,,4.0,4.0,,5.8,5.0,,Quartzo,Ágata,,False,3.0,4.0,,Requer avaliação,,A,6A,
RA-430,Aluno-430,Masculino,2022,43.0,281.0,3.0,-1.0,-1.0,,Destaque: As suas boas notas na Passos Mágicos.,Destaque: A sua boa entrega das lições de casa.,Melhorar: Integrar-se mais aos Princípios Passos Mágicos.,,2,FASE 3,,Fase 3 (7º e 8º ano),Fase 4 (9° ano),,9.5,9.2,,5.0,5.0,,8.5,6.4,,13.0,14.0,,8.6,9.3,,7.585,7.146716667,,False,Escola Pública,Pública,,7.8125,,7.5,2.52,,6.611,7.75,,,6.5,,7.5,7.3,,9.5,5.5,,Ametista,Ametista,,False,3.0,4.0,,Não atendido,,M,3M,
RA-431,Aluno-431,Masculino,2022,68.0,439.0,5.0,0.0,,,Melhorar: Empenhar-se mais nas aulas e avaliações.,Destaque: A sua boa entrega das lições de casa.,Melhorar: Integrar-se mais aos Princípios Passos Mágicos.,,2,,,Fase 2 (5º e 6º ano),,,9.0,,,10.0,,,4.5,,,11.0,,,8.1,,,7.175,,,False,Escola Pública,,,,,7.5,,,6.778,,,,,,5.0,,,4.0,,,Ametista,,,False,3.0,,,Não atendido,,M,,
RA-432,Aluno-432,Feminino,2019,123.0,672.0,10.0,-2.0,-2.0,,Melhorar: Empenhar-se mais nas aulas e avaliações.,Melhorar: Melhorar a sua entrega de lições de casa.,Melhorar: Integrar-se mais aos Princípios Passos Mágicos.,,2,FASE 3,,Fase 4 (9º ano),Fase 5 (1° EM),,10.0,8.8,,5.0,5.0,,5.1,5.2,,14.0,,,6.8,9.0,,6.34,6.850183333,,False,Escola Pública,Pública,,7.8125,,5.0,2.52,,6.611,8.0425,,,4.2,,5.7,5.0,,4.5,6.3,,Ágata,Ágata,,False,3.0,4.0,,Requer avaliação,,M,3M,
RA-432,Aluno-432,Feminino,2021,,,,,,-1.0,,,,EE Donizetti Aparecido Leite Professor,,,4L,,,Fase 5 (1° EM),,,7.501,,,5.0,,,5.5,,,16.0,,,10.0,,,7.167975,,,,Pública,,7.34375,,,6.26,,,7.2875,,,5.5,,,5.0,,,6.0,,,Ametista,,,,4.0,,Cursando,,,4L
RA-433,Aluno-433,Masculino,2022,146.0,780.0,13.0,-1.0,-1.0,0.0,Melhorar: Empenhar-se mais nas aulas e avaliações.,Melhorar: Melhorar a sua entrega de lições de casa.,Melhorar: Integrar-se mais aos Princípios Passos Mágicos.,EE Donizetti Aparecido Leite Professor,2,FASE 2,3N,Fase 3 (7º e 8º ano),Fase 3 (7° e 8° ano),Fase 3 (7° e 8° ano),8.5,8.5,7.918,5.0,5.0,10.0,2.6,4.8,4.833333333333333,12.0,,14.0,7.3,7.2,8.380952381,5.557,6.5982,7.218157142866668,False,Escola Pública,Pública,Pública,5.833333333,6.875,5.0,7.52,8.13,5.778,7.613333333,6.415,,,4.0,2.2,1.8,6.5,3.0,7.7,4.0,Quartzo,Ágata,Ametista,False,3.0,3.0,2.0,Requer avaliação,Cursando,M,2M,3N
RA-434,Aluno-434,Masculino,2022,52.0,360.0,4.0,0.0,-1.0,0.0,Melhorar: Empenhar-se mais nas aulas e avaliações.,Destaque: A sua boa entrega das lições de casa.,Melhorar: Integrar-se mais aos Princípios Passos Mágicos.,EE Donizetti Aparecido Leite Professor,2,FASE 2,3U,Fase 2 (5º e 6º ano),Fase 3 (7° e 8° ano),Fase 3 (7° e 8° ano),9.0,6.3,7.084,10.0,5.0,10.0,5.7,6.6,5.5,11.0,12.0,13.0,8.1,8.0,5.061904762,7.403,7.069766667,6.610947619100001,False,Escola Pública,Pública,Pública,7.5,7.291666667,7.5,7.52,7.51,6.778,7.613333333,6.55,,,5.5,4.8,5.2,5.5,6.5,8.0,5.5,Ametista,Ametista,Ágata,False,3.0,3.0,3.0,Sem limitações,Cursando,M,2M,3U
RA-435,Aluno-435,Feminino,2022,109.0,627.0,8.0,0.0,,,Melhorar: Empenhar-se mais nas aulas e avaliações.,Melhorar: Melhorar a sua entrega de lições de casa.,Melhorar: Integrar-se mais aos Princípios Passos Mágicos.,,2,,,Fase 2 (5º e 6º ano),,,7.9,,,10.0,,,4.7,,,10.0,,,6.2,,,6.599,,,False,Escola Pública,,,,,7.5,,,6.444,,,,,,3.7,,,5.7,,,Ágata,,,False,3.0,,,Sem limitações,,M,,
RA-436,Aluno-436,Masculino,2022,98.0,592.0,7.0,0.0,-1.0,,Melhorar: Empenhar-se mais nas aulas e avaliações.,Destaque: A sua boa entrega das lições de casa.,Melhorar: Integrar-se mais aos Princípios Passos Mágicos.,,2,FASE 2,,Fase 2 (5º e 6º ano),Fase 3 (7° e 8° ano),,9.5,7.5,,10.0,5.0,,2.0,3.4,,11.0,12.0,,8.1,4.7,,6.687,5.322366667,,False,Escola Pública,Pública,,6.875,,7.5,2.52,,6.611,7.613333333,,,,,4.0,3.7,,0.0,3.0,,Ágata,Quartzo,,False,3.0,3.0,,Sem limitações,,M,2M,
RA-437,Aluno-437,Masculino,2022,82.0,531.0,6.0,-1.0,-2.0,,Melhorar: Empenhar-se mais nas aulas e avaliações.,Destaque: A sua boa entrega das lições de casa.,Melhorar: Integrar-se mais aos Princípios Passos Mágicos.,,2,FASE 2,,Fase 3 (7º e 8º ano),Fase 4 (9° ano),,8.5,8.0,,5.0,5.0,,5.8,4.7,,13.0,,,8.3,8.4,,6.875,6.947366667,,False,Escola Pública,Pública,,7.291666667,,7.5,7.52,,6.611,7.78,,,,,6.0,2.5,,5.5,6.8,,Ágata,Ágata,,False,3.0,3.0,,Sem limitações,,M,2M,
RA-438,Aluno-438,Masculino,2022,33.0,213.0,1.0,0.0,0.0,-1.0,Melhorar: Empenhar-se mais nas aulas e avaliações.,Destaque: A sua boa entrega das lições de casa.,Melhorar: Integrar-se mais aos Princípios Passos Mágicos.,EE Maria André Schunck Dona,2,FASE 2,2K,Fase 2 (5º e 6º ano),Fase 2 (5° e 6° ano),Fase 3 (7° e 8° ano),8.0,6.9,9.168,10.0,10.0,5.0,7.3,5.4,8.25,10.0,,12.0,8.7,7.5,8.6630434785,7.764,6.9883,7.930283695700001,False,Escola Pública,Pública,Pública,6.458333333,7.96875,7.5,6.26,7.51,6.889,7.223333333,7.915,,,,6.5,3.5,7.0,8.0,7.3,9.5,Ametista,Ágata,Ametista,False,3.0,3.0,4.0,Sem limitações,Cursando,M,2L,2K
RA-439,Aluno-439,Masculino,2022,147.0,789.0,14.0,-1.0,,,Melhorar: Empenhar-se mais nas aulas e avaliações.,Melhorar: Melhorar a sua entrega de lições de casa.,Melhorar: Integrar-se mais aos Princípios Passos Mágicos.,,2,,,Fase 3 (7º e 8º ano),,,9.0,,,5.0,,,2.3,,,12.0,,,4.9,,,5.519,,,False,Escola Pública,,,,,7.5,,,6.5,,,,,,3.2,,,1.3,,,Quartzo,,,False,3.0,,,Sem limitações,,M,,
RA-44,Aluno-44,Feminino,2021,52.0,785.0,10.0,-2.0,-2.0,,Melhorar: Empenhar-se mais nas aulas e avaliações.,Melhorar: Melhorar a sua entrega de lições de casa.,Melhorar: Integrar-se mais aos Princípios Passos Mágicos.,,5,FASE 6,,Fase 7 (3º EM),Fase 8 (Universitários),,5.0,0.0,,5.0,5.0,,3.0,6.9,,17.0,,,5.9,8.5,,5.542,6.258333333,,True,Escola Pública,Pública,,7.5,,7.5,5.01,,7.292,7.17,,3.2,7.5,,2.3,7.3,,3.5,5.8,,Quartzo,Ágata,,False,3.0,4.0,,Sem limitações,,A,6A,
RA-440,Aluno-440,Masculino,2022,56.0,382.0,6.0,0.0,0.0,,Melhorar: Empenhar-se mais nas aulas e avaliações.,Destaque: A sua boa entrega das lições de casa.,Melhorar: Integrar-se mais aos Princípios Passos Mágicos.,,2,FASE 3,,Fase 2 (5º e 6º ano),Fase 3 (7° e 8° ano),,9.5,0.0,,10.0,10.0,,5.5,6.2,,11.0,12.0,,9.0,8.2,,7.329,6.989208333,,False,Escola Pública,Pública,,7.96875,,6.9,7.52,,5.833,7.835,,,4.2,,6.0,7.3,,5.0,7.0,,Ametista,Ágata,,False,3.0,4.0,,Não atendido,,P,3P,
RA-441,Aluno-441,Feminino,2019,11.0,87.0,2.0,0.0,,,Destaque: As suas boas notas na Passos Mágicos.,Destaque: A sua boa entrega das lições de casa.,Destaque: A sua boa integração aos Princípios Passos Mágicos.,,2,,,Fase 2 (5º e 6º ano),,,9.0,,,10.0,,,8.0,,,11.0,,,7.9,,,8.188,,,False,Escola Pública,,,,,7.5,,,8.333,,,,,,8.0,,,8.0,,,Topázio,,,False,3.0,,,Não atendido,,P,,
RA-442,Aluno-442,Feminino,2022,8.0,78.0,1.0,0.0,0.0,1.0,Destaque: As suas boas notas na Passos Mágicos.,Destaque: A sua boa entrega das lições de casa.,Destaque: A sua boa integração aos Princípios Passos Mágicos.,EE Maria André Schunck Dona,2,FASE 3,4M,Fase 2 (5º e 6º ano),Fase 3 (7° e 8° ano),Fase 3 (7° e 8° ano),10.0,0.0,8.334,10.0,10.0,10.0,7.5,5.8,5.0,11.0,,13.0,8.2,7.6,5.9151960783333335,8.226,6.814166667,6.905439215666667,False,Escola Pública,Pública,Pública,7.5,7.5,7.5,7.52,5.635,8.222,8.1275,7.8775,,4.3,3.5,9.0,6.7,4.5,6.0,6.5,7.0,Topázio,Ágata,Ágata,False,3.0,4.0,4.0,Não atendido,Cursando,P,3K,4M
RA-443,Aluno-443,Feminino,2019,48.0,321.0,4.0,-1.0,-1.0,,Melhorar: Empenhar-se mais nas aulas e avaliações.,Destaque: A sua boa entrega das lições de casa.,Destaque: A sua boa integração aos Princípios Passos Mágicos.,,2,FASE 3,,Fase 3 (7º e 8º ano),Fase 4 (9° ano),,9.0,7.1,,5.0,5.0,,5.6,7.6,,13.0,14.0,,9.1,7.5,,7.482,6.895508333,,True,Escola Pública,Pública,,7.96875,,7.5,2.52,,8.5,8.125,,,7.0,,8.0,7.0,,3.2,8.7,,Ametista,Ágata,,True,3.0,4.0,,Não atendido,,P,3P,
RA-444,Aluno-444,Masculino,2018,99.0,601.0,8.0,0.0,1.0,,Melhorar: Empenhar-se mais nas aulas e avaliações.,Melhorar: Melhorar a sua entrega de lições de casa.,Destaque: A sua boa integração aos Princípios Passos Mágicos.,,2,FASE 3,,Fase 2 (5º e 6º ano),Fase 2 (5° e 6° ano),,9.0,0.0,,10.0,10.0,,3.1,4.7,,11.0,11.0,,7.2,7.9,,6.665,5.958791667,,False,Escola Pública,Pública,,6.40625,,5.0,5.0,,7.778,6.4575,,,3.7,,1.5,4.7,,4.7,5.8,,Ágata,Quartzo,,False,3.0,4.0,,Requer avaliação,,P,3P,
RA-444,Aluno-444,Masculino,2021,,,,,,-1.0,,,,EE Maria André Schunck Dona,,,3P,,,Fase 4 (9° ano),,,8.334,,,5.0,,,3.6666666666666665,,,14.0,,,6.377276524666667,,,5.410188638266668,,,,Pública,,6.25,,,2.51,,,5.96,,,4.0,,,2.0,,,5.0,,,Quartzo,,,,4.0,,Cursando,,,3P
RA-445,Aluno-445,Masculino,2022,79.0,518.0,7.0,-1.0,-1.0,0.0,Melhorar: Empenhar-se mais nas aulas e avaliações.,Destaque: A sua boa entrega das lições de casa.,Destaque: A sua boa integração aos Princípios Passos Mágicos.,EE Maria André Schunck Dona,2,FASE 2,3P,Fase 3 (7º e 8º ano),Fase 3 (7° e 8° ano),Fase 3 (7° e 8° ano),9.0,8.0,7.917,5.0,5.0,10.0,3.8,8.4,4.0,12.0,13.0,14.0,9.4,8.8,8.715873016,6.924,7.9087,7.3416246032,False,Escola Pública,Pública,Pública,8.541666667,7.8125,7.5,6.89,7.51,7.5,8.176666667,7.3725,,,3.0,0.0,7.7,3.0,7.5,9.0,6.0,Ágata,Ametista,Ametista,False,3.0,3.0,4.0,Não atendido,Cursando,P,2R,3P
RA-446,Aluno-446,Feminino,2018,54.0,373.0,5.0,-1.0,,,Melhorar: Empenhar-se mais nas aulas e avaliações.,Destaque: A sua boa entrega das lições de casa.,Destaque: A sua boa integração aos Princípios Passos Mágicos.,,2,,,Fase 3 (7º e 8º ano),,,9.5,,,5.0,,,6.9,,,13.0,,,8.9,,,7.367,,,False,Escola Pública,,,,,5.0,,,7.889,,,,,,6.3,,,7.5,,,Ametista,,,False,3.0,,,Requer avaliação,,P,,
RA-447,Aluno-447,Feminino,2022,144.0,773.0,10.0,0.0,,,Melhorar: Empenhar-se mais nas aulas e avaliações.,Melhorar: Melhorar a sua entrega de lições de casa.,Melhorar: Integrar-se mais aos Princípios Passos Mágicos.,,2,,,Fase 2 (5º e 6º ano),,,0.0,,,10.0,,,3.5,,,10.0,,,7.0,,,5.607,,,False,Escola Pública,,,,,7.5,,,5.556,,,,,,7.0,,,0.0,,,Quartzo,,,False,3.0,,,Não atendido,,P,,
RA-448,Aluno-448,Feminino,2022,19.0,150.0,3.0,0.0,,,Melhorar: Empenhar-se mais nas aulas e avaliações.,Destaque: A sua boa entrega das lições de casa.,Destaque: A sua boa integração aos Princípios Passos Mágicos.,,2,,,Fase 2 (5º e 6º ano),,,9.0,,,10.0,,,5.5,,,11.0,,,9.7,,,7.972,,,False,Escola Pública,,,,,7.5,,,8.111,,,,,,5.0,,,6.0,,,Ametista,,,False,3.0,,,Não atendido,,P,,
RA-449,Aluno-449,Feminino,2022,129.0,703.0,9.0,-1.0,0.0,,Melhorar: Empenhar-se mais nas aulas e avaliações.,Melhorar: Melhorar a sua entrega de lições de casa.,Destaque: A sua boa integração aos Princípios Passos Mágicos.,,2,FASE 3,,Fase 3 (7º e 8º ano),Fase 3 (7° e 8° ano),,0.0,7.1,,5.0,10.0,,7.0,7.0,,12.0,12.0,,6.0,7.2,,6.143,7.396508333,,False,Escola Pública,Pública,,7.34375,,7.5,7.52,,8.111,6.8425,,,7.7,,6.0,5.5,,8.0,7.7,,Ágata,Ametista,,False,3.0,4.0,,Não atendido,,P,3P,
RA-45,Aluno-45,Feminino,2019,17.0,277.0,2.0,0.0,0.0,,Melhorar: Empenhar-se mais nas aulas e avaliações.,Destaque: A sua boa entrega das lições de casa.,Melhorar: Integrar-se mais aos Princípios Passos Mágicos.,,5,FASE 6,,Fase 5 (1º EM),Fase 6 (2° EM),,7.9,7.1,,10.0,10.0,,6.8,7.9,,15.0,,,8.9,9.6,,7.591,8.303591667,,False,Rede Decisão,Privada - Programa de Apadrinhamento,,8.28125,,5.6,6.26,,7.417,8.1725,,8.8,9.7,,6.3,7.8,,5.2,6.3,,Ametista,Topázio,,False,3.0,4.0,,Requer avaliação,,A,6A,
RA-45,Aluno-45,Feminino,2021,,,,,,0.0,,,,Colégio Arco Íris Evolução,,,7A,,,Fase 7 (3° EM),,,7.5,,,10.0,,,8.0,,,17.0,,,9.619047619,,,8.743476190400001,,,,Privada - Programa de Apadrinhamento,,8.75,,,9.38,,,8.283333333,,,9.5,,,7.5,,,7.0,,,Topázio,,,,3.0,,Cursando,,,7A
RA-450,Aluno-450,Masculino,2021,29.0,188.0,2.0,-1.0,-1.0,-1.0,Melhorar: Empenhar-se mais nas aulas e avaliações.,Destaque: A sua boa entrega das lições de casa.,Destaque: A sua boa integração aos Princípios Passos Mágicos.,EE Donizetti Aparecido Leite Professor,2,FASE 3,4L,Fase 3 (7º e 8º ano),Fase 4 (9° ano),Fase 5 (1° EM),10.0,9.6,8.751,5.0,5.0,5.0,7.5,5.4,7.5,13.0,14.0,15.0,9.1,8.4,8.954191033333332,7.843,6.819625,7.526188206666666,False,Escola Pública,Pública,Pública,7.65625,7.8125,7.5,2.52,5.63,8.111,7.9175,7.58,,2.7,6.0,6.8,7.0,8.0,8.2,6.5,8.5,Ametista,Ágata,Ametista,False,3.0,4.0,4.0,Não atendido,Cursando,Q,3K,4L
RA-451,Aluno-451,Feminino,2019,117.0,654.0,9.0,-1.0,-2.0,,Melhorar: Empenhar-se mais nas aulas e avaliações.,Melhorar: Melhorar a sua entrega de lições de casa.,Melhorar: Integrar-se mais aos Princípios Passos Mágicos.,,2,FASE 2,,Fase 3 (7º e 8º ano),Fase 4 (9° ano),,9.0,8.5,,5.0,5.0,,6.1,8.9,,13.0,14.0,,6.0,9.5,,6.434,8.386033333,,False,Escola Pública,Pública,,9.375,,6.3,4.39,,6.889,9.896666667,,,,,3.1,7.8,,9.2,10.0,,Ágata,Topázio,,False,3.0,3.0,,Requer avaliação,,Q,2P,
RA-452,Aluno-452,Feminino,2021,127.0,690.0,10.0,-1.0,,,Melhorar: Empenhar-se mais nas aulas e avaliações.,Melhorar: Melhorar a sua entrega de lições de casa.,Melhorar: Integrar-se mais aos Princípios Passos Mágicos.,,2,,,Fase 3 (7º e 8º ano),,,9.0,,,5.0,,,4.8,,,13.0,,,5.6,,,6.287,,,False,Escola Pública,,,,,7.5,,,7.167,,,,,,5.0,,,4.5,,,Ágata,,,False,3.0,,,Não atendido,,Q,,
RA-453,Aluno-453,Feminino,2022,28.0,187.0,1.0,-1.0,,,Destaque: As suas boas notas na Passos Mágicos.,Destaque: A sua boa entrega das lições de casa.,Destaque: A sua boa integração aos Princípios Passos Mágicos.,,2,,,Fase 3 (7º e 8º ano),,,9.0,,,5.0,,,8.8,,,13.0,,,8.7,,,7.845,,,False,Escola Pública,,,,,7.5,,,7.778,,,,,,8.0,,,9.5,,,Ametista,,,False,3.0,,,Não atendido,,Q,,
RA-454,Aluno-454,Masculino,2018,145.0,779.0,12.0,-2.0,-2.0,,Melhorar: Empenhar-se mais nas aulas e avaliações.,Destaque: A sua boa entrega das lições de casa.,Melhorar: Integrar-se mais aos Princípios Passos Mágicos.,,2,FASE 3,,Fase 4 (9º ano),Fase 5 (1° EM),,9.5,0.0,,5.0,5.0,,2.3,2.6,,14.0,15.0,,8.6,7.5,,5.561,4.603416667,,False,Escola Pública,Pública,,4.6875,,5.0,5.0,,5.444,5.54,,,2.5,,0.0,4.2,,4.7,1.2,,Quartzo,Quartzo,,False,3.0,4.0,,Não indicado,,Q,3P,
RA-454,Aluno-454,Masculino,2021,,,,,,-2.0,,,,EE Paschoal Carlos Magno,,,4R,,,Fase 6 (2° EM),,,9.585,,,5.0,,,3.6666666666666665,,,17.0,,,6.633138401666667,,,5.8522943469666675,,,,Pública,,5.416666667,,,6.255,,,5.833333333,,,6.0,,,3.0,,,2.0,,,Quartzo,,,,6.0,,Cursando,,,4R
RA-455,Aluno-455,Feminino,2022,81.0,529.0,6.0,-1.0,,0.0,Melhorar: Empenhar-se mais nas aulas e avaliações.,Destaque: A sua boa entrega das lições de casa.,Melhorar: Integrar-se mais aos Princípios Passos Mágicos.,EE Donizetti Aparecido Leite Professor,2,,3U,Fase 3 (7º e 8º ano),,Fase 3 (7° e 8° ano),7.0,,8.751,5.0,,10.0,6.3,,4.5,12.0,,14.0,7.9,,6.111111111,6.876,,7.098988888900001,False,Escola Pública,,Pública,,8.333333333,7.5,,8.13,7.278,,7.276666667,,,4.0,6.0,,3.0,6.5,,6.5,Ágata,,Ametista,False,3.0,,3.0,Não atendido,Cursando,Q,,3U
RA-456,Aluno-456,Feminino,2022,65.0,432.0,5.0,-1.0,-1.0,0.0,Melhorar: Empenhar-se mais nas aulas e avaliações.,Destaque: A sua boa entrega das lições de casa.,Destaque: A sua boa integração aos Princípios Passos Mágicos.,EE Donizetti Aparecido Leite Professor,2,FASE 2,3R,Fase 3 (7º e 8º ano),Fase 3 (7° e 8° ano),Fase 3 (7° e 8° ano),6.4,0.0,7.083,5.0,5.0,10.0,7.3,9.9,6.5,12.0,12.0,13.0,8.2,8.3,9.382456140333334,7.193,7.518,8.331124561366668,False,Escola Pública,Pública,Pública,9.583333333,9.166666667,6.3,4.39,7.51,8.389,9.953333333,8.893333333,,,4.5,6.0,9.7,9.0,8.7,10.0,6.0,Ametista,Ametista,Topázio,True,3.0,3.0,3.0,Requer avaliação,Cursando,Q,2P,3R
RA-457,Aluno-457,Feminino,2022,40.0,240.0,3.0,-1.0,0.0,1.0,Destaque: As suas boas notas na Passos Mágicos.,Destaque: A sua boa entrega das lições de casa.,Destaque: A sua boa integração aos Princípios Passos Mágicos.,EE Donizetti Aparecido Leite Professor,2,FASE 3,4N,Fase 3 (7º e 8º ano),Fase 3 (7° e 8° ano),Fase 3 (7° e 8° ano),8.0,7.5,8.334,5.0,10.0,10.0,8.5,8.1,8.666666666666666,12.0,13.0,14.0,8.8,8.6,8.743961352333335,7.68,8.256833333,8.5892756038,False,Escola Pública,Pública,Pública,8.125,9.6875,7.5,7.52,7.51,7.667,8.045,7.77,,9.0,10.0,7.0,6.7,8.0,10.0,8.5,8.0,Ametista,Topázio,Topázio,False,3.0,4.0,5.0,Não atendido,Cursando,Q,3N,4N
RA-458,Aluno-458,Masculino,2019,113.0,642.0,8.0,-1.0,-1.0,,Melhorar: Empenhar-se mais nas aulas e avaliações.,Destaque: A sua boa entrega das lições de casa.,Melhorar: Integrar-se mais aos Princípios Passos Mágicos.,,2,FASE 3,,Fase 3 (7º e 8º ano),Fase 4 (9° ano),,8.0,9.6,,5.0,5.0,,5.6,3.8,,13.0,,,7.7,6.9,,6.512,6.312083333,,False,Escola Pública,Pública,,7.1875,,7.5,7.52,,5.833,6.2475,,,2.2,,4.7,4.3,,6.5,4.8,,Ágata,Ágata,,False,3.0,4.0,,Não atendido,,Q,3P,
RA-458,Aluno-458,Masculino,2021,,,,,,-1.0,,,,EE Maria André Schunck Dona,,,3P,,,Fase 4 (9° ano),,,8.751,,,5.0,,,4.0,,,15.0,,,3.7396825396666666,,,5.680161507933333,,,,Pública,,7.03125,,,6.88,,,6.83,,,5.0,,,3.0,,,4.0,,,Quartzo,,,,4.0,,Cursando,,,3P
RA-459,Aluno-459,Masculino,2019,59.0,401.0,4.0,-1.0,0.0,,Melhorar: Empenhar-se mais nas aulas e avaliações.,Destaque: A sua boa entrega das lições de casa.,Melhorar: Integrar-se mais aos Princípios Passos Mágicos.,,2,FASE 3,,Fase 3 (7º e 8º ano),Fase 3 (7° e 8° ano),,7.0,6.7,,5.0,10.0,,7.3,8.3,,12.0,13.0,,9.1,9.3,,7.28,8.240016667,,False,Escola Pública,Pública,,7.1875,,8.1,7.52,,7.222,7.88,,,7.5,,5.3,8.3,,9.2,9.2,,Ametista,Topázio,,False,3.0,4.0,,Sem limitações,,Q,3N,
RA-459,Aluno-459,Masculino,2021,,,,,,0.0,,,,EE Donizetti Aparecido Leite Professor,,,4N,,,Fase 4 (9° ano),,,7.917,,,10.0,,,4.666666666666667,,,14.0,,,8.454106280333333,,,7.233804589400001,,,,Pública,,7.8125,,,5.635,,,7.366,,,8.0,,,0.0,,,6.0,,,Ametista,,,,5.0,,Cursando,,,4N
RA-46,Aluno-46,Feminino,2022,46.0,719.0,7.0,-2.0,-3.0,,Melhorar: Empenhar-se mais nas aulas e avaliações.,Destaque: A sua boa entrega das lições de casa.,Melhorar: Integrar-se mais aos Princípios Passos Mágicos.,,5,FASE 5,,Fase 7 (3º EM),Fase 8 (Universitários),,8.8,7.1,,5.0,2.5,,2.1,4.4,,17.0,18.0,,8.4,7.4,,6.048,5.545383333,,False,Escola Pública,Pública,,6.5625,,6.3,2.52,,7.083,6.6275,,0.7,7.3,,2.8,2.8,,2.8,3.0,,Ágata,Quartzo,,False,3.0,4.0,,Sem limitações,,A,5A,
RA-460,Aluno-460,Masculino,2022,140.0,758.0,11.0,-1.0,,,Melhorar: Empenhar-se mais nas aulas e avaliações.,Destaque: A sua boa entrega das lições de casa.,Melhorar: Integrar-se mais aos Princípios Passos Mágicos.,,2,,,Fase 3 (7º e 8º ano),,,6.8,,,5.0,,,3.3,,,12.0,,,8.1,,,5.711,,,False,Escola Pública,,,,,7.5,,,5.056,,,,,,0.5,,,6.0,,,Quartzo,,,False,3.0,,,Não atendido,,Q,,
RA-461,Aluno-461,Feminino,2018,149.0,792.0,13.0,-1.0,-1.0,,Melhorar: Empenhar-se mais nas aulas e avaliações.,Melhorar: Melhorar a sua entrega de lições de casa.,Melhorar: Integrar-se mais aos Princípios Passos Mágicos.,,2,FASE 2,,Fase 3 (7º e 8º ano),Fase 3 (7° e 8° ano),,0.0,7.3,,5.0,5.0,,3.8,7.4,,12.0,12.0,,6.7,7.9,,5.451,7.2379,,False,Escola Pública,Pública,,8.541666667,,7.5,3.77,,7.222,8.616666667,,,,,1.5,5.7,,6.2,9.0,,Quartzo,Ametista,,False,3.0,3.0,,Sem limitações,,Q,2P,
RA-461,Aluno-461,Feminino,2021,,,,,,0.0,,,,EE Donizetti Aparecido Leite Professor,,,3R,,,Fase 3 (7° e 8° ano),,,8.751,,,10.0,,,4.5,,,13.0,,,9.182446312,,,7.5447559291,,,,Pública,,7.708333333,,,7.51,,,7.056666667,,,6.0,,,3.0,,,4.5,,,Ametista,,,,3.0,,Cursando,,,3R
RA-462,Aluno-462,Feminino,2022,,,,,-2.0,,,,,,,FASE 3,,,Fase 5 (1° EM),,,10.0,,,5.0,,,2.7,,,,,,8.1,,,6.2267,,,,Pública,,7.5,,,5.0,,,6.5825,,,1.3,,,4.0,,,2.8,,,Ágata,,,,4.0,,,,,3P,
RA-462,Aluno-462,Masculino,2022,106.0,616.0,7.0,-2.0,,,Melhorar: Empenhar-se mais nas aulas e avaliações.,Destaque: A sua boa entrega das lições de casa.,Melhorar: Integrar-se mais aos Princípios Passos Mágicos.,,2,,,Fase 4 (9º ano),,,10.0,,,5.0,,,3.6,,,14.0,,,8.5,,,6.626,,,False,Escola Pública,,,,,7.5,,,6.778,,,,,,2.0,,,5.2,,,Ágata,,,False,3.0,,,Sem limitações,,Q,,
RA-463,Aluno-463,Feminino,2020,119.0,658.0,11.0,-1.0,0.0,,Melhorar: Empenhar-se mais nas aulas e avaliações.,Destaque: A sua boa entrega das lições de casa.,Melhorar: Integrar-se mais aos Princípios Passos Mágicos.,,2,FASE 3,,Fase 3 (7º e 8º ano),Fase 3 (7° e 8° ano),,10.0,9.2,,5.0,10.0,,2.5,4.0,,12.0,13.0,,7.8,5.4,,6.41,6.382383333,,False,Escola Pública,Pública,,7.8125,,7.5,2.52,,7.389,7.795,,,1.3,,2.0,6.3,,3.0,4.3,,Ágata,Ágata,,False,3.0,4.0,,Não atendido,,U,3K,
RA-464,Aluno-464,Feminino,2022,91.0,570.0,7.0,-1.0,-1.0,-1.0,Melhorar: Empenhar-se mais nas aulas e avaliações.,Destaque: A sua boa entrega das lições de casa.,Destaque: A sua boa integração aos Princípios Passos Mágicos.,EE Maria André Schunck Dona,2,FASE 3,3L,Fase 3 (7º e 8º ano),Fase 4 (9° ano),Fase 4 (9° ano),7.5,9.2,9.168,5.0,5.0,5.0,4.8,3.0,4.333333333333333,13.0,,15.0,8.0,7.7,7.851461988333334,6.745,6.081675,6.872009064333334,False,Escola Pública,Pública,Pública,7.96875,7.1875,7.5,2.52,8.76,7.722,7.38,7.1175,,0.5,6.5,2.7,4.8,3.0,7.0,3.7,3.5,Ágata,Ágata,Ágata,False,3.0,4.0,4.0,Não atendido,Cursando,U,3K,3L
RA-465,Aluno-465,Masculino,2019,18.0,139.0,1.0,0.0,0.0,,Destaque: As suas boas notas na Passos Mágicos.,Destaque: A sua boa entrega das lições de casa.,Destaque: A sua boa integração aos Princípios Passos Mágicos.,,2,FASE 3,,Fase 2 (5º e 6º ano),Fase 3 (7° e 8° ano),,8.0,7.5,,10.0,10.0,,7.8,8.5,,11.0,,,7.9,9.4,,8.012,8.012875,,False,Escola Pública,Pública,,7.96875,,7.5,2.52,,8.444,8.17,,,9.0,,9.3,8.3,,6.3,8.2,,Ametista,Topázio,,True,3.0,4.0,,Não atendido,,U,3K,
RA-466,Aluno-466,Masculino,2022,85.0,546.0,6.0,-1.0,-2.0,-1.0,Melhorar: Empenhar-se mais nas aulas e avaliações.,Destaque: A sua boa entrega das lições de casa.,Destaque: A sua boa integração aos Princípios Passos Mágicos.,EE Maria André Schunck Dona,2,FASE 2,3L,Fase 3 (7º e 8º ano),Fase 4 (9° ano),Fase 4 (9° ano),8.5,9.5,8.751,5.0,5.0,5.0,3.3,4.5,4.0,13.0,14.0,15.0,9.7,7.6,7.223245614,6.826,6.595533333,6.778749122800001,False,Escola Pública,Pública,Pública,6.25,7.5,7.5,6.89,8.76,7.556,7.056666667,7.665,,,2.5,0.5,2.5,3.0,6.0,6.5,6.5,Ágata,Ágata,Ágata,False,3.0,3.0,4.0,Não atendido,Cursando,U,2L,3L
RA-467,Aluno-467,Feminino,2022,121.0,664.0,12.0,-1.0,-1.0,0.0,Melhorar: Empenhar-se mais nas aulas e avaliações.,Destaque: A sua boa entrega das lições de casa.,Melhorar: Integrar-se mais aos Princípios Passos Mágicos.,EE Maria André Schunck Dona,2,FASE 3,4L,Fase 3 (7º e 8º ano),Fase 4 (9° ano),Fase 4 (9° ano),5.8,6.3,7.917,5.0,5.0,10.0,5.5,5.2,6.833333333333333,13.0,,15.0,8.4,9.2,9.140350877333333,6.38,6.552916667,7.7298118421333335,False,Escola Pública,Pública,Pública,7.1875,7.34375,5.0,3.14,5.01,7.111,7.5425,7.54,,3.7,6.0,5.0,6.0,5.5,6.0,6.0,9.0,Ágata,Ágata,Ametista,False,3.0,4.0,4.0,Requer avaliação,Cursando,U,3K,4L
RA-468,Aluno-468,Masculino,2022,125.0,682.0,13.0,-1.0,-1.0,,Melhorar: Empenhar-se mais nas aulas e avaliações.,Melhorar: Melhorar a sua entrega de lições de casa.,Melhorar: Integrar-se mais aos Princípios Passos Mágicos.,,2,FASE 3,,Fase 3 (7º e 8º ano),Fase 4 (9° ano),,9.5,8.3,,5.0,5.0,,4.1,3.4,,13.0,,,6.7,6.0,,6.313,5.911108333,,False,Escola Pública,Pública,,7.34375,,7.5,6.27,,6.722,6.715,,,2.3,,4.5,4.8,,3.7,3.0,,Ágata,Quartzo,,False,3.0,4.0,,Não atendido,,U,3K,
RA-469,Aluno-469,Feminino,2022,41.0,263.0,2.0,0.0,-1.0,0.0,Melhorar: Empenhar-se mais nas aulas e avaliações.,Destaque: A sua boa entrega das lições de casa.,Destaque: A sua boa integração aos Princípios Passos Mágicos.,EE Maria André Schunck Dona,2,FASE 2,3K,Fase 2 (5º e 6º ano),Fase 3 (7° e 8° ano),Fase 3 (7° e 8° ano),9.0,7.5,9.168,10.0,5.0,10.0,5.7,7.8,5.0,11.0,,13.0,9.6,9.3,9.498366013,7.624,7.482533333,7.684639869300001,False,Escola Pública,Pública,Pública,7.916666667,7.291666667,5.0,2.52,7.51,7.833,8.843333333,6.94,,,5.0,6.2,6.8,6.0,5.2,8.8,4.0,Ametista,Ametista,Ametista,False,3.0,3.0,3.0,Requer avaliação,Cursando,U,2L,3K
RA-47,Aluno-47,Feminino,2022,49.0,762.0,8.0,-2.0,,,Melhorar: Empenhar-se mais nas aulas e avaliações.,Melhorar: Melhorar a sua entrega de lições de casa.,Melhorar: Integrar-se mais aos Princípios Passos Mágicos.,,5,,,Fase 7 (3º EM),,,7.9,,,5.0,,,2.1,,,17.0,,,6.3,,,5.677,,,False,Escola Pública,,,,,7.5,,,7.042,,,1.5,,,2.5,,,2.2,,,Quartzo,,,False,3.0,,,Sem limitações,,A,,
RA-470,Aluno-470,Feminino,2019,53.0,369.0,3.0,-1.0,-1.0,,Melhorar: Empenhar-se mais nas aulas e avaliações.,Destaque: A sua boa entrega das lições de casa.,Destaque: A sua boa integração aos Princípios Passos Mágicos.,,2,FASE 3,,Fase 3 (7º e 8º ano),Fase 4 (9° ano),,8.0,8.8,,5.0,5.0,,6.3,4.9,,13.0,14.0,,9.7,9.2,,7.378,6.993766667,,False,Escola Pública,Pública,,7.5,,7.5,5.0,,7.5,7.71,,,4.5,,5.3,6.0,,7.3,4.3,,Ametista,Ágata,,False,3.0,4.0,,Não atendido,,U,3K,
RA-470,Aluno-470,Feminino,2021,,,,,,0.0,,,,EE Maria André Schunck Dona,,,4L,,,Fase 4 (9° ano),,,9.585,,,10.0,,,3.3333333333333335,,,15.0,,,8.011695906666667,,,6.981130848,,,,Pública,,7.03125,,,7.51,,,6.4975,,,2.5,,,3.5,,,4.0,,,Ágata,,,,4.0,,Cursando,,,4L
RA-471,Aluno-471,Feminino,2020,112.0,639.0,9.0,-1.0,0.0,,Melhorar: Empenhar-se mais nas aulas e avaliações.,Destaque: A sua boa entrega das lições de casa.,Destaque: A sua boa integração aos Princípios Passos Mágicos.,,2,FASE 3,,Fase 3 (7º e 8º ano),Fase 3 (7° e 8° ano),,3.5,0.0,,5.0,10.0,,6.3,5.0,,13.0,,,8.5,9.0,,6.535,6.855541667,,False,Escola Pública,Pública,,7.96875,,5.0,6.27,,8.056,8.125,,,4.8,,5.7,6.3,,6.8,4.0,,Ágata,Ágata,,False,3.0,4.0,,Requer avaliação,,U,3L,
RA-471,Aluno-471,Feminino,2021,,,,,,0.0,,,,EE Maria André Schunck Dona,,,4M,,,Fase 4 (9° ano),,,0.0,,,10.0,,,5.5,,,14.0,,,7.027568922333333,,,6.635847117766667,,,,Pública,,7.708333333,,,7.51,,,8.0425,,,7.0,,,4.0,,,5.5,,,Ágata,,,,4.0,,Cursando,,,4M
RA-472,Aluno-472,Feminino,2022,133.0,735.0,14.0,-1.0,-1.0,-1.0,Melhorar: Empenhar-se mais nas aulas e avaliações.,Melhorar: Melhorar a sua entrega de lições de casa.,Melhorar: Integrar-se mais aos Princípios Passos Mágicos.,EM Cecilia Cristina de Oliveira Rodrigues,2,FASE 2,2U,Fase 3 (7º e 8º ano),Fase 3 (7° e 8° ano),Fase 3 (7° e 8° ano),9.0,5.1,7.502,5.0,5.0,5.0,2.0,5.5,6.25,12.0,,14.0,7.0,7.1,7.48447205,5.93,6.6858,6.6397610766,False,Escola Pública,Pública,Pública,7.708333333,6.25,7.5,7.52,7.51,7.056,8.223333333,6.333333333,,,,1.8,3.7,4.0,2.2,7.2,8.5,Quartzo,Ágata,Ágata,False,3.0,3.0,3.0,Não atendido,Cursando,U,2L,2U
RA-473,Aluno-473,Masculino,2019,134.0,737.0,15.0,-1.0,,,Melhorar: Empenhar-se mais nas aulas e avaliações.,Melhorar: Melhorar a sua entrega de lições de casa.,Melhorar: Integrar-se mais aos Princípios Passos Mágicos.,,2,,,Fase 3 (7º e 8º ano),,,8.0,,,5.0,,,4.3,,,12.0,,,6.1,,,5.915,,,False,Escola Pública,,,,,7.5,,,5.889,,,,,,4.5,,,4.0,,,Quartzo,,,False,3.0,,,Não atendido,,U,,
RA-474,Aluno-474,Masculino,2019,115.0,650.0,10.0,-1.0,-1.0,,Melhorar: Empenhar-se mais nas aulas e avaliações.,Destaque: A sua boa entrega das lições de casa.,Melhorar: Integrar-se mais aos Princípios Passos Mágicos.,,2,FASE 3,,Fase 3 (7º e 8º ano),Fase 4 (9° ano),,9.5,0.0,,5.0,5.0,,3.0,3.3,,13.0,14.0,,9.1,7.8,,6.446,5.283583333,,False,Escola Pública,Pública,,7.1875,,7.5,5.0,,6.0,6.7575,,,1.2,,1.3,4.8,,4.7,3.8,,Ágata,Quartzo,,False,3.0,4.0,,Não atendido,,U,3K,
RA-474,Aluno-474,Masculino,2021,,,,,,-1.0,,,,EE Maria André Schunck Dona,,,3L,,,Fase 4 (9° ano),,,9.168,,,5.0,,,3.0,,,15.0,,,5.818518518666667,,,6.024753703733333,,,,Pública,,7.1875,,,7.51,,,6.8725,,,2.0,,,4.0,,,3.0,,,Ágata,,,,4.0,,Cursando,,,3L
RA-475,Aluno-475,Feminino,2022,63.0,430.0,4.0,-1.0,,,Melhorar: Empenhar-se mais nas aulas e avaliações.,Destaque: A sua boa entrega das lições de casa.,Destaque: A sua boa integração aos Princípios Passos Mágicos.,,2,,,Fase 3 (7º e 8º ano),,,8.5,,,5.0,,,5.8,,,12.0,,,9.2,,,7.199,,,False,Escola Pública,,,,,7.5,,,7.667,,,,,,3.3,,,8.3,,,Ametista,,,False,3.0,,,Não atendido,,U,,
RA-476,Aluno-476,Feminino,2019,78.0,513.0,5.0,-1.0,0.0,,Melhorar: Empenhar-se mais nas aulas e avaliações.,Destaque: A sua boa entrega das lições de casa.,Destaque: A sua boa integração aos Princípios Passos Mágicos.,,2,FASE 3,,Fase 3 (7º e 8º ano),Fase 3 (7° e 8° ano),,9.0,7.9,,5.0,10.0,,5.5,4.1,,12.0,13.0,,9.3,7.0,,6.931,6.492408333,,False,Escola Pública,Pública,,7.34375,,4.4,2.52,,7.556,7.505,,,2.7,,5.0,5.0,,6.0,4.5,,Ágata,Ágata,,False,3.0,4.0,,Requer avaliação,,U,3K,
RA-476,Aluno-476,Feminino,2021,,,,,,0.0,,,,EE Maria André Schunck Dona,,,3L,,,Fase 3 (7° e 8° ano),,,7.917,,,10.0,,,4.5,,,14.0,,,6.5964912280000005,,,6.7359982456,,,,Pública,,6.25,,,7.51,,,6.745,,,2.5,,,7.0,,,4.0,,,Ágata,,,,4.0,,Cursando,,,3L
RA-477,Aluno-477,Masculino,2022,155.0,860.0,16.0,-1.0,,,Melhorar: Empenhar-se mais nas aulas e avaliações.,Melhorar: Melhorar a sua entrega de lições de casa.,Melhorar: Integrar-se mais aos Princípios Passos Mágicos.,,2,,,Fase 3 (7º e 8º ano),,,0.0,,,5.0,,,0.7,,,13.0,,,5.0,,,3.633,,,False,Escola Pública,,,,,5.6,,,4.5,,,,,,0.3,,,1.0,,,Quartzo,,,False,3.0,,,Requer avaliação,,U,,
RA-478,Aluno-478,Feminino,2019,96.0,588.0,8.0,-1.0,0.0,,Melhorar: Empenhar-se mais nas aulas e avaliações.,Destaque: A sua boa entrega das lições de casa.,Melhorar: Integrar-se mais aos Princípios Passos Mágicos.,,2,FASE 3,,Fase 3 (7º e 8º ano),Fase 3 (7° e 8° ano),,8.5,6.7,,5.0,10.0,,4.9,4.4,,12.0,12.0,,9.1,7.3,,6.709,6.443616667,,False,Escola Pública,Pública,,7.1875,,5.6,2.52,,7.056,7.2975,,,4.3,,3.8,4.3,,6.0,4.7,,Ágata,Ágata,,False,3.0,4.0,,Requer avaliação,,U,3K,
RA-479,Aluno-479,Masculino,2020,5.0,40.0,1.0,-1.0,0.0,,Destaque: As suas boas notas na Passos Mágicos.,Destaque: A sua boa entrega das lições de casa.,Destaque: A sua boa integração aos Princípios Passos Mágicos.,,1,FASE 2,,Fase 2 (5º e 6º ano),Fase 2 (5° e 6° ano),,8.0,9.0,,5.0,10.0,,9.8,9.7,,10.0,,,9.2,10.0,,8.465,8.988866667,,False,Rede Decisão,Privada - Programa de Apadrinhamento,,9.791666667,,7.5,2.52,,9.5,9.6375,,,,,10.0,9.3,,9.7,10.0,,Topázio,Topázio,,True,3.0,3.0,,Sem limitações,,A,2A,
RA-479,Aluno-479,Masculino,2021,,,,,,1.0,,,,Colégio Arco Íris Evolução,,,3C,,,Fase 2 (5° e 6° ano),,,9.168,,,10.0,,,9.666666666666666,,,12.0,,,9.866666666666667,,,8.901966666666668,,,,Privada - Programa de Apadrinhamento,,9.375,,,2.51,,,9.45,,,10.0,,,10.0,,,9.0,,,Topázio,,,,3.0,,Cursando,,,3C
RA-48,Aluno-48,Feminino,2017,10.0,140.0,1.0,0.0,0.0,,Destaque: As suas boas notas na Passos Mágicos.,Destaque: A sua boa entrega das lições de casa.,Destaque: A sua boa integração aos Princípios Passos Mágicos.,,5,FASE 6,,Fase 5 (1º EM),Fase 6 (2° EM),,6.7,6.7,,10.0,10.0,,8.1,7.7,,15.0,16.0,,8.4,8.4,,8.006,7.797058333,,False,Rede Decisão,Privada - Programa de Apadrinhamento,,7.65625,,7.5,6.26,,8.5,7.6275,,9.5,9.0,,6.7,8.3,,8.0,5.7,,Ametista,Ametista,,True,3.0,4.0,,Sem limitações,,A,6A,
RA-48,Aluno-48,Feminino,2021,,,,,,0.0,,,,Colégio Arco Íris Evolução,,,7A,,,Fase 7 (3° EM),,,7.917,,,10.0,,,7.5,,,17.0,,,8.339076859,,,8.402390371800001,,,,Privada - Programa de Apadrinhamento,,8.59375,,,9.375,,,8.23,,,10.0,,,6.5,,,6.0,,,Topázio,,,,3.0,,Cursando,,,7A
RA-480,Aluno-480,Feminino,2021,81.0,309.0,6.0,-1.0,-1.0,0.0,Melhorar: Empenhar-se mais nas aulas e avaliações.,Destaque: A sua boa entrega das lições de casa.,Destaque: A sua boa integração aos Princípios Passos Mágicos.,EE Alexandre Rodrigues Nogueira,1,FASE 1,2C,Fase 2 (5º e 6º ano),Fase 2 (5° e 6° ano),Fase 2 (5° e 6° ano),9.0,10.0,6.25,5.0,5.0,10.0,6.3,7.9,5.0,10.0,11.0,12.0,8.8,9.7,8.0714285715,7.502,8.226408333,7.260202380900001,True,Escola Pública,Pública,Pública,7.96875,7.8125,7.5,7.52,7.51,8.444,8.336666667,7.443333333,,,,6.8,7.2,2.5,5.7,8.5,7.5,Ametista,Topázio,Ametista,True,3.0,3.0,3.0,Não atendido,Cursando,A,1B,2C
RA-481,Aluno-481,Masculino,2021,109.0,424.0,9.0,0.0,,,Melhorar: Empenhar-se mais nas aulas e avaliações.,Destaque: A sua boa entrega das lições de casa.,Melhorar: Integrar-se mais aos Princípios Passos Mágicos.,,1,,,Fase 1 (4º ano),,,9.0,,,10.0,,,5.2,,,9.0,,,8.0,,,7.21,,,False,Escola Pública,,,,,7.5,,,6.889,,,,,,5.7,,,4.7,,,Ametista,,,False,3.0,,,Não atendido,,A,,
RA-482,Aluno-482,Masculino,2021,134.0,532.0,10.0,-1.0,,,Melhorar: Empenhar-se mais nas aulas e avaliações.,Destaque: A sua boa entrega das lições de casa.,Melhorar: Integrar-se mais aos Princípios Passos Mágicos.,,1,,,Fase 2 (5º e 6º ano),,,10.0,,,5.0,,,5.5,,,11.0,,,7.9,,,6.866,,,False,Escola Pública,,,,,7.5,,,6.833,,,,,,4.3,,,6.7,,,Ágata,,,False,3.0,,,Não atendido,,A,,
RA-483,Aluno-483,Feminino,2019,185.0,805.0,13.0,-1.0,-2.0,,Melhorar: Empenhar-se mais nas aulas e avaliações.,Melhorar: Melhorar a sua entrega de lições de casa.,Melhorar: Integrar-se mais aos Princípios Passos Mágicos.,,1,FASE 1,,Fase 2 (5º e 6º ano),Fase 3 (7° e 8° ano),,9.0,9.0,,5.0,5.0,,2.4,5.6,,11.0,12.0,,4.8,6.0,,5.263,6.3972,,False,Escola Pública,Pública,,7.916666667,,5.0,2.52,,6.833,8.166666667,,,,,2.0,5.0,,2.8,6.2,,Quartzo,Ágata,,False,3.0,3.0,,Requer avaliação,,A,1H,
RA-483,Aluno-483,Feminino,2021,,,,,,-1.0,,,,EE Mario Francisco de Amorim,,,2B,,,Fase 3 (7° e 8° ano),,,8.502,,,5.0,,,5.25,,,13.0,,,5.6428571430000005,,,6.578604762,,,,Pública,,8.125,,,6.26,,,8.056666667,,,,,,2.0,,,8.5,,,Ágata,,,,3.0,,Cursando,,,2B
RA-484,Aluno-484,Masculino,2022,144.0,587.0,11.0,-1.0,-1.0,0.0,Melhorar: Empenhar-se mais nas aulas e avaliações.,Destaque: A sua boa entrega das lições de casa.,Melhorar: Integrar-se mais aos Princípios Passos Mágicos.,EE Leonice de Aquino Oliveira,1,FASE 2,3A,Fase 2 (5º e 6º ano),Fase 3 (7° e 8° ano),Fase 3 (7° e 8° ano),9.5,6.4,8.334,5.0,5.0,10.0,6.5,3.6,0.0,11.0,12.0,13.0,8.7,7.5,3.9141382866666667,6.71,5.515466667,3.8354776573333336,False,Escola Pública,Pública,Pública,5.416666667,3.4375,5.0,2.52,2.51,6.389,6.8,3.1225,,,0.0,8.0,3.2,0.0,5.0,4.0,0.0,Ágata,Quartzo,Quartzo,False,3.0,3.0,4.0,Requer avaliação,Cursando,A,2B,3A
RA-485,Aluno-485,Masculino,2020,191.0,837.0,14.0,-1.0,,,Melhorar: Empenhar-se mais nas aulas e avaliações.,Melhorar: Melhorar a sua entrega de lições de casa.,Melhorar: Integrar-se mais aos Princípios Passos Mágicos.,,1,,,Fase 2 (5º e 6º ano),,,9.5,,,5.0,,,1.2,,,10.0,,,4.0,,,4.742,,,False,Escola Pública,,,,,7.5,,,5.444,,,,,,1.0,,,1.3,,,Quartzo,,,False,3.0,,,Não atendido,,A,,
RA-486,Aluno-486,Feminino,2020,68.0,264.0,4.0,-1.0,0.0,,Melhorar: Empenhar-se mais nas aulas e avaliações.,Destaque: A sua boa entrega das lições de casa.,Melhorar: Integrar-se mais aos Princípios Passos Mágicos.,,1,FASE 2,,Fase 2 (5º e 6º ano),Fase 2 (5° e 6° ano),,10.0,8.4,,5.0,10.0,,7.3,6.2,,10.0,11.0,,9.9,6.4,,7.621,7.1043,,False,Escola Pública,Privada,,7.5,,7.5,2.52,,7.222,8.7525,,,,,6.7,3.3,,7.8,9.0,,Ametista,Ametista,,False,3.0,3.0,,Não atendido,,A,2A,
RA-487,Aluno-487,Feminino,2019,6.0,45.0,2.0,-1.0,0.0,,Destaque: As suas boas notas na Passos Mágicos.,Destaque: A sua boa entrega das lições de casa.,Destaque: A sua boa integração aos Princípios Passos Mágicos.,,1,FASE 2,,Fase 2 (5º e 6º ano),Fase 2 (5° e 6° ano),,7.5,8.5,,5.0,10.0,,9.6,9.5,,10.0,11.0,,9.7,9.9,,8.417,8.988866667,,False,Rede Decisão,Privada - Programa de Apadrinhamento,,9.166666667,,7.5,5.0,,9.333,9.26,,,,,9.7,9.2,,9.5,9.7,,Topázio,Topázio,,True,3.0,3.0,,Não atendido,,A,2A,
RA-487,Aluno-487,Feminino,2021,,,,,,0.0,,,,Colégio Arco Íris Evolução,,,3A,,,Fase 3 (7° e 8° ano),,,9.168,,,10.0,,,9.666666666666666,,,12.0,,,9.441269841333334,,,9.4171373016,,,,Privada - Programa de Apadrinhamento,,9.0625,,,9.38,,,9.1725,,,10.0,,,10.0,,,9.0,,,Topázio,,,,4.0,,Cursando,,,3A
RA-488,Aluno-488,Feminino,2022,92.0,351.0,8.0,-1.0,,,Melhorar: Empenhar-se mais nas aulas e avaliações.,Destaque: A sua boa entrega das lições de casa.,Destaque: A sua boa integração aos Princípios Passos Mágicos.,,1,,,Fase 2 (5º e 6º ano),,,8.5,,,5.0,,,7.3,,,10.0,,,8.8,,,7.413,,,False,Escola Pública,,,,,7.5,,,7.722,,,,,,6.0,,,8.5,,,Ametista,,,False,3.0,,,Não atendido,,A,,
RA-489,Aluno-489,Feminino,2022,176.0,743.0,12.0,0.0,,,Melhorar: Empenhar-se mais nas aulas e avaliações.,Melhorar: Melhorar a sua entrega de lições de casa.,Melhorar: Integrar-se mais aos Princípios Passos Mágicos.,,1,,,Fase 1 (4º ano),,,9.0,,,10.0,,,0.0,,,9.0,,,7.2,,,5.853,,,False,Escola Pública,,,,,7.5,,,6.5,,,,,,0.0,,,0.0,,,Quartzo,,,False,3.0,,,Não atendido,,A,,
RA-49,Aluno-49,Feminino,2022,42.0,687.0,6.0,-2.0,0.0,0.0,Melhorar: Empenhar-se mais nas aulas e avaliações.,Melhorar: Melhorar a sua entrega de lições de casa.,Melhorar: Integrar-se mais aos Princípios Passos Mágicos.,Faculdade FIAP,5,FASE 8,8E,Fase 7 (3º EM),Fase 8 (Universitários),Fase 8 (Universitários),7.5,,,5.0,10.0,10.0,3.9,,,17.0,18.0,19.0,7.4,,0.0,6.304,,,False,Escola Pública,Privada *Parcerias com Bolsa 100%,Privada - Pagamento por *Empresa Parceira,,,7.5,,,7.042,,,6.2,,,1.5,,,4.2,,,Ágata,,,False,3.0,,0.0,Sem limitações,Cursando,A,8E,8E
RA-490,Aluno-490,Feminino,2022,77.0,283.0,5.0,-1.0,0.0,1.0,Destaque: As suas boas notas na Passos Mágicos.,Destaque: A sua boa entrega das lições de casa.,Destaque: A sua boa integração aos Princípios Passos Mágicos.,Rede Decisão - Unidade União,1,FASE 2,3A,Fase 2 (5º e 6º ano),Fase 2 (5° e 6° ano),Fase 2 (5° e 6° ano),7.9,7.9,9.168,5.0,10.0,10.0,7.7,5.8,6.166666666666667,10.0,,12.0,8.2,7.9,5.5110047846666665,7.576,7.429466667,7.368084290266667,False,Escola Pública,Privada,Privada,8.541666667,7.8125,7.5,2.52,8.755,8.722,9.0075,7.295,,,7.0,6.0,2.8,5.5,9.3,8.7,6.0,Ametista,Ametista,Ametista,True,3.0,3.0,4.0,Não atendido,Cursando,A,2A,3A
RA-491,Aluno-491,Masculino,2022,86.0,329.0,7.0,-1.0,0.0,-1.0,Melhorar: Empenhar-se mais nas aulas e avaliações.,Destaque: A sua boa entrega das lições de casa.,Destaque: A sua boa integração aos Princípios Passos Mágicos.,EE Mario Francisco de Amorim,1,FASE 2,2B,Fase 2 (5º e 6º ano),Fase 2 (5° e 6° ano),Fase 3 (7° e 8° ano),7.5,9.5,7.502,5.0,10.0,5.0,7.0,5.0,5.25,11.0,,12.0,9.7,9.6,9.011904762,7.461,7.560533333,6.995247619100001,False,Escola Pública,Pública,Pública,7.708333333,7.083333333,7.5,2.52,7.51,7.722,8.3375,7.166666667,,,,6.0,3.3,1.5,8.0,6.7,9.0,Ametista,Ametista,Ágata,False,3.0,3.0,3.0,Não atendido,Cursando,A,2A,2B
RA-492,Aluno-492,Feminino,2022,63.0,242.0,3.0,-1.0,,,Melhorar: Empenhar-se mais nas aulas e avaliações.,Destaque: A sua boa entrega das lições de casa.,Destaque: A sua boa integração aos Princípios Passos Mágicos.,,1,,,Fase 2 (5º e 6º ano),,,10.0,,,5.0,,,7.1,,,11.0,,,8.8,,,7.678,,,False,Escola Pública,,,,,7.5,,,8.278,,,,,,8.2,,,6.0,,,Ametista,,,False,3.0,,,Não atendido,,A,,
RA-493,Aluno-493,Feminino,2020,12.0,61.0,1.0,0.0,0.0,,Melhorar: Empenhar-se mais nas aulas e avaliações.,Destaque: A sua boa entrega das lições de casa.,Destaque: A sua boa integração aos Princípios Passos Mágicos.,,1,FASE 2,,Fase 1 (4º ano),Fase 2 (5° e 6° ano),,10.0,9.5,,10.0,10.0,,7.2,6.0,,9.0,10.0,,9.4,9.6,,8.306,7.934366667,,False,Escola Pública,Pública,,8.541666667,,7.5,2.52,,8.278,8.84,,,,,7.3,4.7,,7.0,7.2,,Topázio,Ametista,,False,3.0,3.0,,Sem limitações,,B,2A,
RA-493,Aluno-493,Feminino,2021,,,,,,1.0,,,,EE Mario Francisco de Amorim,,,3B,,,Fase 2 (5° e 6° ano),,,10.002,,,10.0,,,3.1666666666666665,,,11.0,,,8.933333333333334,,,7.4643250000000005,,,,Pública,,7.03125,,,10.0,,,6.705,,,2.5,,,3.0,,,4.0,,,Ametista,,,,4.0,,Cursando,,,3B
RA-494,Aluno-494,Feminino,2022,159.0,661.0,13.0,-1.0,-1.0,0.0,Melhorar: Empenhar-se mais nas aulas e avaliações.,Destaque: A sua boa entrega das lições de casa.,Melhorar: Integrar-se mais aos Princípios Passos Mágicos.,Rede Decisão - Unidade União,1,FASE 2,3A,Fase 2 (5º e 6º ano),Fase 3 (7° e 8° ano),Fase 3 (7° e 8° ano),6.4,6.9,7.5,5.0,5.0,10.0,5.8,6.8,6.333333333333333,11.0,12.0,13.0,8.3,9.0,7.329323308333333,6.407,7.116633333,7.922281328333334,False,Escola Pública,Privada,Privada,7.708333333,7.8125,5.0,2.52,8.755,6.944,8.71,8.915,,,7.5,6.3,6.3,6.0,5.2,7.3,5.5,Ágata,Ametista,Ametista,False,3.0,3.0,4.0,Requer avaliação,Cursando,B,2A,3A
RA-495,Aluno-495,Masculino,2022,42.0,184.0,6.0,-1.0,-1.0,,Destaque: As suas boas notas na Passos Mágicos.,Destaque: A sua boa entrega das lições de casa.,Destaque: A sua boa integração aos Princípios Passos Mágicos.,,1,FASE 2,,Fase 2 (5º e 6º ano),Fase 3 (7° e 8° ano),,9.0,9.0,,5.0,5.0,,8.4,7.4,,11.0,,,8.9,8.4,,7.857,7.417366667,,False,Escola Pública,Privada,,8.541666667,,7.5,2.52,,8.056,8.755,,,,,8.0,6.0,,8.8,8.8,,Ametista,Ametista,,False,3.0,3.0,,Sem limitações,,B,2B,
RA-496,Aluno-496,Masculino,2018,145.0,595.0,12.0,-1.0,-1.0,,Melhorar: Empenhar-se mais nas aulas e avaliações.,Melhorar: Melhorar a sua entrega de lições de casa.,Destaque: A sua boa integração aos Princípios Passos Mágicos.,,1,FASE 2,,Fase 2 (5º e 6º ano),Fase 3 (7° e 8° ano),,8.5,0.0,,5.0,5.0,,5.7,8.3,,11.0,,,6.8,7.1,,6.683,6.603666667,,False,Escola Pública,Privada,,7.916666667,,7.5,5.0,,7.556,8.71,,,,,5.8,7.5,,5.5,9.0,,Ágata,Ágata,,False,3.0,3.0,,Requer avaliação,,B,2A,
RA-496,Aluno-496,Masculino,2021,,,,,,0.0,,,,Recanto Betânia Centro Educacional,,,3A,,,Fase 3 (7° e 8° ano),,,10.002,,,10.0,,,5.666666666666667,,,13.0,,,5.315995871999999,,,6.726607507733334,,,,Privada,,6.71875,,,6.255,,,6.1625,,,7.5,,,5.0,,,4.5,,,Ágata,,,,4.0,,Cursando,,,3A
RA-497,Aluno-497,Feminino,2016,163.0,678.0,14.0,-2.0,-2.0,,Melhorar: Empenhar-se mais nas aulas e avaliações.,Destaque: A sua boa entrega das lições de casa.,Melhorar: Integrar-se mais aos Princípios Passos Mágicos.,,1,FASE 2,,Fase 3 (7º e 8º ano),Fase 4 (9° ano),,6.9,5.3,,5.0,5.0,,5.1,3.5,,13.0,,,9.2,8.7,,6.323,5.7191,,False,Rede Decisão,Privada - Programa de apadrinhamento,,6.25,,5.0,2.52,,5.833,6.885,,,,,4.2,1.7,,6.0,5.3,,Ágata,Quartzo,,False,3.0,3.0,,Não indicado,,B,2A,
RA-497,Aluno-497,Feminino,2021,,,,,,-1.0,,,,EE Mario Francisco de Amorim,,,2B,,,Fase 3 (7° e 8° ano),,,7.502,,,5.0,,,1.0,,,15.0,,,6.095238095,,,4.4960809524,,,,Privada - Programa de apadrinhamento,,5.625,,,5.63,,,3.506666667,,,,,,0.0,,,2.0,,,Quartzo,,,,3.0,,Cursando,,,2B
RA-498,Aluno-498,Feminino,2018,61.0,234.0,9.0,-1.0,,,Destaque: As suas boas notas na Passos Mágicos.,Destaque: A sua boa entrega das lições de casa.,Destaque: A sua boa integração aos Princípios Passos Mágicos.,,1,,,Fase 2 (5º e 6º ano),,,8.5,,,5.0,,,8.8,,,11.0,,,8.8,,,7.7,,,False,Escola Pública,,,,,7.5,,,7.556,,,,,,8.0,,,9.5,,,Ametista,,,False,3.0,,,Sem limitações,,B,,
RA-499,Aluno-499,Masculino,2020,46.0,196.0,7.0,-1.0,0.0,,Destaque: As suas boas notas na Passos Mágicos.,Destaque: A sua boa entrega das lições de casa.,Melhorar: Integrar-se mais aos Princípios Passos Mágicos.,,1,FASE 2,,Fase 2 (5º e 6º ano),Fase 2 (5° e 6° ano),,8.5,7.9,,5.0,10.0,,8.2,6.6,,10.0,11.0,,10.0,10.0,,7.826,7.8883,,False,Escola Pública,Pública,,8.75,,7.5,2.52,,7.444,8.2975,,,,,8.2,5.3,,8.2,7.8,,Ametista,Ametista,,False,3.0,3.0,,Sem limitações,,B,2C,
RA-499,Aluno-499,Masculino,2021,,,,,,0.0,,,,EE Leonice de Aquino Oliveira,,,2C,,,Fase 2 (5° e 6° ano),,,8.502,,,10.0,,,4.75,,,12.0,,,9.0476190475,,,7.5794738095000005,,,,Pública,,7.1875,,,7.51,,,7.5,,,,,,2.0,,,7.5,,,Ametista,,,,3.0,,Cursando,,,2C
RA-5,Aluno-5,Feminino,2016,6.0,344.0,2.0,0.0,0.0,,Melhorar: Empenhar-se mais nas aulas e avaliações.,Destaque: A sua boa entrega das lições de casa.,Melhorar: Integrar-se mais aos Princípios Passos Mágicos.,,7,FASE 8,,Fase 7 (3º EM),Fase 8 (Universitários),,7.9,,,10.0,10.0,,5.2,,,17.0,,,8.6,,,7.427,,,False,Rede Decisão,Privada *Parcerias com Bolsa 100%,,,,5.6,,,7.389,,,5.7,,,7.0,,,2.9,,,Ametista,,,False,4.0,,,Requer avaliação,,A,8E,
RA-50,Aluno-50,Feminino,2022,28.0,445.0,4.0,-3.0,,,Destaque: As suas boas notas na Passos Mágicos.,Destaque: A sua boa entrega das lições de casa.,Destaque: A sua boa integração aos Princípios Passos Mágicos.,,5,,,Fase 8 (Universitários),,,7.5,,,2.5,,,7.8,,,18.0,,,8.4,,,7.138,,,False,Escola Pública,,,,,7.5,,,7.542,,,9.7,,,6.5,,,7.3,,,Ametista,,,False,3.0,,,Sem limitações,,A,,
RA-500,Aluno-500,Feminino,2020,16.0,75.0,3.0,-1.0,0.0,,Destaque: As suas boas notas na Passos Mágicos.,Destaque: A sua boa entrega das lições de casa.,Destaque: A sua boa integração aos Princípios Passos Mágicos.,,1,FASE 2,,Fase 2 (5º e 6º ano),Fase 2 (5° e 6° ano),,9.0,9.5,,5.0,10.0,,9.5,7.9,,10.0,11.0,,10.0,10.0,,8.232,8.427533333,,True,Escola Pública,Pública,,8.958333333,,7.5,2.52,,7.889,8.7975,,,,,9.5,8.5,,9.5,7.2,,Topázio,Topázio,,False,3.0,3.0,,Sem limitações,,B,2C,
RA-500,Aluno-500,Feminino,2021,,,,,,0.0,,,,Colégio Arco Íris Evolução,,,3D,,,Fase 3 (7° e 8° ano),,,9.585,,,10.0,,,6.666666666666667,,,12.0,,,10.0,,,8.077708333333334,,,,Privada - Programa de Apadrinhamento,,8.59375,,,2.51,,,8.3775,,,8.0,,,6.0,,,6.0,,,Topázio,,,,4.0,,Cursando,,,3D
RA-501,Aluno-501,Masculino,2021,48.0,201.0,8.0,0.0,-1.0,0.0,Melhorar: Empenhar-se mais nas aulas e avaliações.,Destaque: A sua boa entrega das lições de casa.,Melhorar: Integrar-se mais aos Princípios Passos Mágicos.,João Friaza Colégio,1,FASE 1,2D,Fase 1 (4º ano),Fase 2 (5° e 6° ano),Fase 2 (5° e 6° ano),8.5,7.0,7.002,10.0,5.0,10.0,6.8,8.9,8.75,9.0,10.0,11.0,8.8,8.4,7.9949874685,7.794,8.1357,8.2779474937,False,Escola Pública,Pública,Privada,8.541666667,8.4375,7.5,7.52,7.51,7.333,9.396666667,8.17,,,,8.0,9.2,8.5,5.7,8.5,9.0,Ametista,Topázio,Topázio,False,3.0,3.0,3.0,Sem limitações,Cursando,B,1C,2D
RA-502,Aluno-502,Feminino,2021,13.0,62.0,2.0,1.0,0.0,0.0,Melhorar: Empenhar-se mais nas aulas e avaliações.,Destaque: A sua boa entrega das lições de casa.,Destaque: A sua boa integração aos Princípios Passos Mágicos.,Colégio Arco Íris Evolução,1,FASE 1,2D,ALFA  (2º e 3º ano),Fase 1 (3° e 4° ano),Fase 2 (5° e 6° ano),9.5,8.5,9.002,10.0,10.0,10.0,7.4,8.0,8.0,8.0,9.0,10.0,9.7,9.8,9.761904762,8.287,8.749075,8.5023309524,False,Rede Decisão,Privada - Programa de Apadrinhamento,Privada - Programa de Apadrinhamento,7.96875,9.0625,7.5,7.52,3.755,7.778,8.95,8.84,,,,6.7,6.7,6.0,8.2,9.3,10.0,Topázio,Topázio,Topázio,False,3.0,3.0,3.0,Sem limitações,Cursando,B,1B,2D
RA-503,Aluno-503,Masculino,2020,38.0,155.0,5.0,-1.0,0.0,,Destaque: As suas boas notas na Passos Mágicos.,Destaque: A sua boa entrega das lições de casa.,Destaque: A sua boa integração aos Princípios Passos Mágicos.,,1,FASE 2,,Fase 2 (5º e 6º ano),Fase 2 (5° e 6° ano),,8.5,9.5,,5.0,10.0,,8.8,8.7,,10.0,,,10.0,10.0,,7.95,8.4682,,False,Escola Pública,Pública,,8.75,,7.5,2.52,,7.5,8.255,,,,,8.7,8.7,,9.0,8.7,,Ametista,Topázio,,False,3.0,3.0,,Sem limitações,,B,2C,
RA-503,Aluno-503,Masculino,2021,,,,,,1.0,,,,EE Leonice de Aquino Oliveira,,,3D,,,Fase 2 (5° e 6° ano),,,9.585,,,10.0,,,7.666666666666667,,,12.0,,,9.824561403666666,,,8.547495614066667,,,,Pública,,7.8125,,,7.51,,,7.7925,,,9.0,,,6.0,,,8.0,,,Topázio,,,,4.0,,Cursando,,,3D
RA-504,Aluno-504,Feminino,2021,29.0,124.0,4.0,0.0,0.0,,Destaque: As suas boas notas na Passos Mágicos.,Destaque: A sua boa entrega das lições de casa.,Destaque: A sua boa integração aos Princípios Passos Mágicos.,,1,FASE 1,,Fase 1 (4º ano),Fase 1 (3° e 4° ano),,8.5,8.0,,10.0,10.0,,8.0,7.9,,9.0,9.0,,8.9,8.3,,8.072,8.299533333,,False,Escola Pública,Pública,,7.5,,7.5,7.52,,7.556,8.836666667,,,,,7.8,6.5,,8.2,9.2,,Topázio,Topázio,,False,3.0,3.0,,Sem limitações,,B,1B,
RA-505,Aluno-505,Feminino,2019,73.0,276.0,10.0,-1.0,,,Destaque: As suas boas notas na Passos Mágicos.,Destaque: A sua boa entrega das lições de casa.,Destaque: A sua boa integração aos Princípios Passos Mágicos.,,1,,,Fase 2 (5º e 6º ano),,,9.5,,,5.0,,,8.4,,,11.0,,,8.0,,,7.591,,,False,Escola Pública,,,,,7.5,,,7.556,,,,,,8.2,,,8.7,,,Ametista,,,False,3.0,,,Sem limitações,,B,,
RA-506,Aluno-506,Masculino,2020,113.0,446.0,11.0,-2.0,-1.0,,Melhorar: Empenhar-se mais nas aulas e avaliações.,Melhorar: Melhorar a sua entrega de lições de casa.,Melhorar: Integrar-se mais aos Princípios Passos Mágicos.,,1,FASE 2,,Fase 3 (7º e 8º ano),Fase 3 (7° e 8° ano),,9.5,9.5,,5.0,5.0,,7.2,8.5,,12.0,13.0,,7.3,8.1,,7.132,7.750033333,,False,Escola Pública,Pública,,8.958333333,,7.5,5.0,,7.278,7.92,,,,,8.3,7.3,,6.0,9.7,,Ametista,Ametista,,False,3.0,3.0,,Sem limitações,,B,2D,
RA-507,Aluno-507,Feminino,2021,66.0,254.0,4.0,-1.0,,,Melhorar: Empenhar-se mais nas aulas e avaliações.,Destaque: A sua boa entrega das lições de casa.,Melhorar: Integrar-se mais aos Princípios Passos Mágicos.,,1,,,Fase 2 (5º e 6º ano),,,8.5,,,5.0,,,7.4,,,11.0,,,10.0,,,7.653,,,False,Escola Pública,,,,,7.5,,,7.222,,,,,,7.3,,,7.5,,,Ametista,,,False,3.0,,,Não atendido,,C,,
RA-508,Aluno-508,Masculino,2022,155.0,636.0,10.0,-1.0,0.0,1.0,Melhorar: Empenhar-se mais nas aulas e avaliações.,Melhorar: Melhorar a sua entrega de lições de casa.,Destaque: A sua boa integração aos Princípios Passos Mágicos.,EE Alexandre Rodrigues Nogueira,1,FASE 2,3D,Fase 2 (5º e 6º ano),Fase 2 (5° e 6° ano),Fase 2 (5° e 6° ano),8.0,6.4,7.083,5.0,10.0,10.0,4.5,7.5,4.666666666666667,10.0,10.0,12.0,7.4,8.6,5.567251461999999,6.575,7.671633333,6.771708625733333,False,Escola Pública,Pública,Pública,8.333333333,7.65625,7.5,2.52,7.51,7.556,8.6725,7.5,,,7.0,0.0,6.2,0.0,9.0,8.7,7.0,Ágata,Ametista,Ágata,False,3.0,3.0,4.0,Não atendido,Cursando,C,2B,3D
RA-509,Aluno-509,Feminino,2018,47.0,199.0,3.0,-2.0,-1.0,,Destaque: As suas boas notas na Passos Mágicos.,Destaque: A sua boa entrega das lições de casa.,Destaque: A sua boa integração aos Princípios Passos Mágicos.,,1,FASE 2,,Fase 3 (7º e 8º ano),Fase 3 (7° e 8° ano),,9.0,8.5,,5.0,5.0,,9.2,8.6,,12.0,12.0,,8.2,8.1,,7.808,7.606033333,,True,Escola Pública,Pública,,8.958333333,,7.5,2.52,,7.833,8.84,,,,,9.3,8.2,,9.0,9.0,,Ametista,Ametista,,False,3.0,3.0,,Não atendido,,C,2C,
RA-509,Aluno-509,Feminino,2021,,,,,,0.0,,,,EE Leonice de Aquino Oliveira,,,3D,,,Fase 3 (7° e 8° ano),,,9.168,,,10.0,,,6.0,,,13.0,,,6.363636363666667,,,6.918152272733334,,,,Pública,,8.28125,,,2.51,,,7.2475,,,7.5,,,6.0,,,4.5,,,Ágata,,,,4.0,,Cursando,,,3D
RA-51,Aluno-51,Feminino,2022,39.0,645.0,13.0,-2.0,,,Melhorar: Empenhar-se mais nas aulas e avaliações.,Destaque: A sua boa entrega das lições de casa.,Melhorar: Integrar-se mais aos Princípios Passos Mágicos.,,5,,,Fase 7 (3º EM),,,8.8,,,5.0,,,5.0,,,17.0,,,7.6,,,6.488,,,False,Escola Pública,,,,,7.5,,,6.5,,,6.0,,,4.5,,,4.5,,,Ágata,,,False,3.0,,,Não atendido,,B,,
RA-510,Aluno-510,Masculino,2022,98.0,379.0,6.0,-2.0,,,Melhorar: Empenhar-se mais nas aulas e avaliações.,Destaque: A sua boa entrega das lições de casa.,Melhorar: Integrar-se mais aos Princípios Passos Mágicos.,,1,,,Fase 3 (7º e 8º ano),,,8.0,,,5.0,,,7.1,,,12.0,,,9.3,,,7.336,,,False,Escola Pública,,,,,7.5,,,7.056,,,,,,5.8,,,8.3,,,Ametista,,,False,3.0,,,Não atendido,,C,,
RA-511,Aluno-511,Feminino,2022,117.0,458.0,7.0,-1.0,,,Melhorar: Empenhar-se mais nas aulas e avaliações.,Destaque: A sua boa entrega das lições de casa.,Melhorar: Integrar-se mais aos Princípios Passos Mágicos.,,1,,,Fase 2 (5º e 6º ano),,,8.0,,,5.0,,,5.3,,,10.0,,,10.0,,,7.094,,,False,Escola Pública,,,,,7.5,,,7.056,,,,,,2.0,,,8.5,,,Ametista,,,False,3.0,,,Não atendido,,C,,
RA-512,Aluno-512,Feminino,2022,97.0,374.0,5.0,-1.0,,,Melhorar: Empenhar-se mais nas aulas e avaliações.,Destaque: A sua boa entrega das lições de casa.,Destaque: A sua boa integração aos Princípios Passos Mágicos.,,1,,,Fase 2 (5º e 6º ano),,,9.0,,,5.0,,,6.2,,,10.0,,,9.3,,,7.365,,,False,Escola Pública,,,,,7.5,,,7.722,,,,,,5.3,,,7.0,,,Ametista,,,False,3.0,,,Não atendido,,C,,
RA-513,Aluno-513,Masculino,2021,17.0,77.0,2.0,0.0,0.0,1.0,Destaque: As suas boas notas na Passos Mágicos.,Destaque: A sua boa entrega das lições de casa.,Destaque: A sua boa integração aos Princípios Passos Mágicos.,Escola João Paulo II,1,FASE 2,3B,Fase 1 (4º ano),Fase 2 (5° e 6° ano),Fase 2 (5° e 6° ano),9.0,9.5,10.002,10.0,10.0,10.0,8.3,7.5,7.666666666666667,9.0,10.0,11.0,9.6,9.7,8.831746031666666,8.229,8.297866667,8.728632539666668,False,Escola Pública,Privada,Privada,8.541666667,9.0625,5.6,2.52,8.135,7.778,9.0075,8.545,,,8.5,8.2,7.2,9.0,8.5,7.8,5.5,Topázio,Topázio,Topázio,False,3.0,3.0,4.0,Requer avaliação,Cursando,C,2A,3B
RA-514,Aluno-514,Feminino,2022,123.0,476.0,8.0,0.0,-1.0,0.0,Melhorar: Empenhar-se mais nas aulas e avaliações.,Destaque: A sua boa entrega das lições de casa.,Melhorar: Integrar-se mais aos Princípios Passos Mágicos.,EE Paschoal Carlos Magno,1,FASE 1,2C,Fase 1 (4º ano),Fase 2 (5° e 6° ano),Fase 2 (5° e 6° ano),8.0,7.9,9.002,10.0,5.0,10.0,4.8,5.5,3.0,9.0,,11.0,9.7,7.5,7.595238095,7.039,5.823133333,6.219580952400001,False,Escola Pública,Pública,Pública,5.0,5.625,7.5,2.52,4.385,5.889,5.896666667,5.996666667,,,,2.0,4.2,3.0,7.5,6.8,3.0,Ametista,Quartzo,Ágata,False,3.0,3.0,3.0,Não atendido,Cursando,C,1A,2C
RA-515,Aluno-515,Masculino,2022,154.0,631.0,9.0,-2.0,,,Melhorar: Empenhar-se mais nas aulas e avaliações.,Melhorar: Melhorar a sua entrega de lições de casa.,Destaque: A sua boa integração aos Princípios Passos Mágicos.,,1,,,Fase 3 (7º e 8º ano),,,8.0,,,5.0,,,5.8,,,12.0,,,6.3,,,6.582,,,False,Escola Pública,,,,,7.5,,,7.556,,,,,,8.5,,,3.2,,,Ágata,,,False,3.0,,,Não atendido,,C,,
RA-516,Aluno-516,Masculino,2019,2.0,8.0,1.0,0.0,0.0,,Destaque: As suas boas notas na Passos Mágicos.,Destaque: A sua boa entrega das lições de casa.,Destaque: A sua boa integração aos Princípios Passos Mágicos.,,1,FASE 2,,Fase 1 (4º ano),Fase 2 (5° e 6° ano),,10.0,10.0,,10.0,10.0,,9.9,9.3,,9.0,10.0,,9.7,9.8,,8.903,8.6807,,False,Rede Decisão,Privada - Programa de Apadrinhamento,,8.75,,7.5,2.52,,8.056,8.7175,,,,,10.0,9.0,,9.8,9.5,,Topázio,Topázio,,False,3.0,3.0,,Não atendido,,C,2B,
RA-516,Aluno-516,Masculino,2021,,,,,,1.0,,,,Colégio Arco Íris Evolução,,,3C,,,Fase 2 (5° e 6° ano),,,10.002,,,10.0,,,8.833333333333334,,,11.0,,,10.0,,,8.384033333366668,,,,Privada - Programa de Apadrinhamento,,8.541666667,,,2.51,,,7.56,,,10.0,,,8.0,,,8.5,,,Topázio,,,,3.0,,Cursando,,,3C
RA-517,Aluno-517,Feminino,2017,70.0,271.0,8.0,-2.0,-1.0,,Destaque: As suas boas notas na Passos Mágicos.,Destaque: A sua boa entrega das lições de casa.,Destaque: A sua boa integração aos Princípios Passos Mágicos.,,1,FASE 2,,Fase 3 (7º e 8º ano),Fase 3 (7° e 8° ano),,6.9,4.1,,5.0,5.0,,7.7,6.6,,12.0,13.0,,9.5,9.0,,7.604,6.3104,,False,Escola Pública,Pública,,6.875,,7.5,2.52,,7.833,6.7125,,,,,7.8,4.5,,7.5,8.7,,Ametista,Ágata,,False,3.0,3.0,,Não atendido,,D,2D,
RA-517,Aluno-517,Feminino,2021,,,,,,0.0,,,,EE Paschoal Carlos Magno,,,3C,,,Fase 3 (7° e 8° ano),,,7.5,,,10.0,,,5.0,,,14.0,,,5.266499582333334,,,5.880466583166668,,,,Pública,,6.041666667,,,2.51,,,6.11,,,6.5,,,4.5,,,4.0,,,Quartzo,,,,3.0,,Cursando,,,3C
RA-518,Aluno-518,Masculino,2022,65.0,251.0,7.0,-1.0,0.0,0.0,Destaque: As suas boas notas na Passos Mágicos.,Destaque: A sua boa entrega das lições de casa.,Destaque: A sua boa integração aos Princípios Passos Mágicos.,EE Paschoal Carlos Magno,1,FASE 2,3C,Fase 2 (5º e 6º ano),Fase 2 (5° e 6° ano),Fase 3 (7° e 8° ano),9.0,8.5,8.334,5.0,10.0,10.0,7.5,6.7,4.0,10.0,11.0,12.0,9.4,8.5,6.8300751879999995,7.661,7.5762,6.3467483709,False,Escola Pública,Pública,Pública,8.125,7.083333333,7.5,5.0,2.51,7.5,6.9175,6.94,,,1.0,6.0,5.5,7.5,9.0,7.8,3.5,Ametista,Ametista,Ágata,False,3.0,3.0,3.0,Não atendido,Cursando,D,2D,3C
RA-519,Aluno-519,Masculino,2022,36.0,144.0,5.0,0.0,-1.0,,Destaque: As suas boas notas na Passos Mágicos.,Destaque: A sua boa entrega das lições de casa.,Melhorar: Integrar-se mais aos Princípios Passos Mágicos.,,1,FASE 1,,Fase 1 (4º ano),Fase 2 (5° e 6° ano),,7.4,9.0,,10.0,5.0,,7.5,7.4,,9.0,10.0,,9.6,9.9,,8.0,8.0177,,False,Escola Pública,Pública,,7.708333333,,7.5,7.52,,7.333,8.223333333,,,,,7.0,7.5,,8.0,7.2,,Ametista,Topázio,,False,3.0,3.0,,Não atendido,,D,1G,
RA-52,Aluno-52,Masculino,2018,12.0,183.0,5.0,2.0,1.0,,Melhorar: Empenhar-se mais nas aulas e avaliações.,Destaque: A sua boa entrega das lições de casa.,Destaque: A sua boa integração aos Princípios Passos Mágicos.,,5,FASE 5,,Fase 3 (7º e 8º ano),Fase 4 (9° ano),,9.6,10.0,,10.0,10.0,,6.2,6.4,,13.0,,,8.9,9.8,,7.861,7.9642,,False,Rede Decisão,Privada - Programa de Apadrinhamento,,8.125,,7.5,2.52,,7.5,8.2975,,8.8,6.7,,3.3,7.7,,6.3,4.8,,Ametista,Ametista,,False,3.0,4.0,,Não atendido,,B,5B,
RA-52,Aluno-52,Masculino,2021,,,,,,2.0,,,,FIAP School - SP,,,7E,,,Fase 5 (1° EM),,,8.751,,,10.0,,,7.216666666666666,,,15.0,,,9.437666667,,,8.144466666733333,,,,Privada *Parcerias com Bolsa 100%,,7.5,,,6.885,,,7.5,,,6.0,,,6.8,,,8.85,,,Topázio,,,,0.0,,Cursando,,,7E
RA-520,Aluno-520,Feminino,2022,125.0,478.0,10.0,-1.0,,,Melhorar: Empenhar-se mais nas aulas e avaliações.,Melhorar: Melhorar a sua entrega de lições de casa.,Melhorar: Integrar-se mais aos Princípios Passos Mágicos.,,1,,,Fase 2 (5º e 6º ano),,,10.0,,,5.0,,,6.8,,,11.0,,,6.8,,,7.035,,,False,Escola Pública,,,,,7.5,,,7.278,,,,,,5.0,,,8.5,,,Ametista,,,False,3.0,,,Não atendido,,D,,
RA-521,Aluno-521,Masculino,2022,59.0,228.0,6.0,0.0,-1.0,0.0,Melhorar: Empenhar-se mais nas aulas e avaliações.,Destaque: A sua boa entrega das lições de casa.,Destaque: A sua boa integração aos Princípios Passos Mágicos.,Colégio Nogueira e Sonho de Criança,1,FASE 1,2A,Fase 1 (4º ano),Fase 2 (5° e 6° ano),Fase 2 (5° e 6° ano),9.0,0.0,8.002,10.0,5.0,10.0,6.0,7.9,6.25,9.0,,11.0,10.0,9.9,9.0357142855,7.725,6.768666667,7.4798428571999995,False,Escola Pública,Pública,Privada,7.083333333,6.666666667,5.0,3.77,5.005,7.5,8.166666667,7.276666667,,,,5.0,7.0,7.0,7.0,8.7,5.5,Ametista,Ágata,Ametista,False,3.0,3.0,3.0,Requer avaliação,Cursando,D,1G,2A
RA-522,Aluno-522,Masculino,2021,11.0,60.0,1.0,0.0,-1.0,0.0,Destaque: As suas boas notas na Passos Mágicos.,Destaque: A sua boa entrega das lições de casa.,Destaque: A sua boa integração aos Princípios Passos Mágicos.,EE Joaquim Mendes Feliz,1,FASE 1,2D,Fase 1 (4º ano),Fase 2 (5° e 6° ano),Fase 2 (5° e 6° ano),9.5,7.5,8.002,10.0,5.0,10.0,7.5,8.3,9.0,9.0,,11.0,9.1,9.2,9.523809524,8.306,7.890533333,8.6777119048,False,Escola Pública,Pública,Pública,7.083333333,8.4375,7.5,7.52,7.51,8.167,8.45,7.89,,,,7.0,8.3,9.5,8.0,8.2,8.5,Topázio,Ametista,Topázio,False,3.0,3.0,3.0,Não atendido,Cursando,D,1C,2D
RA-523,Aluno-523,Feminino,2022,74.0,278.0,9.0,-1.0,,,Melhorar: Empenhar-se mais nas aulas e avaliações.,Destaque: A sua boa entrega das lições de casa.,Destaque: A sua boa integração aos Princípios Passos Mágicos.,,1,,,Fase 2 (5º e 6º ano),,,10.0,,,5.0,,,6.5,,,11.0,,,9.5,,,7.591,,,False,Escola Pública,,,,,7.5,,,7.556,,,,,,5.0,,,8.0,,,Ametista,,,False,3.0,,,Não atendido,,D,,
RA-524,Aluno-524,Masculino,2019,132.0,507.0,11.0,-1.0,-1.0,,Destaque: As suas boas notas na Passos Mágicos.,Destaque: A sua boa entrega das lições de casa.,Destaque: A sua boa integração aos Princípios Passos Mágicos.,,1,FASE 2,,Fase 2 (5º e 6º ano),Fase 3 (7° e 8° ano),,0.0,6.4,,5.0,5.0,,9.1,8.9,,11.0,,,9.4,9.2,,6.947,7.331133333,,True,Escola Pública,Pública,,8.333333333,,5.0,2.52,,8.056,7.42,,,,,9.0,9.0,,9.2,8.8,,Ágata,Ametista,,False,3.0,3.0,,Requer avaliação,,D,2D,
RA-524,Aluno-524,Masculino,2021,,,,,,0.0,,,,EE Paschoal Carlos Magno,,,3C,,,Fase 3 (7° e 8° ano),,,7.083,,,10.0,,,8.666666666666666,,,13.0,,,5.111779448666667,,,7.026322556366667,,,,Pública,,8.333333333,,,2.51,,,7.39,,,10.0,,,8.5,,,7.5,,,Ametista,,,,3.0,,Cursando,,,3C
RA-525,Aluno-525,Feminino,2021,35.0,138.0,4.0,-1.0,-1.0,,Destaque: As suas boas notas na Passos Mágicos.,Destaque: A sua boa entrega das lições de casa.,Destaque: A sua boa integração aos Princípios Passos Mágicos.,,1,FASE 2,,Fase 2 (5º e 6º ano),Fase 3 (7° e 8° ano),,9.0,8.0,,5.0,5.0,,8.6,9.2,,11.0,,,9.3,8.6,,8.013,7.911366667,,False,Escola Pública,Pública,,8.958333333,,7.5,2.52,,8.167,9.566666667,,,,,8.3,8.8,,8.8,9.5,,Ametista,Ametista,,False,3.0,3.0,,Não atendido,,D,2I,
RA-526,Aluno-526,Masculino,2022,28.0,123.0,2.0,-2.0,-1.0,-1.0,Destaque: As suas boas notas na Passos Mágicos.,Destaque: A sua boa entrega das lições de casa.,Destaque: A sua boa integração aos Princípios Passos Mágicos.,EE Paschoal Carlos Magno,1,FASE 2,3C,Fase 3 (7º e 8º ano),Fase 3 (7° e 8° ano),Fase 4 (9° ano),10.0,9.5,9.585,5.0,5.0,5.0,8.0,8.8,7.333333333333333,12.0,,14.0,9.9,9.8,9.382456140333334,8.079,8.0957,7.843157894833334,False,Escola Pública,Pública,Pública,8.75,7.291666667,7.5,5.0,8.13,8.167,7.7525,7.496666667,,,10.0,7.7,8.3,8.5,8.3,9.3,3.5,Topázio,Topázio,Ametista,False,3.0,3.0,3.0,Não atendido,Cursando,D,2D,3C
RA-527,Aluno-527,Feminino,2022,33.0,135.0,3.0,0.0,-1.0,0.0,Melhorar: Empenhar-se mais nas aulas e avaliações.,Destaque: A sua boa entrega das lições de casa.,Destaque: A sua boa integração aos Princípios Passos Mágicos.,EE Joaquim Mendes Feliz,1,FASE 1,2D,Fase 1 (4º ano),Fase 2 (5° e 6° ano),Fase 2 (5° e 6° ano),8.5,9.0,9.002,10.0,5.0,10.0,6.5,6.5,6.0,9.0,,11.0,10.0,9.1,10.0,8.025,7.5682,8.1403666666,False,Escola Pública,Pública,Pública,7.5,8.125,7.5,7.52,7.51,7.5,7.78,7.383333333,,,,5.0,5.7,6.5,8.0,7.2,5.5,Ametista,Ametista,Topázio,False,3.0,3.0,3.0,Não atendido,Cursando,D,1C,2D
RA-528,Aluno-528,Masculino,2021,183.0,798.0,13.0,-1.0,-1.0,0.0,Melhorar: Empenhar-se mais nas aulas e avaliações.,Melhorar: Melhorar a sua entrega de lições de casa.,Melhorar: Integrar-se mais aos Princípios Passos Mágicos.,EE Joaquim Mendes Feliz,1,FASE 2,3C,Fase 2 (5º e 6º ano),Fase 3 (7° e 8° ano),Fase 3 (7° e 8° ano),0.0,9.0,9.168,5.0,5.0,10.0,4.0,8.2,6.666666666666667,11.0,,13.0,6.2,8.5,5.793483709333334,5.335,7.6892,7.276330075300001,False,Escola Pública,Pública,Pública,8.75,7.291666667,7.5,5.0,7.51,6.944,7.92,6.936666667,,,7.0,5.3,7.5,8.5,2.7,8.8,4.5,Quartzo,Ametista,Ametista,False,3.0,3.0,3.0,Não atendido,Cursando,D,2D,3C
RA-529,Aluno-529,Masculino,2020,156.0,643.0,12.0,-2.0,-2.0,,Melhorar: Empenhar-se mais nas aulas e avaliações.,Destaque: A sua boa entrega das lições de casa.,Melhorar: Integrar-se mais aos Princípios Passos Mágicos.,,1,FASE 1,,Fase 3 (7º e 8º ano),Fase 3 (7° e 8° ano),,8.5,8.0,,5.0,5.0,,5.2,6.8,,12.0,,,8.9,9.6,,6.51,7.278991667,,False,Escola Pública,Pública,,5.78125,,5.0,7.52,,6.556,6.893333333,,,,,3.3,4.8,,7.0,8.7,,Ágata,Ametista,,False,3.0,3.0,,Requer avaliação,,D,1B,
RA-529,Aluno-529,Masculino,2021,,,,,,-1.0,,,,EE Leonice de Aquino Oliveira,,,2A,,,Fase 3 (7° e 8° ano),,,7.002,,,5.0,,,4.25,,,14.0,,,6.6071428569999995,,,5.2661285715,,,,Pública,,4.791666667,,,4.38,,,4.886666667,,,,,,2.5,,,6.0,,,Quartzo,,,,3.0,,Cursando,,,2A
RA-53,Aluno-53,Masculino,2022,32.0,579.0,11.0,-2.0,-2.0,,Melhorar: Empenhar-se mais nas aulas e avaliações.,Melhorar: Melhorar a sua entrega de lições de casa.,Melhorar: Integrar-se mais aos Princípios Passos Mágicos.,,5,FASE 6,,Fase 7 (3º EM),Fase 8 (Universitários),,9.2,9.2,,5.0,5.0,,7.0,7.7,,17.0,18.0,,7.0,9.1,,6.725,7.600633333,,False,Escola Pública,Concluiu o 3º EM,,7.5,,7.5,5.63,,6.458,7.5875,,,9.2,,6.0,7.3,,8.0,6.5,,Ágata,Ametista,,False,3.0,4.0,,Não atendido,,B,6A,
RA-530,Aluno-530,Masculino,2019,9.0,56.0,1.0,-1.0,0.0,,Destaque: As suas boas notas na Passos Mágicos.,Destaque: A sua boa entrega das lições de casa.,Destaque: A sua boa integração aos Princípios Passos Mágicos.,,1,FASE 2,,Fase 2 (5º e 6º ano),Fase 2 (5° e 6° ano),,10.0,10.0,,5.0,10.0,,8.9,5.7,,10.0,11.0,,9.0,8.8,,8.338,7.653033333,,True,Escola Pública,Pública,,7.708333333,,7.5,5.0,,9.056,7.46,,,,,9.0,5.8,,8.8,5.5,,Topázio,Ametista,,True,3.0,3.0,,Não atendido,,E,2D,
RA-530,Aluno-530,Masculino,2021,,,,,,0.0,,,,EE Joaquim Mendes Feliz,,,3C,,,Fase 3 (7° e 8° ano),,,8.751,,,10.0,,,4.5,,,12.0,,,6.468838763666667,,,7.214534419433333,,,,Pública,,7.083333333,,,9.38,,,7.496666667,,,3.5,,,4.0,,,6.0,,,Ametista,,,,3.0,,Cursando,,,3C
RA-531,Aluno-531,Masculino,2022,31.0,132.0,2.0,-1.0,0.0,0.0,Destaque: As suas boas notas na Passos Mágicos.,Destaque: A sua boa entrega das lições de casa.,Destaque: A sua boa integração aos Princípios Passos Mágicos.,EE Leonice de Aquino Oliveira,1,FASE 2,3B,Fase 2 (5º e 6º ano),Fase 2 (5° e 6° ano),Fase 3 (7° e 8° ano),9.5,9.5,9.168,5.0,10.0,10.0,7.8,7.7,6.666666666666667,10.0,11.0,12.0,9.8,10.0,9.803921568666667,8.057,8.3252,7.9127926470666665,True,Escola Pública,Pública,Pública,8.75,7.96875,7.5,2.52,4.38,8.167,8.59,7.335,,,9.0,8.7,6.3,6.5,7.0,9.0,4.5,Ametista,Topázio,Ametista,False,3.0,3.0,4.0,Não atendido,Cursando,E,2B,3B
RA-532,Aluno-532,Feminino,2022,49.0,203.0,3.0,0.0,,,Melhorar: Empenhar-se mais nas aulas e avaliações.,Destaque: A sua boa entrega das lições de casa.,Melhorar: Integrar-se mais aos Princípios Passos Mágicos.,,1,,,Fase 1 (4º ano),,,9.5,,,10.0,,,5.5,,,9.0,,,9.7,,,7.792,,,False,Escola Pública,,,,,7.5,,,7.167,,,,,,4.0,,,7.0,,,Ametista,,,False,3.0,,,Não atendido,,E,,
RA-533,Aluno-533,Masculino,2022,130.0,499.0,5.0,-1.0,-1.0,,Melhorar: Empenhar-se mais nas aulas e avaliações.,Destaque: A sua boa entrega das lições de casa.,Melhorar: Integrar-se mais aos Princípios Passos Mágicos.,,1,FASE 1,,Fase 2 (5º e 6º ano),Fase 2 (5° e 6° ano),,8.5,9.0,,5.0,5.0,,6.0,5.8,,10.0,,,8.8,9.3,,6.962,7.434866667,,False,Escola Pública,Pública,,7.5,,5.6,7.52,,7.333,7.613333333,,,,,5.0,4.8,,7.0,6.7,,Ágata,Ametista,,False,3.0,3.0,,Requer avaliação,,E,1B,
RA-534,Aluno-534,Feminino,2021,114.0,447.0,4.0,-2.0,,,Melhorar: Empenhar-se mais nas aulas e avaliações.,Melhorar: Melhorar a sua entrega de lições de casa.,Melhorar: Integrar-se mais aos Princípios Passos Mágicos.,,1,,,Fase 3 (7º e 8º ano),,,9.0,,,5.0,,,7.1,,,12.0,,,7.4,,,7.131,,,False,Escola Pública,,,,,7.5,,,7.333,,,,,,6.5,,,7.7,,,Ametista,,,False,3.0,,,Não atendido,,E,,
RA-534,Aluno-534,Masculino,2021,,,,,-1.0,0.0,,,,EE Paschoal Carlos Magno,,FASE 2,3C,,Fase 3 (7° e 8° ano),Fase 3 (7° e 8° ano),,0.0,9.585,,5.0,10.0,,5.4,5.0,,13.0,14.0,,8.1,6.043441938333333,,5.8385,7.088855054266667,,,Pública,Pública,8.125,7.5,,2.52,7.51,,7.92,7.103333333,,,7.0,,3.7,4.0,,7.0,4.0,,Quartzo,Ametista,,,3.0,3.0,,Cursando,,2D,3C
RA-535,Aluno-535,Feminino,2019,131.0,504.0,6.0,-1.0,0.0,,Melhorar: Empenhar-se mais nas aulas e avaliações.,Destaque: A sua boa entrega das lições de casa.,Melhorar: Integrar-se mais aos Princípios Passos Mágicos.,,1,FASE 2,,Fase 2 (5º e 6º ano),Fase 2 (5° e 6° ano),,9.0,9.0,,5.0,10.0,,5.1,5.6,,10.0,,,9.2,9.4,,6.953,8.0027,,False,Escola Pública,Pública,,8.125,,7.5,5.0,,6.917,8.95,,,,,4.7,4.7,,5.5,6.5,,Ágata,Topázio,,False,2.0,3.0,,Sem limitações,,F,2G,
RA-535,Aluno-535,Feminino,2021,,,,,,0.0,,,,EE João Ortiz Rodrigues,,,3H,,,Fase 3 (7° e 8° ano),,,9.168,,,10.0,,,6.0,,,12.0,,,7.161904762,,,7.659555952400001,,,,Pública,,7.96875,,,8.135,,,7.5,,,5.5,,,7.0,,,5.5,,,Ametista,,,,5.0,,Cursando,,,3H
RA-536,Aluno-536,Feminino,2020,116.0,454.0,4.0,-1.0,0.0,,Melhorar: Empenhar-se mais nas aulas e avaliações.,Destaque: A sua boa entrega das lições de casa.,Destaque: A sua boa integração aos Princípios Passos Mágicos.,,1,FASE 2,,Fase 2 (5º e 6º ano),Fase 2 (5° e 6° ano),,9.5,8.0,,5.0,10.0,,6.0,5.9,,10.0,10.0,,8.9,9.3,,7.106,7.759533333,,False,Escola Pública,Pública,,8.333333333,,5.6,2.52,,7.75,9.17,,,,,6.3,5.0,,5.7,6.8,,Ametista,Ametista,,False,2.0,3.0,,Sem limitações,,F,2A,
RA-536,Aluno-536,Feminino,2021,,,,,,1.0,,,,EE Leonice de Aquino Oliveira,,,3B,,,Fase 2 (5° e 6° ano),,,8.334,,,10.0,,,5.5,,,11.0,,,9.109090909,,,7.7704681818,,,,Pública,,7.1875,,,8.135,,,7.415,,,5.5,,,6.5,,,4.5,,,Ametista,,,,4.0,,Cursando,,,3B
RA-537,Aluno-537,Masculino,2022,147.0,612.0,7.0,-1.0,,,Melhorar: Empenhar-se mais nas aulas e avaliações.,Destaque: A sua boa entrega das lições de casa.,Melhorar: Integrar-se mais aos Princípios Passos Mágicos.,,1,,,Fase 2 (5º e 6º ano),,,9.5,,,5.0,,,4.8,,,10.0,,,9.0,,,6.641,,,False,Escola Pública,,,,,4.4,,,7.167,,,,,,2.5,,,7.0,,,Ágata,,,False,2.0,,,Requer avaliação,,F,,
RA-538,Aluno-538,Masculino,2022,164.0,684.0,8.0,-2.0,-1.0,-1.0,Melhorar: Empenhar-se mais nas aulas e avaliações.,Melhorar: Melhorar a sua entrega de lições de casa.,Melhorar: Integrar-se mais aos Princípios Passos Mágicos.,EE Mario Francisco de Amorim,1,FASE 2,3H,Fase 3 (7º e 8º ano),Fase 3 (7° e 8° ano),Fase 4 (9° ano),8.5,7.4,8.751,5.0,5.0,5.0,6.8,4.7,6.166666666666667,13.0,13.0,14.0,7.5,8.6,7.668803418666666,6.309,6.413466667,6.514094017066666,False,Escola Pública,Pública,Pública,7.916666667,5.625,5.6,2.52,7.51,5.583,7.39,5.292,,,4.0,4.5,3.5,10.0,9.0,5.8,4.5,Ágata,Ágata,Ágata,False,2.0,3.0,5.0,Requer avaliação,Cursando,F,2G,3H
RA-539,Aluno-539,Feminino,2022,64.0,249.0,1.0,-1.0,-1.0,0.0,Destaque: As suas boas notas na Passos Mágicos.,Destaque: A sua boa entrega das lições de casa.,Destaque: A sua boa integração aos Princípios Passos Mágicos.,Colégio Arco Íris Evolução,1,FASE 2,3G,Fase 2 (5º e 6º ano),Fase 3 (7° e 8° ano),Fase 3 (7° e 8° ano),8.5,9.5,10.002,5.0,5.0,10.0,7.5,8.5,5.833333333333333,11.0,,13.0,9.3,8.6,9.233333333333333,7.665,7.796866667,8.465533333333335,False,Escola Pública,Pública,Privada - Programa de Apadrinhamento,9.166666667,8.75,6.9,2.52,7.51,8.417,8.84,9.13,,,9.0,6.8,7.2,5.0,8.2,9.7,3.5,Ametista,Ametista,Topázio,True,2.0,3.0,4.0,Sem limitações,Cursando,F,2F,3G
RA-54,Aluno-54,Feminino,2022,45.0,716.0,14.0,-1.0,,,Melhorar: Empenhar-se mais nas aulas e avaliações.,Melhorar: Melhorar a sua entrega de lições de casa.,Melhorar: Integrar-se mais aos Princípios Passos Mágicos.,,5,,,Fase 6 (2º EM),,,7.9,,,5.0,,,4.8,,,16.0,,,6.9,,,6.058,,,False,Escola Pública,,,,,7.5,,,6.125,,,,,,3.0,,,6.5,,,Ágata,,,False,3.0,,,Não atendido,,B,,
RA-540,Aluno-540,Feminino,2019,101.0,390.0,2.0,-1.0,0.0,,Melhorar: Empenhar-se mais nas aulas e avaliações.,Destaque: A sua boa entrega das lições de casa.,Destaque: A sua boa integração aos Princípios Passos Mágicos.,,1,FASE 2,,Fase 2 (5º e 6º ano),Fase 2 (5° e 6° ano),,8.5,8.5,,5.0,10.0,,7.0,7.1,,10.0,,,9.5,8.8,,7.303,8.216033333,,False,Escola Pública,Pública,,8.958333333,,5.6,5.0,,7.5,8.95,,,,,6.8,6.5,,7.2,7.7,,Ametista,Topázio,,False,2.0,3.0,,Sem limitações,,F,2F,
RA-541,Aluno-541,Masculino,2022,182.0,793.0,10.0,-3.0,,,Melhorar: Empenhar-se mais nas aulas e avaliações.,Destaque: A sua boa entrega das lições de casa.,Melhorar: Integrar-se mais aos Princípios Passos Mágicos.,,1,,,Fase 4 (9º ano),,,10.0,,,2.5,,,2.5,,,14.0,,,7.8,,,5.427,,,False,Escola Pública,,,,,6.9,,,5.0,,,,,,0.0,,,5.0,,,Quartzo,,,False,2.0,,,Sem limitações,,F,,
RA-542,Aluno-542,Feminino,2019,107.0,419.0,3.0,-1.0,-1.0,,Melhorar: Empenhar-se mais nas aulas e avaliações.,Destaque: A sua boa entrega das lições de casa.,Melhorar: Integrar-se mais aos Princípios Passos Mágicos.,,1,FASE 2,,Fase 2 (5º e 6º ano),Fase 3 (7° e 8° ano),,8.0,9.5,,5.0,5.0,,6.5,6.3,,11.0,12.0,,9.8,9.7,,7.221,7.816533333,,False,Escola Pública,Pública,,8.75,,6.3,5.0,,7.417,9.006666667,,,,,5.3,5.2,,7.7,7.3,,Ametista,Ametista,,False,2.0,3.0,,Sem limitações,,F,2H,
RA-542,Aluno-542,Feminino,2021,,,,,,0.0,,,,EE João Ortiz Rodrigues,,,3F,,,Fase 3 (7° e 8° ano),,,8.751,,,10.0,,,3.9333333333333336,,,13.0,,,6.481366459666667,,,6.7205649586,,,,Pública,,7.03125,,,8.13,,,6.232,,,5.3,,,1.5,,,5.0,,,Ágata,,,,5.0,,Cursando,,,3F
RA-543,Aluno-543,Feminino,2022,121.0,471.0,5.0,-1.0,0.0,1.0,Melhorar: Empenhar-se mais nas aulas e avaliações.,Destaque: A sua boa entrega das lições de casa.,Melhorar: Integrar-se mais aos Princípios Passos Mágicos.,EE João Ortiz Rodrigues,1,FASE 2,3F,Fase 2 (5º e 6º ano),Fase 2 (5° e 6° ano),Fase 2 (5° e 6° ano),8.5,7.8,8.751,5.0,10.0,10.0,6.5,6.5,6.833333333333333,10.0,11.0,12.0,9.8,9.8,9.616977225666666,7.05,7.971833333,8.0467871118,False,Escola Pública,Pública,Pública,8.75,8.90625,4.4,2.52,2.51,7.167,9.006666667,8.7,,,7.0,5.0,5.5,7.0,8.0,7.5,6.5,Ametista,Ametista,Topázio,False,2.0,3.0,5.0,Sem limitações,Cursando,F,2H,3F
RA-544,Aluno-544,Masculino,2022,165.0,686.0,9.0,-1.0,,,Melhorar: Empenhar-se mais nas aulas e avaliações.,Destaque: A sua boa entrega das lições de casa.,Melhorar: Integrar-se mais aos Princípios Passos Mágicos.,,1,,,Fase 2 (5º e 6º ano),,,9.5,,,5.0,,,3.3,,,10.0,,,9.7,,,6.307,,,False,Escola Pública,,,,,5.6,,,6.0,,,,,,1.0,,,5.5,,,Ágata,,,False,2.0,,,Requer avaliação,,F,,
RA-545,Aluno-545,Masculino,2018,142.0,580.0,6.0,-2.0,,,Melhorar: Empenhar-se mais nas aulas e avaliações.,Melhorar: Melhorar a sua entrega de lições de casa.,Destaque: A sua boa integração aos Princípios Passos Mágicos.,,1,,,Fase 3 (7º e 8º ano),,,9.5,,,5.0,,,5.5,,,13.0,,,6.6,,,6.723,,,False,Escola Pública,,,,,7.5,,,7.5,,,,,,4.3,,,6.7,,,Ágata,,,False,2.0,,,Sem limitações,,G,,
RA-546,Aluno-546,Feminino,2021,138.0,564.0,5.0,-1.0,-1.0,0.0,Melhorar: Empenhar-se mais nas aulas e avaliações.,Destaque: A sua boa entrega das lições de casa.,Destaque: A sua boa integração aos Princípios Passos Mágicos.,EE Alexandre Rodrigues Nogueira,1,FASE 2,3B,Fase 2 (5º e 6º ano),Fase 3 (7° e 8° ano),Fase 3 (7° e 8° ano),9.0,0.0,5.832,5.0,5.0,10.0,5.6,5.7,4.666666666666667,11.0,,13.0,7.9,7.2,3.7838383836666662,6.77,6.031666667,5.702426010066667,False,Escola Pública,Pública,Pública,8.75,5.15625,5.0,2.52,8.135,7.917,9.173333333,5.5,,,10.0,3.3,3.5,0.0,7.8,7.8,4.0,Ágata,Ágata,Quartzo,False,2.0,3.0,4.0,Não indicado,Cursando,G,2H,3B
RA-547,Aluno-547,Feminino,2019,56.0,218.0,1.0,-1.0,-1.0,,Destaque: As suas boas notas na Passos Mágicos.,Destaque: A sua boa entrega das lições de casa.,Destaque: A sua boa integração aos Princípios Passos Mágicos.,,1,FASE 2,,Fase 2 (5º e 6º ano),Fase 3 (7° e 8° ano),,9.5,0.0,,5.0,5.0,,7.6,6.2,,11.0,12.0,,9.7,9.1,,7.745,6.467,,False,Escola Pública,Pública,,8.75,,5.0,2.52,,8.833,8.95,,,,,7.3,5.0,,7.8,7.3,,Ametista,Ágata,,True,2.0,3.0,,Não indicado,,G,2G,
RA-547,Aluno-547,Feminino,2021,,,,,,0.0,,,,EE João Ortiz Rodrigues,,,3H,,,Fase 3 (7° e 8° ano),,,8.751,,,10.0,,,6.833333333333333,,,13.0,,,7.030620028333334,,,7.2102906723333335,,,,Pública,,5.625,,,8.135,,,5.932,,,7.0,,,9.0,,,4.5,,,Ametista,,,,5.0,,Cursando,,,3H
RA-548,Aluno-548,Masculino,2019,104.0,396.0,2.0,-2.0,-1.0,,Melhorar: Empenhar-se mais nas aulas e avaliações.,Destaque: A sua boa entrega das lições de casa.,Destaque: A sua boa integração aos Princípios Passos Mágicos.,,1,FASE 2,,Fase 3 (7º e 8º ano),Fase 3 (7° e 8° ano),,8.0,9.0,,5.0,5.0,,7.2,7.4,,12.0,12.0,,9.1,9.1,,7.292,7.4322,,False,Escola Pública,Pública,,8.333333333,,6.9,2.52,,7.583,8.283333333,,,,,5.7,6.2,,8.7,8.5,,Ametista,Ametista,,False,2.0,3.0,,Sem limitações,,G,2G,
RA-548,Aluno-548,Masculino,2021,,,,,,0.0,,,,EE João Ortiz Rodrigues,,,3H,,,Fase 3 (7° e 8° ano),,,9.168,,,10.0,,,6.666666666666667,,,13.0,,,7.600427350666667,,,7.240168803466668,,,,Pública,,5.9375,,,7.51,,,5.626,,,6.0,,,9.0,,,5.0,,,Ametista,,,,5.0,,Cursando,,,3H
RA-549,Aluno-549,Masculino,2021,166.0,688.0,9.0,-1.0,-1.0,-1.0,Melhorar: Empenhar-se mais nas aulas e avaliações.,Destaque: A sua boa entrega das lições de casa.,Melhorar: Integrar-se mais aos Princípios Passos Mágicos.,EE Alexandre Rodrigues Nogueira,1,FASE 1,2G,Fase 2 (5º e 6º ano),Fase 2 (5° e 6° ano),Fase 3 (7° e 8° ano),10.0,9.5,10.002,5.0,5.0,5.0,4.2,6.4,5.75,10.0,,12.0,7.9,8.1,7.204968943999999,6.301,7.0297,6.5398187888,False,Escola Pública,Pública,Pública,6.875,6.40625,6.9,5.02,6.255,6.167,7.5,5.9125,,,,2.2,5.5,5.0,6.2,7.2,6.5,Ágata,Ametista,Ágata,False,2.0,3.0,4.0,Sem limitações,Cursando,G,1J,2G
RA-55,Aluno-55,Feminino,2017,38.0,634.0,12.0,-1.0,-1.0,,Melhorar: Empenhar-se mais nas aulas e avaliações.,Destaque: A sua boa entrega das lições de casa.,Melhorar: Integrar-se mais aos Princípios Passos Mágicos.,,5,FASE 6,,Fase 6 (2º EM),Fase 7 (3° EM),,7.1,7.9,,5.0,5.0,,7.5,7.1,,16.0,,,7.6,8.1,,6.576,6.898033333,,False,Escola Pública,Pública,,7.5,,5.6,3.14,,6.5,7.545,,7.9,6.0,,6.7,8.7,,7.8,6.5,,Ágata,Ágata,,False,3.0,4.0,,Requer avaliação,,B,6A,
RA-550,Aluno-550,Feminino,2022,172.0,724.0,10.0,-2.0,,,Melhorar: Empenhar-se mais nas aulas e avaliações.,Destaque: A sua boa entrega das lições de casa.,Melhorar: Integrar-se mais aos Princípios Passos Mágicos.,,1,,,Fase 3 (7º e 8º ano),,,9.0,,,5.0,,,1.9,,,12.0,,,9.0,,,6.026,,,False,Escola Pública,,,,,6.9,,,6.25,,,,,,2.0,,,1.8,,,Ágata,,,False,2.0,,,Sem limitações,,G,,
RA-551,Aluno-551,Feminino,2018,136.0,539.0,4.0,-2.0,-1.0,,Melhorar: Empenhar-se mais nas aulas e avaliações.,Melhorar: Melhorar a sua entrega de lições de casa.,Melhorar: Integrar-se mais aos Princípios Passos Mágicos.,,1,FASE 2,,Fase 3 (7º e 8º ano),Fase 3 (7° e 8° ano),,8.5,10.0,,5.0,5.0,,6.6,5.4,,12.0,,,7.3,8.6,,6.853,7.075033333,,False,Escola Pública,Pública,,8.541666667,,6.9,2.52,,7.333,8.393333333,,,,,5.0,4.5,,8.2,6.2,,Ágata,Ametista,,False,2.0,3.0,,Sem limitações,,G,2G,
RA-552,Aluno-552,Masculino,2022,149.0,617.0,7.0,-1.0,-2.0,,Melhorar: Empenhar-se mais nas aulas e avaliações.,Destaque: A sua boa entrega das lições de casa.,Melhorar: Integrar-se mais aos Princípios Passos Mágicos.,,1,FASE 1,,Fase 2 (5º e 6º ano),Fase 3 (7° e 8° ano),,9.5,0.0,,5.0,5.0,,5.5,6.4,,11.0,,,8.8,5.6,,6.625,5.248666667,,False,Escola Pública,Pública,,6.666666667,,5.0,3.14,,7.167,6.89,,,,,6.0,6.5,,5.0,6.2,,Ágata,Quartzo,,False,2.0,3.0,,Não indicado,,G,1J,
RA-553,Aluno-553,Feminino,2019,160.0,663.0,8.0,-1.0,,,Melhorar: Empenhar-se mais nas aulas e avaliações.,Melhorar: Melhorar a sua entrega de lições de casa.,Destaque: A sua boa integração aos Princípios Passos Mágicos.,,1,,,Fase 2 (5º e 6º ano),,,9.5,,,5.0,,,3.3,,,11.0,,,6.9,,,6.39,,,False,Escola Pública,,,,,6.9,,,8.167,,,,,,1.0,,,5.7,,,Ágata,,,False,2.0,,,Sem limitações,,G,,
RA-554,Aluno-554,Masculino,2017,180.0,776.0,12.0,-2.0,,,Melhorar: Empenhar-se mais nas aulas e avaliações.,Melhorar: Melhorar a sua entrega de lições de casa.,Melhorar: Integrar-se mais aos Princípios Passos Mágicos.,,1,,,Fase 3 (7º e 8º ano),,,7.9,,,5.0,,,4.0,,,12.0,,,6.0,,,5.588,,,False,Escola Pública,,,,,6.9,,,5.75,,,,,,1.7,,,6.3,,,Quartzo,,,False,2.0,,,Sem limitações,,G,,
RA-555,Aluno-555,Masculino,2019,174.0,732.0,11.0,-2.0,-1.0,,Melhorar: Empenhar-se mais nas aulas e avaliações.,Destaque: A sua boa entrega das lições de casa.,Melhorar: Integrar-se mais aos Princípios Passos Mágicos.,,1,FASE 2,,Fase 3 (7º e 8º ano),Fase 3 (7° e 8° ano),,9.5,7.4,,5.0,5.0,,4.4,3.9,,12.0,,,8.1,8.1,,5.949,5.898133333,,False,Escola Pública,Pública,,6.25,,5.0,2.52,,5.167,6.946666667,,,,,1.8,1.5,,7.0,6.2,,Quartzo,Quartzo,,False,2.0,3.0,,Não indicado,,G,2G,
RA-555,Aluno-555,Masculino,2021,,,,,,-1.0,,,,EE Leonice de Aquino Oliveira,,,3F,,,Fase 4 (9° ano),,,10.002,,,5.0,,,4.333333333333333,,,14.0,,,2.7505175983333334,,,5.111470186333333,,,,Pública,,5.0,,,6.885,,,5.03,,,4.0,,,5.0,,,4.0,,,Quartzo,,,,5.0,,Cursando,,,3F
RA-556,Aluno-556,Feminino,2018,111.0,436.0,3.0,-1.0,-1.0,,Melhorar: Empenhar-se mais nas aulas e avaliações.,Destaque: A sua boa entrega das lições de casa.,Destaque: A sua boa integração aos Princípios Passos Mágicos.,,1,FASE 2,,Fase 2 (5º e 6º ano),Fase 3 (7° e 8° ano),,9.0,8.5,,5.0,5.0,,6.4,7.2,,11.0,,,8.8,9.6,,7.181,7.7482,,False,Escola Pública,Pública,,9.166666667,,5.0,2.52,,8.25,9.396666667,,,,,4.8,6.5,,8.0,7.8,,Ametista,Ametista,,False,2.0,3.0,,Não indicado,,G,2H,
RA-556,Aluno-556,Feminino,2021,,,,,,0.0,,,,EE João Ortiz Rodrigues,,,3G,,,Fase 3 (7° e 8° ano),,,7.083,,,10.0,,,3.8333333333333335,,,13.0,,,6.171428571333333,,,5.833377380933333,,,,Pública,,6.40625,,,2.51,,,6.1625,,,5.5,,,1.5,,,4.5,,,Quartzo,,,,4.0,,Cursando,,,3G
RA-557,Aluno-557,Masculino,2019,10.0,57.0,1.0,-1.0,0.0,,Destaque: As suas boas notas na Passos Mágicos.,Destaque: A sua boa entrega das lições de casa.,Destaque: A sua boa integração aos Princípios Passos Mágicos.,,1,FASE 2,,Fase 2 (5º e 6º ano),Fase 2 (5° e 6° ano),,10.0,10.0,,5.0,10.0,,9.4,8.9,,10.0,,,8.4,8.2,,8.334,8.7717,,True,Escola Pública,Pública,,9.375,,7.5,5.0,,9.333,9.62,,,,,10.0,8.0,,8.8,9.7,,Topázio,Topázio,,True,2.0,3.0,,Sem limitações,,H,2H,
RA-557,Aluno-557,Masculino,2021,,,,,,0.0,,,,Colégio Arco Íris Evolução,,,3H,,,Fase 3 (7° e 8° ano),,,10.002,,,10.0,,,9.666666666666666,,,12.0,,,8.756265663999999,,,9.350986466133334,,,,Privada - Programa de Apadrinhamento,,10.0,,,7.51,,,9.576,,,10.0,,,10.0,,,9.0,,,Topázio,,,,5.0,,Cursando,,,3H
RA-558,Aluno-558,Masculino,2022,181.0,786.0,8.0,-3.0,-3.0,-2.0,Melhorar: Empenhar-se mais nas aulas e avaliações.,Destaque: A sua boa entrega das lições de casa.,Melhorar: Integrar-se mais aos Princípios Passos Mágicos.,EE Alexandre Rodrigues Nogueira,1,FASE 2,3F,Fase 4 (9º ano),Fase 5 (1° EM),Fase 5 (1° EM),9.0,7.8,9.168,2.5,2.5,5.0,4.3,6.0,3.0,14.0,,16.0,8.5,9.4,3.7763975156666674,5.539,6.615333333,5.048054503133334,False,Escola Pública,Pública,Pública,6.458333333,6.09375,5.0,5.0,8.13,4.5,6.78,4.268,,,2.5,0.5,5.7,2.5,8.0,6.3,4.0,Quartzo,Ágata,Quartzo,False,2.0,3.0,5.0,Não indicado,Cursando,H,2H,3F
RA-559,Aluno-559,Masculino,2021,67.0,260.0,6.0,-1.0,-1.0,0.0,Melhorar: Empenhar-se mais nas aulas e avaliações.,Destaque: A sua boa entrega das lições de casa.,Destaque: A sua boa integração aos Princípios Passos Mágicos.,EE João Ortiz Rodrigues,1,FASE 2,3F,Fase 2 (5º e 6º ano),Fase 3 (7° e 8° ano),Fase 3 (7° e 8° ano),9.5,10.0,10.002,5.0,5.0,10.0,7.1,7.4,3.1666666666666665,11.0,,13.0,9.2,9.4,5.705128205,7.634,7.947366667,6.158158974333333,False,Escola Pública,Pública,Pública,8.958333333,6.25,7.5,5.0,8.13,8.083,8.506666667,4.728,,,6.0,7.2,6.5,1.0,7.0,8.2,2.5,Ametista,Ametista,Ágata,False,2.0,3.0,5.0,Sem limitações,Cursando,H,2G,3F
RA-56,Aluno-56,Feminino,2019,7.0,46.0,1.0,0.0,0.0,,Melhorar: Empenhar-se mais nas aulas e avaliações.,Destaque: A sua boa entrega das lições de casa.,Destaque: A sua boa integração aos Princípios Passos Mágicos.,,5,FASE 6,,Fase 5 (1º EM),Fase 6 (2° EM),,10.0,9.6,,10.0,10.0,,7.0,7.8,,15.0,16.0,,10.0,9.5,,8.404,8.284333333,,False,Rede Decisão,Privada - Programa de Apadrinhamento,,8.125,,7.5,5.0,,8.25,7.8,,10.0,10.0,,4.5,7.8,,6.5,5.5,,Topázio,Topázio,,False,3.0,4.0,,Sem limitações,,B,6A,
RA-56,Aluno-56,Feminino,2021,,,,,,0.0,,,,Colégio Arco Íris Evolução,,,7A,,,Fase 7 (3° EM),,,10.002,,,10.0,,,7.666666666666667,,,17.0,,,9.265350877333333,,,9.077020175400001,,,,Privada - Programa de Apadrinhamento,,8.4375,,,10.0,,,9.233333333,,,9.0,,,8.0,,,6.0,,,Topázio,,,,3.0,,Cursando,,,7A
RA-560,Aluno-560,Masculino,2020,189.0,826.0,11.0,-1.0,-1.0,,Melhorar: Empenhar-se mais nas aulas e avaliações.,Melhorar: Melhorar a sua entrega de lições de casa.,Melhorar: Integrar-se mais aos Princípios Passos Mágicos.,,1,FASE 2,,Fase 2 (5º e 6º ano),Fase 3 (7° e 8° ano),,6.9,0.0,,5.0,5.0,,3.8,4.0,,11.0,,,7.2,8.4,,4.949,4.932,,False,Escola Pública,Pública,,5.0,,5.0,2.52,,3.75,6.0,,,,,3.2,2.3,,4.3,5.7,,Quartzo,Quartzo,,False,2.0,3.0,,Não indicado,,H,2H,
RA-561,Aluno-561,Masculino,2022,43.0,185.0,3.0,-1.0,,,Melhorar: Empenhar-se mais nas aulas e avaliações.,Destaque: A sua boa entrega das lições de casa.,Destaque: A sua boa integração aos Princípios Passos Mágicos.,,1,,,Fase 2 (5º e 6º ano),,,9.0,,,5.0,,,7.4,,,11.0,,,9.0,,,7.856,,,True,Escola Pública,,,,,7.5,,,8.833,,,,,,9.5,,,5.3,,,Ametista,,,True,2.0,,,Sem limitações,,H,,
RA-562,Aluno-562,Feminino,2021,44.0,186.0,4.0,-1.0,-1.0,0.0,Destaque: As suas boas notas na Passos Mágicos.,Destaque: A sua boa entrega das lições de casa.,Destaque: A sua boa integração aos Princípios Passos Mágicos.,EE Joaquim Mendes Feliz,1,FASE 2,3I,Fase 2 (5º e 6º ano),Fase 3 (7° e 8° ano),Fase 3 (7° e 8° ano),8.0,0.0,8.334,5.0,5.0,10.0,8.0,8.7,7.833333333333333,11.0,12.0,13.0,9.0,8.5,9.833333333333334,7.855,6.824833333,8.392733333333334,False,Escola Pública,Pública,Pública,8.541666667,7.625,7.5,2.52,8.135,8.75,8.893333333,7.25,,,8.5,8.3,7.7,7.5,7.7,9.7,7.5,Ametista,Ágata,Topázio,True,2.0,3.0,4.0,Sem limitações,Cursando,H,2I,3I
RA-563,Aluno-563,Feminino,2020,18.0,81.0,2.0,-1.0,0.0,,Destaque: As suas boas notas na Passos Mágicos.,Destaque: A sua boa entrega das lições de casa.,Destaque: A sua boa integração aos Princípios Passos Mágicos.,,1,FASE 2,,Fase 2 (5º e 6º ano),Fase 2 (5° e 6° ano),,10.0,6.4,,5.0,10.0,,8.5,6.2,,11.0,11.0,,9.2,9.7,,8.22,7.684133333,,True,Escola Pública,Pública,,8.75,,7.5,2.52,,8.833,8.726666667,,,,,9.0,6.0,,8.0,6.3,,Topázio,Ametista,,True,2.0,3.0,,Sem limitações,,H,2G,
RA-563,Aluno-563,Feminino,2021,,,,,,0.0,,,,EE João Ortiz Rodrigues,,,3H,,,Fase 3 (7° e 8° ano),,,9.168,,,10.0,,,8.333333333333334,,,12.0,,,9.461904762000001,,,8.595447619066668,,,,Pública,,8.125,,,8.135,,,7.468,,,6.0,,,10.0,,,9.0,,,Topázio,,,,5.0,,Cursando,,,3H
RA-564,Aluno-564,Masculino,2019,188.0,822.0,10.0,-2.0,,,Melhorar: Empenhar-se mais nas aulas e avaliações.,Melhorar: Melhorar a sua entrega de lições de casa.,Melhorar: Integrar-se mais aos Princípios Passos Mágicos.,,1,,,Fase 3 (7º e 8º ano),,,9.5,,,5.0,,,2.3,,,13.0,,,3.8,,,4.972,,,False,Escola Pública,,,,,5.0,,,6.833,,,,,,2.5,,,2.0,,,Quartzo,,,False,2.0,,,Não indicado,,H,,
RA-565,Aluno-565,Masculino,2022,186.0,809.0,9.0,-2.0,,,Melhorar: Empenhar-se mais nas aulas e avaliações.,Melhorar: Melhorar a sua entrega de lições de casa.,Melhorar: Integrar-se mais aos Princípios Passos Mágicos.,,1,,,Fase 3 (7º e 8º ano),,,9.0,,,5.0,,,2.9,,,13.0,,,4.1,,,5.233,,,False,Escola Pública,,,,,7.5,,,5.917,,,,,,4.0,,,1.8,,,Quartzo,,,False,2.0,,,Sem limitações,,H,,
RA-566,Aluno-566,Feminino,2022,58.0,226.0,5.0,-2.0,-1.0,,Destaque: As suas boas notas na Passos Mágicos.,Destaque: A sua boa entrega das lições de casa.,Destaque: A sua boa integração aos Princípios Passos Mágicos.,,1,FASE 2,,Fase 3 (7º e 8º ano),Fase 3 (7° e 8° ano),,9.5,9.0,,5.0,5.0,,8.5,8.4,,12.0,12.0,,8.4,8.8,,7.729,7.7227,,False,Escola Pública,Pública,,8.958333333,,7.5,2.52,,7.917,8.673333333,,,,,9.5,8.8,,7.5,8.0,,Ametista,Ametista,,False,2.0,3.0,,Sem limitações,,H,2G,
RA-567,Aluno-567,Masculino,2019,167.0,691.0,7.0,-1.0,,,Melhorar: Empenhar-se mais nas aulas e avaliações.,Melhorar: Melhorar a sua entrega de lições de casa.,Melhorar: Integrar-se mais aos Princípios Passos Mágicos.,,1,,,Fase 2 (5º e 6º ano),,,9.5,,,5.0,,,4.8,,,11.0,,,6.0,,,6.281,,,False,Escola Pública,,,,,7.5,,,6.833,,,,,,4.3,,,5.2,,,Ágata,,,False,2.0,,,Sem limitações,,H,,
RA-568,Aluno-568,Masculino,2018,100.0,385.0,8.0,-3.0,-3.0,,Destaque: As suas boas notas na Passos Mágicos.,Destaque: A sua boa entrega das lições de casa.,Destaque: A sua boa integração aos Princípios Passos Mágicos.,,1,FASE 2,,Fase 4 (9º ano),Fase 5 (1° EM),,8.0,7.0,,2.5,2.5,,8.3,7.6,,14.0,,,8.6,7.9,,7.306,6.9647,,False,Escola Pública,Pública,,8.125,,6.9,5.0,,7.944,8.01,,,,,8.0,8.5,,8.5,6.7,,Ametista,Ágata,,False,3.0,3.0,,Não atendido,,J,2I,
RA-568,Aluno-568,Masculino,2021,,,,,,-2.0,,,,EE Joaquim Mendes Feliz,,,3F,,,Fase 5 (1° EM),,,7.917,,,5.0,,,5.166666666666667,,,16.0,,,3.2619047620000003,,,5.545864285733334,,,,Pública,,6.5625,,,8.13,,,5.496,,,5.0,,,5.0,,,5.5,,,Quartzo,,,,5.0,,Cursando,,,3F
RA-569,Aluno-569,Feminino,2020,118.0,464.0,9.0,-2.0,,,Melhorar: Empenhar-se mais nas aulas e avaliações.,Destaque: A sua boa entrega das lições de casa.,Melhorar: Integrar-se mais aos Princípios Passos Mágicos.,,1,,,Fase 3 (7º e 8º ano),,,9.5,,,5.0,,,6.8,,,12.0,,,8.7,,,7.074,,,False,Escola Pública,,,,,5.0,,,7.333,,,,,,6.3,,,7.3,,,Ametista,,,False,3.0,,,Requer avaliação,,J,,
RA-57,Aluno-57,Masculino,2017,25.0,388.0,10.0,-1.0,-1.0,,Destaque: As suas boas notas na Passos Mágicos.,Destaque: A sua boa entrega das lições de casa.,Destaque: A sua boa integração aos Princípios Passos Mágicos.,,5,FASE 6,,Fase 6 (2º EM),Fase 7 (3° EM),,7.1,0.0,,5.0,5.0,,8.4,7.2,,16.0,,,8.1,8.0,,7.305,6.450875,,False,Rede Decisão,Privada - Programa de Apadrinhamento,,7.96875,,5.6,5.63,,7.875,7.755,,9.3,7.0,,9.0,7.8,,7.0,6.8,,Ametista,Ágata,,False,3.0,4.0,,Requer avaliação,,B,6A,
RA-57,Aluno-57,Masculino,2021,,,,,,0.0,,,,Colégio Arco Íris Evolução,,,7A,,,Fase 7 (3° EM),,,9.585,,,10.0,,,6.166666666666667,,,18.0,,,6.010860484333333,,,7.4193804301999995,,,,Privada - Programa de Apadrinhamento,,8.59375,,,6.88,,,7.39,,,6.0,,,6.0,,,6.5,,,Ametista,,,,3.0,,Cursando,,,7A
RA-570,Aluno-570,Feminino,2019,179.0,755.0,17.0,-1.0,-1.0,,Melhorar: Empenhar-se mais nas aulas e avaliações.,Melhorar: Melhorar a sua entrega de lições de casa.,Melhorar: Integrar-se mais aos Princípios Passos Mágicos.,,1,FASE 1,,Fase 2 (5º e 6º ano),Fase 2 (5° e 6° ano),,9.0,8.5,,5.0,5.0,,1.3,5.9,,10.0,,,7.0,7.3,,5.722,6.781033333,,False,Escola Pública,Pública,,8.125,,7.5,3.77,,6.778,8.056666667,,,,,0.7,5.7,,2.0,6.0,,Quartzo,Ágata,,False,3.0,3.0,,Não atendido,,J,1H,
RA-570,Aluno-570,Feminino,2021,,,,,,-1.0,,,,EE João Ortiz Rodrigues,,,2H,,,Fase 3 (7° e 8° ano),,,8.002,,,5.0,,,6.75,,,12.0,,,8.0020703935,,,6.8133640787,,,,Pública,,7.1875,,,5.625,,,6.4075,,,,,,6.0,,,7.5,,,Ágata,,,,4.0,,Cursando,,,2H
RA-571,Aluno-571,Feminino,2019,153.0,630.0,13.0,-1.0,-2.0,,Melhorar: Empenhar-se mais nas aulas e avaliações.,Destaque: A sua boa entrega das lições de casa.,Melhorar: Integrar-se mais aos Princípios Passos Mágicos.,,1,FASE 1,,Fase 2 (5º e 6º ano),Fase 3 (7° e 8° ano),,8.5,9.0,,5.0,5.0,,3.7,5.0,,11.0,12.0,,8.8,7.9,,6.589,6.6097,,False,Escola Pública,Privada,,7.291666667,,7.5,3.77,,6.944,7.616666667,,,,,3.3,3.8,,4.0,6.2,,Ágata,Ágata,,False,3.0,3.0,,Não atendido,,J,1J,
RA-571,Aluno-571,Feminino,2021,,,,,,-1.0,,,,EE João Ortiz Rodrigues,,,2G,,,Fase 3 (7° e 8° ano),,,7.002,,,5.0,,,5.25,,,13.0,,,8.695652174,,,6.2964554347999995,,,,Pública,,7.03125,,,4.375,,,5.8325,,,,,,5.0,,,5.5,,,Ágata,,,,4.0,,Cursando,,,2G
RA-572,Aluno-572,Masculino,2022,83.0,322.0,6.0,0.0,,,Melhorar: Empenhar-se mais nas aulas e avaliações.,Destaque: A sua boa entrega das lições de casa.,Melhorar: Integrar-se mais aos Princípios Passos Mágicos.,,1,,,Fase 1 (4º ano),,,8.5,,,10.0,,,6.8,,,9.0,,,8.0,,,7.48,,,False,Escola Pública,,,,,7.5,,,6.833,,,,,,4.5,,,9.0,,,Ametista,,,False,3.0,,,Não atendido,,J,,
RA-573,Aluno-573,Masculino,2020,15.0,70.0,2.0,-1.0,-1.0,,Destaque: As suas boas notas na Passos Mágicos.,Destaque: A sua boa entrega das lições de casa.,Destaque: A sua boa integração aos Princípios Passos Mágicos.,,1,FASE 2,,Fase 2 (5º e 6º ano),Fase 3 (7° e 8° ano),,9.5,9.5,,5.0,5.0,,8.2,6.6,,11.0,,,9.9,9.8,,8.261,7.774366667,,True,Escola Pública,Pública,,8.541666667,,7.5,5.0,,8.944,8.45,,,,,8.3,5.7,,8.0,7.5,,Topázio,Ametista,,True,3.0,3.0,,Não atendido,,J,2G,
RA-573,Aluno-573,Masculino,2021,,,,,,0.0,,,,EE João Ortiz Rodrigues,,,3G,,,Fase 3 (7° e 8° ano),,,9.168,,,10.0,,,5.0,,,13.0,,,9.5,,,7.839050000000001,,,,Pública,,7.8125,,,8.755,,,6.8275,,,5.5,,,6.0,,,3.5,,,Ametista,,,,4.0,,Cursando,,,3G
RA-574,Aluno-574,Masculino,2022,135.0,534.0,11.0,-1.0,0.0,,Destaque: As suas boas notas na Passos Mágicos.,Melhorar: Melhorar a sua entrega de lições de casa.,Melhorar: Integrar-se mais aos Princípios Passos Mágicos.,,1,FASE 2,,Fase 2 (5º e 6º ano),Fase 2 (5° e 6° ano),,9.5,6.9,,5.0,10.0,,7.5,8.1,,10.0,,,7.2,8.2,,6.86,7.878133333,,False,Escola Pública,Pública,,7.916666667,,5.0,5.0,,6.944,8.173333333,,,,,5.5,7.7,,9.5,8.5,,Ágata,Ametista,,False,3.0,3.0,,Requer avaliação,,J,2F,
RA-575,Aluno-575,Masculino,2019,175.0,739.0,16.0,-2.0,,,Melhorar: Empenhar-se mais nas aulas e avaliações.,Melhorar: Melhorar a sua entrega de lições de casa.,Melhorar: Integrar-se mais aos Princípios Passos Mágicos.,,1,,,Fase 3 (7º e 8º ano),,,8.0,,,5.0,,,2.8,,,12.0,,,6.1,,,5.889,,,False,Escola Pública,,,,,7.5,,,7.0,,,,,,2.7,,,3.0,,,Quartzo,,,False,3.0,,,Não atendido,,J,,
RA-576,Aluno-576,Feminino,2022,75.0,279.0,4.0,-1.0,-1.0,0.0,Destaque: As suas boas notas na Passos Mágicos.,Destaque: A sua boa entrega das lições de casa.,Melhorar: Integrar-se mais aos Princípios Passos Mágicos.,EE João Ortiz Rodrigues,1,FASE 1,2H,Fase 2 (5º e 6º ano),Fase 2 (5° e 6° ano),Fase 2 (5° e 6° ano),9.5,9.0,8.502,5.0,5.0,10.0,7.8,8.0,9.25,10.0,11.0,12.0,9.1,9.3,10.0,7.59,7.984741667,8.93195,False,Escola Pública,Pública,Pública,9.21875,7.8125,7.5,5.02,7.51,7.111,8.503333333,8.4975,,,,7.5,6.5,9.0,8.0,9.5,9.5,Ametista,Ametista,Topázio,False,3.0,3.0,4.0,Não atendido,Cursando,J,1F,2H
RA-577,Aluno-577,Feminino,2022,41.0,182.0,3.0,-1.0,-1.0,-1.0,Destaque: As suas boas notas na Passos Mágicos.,Destaque: A sua boa entrega das lições de casa.,Melhorar: Integrar-se mais aos Princípios Passos Mágicos.,EE João Ortiz Rodrigues,1,FASE 1,2H,Fase 2 (5º e 6º ano),Fase 2 (5° e 6° ano),Fase 3 (7° e 8° ano),9.5,10.0,8.502,5.0,5.0,5.0,9.0,7.4,8.0,10.0,11.0,12.0,9.3,8.2,5.7660455485,7.862,7.219366667,6.629159109700001,False,Escola Pública,Pública,Pública,6.875,6.5625,7.5,3.77,5.625,7.111,7.673333333,6.535,,,,8.3,6.5,7.0,9.7,8.3,9.0,Ametista,Ametista,Ágata,False,3.0,3.0,4.0,Não atendido,Cursando,J,1J,2H
RA-578,Aluno-578,Masculino,2019,3.0,11.0,1.0,-1.0,0.0,,Destaque: As suas boas notas na Passos Mágicos.,Destaque: A sua boa entrega das lições de casa.,Destaque: A sua boa integração aos Princípios Passos Mágicos.,,1,FASE 2,,Fase 2 (5º e 6º ano),Fase 2 (5° e 6° ano),,9.5,9.0,,5.0,10.0,,9.5,9.7,,10.0,11.0,,10.0,10.0,,8.814,9.013866667,,True,Escola Pública,Privada - Programa de Apadrinhamento,,9.791666667,,8.8,2.52,,9.611,9.7625,,,,,9.3,9.8,,9.7,9.5,,Topázio,Topázio,,True,3.0,3.0,,Sem limitações,,J,2A,
RA-578,Aluno-578,Masculino,2021,,,,,,1.0,,,,Colégio Arco Íris Evolução,,,3C,,,Fase 2 (5° e 6° ano),,,10.002,,,10.0,,,9.833333333333334,,,12.0,,,10.0,,,9.066199999966669,,,,Privada - Programa de Apadrinhamento,,9.583333333,,,2.51,,,9.45,,,10.0,,,10.0,,,9.5,,,Topázio,,,,3.0,,Cursando,,,3C
RA-579,Aluno-579,Feminino,2022,171.0,715.0,15.0,-1.0,,,Melhorar: Empenhar-se mais nas aulas e avaliações.,Melhorar: Melhorar a sua entrega de lições de casa.,Melhorar: Integrar-se mais aos Princípios Passos Mágicos.,,1,,,Fase 2 (5º e 6º ano),,,8.5,,,5.0,,,3.8,,,10.0,,,5.8,,,6.067,,,False,Escola Pública,,,,,7.5,,,7.222,,,,,,0.0,,,7.5,,,Ágata,,,False,3.0,,,Não atendido,,J,,
RA-58,Aluno-58,Masculino,2017,9.0,103.0,3.0,0.0,0.0,,Melhorar: Empenhar-se mais nas aulas e avaliações.,Destaque: A sua boa entrega das lições de casa.,Destaque: A sua boa integração aos Princípios Passos Mágicos.,,5,FASE 6,,Fase 5 (1º EM),Fase 6 (2° EM),,9.6,0.0,,10.0,10.0,,7.2,8.1,,15.0,,,9.2,9.7,,8.136,7.70625,,False,Rede Decisão,Privada - Programa de Apadrinhamento,,8.4375,,6.3,6.26,,8.125,8.3825,,9.0,10.0,,4.5,7.8,,8.0,6.5,,Topázio,Ametista,,False,3.0,4.0,,Sem limitações,,B,6A,
RA-58,Aluno-58,Masculino,2021,,,,,,0.0,,,,Colégio Arco Íris Evolução,,,7A,,,Fase 7 (3° EM),,,9.585,,,10.0,,,7.333333333333333,,,17.0,,,9.824561403666666,,,8.7713289474,,,,Privada - Programa de Apadrinhamento,,9.0625,,,7.51,,,8.62,,,7.5,,,8.0,,,6.5,,,Topázio,,,,3.0,,Cursando,,,7A
RA-580,Aluno-580,Feminino,2020,78.0,299.0,5.0,-1.0,-1.0,,Destaque: As suas boas notas na Passos Mágicos.,Destaque: A sua boa entrega das lições de casa.,Melhorar: Integrar-se mais aos Princípios Passos Mágicos.,,1,FASE 1,,Fase 2 (5º e 6º ano),Fase 2 (5° e 6° ano),,8.0,8.5,,5.0,5.0,,7.6,9.0,,10.0,11.0,,9.6,9.8,,7.525,8.4712,,False,Escola Pública,Pública,,8.75,,7.5,7.52,,7.167,8.67,,,,,6.3,8.7,,8.8,9.3,,Ametista,Topázio,,False,3.0,3.0,,Não atendido,,J,1H,
RA-580,Aluno-580,Feminino,2021,,,,,,-1.0,,,,EE João Ortiz Rodrigues,,,2H,,,Fase 3 (7° e 8° ano),,,9.002,,,5.0,,,9.25,,,12.0,,,8.871635610999999,,,7.9281521222,,,,Pública,,7.03125,,,7.51,,,7.2475,,,,,,10.0,,,8.5,,,Ametista,,,,4.0,,Cursando,,,2H
RA-581,Aluno-581,Masculino,2019,157.0,648.0,14.0,-1.0,-1.0,,Melhorar: Empenhar-se mais nas aulas e avaliações.,Destaque: A sua boa entrega das lições de casa.,Melhorar: Integrar-se mais aos Princípios Passos Mágicos.,,1,FASE 1,,Fase 2 (5º e 6º ano),Fase 2 (5° e 6° ano),,7.5,8.0,,5.0,5.0,,5.0,7.9,,10.0,11.0,,8.9,9.8,,6.464,7.7167,,False,Escola Pública,Pública,,6.458333333,,7.5,7.52,,5.889,7.393333333,,,,,5.3,7.0,,4.7,8.8,,Ágata,Ametista,,False,3.0,3.0,,Não atendido,,J,1H,
RA-581,Aluno-581,Masculino,2021,,,,,,-1.0,,,,EE João Ortiz Rodrigues,,,2H,,,Fase 3 (7° e 8° ano),,,7.418,,,5.0,,,8.75,,,12.0,,,8.198757764,,,7.0833015528,,,,Pública,,6.5625,,,5.625,,,6.165,,,,,,8.0,,,9.5,,,Ametista,,,,4.0,,Cursando,,,2H
RA-582,Aluno-582,Feminino,2022,119.0,466.0,10.0,-1.0,,,Melhorar: Empenhar-se mais nas aulas e avaliações.,Destaque: A sua boa entrega das lições de casa.,Melhorar: Integrar-se mais aos Princípios Passos Mágicos.,,1,,,Fase 2 (5º e 6º ano),,,10.0,,,5.0,,,4.9,,,10.0,,,9.0,,,7.064,,,False,Escola Pública,,,,,7.5,,,7.222,,,,,,4.3,,,5.5,,,Ametista,,,False,3.0,,,Não atendido,,J,,
RA-583,Aluno-583,Feminino,2019,87.0,333.0,7.0,-2.0,-1.0,,Melhorar: Empenhar-se mais nas aulas e avaliações.,Destaque: A sua boa entrega das lições de casa.,Melhorar: Integrar-se mais aos Princípios Passos Mágicos.,,1,FASE 2,,Fase 3 (7º e 8º ano),Fase 3 (7° e 8° ano),,8.5,9.0,,5.0,5.0,,7.1,6.3,,12.0,,,9.4,9.4,,7.456,7.838866667,,False,Escola Pública,Pública,,8.333333333,,7.5,7.52,,7.333,8.616666667,,,,,6.2,5.5,,8.0,7.0,,Ametista,Ametista,,False,3.0,3.0,,Não atendido,,J,2I,
RA-583,Aluno-583,Feminino,2021,,,,,,0.0,,,,EE Joaquim Mendes Feliz,,,3I,,,Fase 3 (7° e 8° ano),,,7.917,,,10.0,,,5.0,,,14.0,,,8.904455179666668,,,7.447591035933334,,,,Pública,,6.875,,,8.135,,,6.87,,,4.0,,,6.5,,,4.5,,,Ametista,,,,4.0,,Cursando,,,3I
RA-584,Aluno-584,Feminino,2019,143.0,585.0,12.0,-1.0,0.0,,Melhorar: Empenhar-se mais nas aulas e avaliações.,Destaque: A sua boa entrega das lições de casa.,Melhorar: Integrar-se mais aos Princípios Passos Mágicos.,,1,FASE 2,,Fase 2 (5º e 6º ano),Fase 2 (5° e 6° ano),,8.0,9.5,,5.0,10.0,,4.6,5.8,,10.0,11.0,,8.5,9.0,,6.714,7.697533333,,False,Escola Pública,Pública,,8.333333333,,7.5,2.52,,7.333,8.56,,,,,4.5,5.0,,4.7,6.5,,Ágata,Ametista,,False,3.0,3.0,,Não atendido,,J,2I,
RA-584,Aluno-584,Feminino,2021,,,,,,0.0,,,,EE João Ortiz Rodrigues,,,3G,,,Fase 3 (7° e 8° ano),,,8.751,,,10.0,,,4.333333333333333,,,12.0,,,5.636363636333333,,,6.752914393933334,,,,Pública,,7.34375,,,8.755,,,6.37,,,6.0,,,2.0,,,5.0,,,Ágata,,,,4.0,,Cursando,,,3G
RA-585,Aluno-585,Feminino,2020,94.0,362.0,7.0,0.0,,,Melhorar: Empenhar-se mais nas aulas e avaliações.,Destaque: A sua boa entrega das lições de casa.,Melhorar: Integrar-se mais aos Princípios Passos Mágicos.,,1,,,Fase 1 (4º ano),,,8.5,,,10.0,,,5.0,,,9.0,,,9.1,,,7.398,,,False,Escola Pública,,,,,7.5,,,6.889,,,,,,3.7,,,6.3,,,Ametista,,,False,3.0,,,Não atendido,,K,,
RA-586,Aluno-586,Feminino,2021,37.0,146.0,3.0,-1.0,0.0,1.0,Destaque: As suas boas notas na Passos Mágicos.,Destaque: A sua boa entrega das lições de casa.,Destaque: A sua boa integração aos Princípios Passos Mágicos.,Colégio Arco Íris Evolução,1,FASE 2,3U,Fase 2 (5º e 6º ano),Fase 2 (5° e 6° ano),Fase 2 (5° e 6° ano),10.0,8.0,9.168,5.0,10.0,10.0,8.2,8.4,8.5,10.0,10.0,11.0,9.6,10.0,9.241269841333333,7.988,8.4242,8.702387301666668,False,Rede Decisão,Privada - Programa de Apadrinhamento,Privada - Programa de Apadrinhamento,8.333333333,8.75,5.6,2.52,7.51,8.778,9.343333333,8.056666667,,,10.0,8.2,7.5,7.5,8.2,9.2,8.0,Ametista,Topázio,Topázio,True,3.0,3.0,3.0,Requer avaliação,Cursando,K,2K,3U
RA-587,Aluno-587,Masculino,2022,148.0,615.0,10.0,-1.0,-1.0,-2.0,Melhorar: Empenhar-se mais nas aulas e avaliações.,Destaque: A sua boa entrega das lições de casa.,Melhorar: Integrar-se mais aos Princípios Passos Mágicos.,EM Cecilia Cristina de Oliveira Rodrigues,1,FASE 1,1L,Fase 2 (5º e 6º ano),Fase 2 (5° e 6° ano),Fase 3 (7° e 8° ano),9.5,8.5,9.002,5.0,5.0,5.0,3.8,2.7,6.25,10.0,,12.0,9.3,7.0,7.380952381,6.632,6.032033333,6.817057142900001,False,Escola Pública,Pública,Pública,6.458333333,7.916666667,7.5,7.52,7.51,6.167,6.72,5.74,,,,1.0,2.2,6.5,6.5,3.2,6.0,Ágata,Ágata,Ágata,False,3.0,3.0,2.0,Não atendido,Cursando,K,1L,1L
RA-588,Aluno-588,Feminino,2021,4.0,26.0,2.0,0.0,0.0,1.0,Destaque: As suas boas notas na Passos Mágicos.,Destaque: A sua boa entrega das lições de casa.,Destaque: A sua boa integração aos Princípios Passos Mágicos.,Colégio Arco Íris Evolução,1,FASE 2,3U,Fase 1 (4º ano),Fase 2 (5° e 6° ano),Fase 2 (5° e 6° ano),9.5,8.0,9.168,10.0,10.0,10.0,9.3,7.8,7.833333333333333,9.0,10.0,11.0,10.0,9.6,9.833333333333334,8.622,8.3527,8.676133333333334,False,Rede Decisão,Privada - Programa de Apadrinhamento,Privada - Programa de Apadrinhamento,8.958333333,8.75,5.6,2.52,7.51,8.278,9.673333333,8.0,,,7.0,9.3,7.5,8.5,9.2,8.0,8.0,Topázio,Topázio,Topázio,False,3.0,3.0,3.0,Sem limitações,Cursando,K,2U,3U
RA-589,Aluno-589,Feminino,2022,57.0,219.0,4.0,0.0,,,Melhorar: Empenhar-se mais nas aulas e avaliações.,Destaque: A sua boa entrega das lições de casa.,Melhorar: Integrar-se mais aos Princípios Passos Mágicos.,,1,,,Fase 1 (4º ano),,,9.5,,,10.0,,,5.8,,,9.0,,,9.4,,,7.744,,,False,Escola Pública,,,,,7.5,,,7.056,,,,,,3.0,,,8.5,,,Ametista,,,False,3.0,,,Não atendido,,K,,
RA-59,Aluno-59,Masculino,2022,15.0,257.0,7.0,-2.0,-2.0,0.0,Melhorar: Empenhar-se mais nas aulas e avaliações.,Destaque: A sua boa entrega das lições de casa.,Destaque: A sua boa integração aos Princípios Passos Mágicos.,Faculdade FIAP,5,FASE 6,8F,Fase 7 (3º EM),Fase 8 (Universitários),Fase 8 (Universitários),9.2,7.5,,5.0,5.0,10.0,7.2,7.2,,17.0,,19.0,9.3,9.6,0.0,7.642,7.692291667,,False,Escola Pública,Privada - Programa de Apadrinhamento,Privada *Parcerias com Bolsa 100%,8.28125,,7.5,5.63,,7.917,8.4225,,8.8,7.2,,7.0,7.7,,5.7,6.8,,Ametista,Ametista,,False,3.0,4.0,0.0,Não atendido,Cursando,B,6A,8F
RA-590,Aluno-590,Feminino,2020,90.0,341.0,6.0,-1.0,0.0,,Melhorar: Empenhar-se mais nas aulas e avaliações.,Destaque: A sua boa entrega das lições de casa.,Destaque: A sua boa integração aos Princípios Passos Mágicos.,,1,FASE 2,,Fase 2 (5º e 6º ano),Fase 2 (5° e 6° ano),,8.5,6.3,,5.0,10.0,,7.4,6.5,,10.0,11.0,,8.6,9.7,,7.435,7.647666667,,False,Escola Pública,Privada,,7.291666667,,7.5,3.77,,7.611,8.34,,,,,5.7,5.7,,9.2,7.3,,Ametista,Ametista,,False,3.0,3.0,,Não atendido,,K,2L,
RA-590,Aluno-590,Feminino,2021,,,,,,-1.0,,,,Colégio Nogueira e Sonho de Criança,,,2U,,,Fase 3 (7° e 8° ano),,,8.002,,,5.0,,,4.0,,,12.0,,,8.457556936,,,6.712378053800001,,,,Privada,,7.5,,,6.26,,,7.723333333,,,,,,8.0,,,0.0,,,Ágata,,,,3.0,,Cursando,,,2U
RA-591,Aluno-591,Masculino,2021,80.0,305.0,5.0,-1.0,-1.0,-1.0,Melhorar: Empenhar-se mais nas aulas e avaliações.,Destaque: A sua boa entrega das lições de casa.,Melhorar: Integrar-se mais aos Princípios Passos Mágicos.,EM Cecilia Cristina de Oliveira Rodrigues,1,FASE 2,2K,Fase 2 (5º e 6º ano),Fase 3 (7° e 8° ano),Fase 3 (7° e 8° ano),9.5,9.0,7.418,5.0,5.0,5.0,7.1,6.9,7.5,11.0,,13.0,9.3,8.5,7.913043478500001,7.507,7.1472,6.8360336957,False,Escola Pública,Pública,Pública,5.833333333,5.78125,7.5,6.27,6.255,7.389,7.333333333,6.54,,,,7.8,6.2,6.0,6.3,7.5,9.0,Ametista,Ametista,Ágata,False,3.0,3.0,4.0,Não atendido,Cursando,K,2U,2K
RA-592,Aluno-592,Feminino,2020,96.0,368.0,9.0,-1.0,0.0,,Destaque: As suas boas notas na Passos Mágicos.,Destaque: A sua boa entrega das lições de casa.,Destaque: A sua boa integração aos Princípios Passos Mágicos.,,1,FASE 2,,Fase 2 (5º e 6º ano),Fase 2 (5° e 6° ano),,8.0,6.2,,5.0,10.0,,8.4,7.6,,10.0,11.0,,8.5,9.2,,7.381,7.935466667,,False,Escola Pública,Privada,,7.916666667,,5.6,3.77,,7.778,8.95,,,,,7.2,5.5,,9.7,9.7,,Ametista,Ametista,,False,3.0,3.0,,Requer avaliação,,K,2U,
RA-592,Aluno-592,Feminino,2021,,,,,,1.0,,,,Escola João Paulo II,,,3L,,,Fase 2 (5° e 6° ano),,,7.917,,,10.0,,,7.833333333333333,,,12.0,,,6.108152734666667,,,7.121622213600001,,,,Privada,,7.65625,,,2.51,,,7.625,,,8.5,,,7.0,,,8.0,,,Ametista,,,,4.0,,Cursando,,,3L
RA-593,Aluno-593,Feminino,2021,168.0,694.0,11.0,-1.0,,,Melhorar: Empenhar-se mais nas aulas e avaliações.,Melhorar: Melhorar a sua entrega de lições de casa.,Melhorar: Integrar-se mais aos Princípios Passos Mágicos.,,1,,,Fase 2 (5º e 6º ano),,,7.5,,,5.0,,,4.6,,,10.0,,,7.4,,,6.254,,,False,Escola Pública,,,,,7.5,,,6.278,,,,,,3.0,,,6.2,,,Ágata,,,False,3.0,,,Não atendido,,K,,
RA-594,Aluno-594,Masculino,2022,95.0,364.0,8.0,-1.0,-1.0,0.0,Destaque: As suas boas notas na Passos Mágicos.,Destaque: A sua boa entrega das lições de casa.,Melhorar: Integrar-se mais aos Princípios Passos Mágicos.,EE Donizetti Aparecido Leite Professor,1,FASE 1,2M,Fase 2 (5º e 6º ano),Fase 2 (5° e 6° ano),Fase 2 (5° e 6° ano),8.0,8.5,6.918,5.0,5.0,10.0,7.8,5.8,7.0,10.0,11.0,12.0,9.4,7.1,5.75,7.392,6.702033333,6.890966666600001,False,Escola Pública,Pública,Pública,6.875,8.125,7.5,6.27,6.26,6.889,7.336666667,6.053333333,,,,6.0,6.2,6.5,9.5,5.3,7.5,Ametista,Ágata,Ágata,False,3.0,3.0,3.0,Não atendido,Cursando,K,1L,2M
RA-595,Aluno-595,Masculino,2018,187.0,813.0,12.0,-2.0,-1.0,,Melhorar: Empenhar-se mais nas aulas e avaliações.,Melhorar: Melhorar a sua entrega de lições de casa.,Melhorar: Integrar-se mais aos Princípios Passos Mágicos.,,1,FASE 2,,Fase 3 (7º e 8º ano),Fase 3 (7° e 8° ano),,8.5,0.0,,5.0,5.0,,1.0,3.3,,12.0,,,5.5,7.0,,5.18,5.078666667,,False,Escola Pública,Pública,,6.666666667,,7.5,7.52,,6.0,5.55,,,,,2.0,3.2,,0.0,3.3,,Quartzo,Quartzo,,False,3.0,3.0,,Não atendido,,K,2U,
RA-596,Aluno-596,Feminino,2021,1.0,4.0,1.0,0.0,,,Destaque: As suas boas notas na Passos Mágicos.,Destaque: A sua boa entrega das lições de casa.,Destaque: A sua boa integração aos Princípios Passos Mágicos.,,1,,,Fase 1 (4º ano),,,9.5,,,10.0,,,9.3,,,9.0,,,10.0,,,8.971,,,True,Escola Pública,,,,,7.5,,,9.0,,,,,,8.8,,,9.8,,,Topázio,,,True,3.0,,,Sem limitações,,K,,
RA-597,Aluno-597,Masculino,2022,14.0,67.0,1.0,0.0,-1.0,0.0,Destaque: As suas boas notas na Passos Mágicos.,Destaque: A sua boa entrega das lições de casa.,Melhorar: Integrar-se mais aos Princípios Passos Mágicos.,EE Maria André Schunck Dona,1,FASE 1,2L,Fase 1 (4º ano),Fase 2 (5° e 6° ano),Fase 2 (5° e 6° ano),9.0,10.0,9.002,10.0,5.0,10.0,8.0,8.5,6.0,9.0,10.0,11.0,10.0,9.6,9.3271221535,8.265,8.49045,7.843291097300001,False,Escola Pública,Pública,Pública,9.0625,7.5,7.5,7.52,7.51,7.056,8.56,6.883333333,,,,6.5,7.8,5.0,9.5,9.2,7.0,Topázio,Topázio,Ametista,False,3.0,3.0,3.0,Sem limitações,Cursando,L,1K,2L
RA-598,Aluno-598,Feminino,2022,162.0,669.0,13.0,-1.0,,,Melhorar: Empenhar-se mais nas aulas e avaliações.,Melhorar: Melhorar a sua entrega de lições de casa.,Melhorar: Integrar-se mais aos Princípios Passos Mágicos.,,1,,,Fase 2 (5º e 6º ano),,,9.5,,,5.0,,,3.7,,,11.0,,,7.2,,,6.35,,,False,Escola Pública,,,,,7.5,,,6.944,,,,,,4.7,,,2.7,,,Ágata,,,False,3.0,,,Sem limitações,,L,,
RA-599,Aluno-599,Masculino,2022,19.0,85.0,2.0,-1.0,0.0,1.0,Destaque: As suas boas notas na Passos Mágicos.,Destaque: A sua boa entrega das lições de casa.,Destaque: A sua boa integração aos Princípios Passos Mágicos.,EE Maria André Schunck Dona,1,FASE 2,3K,Fase 2 (5º e 6º ano),Fase 2 (5° e 6° ano),Fase 2 (5° e 6° ano),9.5,10.0,10.002,5.0,10.0,10.0,9.1,8.5,7.666666666666667,10.0,10.0,12.0,9.2,9.5,8.607843137333333,8.2,8.532866667,8.3569352941,True,Escola Pública,Pública,Pública,8.333333333,7.083333333,7.5,2.52,9.375,8.556,9.286666667,7.28,,,8.0,8.3,8.2,8.0,9.8,8.7,7.0,Topázio,Topázio,Topázio,True,3.0,3.0,3.0,Sem limitações,Cursando,L,2K,3K
RA-6,Aluno-6,Feminino,2021,16.0,745.0,8.0,-1.0,0.0,0.0,Melhorar: Empenhar-se mais nas aulas e avaliações.,Melhorar: Melhorar a sua entrega de lições de casa.,Melhorar: Integrar-se mais aos Princípios Passos Mágicos.,Faculdade FIAP,7,FASE 8,8E,Fase 8 (Universitários),Fase 8 (Universitários),Fase 8 (Universitários),7.9,,,5.0,10.0,10.0,3.3,,,18.0,,20.0,4.5,,0.0,5.848,,,True,Escola Pública,Privada - Pagamento por *Empresa Parceira,Privada *Parcerias com Bolsa 100%,,,7.5,,,7.222,,,2.3,,,2.3,,,5.3,,,Quartzo,,,False,4.0,,0.0,Sem limitações,Cursando,A,8E,8E
RA-60,Aluno-60,Feminino,2021,53.0,787.0,16.0,-3.0,,,Melhorar: Empenhar-se mais nas aulas e avaliações.,Melhorar: Melhorar a sua entrega de lições de casa.,Melhorar: Integrar-se mais aos Princípios Passos Mágicos.,,5,,,Fase 8 (Universitários),,,6.7,,,2.5,,,4.9,,,18.0,,,6.0,,,5.537,,,False,Escola Pública,,,,,7.5,,,6.167,,,3.5,,,5.0,,,6.2,,,Quartzo,,,False,3.0,,,Não atendido,,B,,
RA-600,Aluno-600,Feminino,2021,126.0,483.0,10.0,0.0,-1.0,0.0,Melhorar: Empenhar-se mais nas aulas e avaliações.,Destaque: A sua boa entrega das lições de casa.,Melhorar: Integrar-se mais aos Princípios Passos Mágicos.,EM Cecilia Cristina de Oliveira Rodrigues,1,FASE 1,2L,Fase 1 (4º ano),Fase 2 (5° e 6° ano),Fase 2 (5° e 6° ano),8.5,8.5,8.002,10.0,5.0,10.0,3.9,7.2,7.5,9.0,10.0,11.0,8.4,8.4,8.010869565,7.011,7.651658333,7.847373913,False,Escola Pública,Pública,Pública,8.28125,7.5,7.5,7.52,7.51,6.833,8.056666667,7.22,,,,2.8,6.5,8.0,5.0,7.8,7.0,Ágata,Ametista,Ametista,False,3.0,3.0,3.0,Sem limitações,Cursando,L,1K,2L
RA-601,Aluno-601,Masculino,2021,60.0,231.0,7.0,1.0,0.0,-1.0,Melhorar: Empenhar-se mais nas aulas e avaliações.,Destaque: A sua boa entrega das lições de casa.,Melhorar: Integrar-se mais aos Princípios Passos Mágicos.,EE Helio Luiz Dobrochinski Prof,1,FASE 1,1K,ALFA  (2º e 3º ano),Fase 1 (3° e 4° ano),Fase 2 (5° e 6° ano),9.0,9.0,9.502,10.0,10.0,5.0,5.7,8.7,8.75,8.0,9.0,10.0,9.7,10.0,10.0,7.713,8.955783333,8.5107,False,Escola Pública,Pública,Pública,9.0625,8.75,7.5,7.52,7.505,7.167,8.336666667,8.425,,,,5.3,8.0,9.5,6.0,9.3,8.0,Ametista,Topázio,Topázio,False,3.0,3.0,2.0,Sem limitações,Cursando,L,1K,1K
RA-602,Aluno-602,Masculino,2019,32.0,134.0,4.0,-1.0,-1.0,,Destaque: As suas boas notas na Passos Mágicos.,Destaque: A sua boa entrega das lições de casa.,Destaque: A sua boa integração aos Princípios Passos Mágicos.,,1,FASE 2,,Fase 2 (5º e 6º ano),Fase 3 (7° e 8° ano),,10.0,10.0,,5.0,5.0,,8.6,8.1,,11.0,12.0,,9.7,9.6,,8.041,8.5592,,True,Escola Pública,Pública,,8.75,,7.5,7.52,,7.667,9.51,,,,,8.3,7.3,,8.8,8.8,,Ametista,Topázio,,False,3.0,3.0,,Sem limitações,,L,2U,
RA-602,Aluno-602,Masculino,2021,,,,,,0.0,,,,EE Maria André Schunck Dona,,,3L,,,Fase 3 (7° e 8° ano),,,9.585,,,10.0,,,7.333333333333333,,,13.0,,,9.670588235333334,,,8.647409313733334,,,,Pública,,8.28125,,,7.51,,,8.545,,,8.0,,,9.0,,,5.0,,,Topázio,,,,4.0,,Cursando,,,3L
RA-603,Aluno-603,Feminino,2022,52.0,209.0,6.0,-1.0,,,Destaque: As suas boas notas na Passos Mágicos.,Destaque: A sua boa entrega das lições de casa.,Destaque: A sua boa integração aos Princípios Passos Mágicos.,,1,,,Fase 2 (5º e 6º ano),,,9.0,,,5.0,,,7.5,,,11.0,,,9.5,,,7.78,,,False,Escola Pública,,,,,7.5,,,8.0,,,,,,6.7,,,8.3,,,Ametista,,,False,3.0,,,Sem limitações,,L,,
RA-603,Aluno-603,Masculino,2022,,,,,0.0,0.0,,,,EE Donizetti Aparecido Leite Professor,,FASE 2,3U,,Fase 2 (5° e 6° ano),Fase 3 (7° e 8° ano),,0.0,9.585,,10.0,10.0,,7.0,4.666666666666667,,11.0,12.0,,8.9,7.155555555666666,,6.748833333,6.942277777866667,,,Pública,Pública,7.708333333,6.875,,2.52,6.885,,7.78,6.216666667,,,4.0,,5.7,4.5,,8.2,5.5,,Ágata,Ágata,,,3.0,3.0,,Cursando,,2M,3U
RA-604,Aluno-604,Feminino,2021,34.0,136.0,5.0,-1.0,0.0,1.0,Destaque: As suas boas notas na Passos Mágicos.,Destaque: A sua boa entrega das lições de casa.,Destaque: A sua boa integração aos Princípios Passos Mágicos.,EE Maria André Schunck Dona,1,FASE 2,3L,Fase 2 (5º e 6º ano),Fase 2 (5° e 6° ano),Fase 2 (5° e 6° ano),9.0,9.0,8.334,5.0,10.0,10.0,8.8,7.5,7.0,10.0,,12.0,9.0,9.3,7.5029927763333335,8.018,8.548033333,7.429623555266667,True,Escola Pública,Pública,Pública,8.125,6.40625,7.5,7.52,8.13,8.333,8.616666667,6.21,,,7.5,8.0,6.0,8.0,9.7,9.0,5.5,Ametista,Topázio,Ametista,False,3.0,3.0,4.0,Sem limitações,Cursando,L,2K,3L
RA-605,Aluno-605,Feminino,2021,106.0,406.0,8.0,-2.0,-1.0,0.0,Melhorar: Empenhar-se mais nas aulas e avaliações.,Destaque: A sua boa entrega das lições de casa.,Destaque: A sua boa integração aos Princípios Passos Mágicos.,EM Cecilia Cristina de Oliveira Rodrigues,1,FASE 2,3M,Fase 3 (7º e 8º ano),Fase 3 (7° e 8° ano),Fase 3 (7° e 8° ano),6.9,9.0,7.5,5.0,5.0,10.0,7.1,6.8,2.6666666666666665,12.0,12.0,13.0,9.3,9.5,6.194444444333333,7.276,7.709366667,6.0175222222,False,Escola Pública,Pública,Pública,7.291666667,7.0,6.9,7.52,6.885,7.556,7.84,5.534,,,3.0,6.2,4.8,1.5,8.0,8.8,3.5,Ametista,Ametista,Ágata,False,3.0,3.0,5.0,Sem limitações,Cursando,L,2K,3M
RA-606,Aluno-606,Masculino,2022,169.0,704.0,14.0,-1.0,-1.0,0.0,Melhorar: Empenhar-se mais nas aulas e avaliações.,Destaque: A sua boa entrega das lições de casa.,Melhorar: Integrar-se mais aos Princípios Passos Mágicos.,EE Donizetti Aparecido Leite Professor,1,FASE 1,2M,Fase 2 (5º e 6º ano),Fase 2 (5° e 6° ano),Fase 2 (5° e 6° ano),9.5,8.5,8.502,5.0,5.0,10.0,1.8,6.0,3.25,10.0,10.0,11.0,9.0,8.5,7.6136363634999995,6.127,7.402491667,6.645260606100001,False,Escola Pública,Pública,Pública,7.65625,8.125,7.5,7.52,6.885,6.111,8.223333333,5.606666667,,,,2.0,4.7,3.5,1.5,7.2,3.0,Ágata,Ametista,Ágata,False,3.0,3.0,3.0,Sem limitações,Cursando,L,1K,2M
RA-607,Aluno-607,Masculino,2022,158.0,652.0,12.0,-1.0,-1.0,0.0,Melhorar: Empenhar-se mais nas aulas e avaliações.,Destaque: A sua boa entrega das lições de casa.,Melhorar: Integrar-se mais aos Princípios Passos Mágicos.,EE Helio Luiz Dobrochinski Prof,1,FASE 1,2K,Fase 2 (5º e 6º ano),Fase 2 (5° e 6° ano),Fase 2 (5° e 6° ano),6.8,8.0,8.502,5.0,5.0,10.0,4.0,6.8,7.0,10.0,11.0,12.0,8.1,7.5,7.4782608695,6.44,7.333075,7.6486021739000005,False,Escola Pública,Pública,Pública,7.96875,7.1875,7.5,7.52,7.51,7.444,8.17,7.165,,,,3.0,4.8,7.0,5.0,8.7,7.0,Ágata,Ametista,Ametista,False,3.0,3.0,4.0,Sem limitações,Cursando,L,1K,2K
RA-608,Aluno-608,Masculino,2022,108.0,422.0,9.0,-1.0,-1.0,0.0,Melhorar: Empenhar-se mais nas aulas e avaliações.,Destaque: A sua boa entrega das lições de casa.,Melhorar: Integrar-se mais aos Princípios Passos Mágicos.,EE Donizetti Aparecido Leite Professor,1,FASE 1,2N,Fase 2 (5º e 6º ano),Fase 2 (5° e 6° ano),Fase 2 (5° e 6° ano),7.8,10.0,9.002,5.0,5.0,10.0,6.3,6.2,4.25,10.0,10.0,11.0,9.6,7.5,3.054347826,7.216,7.401741667,5.778986231800001,False,Escola Pública,Pública,Pública,7.96875,7.1875,7.5,7.52,6.885,7.222,8.113333333,5.053333333,,,,3.0,6.0,5.0,9.5,6.3,3.5,Ametista,Ametista,Quartzo,False,3.0,3.0,3.0,Sem limitações,Cursando,L,1K,2N
RA-609,Aluno-609,Masculino,2019,137.0,557.0,11.0,-1.0,-1.0,,Melhorar: Empenhar-se mais nas aulas e avaliações.,Destaque: A sua boa entrega das lições de casa.,Melhorar: Integrar-se mais aos Princípios Passos Mágicos.,,1,FASE 2,,Fase 2 (5º e 6º ano),Fase 3 (7° e 8° ano),,8.5,9.5,,5.0,5.0,,6.0,5.3,,11.0,,,7.6,6.4,,6.794,6.463033333,,False,Escola Pública,Pública,,6.875,,7.5,7.52,,7.056,6.216666667,,,,,6.5,3.2,,5.5,7.3,,Ágata,Ágata,,False,3.0,3.0,,Sem limitações,,L,2U,
RA-61,Aluno-61,Masculino,2021,20.0,298.0,8.0,0.0,0.0,,Melhorar: Empenhar-se mais nas aulas e avaliações.,Melhorar: Melhorar a sua entrega de lições de casa.,Destaque: A sua boa integração aos Princípios Passos Mágicos.,,5,FASE 6,,Fase 5 (1º EM),Fase 6 (2° EM),,9.2,8.3,,10.0,10.0,,5.8,6.2,,15.0,16.0,,7.4,7.0,,7.533,7.382108333,,True,Escola Pública,Pública,,7.96875,,7.5,6.26,,7.875,7.4625,,9.3,7.5,,1.7,6.7,,6.3,4.3,,Ametista,Ametista,,False,3.0,4.0,,Não atendido,,B,6A,
RA-610,Aluno-610,Feminino,2022,21.0,91.0,3.0,0.0,0.0,1.0,Melhorar: Empenhar-se mais nas aulas e avaliações.,Destaque: A sua boa entrega das lições de casa.,Destaque: A sua boa integração aos Princípios Passos Mágicos.,EE Maria André Schunck Dona,1,FASE 2,3K,Fase 1 (4º ano),Fase 2 (5° e 6° ano),Fase 2 (5° e 6° ano),9.0,10.0,9.585,10.0,10.0,10.0,6.5,7.0,6.333333333333333,9.0,,11.0,9.6,10.0,9.694444444333334,8.18,8.2857,7.894888888933334,False,Escola Pública,Pública,Pública,8.541666667,6.875,7.5,2.52,3.76,8.5,8.896666667,8.336666667,,,6.0,6.0,6.3,8.0,7.0,7.7,5.0,Topázio,Topázio,Ametista,True,3.0,3.0,3.0,Sem limitações,Cursando,L,2K,3K
RA-611,Aluno-611,Masculino,2021,54.0,214.0,4.0,-2.0,,,Destaque: As suas boas notas na Passos Mágicos.,Destaque: A sua boa entrega das lições de casa.,Destaque: A sua boa integração aos Princípios Passos Mágicos.,,1,,,Fase 3 (7º e 8º ano),,,9.5,,,5.0,,,9.5,,,12.0,,,7.6,,,7.756,,,True,Escola Pública,,,,,7.5,,,7.556,,,,,,10.0,,,9.0,,,Ametista,,,False,3.0,,,Não atendido,,M,,
RA-612,Aluno-612,Feminino,2021,71.0,273.0,6.0,-1.0,-1.0,0.0,Destaque: As suas boas notas na Passos Mágicos.,Destaque: A sua boa entrega das lições de casa.,Melhorar: Integrar-se mais aos Princípios Passos Mágicos.,Colégio Arco Íris Evolução,1,FASE 1,2M,Fase 2 (5º e 6º ano),Fase 2 (5° e 6° ano),Fase 2 (5° e 6° ano),9.0,9.0,8.002,5.0,5.0,10.0,7.9,9.7,9.75,10.0,11.0,12.0,9.2,9.7,9.5454545455,7.594,8.410783333,9.134040909100001,False,Escola Pública,Privada - Programa de Apadrinhamento,Privada - Programa de Apadrinhamento,9.0625,9.6875,7.5,3.77,6.26,7.167,9.286666667,9.4,,,,9.7,9.3,9.5,6.2,10.0,10.0,Ametista,Topázio,Topázio,False,3.0,3.0,3.0,Não atendido,Cursando,M,1M,2M
RA-613,Aluno-613,Masculino,2020,23.0,108.0,2.0,-2.0,-1.0,,Destaque: As suas boas notas na Passos Mágicos.,Destaque: A sua boa entrega das lições de casa.,Destaque: A sua boa integração aos Princípios Passos Mágicos.,,1,FASE 3,,Fase 3 (7º e 8º ano),Fase 4 (9° ano),,9.0,9.2,,5.0,5.0,,9.2,4.8,,13.0,14.0,,9.2,9.4,,8.121,6.864508333,,True,Escola Pública,Pública,,6.71875,,7.5,5.0,,8.556,7.2125,,,3.8,,9.2,4.3,,9.2,6.2,,Topázio,Ágata,,True,3.0,4.0,,Não atendido,,M,3N,
RA-613,Aluno-613,Masculino,2021,,,,,,-1.0,,,,EE Donizetti Aparecido Leite Professor,,,3N,,,Fase 4 (9° ano),,,8.334,,,5.0,,,7.333333333333333,,,15.0,,,9.566666666666666,,,7.4019,,,,Pública,,6.875,,,7.51,,,6.25,,,8.0,,,8.0,,,6.0,,,Ametista,,,,2.0,,Cursando,,,3N
RA-614,Aluno-614,Masculino,2021,8.0,55.0,1.0,-2.0,-1.0,-1.0,Destaque: As suas boas notas na Passos Mágicos.,Destaque: A sua boa entrega das lições de casa.,Destaque: A sua boa integração aos Princípios Passos Mágicos.,EE Paschoal Carlos Magno,1,FASE 2,3U,Fase 3 (7º e 8º ano),Fase 3 (7° e 8° ano),Fase 4 (9° ano),9.5,9.0,9.585,5.0,5.0,5.0,9.6,8.6,6.833333333333333,12.0,13.0,14.0,9.7,9.1,9.700000000000001,8.339,8.2282,7.8284999999666685,True,Escola Pública,Pública,Pública,8.333333333,7.916666667,7.5,7.52,7.51,8.278,8.563333333,7.603333333,,,8.0,9.8,8.8,8.0,9.3,8.3,4.5,Topázio,Topázio,Ametista,False,3.0,3.0,3.0,Não atendido,Cursando,M,2M,3U
RA-615,Aluno-615,Feminino,2020,27.0,120.0,3.0,0.0,-1.0,,Melhorar: Empenhar-se mais nas aulas e avaliações.,Destaque: A sua boa entrega das lições de casa.,Melhorar: Integrar-se mais aos Princípios Passos Mágicos.,,1,FASE 1,,Fase 1 (4º ano),Fase 2 (5° e 6° ano),,9.5,10.0,,10.0,5.0,,7.3,7.6,,9.0,,,9.7,9.7,,8.086,7.815658333,,False,Escola Pública,Pública,,8.28125,,7.5,3.14,,6.889,8.616666667,,,,,7.8,6.8,,6.7,8.3,,Topázio,Ametista,,False,3.0,3.0,,Não atendido,,M,1M,
RA-616,Aluno-616,Masculino,2019,102.0,391.0,8.0,-2.0,-1.0,,Destaque: As suas boas notas na Passos Mágicos.,Melhorar: Melhorar a sua entrega de lições de casa.,Melhorar: Integrar-se mais aos Princípios Passos Mágicos.,,1,FASE 2,,Fase 3 (7º e 8º ano),Fase 3 (7° e 8° ano),,7.4,0.0,,5.0,5.0,,8.8,6.8,,12.0,,,7.4,6.6,,7.303,5.612,,False,Escola Pública,Pública,,5.833333333,,7.5,5.02,,7.278,6.783333333,,,,,9.2,5.5,,8.5,8.0,,Ametista,Quartzo,,False,3.0,3.0,,Não atendido,,M,2M,
RA-616,Aluno-616,Masculino,2021,,,,,,0.0,,,,EE Donizetti Aparecido Leite Professor,,,3U,,,Fase 3 (7° e 8° ano),,,7.5,,,10.0,,,3.8333333333333335,,,14.0,,,3.087719298333333,,,5.457877193033333,,,,Pública,,6.458333333,,,6.885,,,4.946666667,,,5.0,,,3.0,,,3.5,,,Quartzo,,,,3.0,,Cursando,,,3U
RA-617,Aluno-617,Feminino,2021,115.0,453.0,10.0,-1.0,-1.0,,Melhorar: Empenhar-se mais nas aulas e avaliações.,Destaque: A sua boa entrega das lições de casa.,Melhorar: Integrar-se mais aos Princípios Passos Mágicos.,,1,FASE 1,,Fase 2 (5º e 6º ano),Fase 2 (5° e 6° ano),,8.5,0.0,,5.0,5.0,,6.3,6.9,,11.0,11.0,,8.9,9.0,,7.107,6.816166667,,False,Escola Pública,Pública,,7.708333333,,7.5,7.52,,6.778,8.116666667,,,,,4.5,5.5,,8.0,8.2,,Ametista,Ágata,,False,3.0,3.0,,Não atendido,,M,1L,
RA-618,Aluno-618,Masculino,2020,112.0,438.0,9.0,-2.0,-2.0,,Melhorar: Empenhar-se mais nas aulas e avaliações.,Destaque: A sua boa entrega das lições de casa.,Melhorar: Integrar-se mais aos Princípios Passos Mágicos.,,1,FASE 2,,Fase 3 (7º e 8º ano),Fase 4 (9° ano),,8.9,0.0,,5.0,5.0,,6.7,6.2,,13.0,,,8.3,9.2,,7.18,6.4745,,False,Escola Pública,Pública,,8.125,,7.5,5.02,,7.333,7.95,,,,,6.8,4.5,,6.5,7.8,,Ametista,Ágata,,False,3.0,3.0,,Não atendido,,M,2N,
RA-618,Aluno-618,Masculino,2021,,,,,,-2.0,,,,EE Donizetti Aparecido Leite Professor,,,3K,,,Fase 5 (1° EM),,,10.002,,,5.0,,,4.166666666666667,,,15.0,,,8.324074074,,,6.718348148233334,,,,Pública,,6.666666667,,,6.88,,,6.826666667,,,3.0,,,5.0,,,4.5,,,Ágata,,,,3.0,,Cursando,,,3K
RA-619,Aluno-619,Feminino,2021,62.0,236.0,5.0,-1.0,0.0,,Destaque: As suas boas notas na Passos Mágicos.,Destaque: A sua boa entrega das lições de casa.,Melhorar: Integrar-se mais aos Princípios Passos Mágicos.,,1,FASE 2,,Fase 2 (5º e 6º ano),Fase 2 (5° e 6° ano),,9.5,9.0,,5.0,10.0,,9.0,9.0,,11.0,11.0,,8.0,7.1,,7.693,7.891366667,,False,Escola Pública,Pública,,7.708333333,,7.5,3.77,,7.333,8.116666667,,,,,9.2,8.5,,8.8,9.5,,Ametista,Ametista,,False,3.0,3.0,,Não atendido,,M,2M,
RA-62,Aluno-62,Feminino,2022,,,,,0.0,0.0,,,,Universidade Estácio de Sá,,FASE 7,8F,,Fase 7 (3° EM),Fase 8 (Universitários),,0.0,,,10.0,10.0,,7.5,,,17.0,18.0,,9.8,0.0,,7.610333333,,,,Pública,Privada *Parcerias com Bolsa 100%,8.25,,,6.89,,,8.215,,,6.3,,,9.3,,,6.8,,,Ametista,,,,4.0,0.0,,Cursando,,7A,8F
RA-62,Aluno-62,Masculino,2022,11.0,173.0,4.0,-2.0,,,Destaque: As suas boas notas na Passos Mágicos.,Destaque: A sua boa entrega das lições de casa.,Melhorar: Integrar-se mais aos Princípios Passos Mágicos.,,5,,,Fase 7 (3º EM),,,8.8,,,5.0,,,9.3,,,17.0,,,9.4,,,7.891,,,True,Escola Pública,,,,,7.5,,,7.25,,,,,,8.5,,,10.0,,,Ametista,,,False,3.0,,,Não atendido,,B,,
RA-620,Aluno-620,Masculino,2021,173.0,726.0,11.0,-2.0,-1.0,0.0,Melhorar: Empenhar-se mais nas aulas e avaliações.,Destaque: A sua boa entrega das lições de casa.,Melhorar: Integrar-se mais aos Princípios Passos Mágicos.,EE Donizetti Aparecido Leite Professor,1,FASE 2,3U,Fase 3 (7º e 8º ano),Fase 3 (7° e 8° ano),Fase 3 (7° e 8° ano),0.0,6.8,8.334,5.0,5.0,10.0,6.8,6.2,2.5,12.0,13.0,14.0,7.5,8.4,3.9841269843333333,6.018,7.043666667,5.766892063566667,False,Escola Pública,Pública,Pública,6.875,7.083333333,7.5,7.52,7.51,6.833,7.503333333,5.886666667,,,1.5,8.5,5.2,3.5,5.0,7.2,2.5,Ágata,Ametista,Quartzo,False,3.0,3.0,3.0,Não atendido,Cursando,M,2M,3U
RA-621,Aluno-621,Masculino,2020,89.0,337.0,7.0,-1.0,,,Destaque: As suas boas notas na Passos Mágicos.,Destaque: A sua boa entrega das lições de casa.,Destaque: A sua boa integração aos Princípios Passos Mágicos.,,1,,,Fase 2 (5º e 6º ano),,,9.5,,,5.0,,,7.5,,,10.0,,,7.7,,,7.448,,,False,Escola Pública,,,,,7.5,,,8.222,,,,,,6.8,,,8.2,,,Ametista,,,False,3.0,,,Não atendido,,M,,
RA-622,Aluno-622,Feminino,2019,190.0,828.0,10.0,-2.0,,,Melhorar: Empenhar-se mais nas aulas e avaliações.,Melhorar: Melhorar a sua entrega de lições de casa.,Melhorar: Integrar-se mais aos Princípios Passos Mágicos.,,1,,,Fase 3 (7º e 8º ano),,,3.5,,,5.0,,,3.8,,,12.0,,,3.8,,,4.934,,,False,Escola Pública,,,,,7.5,,,6.0,,,,,,4.8,,,2.7,,,Quartzo,,,False,3.0,,,Não atendido,,N,,
RA-623,Aluno-623,Masculino,2022,79.0,300.0,4.0,-2.0,-2.0,-1.0,Destaque: As suas boas notas na Passos Mágicos.,Destaque: A sua boa entrega das lições de casa.,Melhorar: Integrar-se mais aos Princípios Passos Mágicos.,EE Donizetti Aparecido Leite Professor,1,FASE 2,3U,Fase 3 (7º e 8º ano),Fase 4 (9° ano),Fase 4 (9° ano),7.5,10.0,8.334,5.0,5.0,5.0,8.3,7.3,4.0,13.0,14.0,15.0,9.0,9.5,7.3999999999999995,7.524,7.8307,6.357733333300001,False,Escola Pública,Pública,Pública,7.291666667,6.458333333,7.5,7.52,6.885,7.389,7.446666667,7.05,,,6.0,9.3,5.8,3.5,7.2,8.8,2.5,Ametista,Ametista,Ágata,False,3.0,3.0,3.0,Não atendido,Cursando,N,2M,3U
RA-624,Aluno-624,Masculino,2022,91.0,346.0,6.0,-1.0,-1.0,0.0,Melhorar: Empenhar-se mais nas aulas e avaliações.,Destaque: A sua boa entrega das lições de casa.,Destaque: A sua boa integração aos Princípios Passos Mágicos.,EM Cecilia Cristina de Oliveira Rodrigues,1,FASE 1,2L,Fase 2 (5º e 6º ano),Fase 2 (5° e 6° ano),Fase 2 (5° e 6° ano),9.0,9.0,8.002,5.0,5.0,10.0,6.8,8.6,4.0,10.0,,12.0,8.9,9.2,8.219461698,7.425,8.270825,7.229425672900001,False,Escola Pública,Pública,Pública,8.90625,7.916666667,7.5,7.52,7.51,7.722,8.39,7.213333333,,,,8.0,8.3,8.0,5.5,8.8,0.0,Ametista,Topázio,Ametista,False,3.0,3.0,3.0,Não atendido,Cursando,N,1K,2L
RA-625,Aluno-625,Masculino,2022,82.0,319.0,5.0,-1.0,,,Destaque: As suas boas notas na Passos Mágicos.,Destaque: A sua boa entrega das lições de casa.,Melhorar: Integrar-se mais aos Princípios Passos Mágicos.,,1,,,Fase 2 (5º e 6º ano),,,8.0,,,5.0,,,7.8,,,11.0,,,9.2,,,7.483,,,False,Escola Pública,,,,,7.5,,,7.333,,,,,,8.5,,,7.0,,,Ametista,,,False,3.0,,,Não atendido,,N,,
RA-626,Aluno-626,Masculino,2021,178.0,748.0,9.0,-1.0,-1.0,0.0,Melhorar: Empenhar-se mais nas aulas e avaliações.,Destaque: A sua boa entrega das lições de casa.,Melhorar: Integrar-se mais aos Princípios Passos Mágicos.,EE Donizetti Aparecido Leite Professor,1,FASE 2,3U,Fase 2 (5º e 6º ano),Fase 3 (7° e 8° ano),Fase 3 (7° e 8° ano),7.4,9.0,9.585,5.0,5.0,10.0,1.3,6.5,5.333333333333333,11.0,12.0,13.0,7.6,9.2,3.380451127666667,5.818,7.231033333,6.407590225500001,False,Escola Pública,Pública,Pública,7.291666667,7.291666667,7.5,4.39,6.885,7.278,7.613333333,6.443333333,,,7.0,2.5,4.7,5.5,0.0,8.3,3.5,Quartzo,Ametista,Ágata,False,3.0,3.0,3.0,Não atendido,Cursando,N,2M,3U
RA-627,Aluno-627,Feminino,2022,150.0,619.0,8.0,-1.0,,,Melhorar: Empenhar-se mais nas aulas e avaliações.,Melhorar: Melhorar a sua entrega de lições de casa.,Melhorar: Integrar-se mais aos Princípios Passos Mágicos.,,1,,,Fase 2 (5º e 6º ano),,,7.0,,,5.0,,,6.5,,,10.0,,,6.7,,,6.621,,,False,Escola Pública,,,,,7.5,,,7.0,,,,,,6.2,,,6.8,,,Ágata,,,False,3.0,,,Não atendido,,N,,
RA-628,Aluno-628,Masculino,2022,76.0,282.0,3.0,-1.0,-2.0,-1.0,Destaque: As suas boas notas na Passos Mágicos.,Destaque: A sua boa entrega das lições de casa.,Melhorar: Integrar-se mais aos Princípios Passos Mágicos.,EM Alfredo Schunk,1,FASE 1,2U,Fase 2 (5º e 6º ano),Fase 3 (7° e 8° ano),Fase 3 (7° e 8° ano),9.5,9.5,9.002,5.0,5.0,5.0,9.2,9.4,9.0,11.0,12.0,13.0,7.6,8.9,10.0,7.577,8.370325,8.2366166666,False,Escola Pública,Pública,Pública,8.28125,7.1875,7.5,7.52,7.51,7.333,8.45,7.833333333,,,,9.3,9.0,8.0,9.0,9.7,10.0,Ametista,Topázio,Topázio,False,3.0,3.0,3.0,Não atendido,Cursando,N,1K,2U
RA-629,Aluno-629,Feminino,2022,,,,,-1.0,0.0,,,,EM Cecilia Cristina de Oliveira Rodrigues,,FASE 1,2U,,Fase 2 (5° e 6° ano),Fase 2 (5° e 6° ano),,10.0,10.002,,5.0,10.0,,7.5,6.0,,10.0,11.0,,9.4,9.523809524,,8.013866667,8.061295238200001,,,Pública,Pública,7.916666667,7.5,,7.52,7.51,,7.95,7.276666667,,,,,7.0,6.0,,8.0,6.0,,Topázio,Topázio,,,3.0,3.0,,Cursando,,1L,2U
RA-629,Aluno-629,Masculino,2022,24.0,112.0,1.0,0.0,,,Melhorar: Empenhar-se mais nas aulas e avaliações.,Destaque: A sua boa entrega das lições de casa.,Melhorar: Integrar-se mais aos Princípios Passos Mágicos.,,1,,,Fase 1 (4º ano),,,9.0,,,10.0,,,7.0,,,9.0,,,10.0,,,8.11,,,False,Escola Pública,,,,,7.5,,,7.278,,,,,,5.0,,,9.0,,,Topázio,,,False,3.0,,,Não atendido,,N,,
RA-63,Aluno-63,Masculino,2018,8.0,64.0,2.0,-1.0,-1.0,,Destaque: As suas boas notas na Passos Mágicos.,Destaque: A sua boa entrega das lições de casa.,Destaque: A sua boa integração aos Princípios Passos Mágicos.,,5,FASE 6,,Fase 6 (2º EM),Fase 7 (3° EM),,8.3,6.7,,5.0,5.0,,8.7,8.7,,16.0,,,9.1,9.0,,8.282,8.0641,,False,Rede Decisão,Pública,,8.75,,8.8,6.89,,9.417,8.9675,,9.7,9.5,,8.2,9.3,,8.2,7.3,,Topázio,Topázio,,True,3.0,4.0,,Sem limitações,,B,6A,
RA-630,Aluno-630,Masculino,2022,30.0,127.0,2.0,0.0,-1.0,0.0,Melhorar: Empenhar-se mais nas aulas e avaliações.,Destaque: A sua boa entrega das lições de casa.,Melhorar: Integrar-se mais aos Princípios Passos Mágicos.,EE Maria André Schunck Dona,1,FASE 1,2L,Fase 1 (4º ano),Fase 2 (5° e 6° ano),Fase 2 (5° e 6° ano),9.5,9.0,0.0,10.0,5.0,10.0,7.3,5.7,5.75,9.0,10.0,11.0,9.2,8.6,8.4782608695,8.064,7.199991667,6.879985507300001,False,Escola Pública,Pública,Pública,8.28125,7.5,7.5,3.77,7.51,7.278,8.673333333,7.666666667,,,,6.5,4.2,6.0,8.0,7.2,5.5,Topázio,Ametista,Ágata,False,3.0,3.0,3.0,Não atendido,Cursando,N,1M,2L
RA-631,Aluno-631,Masculino,2022,133.0,515.0,7.0,-2.0,-1.0,0.0,Melhorar: Empenhar-se mais nas aulas e avaliações.,Melhorar: Melhorar a sua entrega de lições de casa.,Melhorar: Integrar-se mais aos Princípios Passos Mágicos.,EE Maria André Schunck Dona,1,FASE 2,3L,Fase 3 (7º e 8º ano),Fase 3 (7° e 8° ano),Fase 3 (7° e 8° ano),8.5,0.0,8.334,5.0,5.0,10.0,7.0,7.0,4.166666666666667,12.0,13.0,14.0,6.8,6.4,7.2122004356666665,6.928,5.954666667,6.795673420466667,False,Escola Pública,Pública,Pública,7.916666667,5.625,7.5,6.27,8.75,7.222,6.78,6.245,,,2.0,7.3,6.0,7.0,6.7,8.0,3.5,Ágata,Quartzo,Ágata,False,3.0,3.0,4.0,Não atendido,Cursando,N,2N,3L
RA-632,Aluno-632,Feminino,2022,129.0,489.0,9.0,-1.0,0.0,0.0,Melhorar: Empenhar-se mais nas aulas e avaliações.,Destaque: A sua boa entrega das lições de casa.,Melhorar: Integrar-se mais aos Princípios Passos Mágicos.,EE Maria André Schunck Dona,1,FASE 2,3P,Fase 2 (5º e 6º ano),Fase 2 (5° e 6° ano),Fase 3 (7° e 8° ano),8.5,4.7,7.917,5.0,10.0,10.0,6.3,7.4,4.166666666666667,10.0,11.0,12.0,9.3,9.1,8.999164578333334,6.996,7.8768,7.515491249000001,False,Escola Pública,Pública,Pública,8.333333333,8.28125,6.9,5.64,6.875,6.722,8.563333333,7.875,,,6.5,5.5,6.8,0.0,7.2,8.0,6.0,Ágata,Ametista,Ametista,False,3.0,3.0,4.0,Sem limitações,Cursando,P,2R,3P
RA-633,Aluno-633,Feminino,2020,84.0,325.0,5.0,-1.0,-1.0,,Destaque: As suas boas notas na Passos Mágicos.,Destaque: A sua boa entrega das lições de casa.,Destaque: A sua boa integração aos Princípios Passos Mágicos.,,1,FASE 2,,Fase 2 (5º e 6º ano),Fase 3 (7° e 8° ano),,7.3,1.7,,5.0,5.0,,7.7,7.2,,11.0,,,8.9,8.1,,7.476,6.6552,,False,Escola Pública,Pública,,8.541666667,,7.5,6.27,,7.833,7.286666667,,,,,6.8,5.3,,8.5,9.0,,Ametista,Ágata,,False,3.0,3.0,,Não atendido,,P,2R,
RA-633,Aluno-633,Feminino,2021,,,,,,0.0,,,,EE Maria André Schunck Dona,,,3P,,,Fase 3 (7° e 8° ano),,,4.584,,,10.0,,,3.3333333333333335,,,13.0,,,4.707017544,,,5.228470175466667,,,,Pública,,6.875,,,2.51,,,6.1175,,,0.0,,,4.0,,,6.0,,,Quartzo,,,,4.0,,Cursando,,,3P
RA-634,Aluno-634,Feminino,2022,69.0,267.0,4.0,-1.0,,,Melhorar: Empenhar-se mais nas aulas e avaliações.,Destaque: A sua boa entrega das lições de casa.,Destaque: A sua boa integração aos Princípios Passos Mágicos.,,1,,,Fase 2 (5º e 6º ano),,,9.5,,,5.0,,,6.5,,,11.0,,,9.4,,,7.619,,,False,Escola Pública,,,,,7.5,,,8.222,,,,,,8.0,,,5.0,,,Ametista,,,False,3.0,,,Não atendido,,P,,
RA-635,Aluno-635,Masculino,2022,184.0,802.0,14.0,-1.0,,,Melhorar: Empenhar-se mais nas aulas e avaliações.,Melhorar: Melhorar a sua entrega de lições de casa.,Melhorar: Integrar-se mais aos Princípios Passos Mágicos.,,1,,,Fase 2 (5º e 6º ano),,,10.0,,,5.0,,,1.5,,,10.0,,,4.9,,,5.313,,,False,Escola Pública,,,,,6.9,,,6.444,,,,,,0.5,,,2.5,,,Quartzo,,,False,3.0,,,Requer avaliação,,P,,
RA-636,Aluno-636,Masculino,2022,110.0,434.0,6.0,-1.0,-1.0,0.0,Melhorar: Empenhar-se mais nas aulas e avaliações.,Destaque: A sua boa entrega das lições de casa.,Melhorar: Integrar-se mais aos Princípios Passos Mágicos.,EE Donizetti Aparecido Leite Professor,1,FASE 1,2P,Fase 2 (5º e 6º ano),Fase 2 (5° e 6° ano),Fase 2 (5° e 6° ano),8.5,0.0,8.002,5.0,5.0,10.0,7.3,9.0,5.25,10.0,11.0,12.0,8.0,8.3,4.9043062200000005,7.189,6.836666667,6.3802279106,True,Escola Pública,Pública,Pública,8.333333333,6.875,6.9,5.64,7.51,7.389,7.446666667,5.553333333,,,,7.3,9.2,4.0,7.3,8.7,6.5,Ametista,Ágata,Ágata,False,3.0,3.0,3.0,Requer avaliação,Cursando,P,1R,2P
RA-637,Aluno-637,Feminino,2021,124.0,477.0,8.0,-1.0,-1.0,0.0,Melhorar: Empenhar-se mais nas aulas e avaliações.,Destaque: A sua boa entrega das lições de casa.,Melhorar: Integrar-se mais aos Princípios Passos Mágicos.,EE Donizetti Aparecido Leite Professor,1,FASE 1,2P,Fase 2 (5º e 6º ano),Fase 2 (5° e 6° ano),Fase 2 (5° e 6° ano),8.5,8.0,7.502,5.0,5.0,10.0,5.8,8.5,7.75,10.0,11.0,12.0,9.0,9.5,6.2272727275,7.039,8.109533333,7.6853212122,False,Escola Pública,Pública,Pública,8.333333333,8.333333333,7.5,7.52,7.51,7.0,8.17,7.776666667,,,,4.8,8.7,6.5,6.8,8.2,9.0,Ametista,Topázio,Ametista,False,3.0,3.0,3.0,Não atendido,Cursando,P,1R,2P
RA-638,Aluno-638,Feminino,2020,120.0,467.0,7.0,0.0,-1.0,,Melhorar: Empenhar-se mais nas aulas e avaliações.,Destaque: A sua boa entrega das lições de casa.,Melhorar: Integrar-se mais aos Princípios Passos Mágicos.,,1,FASE 1,,Fase 1 (4º ano),Fase 2 (5° e 6° ano),,8.5,9.0,,10.0,5.0,,3.9,6.5,,9.0,,,9.3,9.4,,7.059,7.754866667,,False,Escola Pública,Pública,,8.333333333,,7.5,7.52,,6.278,7.946666667,,,,,2.0,6.8,,5.8,6.2,,Ametista,Ametista,,False,3.0,3.0,,Não atendido,,P,1R,
RA-638,Aluno-638,Feminino,2021,,,,,,0.0,,,,EE Donizetti Aparecido Leite Professor,,,2P,,,Fase 2 (5° e 6° ano),,,8.502,,,10.0,,,5.0,,,11.0,,,5.7272727275,,,6.7464878789,,,,Pública,,8.125,,,7.51,,,5.936666667,,,,,,4.0,,,6.0,,,Ágata,,,,3.0,,Cursando,,,2P
RA-639,Aluno-639,Feminino,2021,151.0,622.0,12.0,-1.0,0.0,0.0,Melhorar: Empenhar-se mais nas aulas e avaliações.,Melhorar: Melhorar a sua entrega de lições de casa.,Melhorar: Integrar-se mais aos Princípios Passos Mágicos.,EE Maria André Schunck Dona,1,FASE 2,3P,Fase 2 (5º e 6º ano),Fase 2 (5° e 6° ano),Fase 3 (7° e 8° ano),8.5,7.4,7.917,5.0,10.0,10.0,5.5,6.3,3.8333333333333335,10.0,11.0,12.0,7.4,8.1,5.278195488666667,6.613,7.5853,5.7693807644,False,Escola Pública,Pública,Pública,8.125,6.71875,7.5,6.27,2.51,6.611,7.62,6.1625,,,6.0,3.2,4.8,1.0,7.8,7.8,4.5,Ágata,Ametista,Quartzo,False,3.0,3.0,4.0,Não atendido,Cursando,P,2R,3P
RA-64,Aluno-64,Feminino,2019,,,,,-1.0,,,,,,,FASE 6,,,Fase 7 (3° EM),,,7.5,,,5.0,,,6.7,,,,,,9.2,,,7.452541667,,,,Privada - Programa de Apadrinhamento,,7.34375,,,6.89,,,7.9625,,,7.2,,,7.0,,,6.0,,,Ametista,,,,4.0,,,,,6A,
RA-64,Aluno-64,Feminino,2021,,,,,,0.0,,,,Colégio Arco Íris Evolução,,,7A,,,Fase 7 (3° EM),,,10.002,,,10.0,,,8.166666666666666,,,18.0,,,8.980785296666667,,,8.743607059266667,,,,Privada - Programa de Apadrinhamento,,8.4375,,,8.135,,,8.283333333,,,10.0,,,8.0,,,6.5,,,Topázio,,,,3.0,,Cursando,,,7A
RA-64,Aluno-64,Masculino,2019,23.0,372.0,9.0,-1.0,,,Melhorar: Empenhar-se mais nas aulas e avaliações.,Destaque: A sua boa entrega das lições de casa.,Destaque: A sua boa integração aos Princípios Passos Mágicos.,,5,,,Fase 6 (2º EM),,,7.1,,,5.0,,,7.5,,,16.0,,,8.1,,,7.368,,,True,Escola Pública,,,,,8.1,,,8.25,,,9.4,,,4.8,,,8.2,,,Ametista,,,False,3.0,,,Sem limitações,,B,,
RA-640,Aluno-640,Feminino,2022,141.0,577.0,11.0,-1.0,-2.0,,Melhorar: Empenhar-se mais nas aulas e avaliações.,Destaque: A sua boa entrega das lições de casa.,Melhorar: Integrar-se mais aos Princípios Passos Mágicos.,,1,FASE 1,,Fase 2 (5º e 6º ano),Fase 3 (7° e 8° ano),,9.0,0.0,,5.0,5.0,,4.8,4.9,,11.0,12.0,,8.4,7.3,,6.73,6.1105,,False,Escola Pública,Pública,,7.291666667,,7.5,7.52,,6.778,8.446666667,,,,,2.5,4.0,,7.0,5.8,,Ágata,Ágata,,False,3.0,3.0,,Não atendido,,P,1P,
RA-641,Aluno-641,Feminino,2022,53.0,210.0,2.0,0.0,,,Melhorar: Empenhar-se mais nas aulas e avaliações.,Destaque: A sua boa entrega das lições de casa.,Melhorar: Integrar-se mais aos Princípios Passos Mágicos.,,1,,,Fase 1 (4º ano),,,9.0,,,10.0,,,6.5,,,9.0,,,9.3,,,7.776,,,False,Escola Pública,,,,,7.5,,,6.778,,,,,,4.5,,,8.5,,,Ametista,,,False,3.0,,,Não atendido,,P,,
RA-642,Aluno-642,Feminino,2021,55.0,216.0,3.0,-1.0,0.0,0.0,Melhorar: Empenhar-se mais nas aulas e avaliações.,Destaque: A sua boa entrega das lições de casa.,Destaque: A sua boa integração aos Princípios Passos Mágicos.,EE Maria André Schunck Dona,1,FASE 2,3P,Fase 2 (5º e 6º ano),Fase 2 (5° e 6° ano),Fase 3 (7° e 8° ano),10.0,9.5,9.585,5.0,10.0,10.0,7.3,6.5,4.0,10.0,,12.0,9.7,9.2,9.149206349333333,7.75,8.416866667,7.082591269866667,False,Escola Pública,Pública,Pública,8.75,7.1875,6.9,6.27,3.76,7.778,9.173333333,6.9975,,,5.0,7.0,5.7,2.0,7.7,7.2,5.0,Ametista,Topázio,Ametista,False,3.0,3.0,4.0,Sem limitações,Cursando,P,2R,3P
RA-643,Aluno-643,Masculino,2022,139.0,565.0,10.0,-1.0,-1.0,-1.0,Melhorar: Empenhar-se mais nas aulas e avaliações.,Destaque: A sua boa entrega das lições de casa.,Melhorar: Integrar-se mais aos Princípios Passos Mágicos.,EE Donizetti Aparecido Leite Professor,1,FASE 1,2P,Fase 2 (5º e 6º ano),Fase 2 (5° e 6° ano),Fase 3 (7° e 8° ano),9.0,9.5,9.002,5.0,5.0,5.0,6.2,7.1,4.5,10.0,,12.0,8.0,8.2,6.8660287085,6.763,7.389033333,6.402239075100001,False,Escola Pública,Pública,Pública,6.041666667,8.125,7.5,7.52,7.51,6.722,7.613333333,5.826666667,,,,6.3,7.0,3.0,6.0,7.2,6.0,Ágata,Ametista,Ágata,False,3.0,3.0,3.0,Não atendido,Cursando,P,1P,2P
RA-644,Aluno-644,Feminino,2021,45.0,195.0,1.0,-1.0,-1.0,,Destaque: As suas boas notas na Passos Mágicos.,Destaque: A sua boa entrega das lições de casa.,Destaque: A sua boa integração aos Princípios Passos Mágicos.,,1,FASE 2,,Fase 2 (5º e 6º ano),Fase 3 (7° e 8° ano),,9.5,10.0,,5.0,5.0,,8.8,5.9,,11.0,,,8.0,5.6,,7.83,6.897033333,,True,Escola Pública,Pública,,8.541666667,,7.5,7.52,,8.278,7.503333333,,,,,9.7,4.0,,8.0,7.7,,Ametista,Ágata,,False,3.0,3.0,,Não atendido,,P,2P,
RA-645,Aluno-645,Feminino,2022,170.0,711.0,13.0,-1.0,-1.0,0.0,Melhorar: Empenhar-se mais nas aulas e avaliações.,Destaque: A sua boa entrega das lições de casa.,Melhorar: Integrar-se mais aos Princípios Passos Mágicos.,EE Donizetti Aparecido Leite Professor,1,FASE 1,2P,Fase 2 (5º e 6º ano),Fase 2 (5° e 6° ano),Fase 2 (5° e 6° ano),8.5,9.0,7.418,5.0,5.0,10.0,2.0,7.3,5.25,10.0,11.0,12.0,8.1,8.5,8.3863636365,6.086,7.613033333,7.502239394,False,Escola Pública,Pública,Pública,8.125,7.708333333,7.5,6.27,7.51,6.833,8.116666667,7.556666667,,,,4.0,6.5,3.0,0.0,8.0,7.5,Ágata,Ametista,Ametista,False,3.0,3.0,3.0,Requer avaliação,Cursando,P,1R,2P
RA-646,Aluno-646,Masculino,2019,20.0,90.0,1.0,-2.0,-1.0,,Destaque: As suas boas notas na Passos Mágicos.,Destaque: A sua boa entrega das lições de casa.,Destaque: A sua boa integração aos Princípios Passos Mágicos.,,1,FASE 2,,Fase 3 (7º e 8º ano),Fase 3 (7° e 8° ano),,8.5,10.0,,5.0,5.0,,8.4,8.4,,13.0,13.0,,9.8,8.9,,8.181,8.3547,,True,Escola Pública,Pública,,8.958333333,,8.1,7.52,,8.389,8.783333333,,,,,8.8,8.2,,8.0,8.5,,Topázio,Topázio,,True,3.0,3.0,,Não atendido,,R,2P,
RA-646,Aluno-646,Masculino,2021,,,,,,-1.0,,,,EE Donizetti Aparecido Leite Professor,,,3P,,,Fase 4 (9° ano),,,10.002,,,5.0,,,6.166666666666667,,,14.0,,,9.266666666666667,,,7.715491666666668,,,,Pública,,8.28125,,,7.51,,,7.7475,,,5.0,,,9.0,,,4.5,,,Ametista,,,,4.0,,Cursando,,,3P
RA-647,Aluno-647,Feminino,2022,,,,,-1.0,,,,,,,FASE 1,,,Fase 2 (5° e 6° ano),,,7.3,,,5.0,,,5.2,,,,,,8.7,,,7.100566667,,,,Privada - Programa de Apadrinhamento,,7.708333333,,,6.27,,,8.446666667,,,,,,4.7,,,5.7,,,Ametista,,,,3.0,,,,,1P,
RA-647,Aluno-647,Masculino,2022,152.0,624.0,12.0,-1.0,,,Melhorar: Empenhar-se mais nas aulas e avaliações.,Destaque: A sua boa entrega das lições de casa.,Melhorar: Integrar-se mais aos Princípios Passos Mágicos.,,1,,,Fase 2 (5º e 6º ano),,,9.5,,,5.0,,,3.3,,,10.0,,,8.6,,,6.606,,,False,Escola Pública,,,,,7.5,,,7.278,,,,,,1.5,,,5.2,,,Ágata,,,False,3.0,,,Não atendido,,R,,
RA-648,Aluno-648,Masculino,2019,140.0,574.0,10.0,-2.0,,,Melhorar: Empenhar-se mais nas aulas e avaliações.,Melhorar: Melhorar a sua entrega de lições de casa.,Destaque: A sua boa integração aos Princípios Passos Mágicos.,,1,,,Fase 3 (7º e 8º ano),,,9.0,,,5.0,,,5.3,,,12.0,,,7.5,,,6.736,,,False,Escola Pública,,,,,6.9,,,7.5,,,,,,5.0,,,5.5,,,Ágata,,,False,3.0,,,Sem limitações,,R,,
RA-649,Aluno-649,Feminino,2019,103.0,393.0,8.0,-2.0,-1.0,,Melhorar: Empenhar-se mais nas aulas e avaliações.,Destaque: A sua boa entrega das lições de casa.,Destaque: A sua boa integração aos Princípios Passos Mágicos.,,1,FASE 2,,Fase 3 (7º e 8º ano),Fase 3 (7° e 8° ano),,8.5,9.0,,5.0,5.0,,7.4,6.5,,12.0,,,8.9,9.3,,7.302,7.579533333,,False,Escola Pública,Pública,,8.75,,5.6,3.77,,7.611,8.836666667,,,,,6.3,3.8,,8.5,9.2,,Ametista,Ametista,,False,3.0,3.0,,Requer avaliação,,R,2P,
RA-649,Aluno-649,Feminino,2021,,,,,,0.0,,,,EE Paschoal Carlos Magno,,,3R,,,Fase 3 (7° e 8° ano),,,8.751,,,10.0,,,3.6666666666666665,,,14.0,,,6.004481792666667,,,6.985329691766667,,,,Pública,,8.333333333,,,8.76,,,7.333333333,,,1.5,,,5.5,,,4.0,,,Ágata,,,,3.0,,Cursando,,,3R
RA-65,Aluno-65,Feminino,2022,13.0,232.0,6.0,-2.0,,,Destaque: As suas boas notas na Passos Mágicos.,Destaque: A sua boa entrega das lições de casa.,Destaque: A sua boa integração aos Princípios Passos Mágicos.,,5,,,Fase 7 (3º EM),,,8.3,,,5.0,,,9.3,,,17.0,,,7.7,,,7.712,,,True,Escola Pública,,,,,7.5,,,7.875,,,9.5,,,9.0,,,9.5,,,Ametista,,,False,3.0,,,Não atendido,,B,,
RA-650,Aluno-650,Feminino,2021,127.0,486.0,9.0,-1.0,,,Melhorar: Empenhar-se mais nas aulas e avaliações.,Destaque: A sua boa entrega das lições de casa.,Destaque: A sua boa integração aos Princípios Passos Mágicos.,,1,,,Fase 2 (5º e 6º ano),,,6.9,,,5.0,,,6.9,,,11.0,,,8.7,,,7.004,,,False,Escola Pública,,,,,5.6,,,7.5,,,,,,5.5,,,8.3,,,Ágata,,,False,3.0,,,Sem limitações,,R,,
RA-651,Aluno-651,Feminino,2022,40.0,180.0,5.0,-1.0,0.0,1.0,Destaque: As suas boas notas na Passos Mágicos.,Destaque: A sua boa entrega das lições de casa.,Destaque: A sua boa integração aos Princípios Passos Mágicos.,EE Mario Francisco de Amorim,1,FASE 2,3K,Fase 2 (5º e 6º ano),Fase 2 (5° e 6° ano),Fase 2 (5° e 6° ano),8.5,0.0,9.168,5.0,10.0,10.0,7.8,9.3,7.5,10.0,,12.0,9.3,8.2,10.0,7.866,7.332,8.689300000100001,True,Escola Pública,Pública,Pública,8.75,8.541666667,7.5,3.77,7.51,8.333,7.95,8.336666667,,,6.5,7.7,9.8,10.0,7.8,8.7,6.0,Ametista,Ametista,Topázio,False,3.0,3.0,3.0,Não atendido,Cursando,R,2P,3K
RA-652,Aluno-652,Feminino,2022,22.0,98.0,2.0,0.0,-1.0,0.0,Destaque: As suas boas notas na Passos Mágicos.,Destaque: A sua boa entrega das lições de casa.,Destaque: A sua boa integração aos Princípios Passos Mágicos.,EE Donizetti Aparecido Leite Professor,1,FASE 1,2P,Fase 1 (4º ano),Fase 2 (5° e 6° ano),Fase 2 (5° e 6° ano),8.0,9.0,8.002,10.0,5.0,10.0,7.8,7.0,5.5,9.0,,11.0,9.6,9.4,6.931818182000001,8.151,7.871033333,7.361896969700001,False,Escola Pública,Pública,Pública,8.125,7.916666667,7.5,6.89,7.51,7.5,8.446666667,7.663333333,,,,7.0,6.2,4.5,8.5,7.8,6.5,Topázio,Ametista,Ametista,False,3.0,3.0,3.0,Não atendido,Cursando,R,1P,2P
RA-653,Aluno-653,Feminino,2022,25.0,115.0,3.0,-1.0,-1.0,0.0,Destaque: As suas boas notas na Passos Mágicos.,Destaque: A sua boa entrega das lições de casa.,Destaque: A sua boa integração aos Princípios Passos Mágicos.,EE Donizetti Aparecido Leite Professor,1,FASE 2,3R,Fase 2 (5º e 6º ano),Fase 3 (7° e 8° ano),Fase 3 (7° e 8° ano),9.5,0.0,8.751,5.0,5.0,10.0,9.3,7.9,5.166666666666667,11.0,12.0,13.0,9.6,9.8,9.537254901999999,8.101,7.385666667,8.103217647033333,False,Escola Pública,Pública,Pública,9.166666667,8.333333333,7.5,6.27,8.76,7.5,9.06,7.89,,,4.5,9.5,7.7,6.5,9.0,8.0,4.5,Topázio,Ametista,Topázio,False,3.0,3.0,3.0,Não atendido,Cursando,R,2P,3R
RA-654,Aluno-654,Feminino,2022,99.0,384.0,7.0,-2.0,,,Melhorar: Empenhar-se mais nas aulas e avaliações.,Destaque: A sua boa entrega das lições de casa.,Destaque: A sua boa integração aos Princípios Passos Mágicos.,,1,,,Fase 3 (7º e 8º ano),,,8.5,,,5.0,,,6.8,,,12.0,,,8.6,,,7.308,,,False,Escola Pública,,,,,7.5,,,7.556,,,,,,5.5,,,8.0,,,Ametista,,,False,3.0,,,Não atendido,,R,,
RA-655,Aluno-655,Feminino,2019,50.0,206.0,6.0,-2.0,-1.0,,Destaque: As suas boas notas na Passos Mágicos.,Destaque: A sua boa entrega das lições de casa.,Destaque: A sua boa integração aos Princípios Passos Mágicos.,,1,FASE 2,,Fase 3 (7º e 8º ano),Fase 3 (7° e 8° ano),,7.5,7.4,,5.0,5.0,,8.3,8.3,,12.0,13.0,,9.2,9.9,,7.785,8.3198,,True,Escola Pública,Pública,,9.166666667,,7.5,7.52,,8.389,8.896666667,,,,,8.3,7.2,,8.2,9.3,,Ametista,Topázio,,True,3.0,3.0,,Não atendido,,R,2P,
RA-655,Aluno-655,Feminino,2021,,,,,,0.0,,,,EE Donizetti Aparecido Leite Professor,,,3R,,,Fase 3 (7° e 8° ano),,,7.501,,,10.0,,,6.833333333333333,,,14.0,,,10.0,,,8.238600000066668,,,,Pública,,8.125,,,8.76,,,7.166666667,,,8.5,,,8.0,,,4.0,,,Topázio,,,,3.0,,Cursando,,,3R
RA-656,Aluno-656,Feminino,2020,146.0,606.0,11.0,-1.0,-1.0,,Melhorar: Empenhar-se mais nas aulas e avaliações.,Melhorar: Melhorar a sua entrega de lições de casa.,Destaque: A sua boa integração aos Princípios Passos Mágicos.,,1,FASE 2,,Fase 2 (5º e 6º ano),Fase 3 (7° e 8° ano),,7.4,0.0,,5.0,5.0,,6.3,7.3,,11.0,12.0,,7.5,8.9,,6.652,6.780833333,,False,Escola Pública,Pública,,8.541666667,,5.6,7.52,,7.5,7.173333333,,,,,5.0,5.8,,7.5,8.8,,Ágata,Ágata,,False,3.0,3.0,,Requer avaliação,,R,2P,
RA-656,Aluno-656,Feminino,2021,,,,,,0.0,,,,EE Donizetti Aparecido Leite Professor,,,3R,,,Fase 3 (7° e 8° ano),,,9.168,,,10.0,,,4.166666666666667,,,13.0,,,5.978431372666667,,,6.668152941266667,,,,Pública,,7.5,,,7.51,,,6.106666667,,,4.0,,,5.0,,,3.5,,,Ágata,,,,3.0,,Cursando,,,3R
RA-657,Aluno-657,Feminino,2021,26.0,117.0,4.0,-2.0,-1.0,0.0,Destaque: As suas boas notas na Passos Mágicos.,Destaque: A sua boa entrega das lições de casa.,Destaque: A sua boa integração aos Princípios Passos Mágicos.,EE Donizetti Aparecido Leite Professor,1,FASE 2,3R,Fase 3 (7º e 8º ano),Fase 3 (7° e 8° ano),Fase 3 (7° e 8° ano),9.5,8.5,8.751,5.0,5.0,10.0,9.0,8.2,7.5,12.0,,13.0,9.8,10.0,9.6,8.093,8.3532,8.207433333400001,False,Escola Pública,Pública,Pública,8.75,8.125,7.5,7.52,6.885,7.5,8.73,7.056666667,,,10.0,9.0,7.0,8.0,9.0,9.3,4.5,Topázio,Topázio,Topázio,False,3.0,3.0,3.0,Não atendido,Cursando,R,2P,3R
RA-658,Aluno-658,Feminino,2022,93.0,357.0,7.0,-1.0,0.0,1.0,Melhorar: Empenhar-se mais nas aulas e avaliações.,Destaque: A sua boa entrega das lições de casa.,Destaque: A sua boa integração aos Princípios Passos Mágicos.,EM Cecilia Cristina de Oliveira Rodrigues,1,FASE 2,3M,Fase 2 (5º e 6º ano),Fase 2 (5° e 6° ano),Fase 2 (5° e 6° ano),10.0,9.5,8.751,5.0,10.0,10.0,5.6,6.1,3.6666666666666665,10.0,10.0,12.0,9.3,9.5,10.0,7.407,8.438533333,7.507033333333333,False,Escola Pública,Pública,Pública,7.916666667,7.375,7.5,7.52,8.135,7.917,9.173333333,6.738,,,3.0,4.7,5.3,5.5,6.5,6.8,2.5,Ametista,Topázio,Ametista,False,2.0,3.0,5.0,Não atendido,Cursando,U,2U,3M
RA-659,Aluno-659,Feminino,2022,51.0,208.0,3.0,-1.0,,,Destaque: As suas boas notas na Passos Mágicos.,Destaque: A sua boa entrega das lições de casa.,Destaque: A sua boa integração aos Princípios Passos Mágicos.,,1,,,Fase 2 (5º e 6º ano),,,8.0,,,5.0,,,9.3,,,10.0,,,7.8,,,7.783,,,False,Escola Pública,,,,,7.5,,,8.333,,,,,,9.5,,,9.0,,,Ametista,,,False,2.0,,,Não atendido,,U,,
RA-66,Aluno-66,Feminino,2022,50.0,768.0,15.0,-2.0,,,Melhorar: Empenhar-se mais nas aulas e avaliações.,Melhorar: Melhorar a sua entrega de lições de casa.,Melhorar: Integrar-se mais aos Princípios Passos Mágicos.,,5,,,Fase 7 (3º EM),,,7.5,,,5.0,,,4.5,,,17.0,,,5.6,,,5.665,,,False,Escola Pública,,,,,7.5,,,5.917,,,,,,3.0,,,6.0,,,Quartzo,,,False,3.0,,,Não atendido,,B,,
RA-660,Aluno-660,Feminino,2021,7.0,50.0,1.0,0.0,,,Melhorar: Empenhar-se mais nas aulas e avaliações.,Destaque: A sua boa entrega das lições de casa.,Destaque: A sua boa integração aos Princípios Passos Mágicos.,,1,,,Fase 1 (4º ano),,,9.5,,,10.0,,,6.9,,,9.0,,,9.0,,,8.363,,,False,Escola Pública,,,,,7.5,,,9.083,,,,,,5.8,,,8.0,,,Topázio,,,True,2.0,,,Não atendido,,U,,
RA-661,Aluno-661,Masculino,2022,72.0,274.0,4.0,-1.0,0.0,,Destaque: As suas boas notas na Passos Mágicos.,Destaque: A sua boa entrega das lições de casa.,Destaque: A sua boa integração aos Princípios Passos Mágicos.,,1,FASE 2,,Fase 2 (5º e 6º ano),Fase 2 (5° e 6° ano),,9.0,0.0,,5.0,10.0,,7.8,6.5,,11.0,,,8.3,7.7,,7.593,6.846333333,,False,Escola Pública,Pública,,7.5,,7.5,6.89,,7.917,7.836666667,,,,,8.3,4.3,,7.3,8.7,,Ametista,Ágata,,False,2.0,3.0,,Não atendido,,U,2M,
RA-662,Aluno-662,Feminino,2022,122.0,473.0,9.0,-1.0,-1.0,0.0,Melhorar: Empenhar-se mais nas aulas e avaliações.,Destaque: A sua boa entrega das lições de casa.,Melhorar: Integrar-se mais aos Princípios Passos Mágicos.,EM Cecilia Cristina de Oliveira Rodrigues,1,FASE 2,3M,Fase 2 (5º e 6º ano),Fase 3 (7° e 8° ano),Fase 3 (7° e 8° ano),9.0,6.8,7.917,5.0,5.0,10.0,6.8,6.7,4.166666666666667,11.0,12.0,13.0,8.8,7.6,7.6107226106666666,7.044,6.733566667,7.1074778554666675,False,Escola Pública,Pública,Pública,7.291666667,7.625,7.5,6.27,7.51,6.083,6.72,7.234,,,3.0,5.7,4.3,4.5,7.8,9.0,5.0,Ametista,Ágata,Ametista,False,2.0,3.0,5.0,Não atendido,Cursando,U,2U,3M
RA-663,Aluno-663,Masculino,2022,161.0,665.0,11.0,-1.0,-1.0,-1.0,Melhorar: Empenhar-se mais nas aulas e avaliações.,Destaque: A sua boa entrega das lições de casa.,Melhorar: Integrar-se mais aos Princípios Passos Mágicos.,EE Maria André Schunck Dona,1,FASE 1,2L,Fase 2 (5º e 6º ano),Fase 2 (5° e 6° ano),Fase 3 (7° e 8° ano),6.9,6.9,8.502,5.0,5.0,5.0,5.8,7.0,6.5,10.0,11.0,12.0,8.7,7.4,7.0910973085,6.376,6.969133333,6.696419461700001,False,Escola Pública,Pública,Pública,6.666666667,6.875,7.5,7.52,5.625,5.25,7.393333333,6.89,,,,5.0,6.7,6.0,6.5,7.3,7.0,Ágata,Ágata,Ágata,False,2.0,3.0,3.0,Não atendido,Cursando,U,1L,2L
RA-664,Aluno-664,Feminino,2022,105.0,405.0,8.0,-1.0,-1.0,0.0,Melhorar: Empenhar-se mais nas aulas e avaliações.,Destaque: A sua boa entrega das lições de casa.,Melhorar: Integrar-se mais aos Princípios Passos Mágicos.,EE Donizetti Aparecido Leite Professor,1,FASE 1,2N,Fase 2 (5º e 6º ano),Fase 2 (5° e 6° ano),Fase 2 (5° e 6° ano),9.5,9.0,9.002,5.0,5.0,10.0,6.3,8.0,5.75,10.0,11.0,12.0,8.8,9.6,6.7734553775,7.277,8.0872,7.5017244089,False,Escola Pública,Pública,Pública,7.916666667,8.125,7.5,7.52,7.51,7.167,8.116666667,7.666666667,,,,5.0,8.0,3.0,7.5,8.0,8.5,Ametista,Topázio,Ametista,False,2.0,3.0,3.0,Não atendido,Cursando,U,1L,2N
RA-665,Aluno-665,Feminino,2022,128.0,488.0,10.0,-1.0,-1.0,-1.0,Melhorar: Empenhar-se mais nas aulas e avaliações.,Melhorar: Melhorar a sua entrega de lições de casa.,Melhorar: Integrar-se mais aos Princípios Passos Mágicos.,EE Donizetti Aparecido Leite Professor,1,FASE 1,2M,Fase 2 (5º e 6º ano),Fase 2 (5° e 6° ano),Fase 3 (7° e 8° ano),9.0,9.5,8.334,5.0,5.0,5.0,6.8,5.2,4.75,11.0,,12.0,7.4,4.9,5.068181818,6.996,6.185658333,5.698703030200001,False,Escola Pública,Pública,Pública,8.28125,7.5,7.5,2.52,5.63,7.25,8.226666667,5.443333333,,,,6.5,5.0,3.0,7.0,5.3,6.5,Ágata,Ágata,Quartzo,False,2.0,3.0,3.0,Não atendido,Cursando,U,1M,2M
RA-666,Aluno-666,Masculino,2022,39.0,160.0,2.0,-1.0,0.0,0.0,Destaque: As suas boas notas na Passos Mágicos.,Destaque: A sua boa entrega das lições de casa.,Destaque: A sua boa integração aos Princípios Passos Mágicos.,EE Maria André Schunck Dona,1,FASE 2,3L,Fase 2 (5º e 6º ano),Fase 2 (5° e 6° ano),Fase 3 (7° e 8° ano),9.5,9.5,10.002,5.0,10.0,10.0,7.8,7.1,7.166666666666667,10.0,,12.0,9.1,9.1,7.881527348,7.929,8.720366667,8.185838802933334,False,Escola Pública,Pública,Pública,8.541666667,7.5,7.5,7.52,7.51,8.833,9.62,8.375,,,6.0,8.0,6.7,10.0,7.5,7.5,5.5,Ametista,Topázio,Topázio,True,2.0,3.0,4.0,Não atendido,Cursando,U,2U,3L
RA-667,Aluno-667,Masculino,2021,177.0,747.0,12.0,-1.0,-1.0,0.0,Melhorar: Empenhar-se mais nas aulas e avaliações.,Melhorar: Melhorar a sua entrega de lições de casa.,Melhorar: Integrar-se mais aos Princípios Passos Mágicos.,EM Cecilia Cristina de Oliveira Rodrigues,1,FASE 2,3M,Fase 2 (5º e 6º ano),Fase 3 (7° e 8° ano),Fase 3 (7° e 8° ano),8.5,9.0,9.168,5.0,5.0,10.0,4.5,5.2,4.666666666666667,11.0,12.0,13.0,5.6,6.9,7.038986354666666,5.844,6.774866667,7.177130604266668,False,Escola Pública,Pública,Pública,7.083333333,7.75,7.5,6.89,7.51,5.833,7.836666667,6.966,,,4.0,3.7,3.0,5.5,5.3,7.3,4.5,Quartzo,Ágata,Ametista,False,2.0,3.0,5.0,Não atendido,Cursando,U,2U,3M
RA-668,Aluno-668,Masculino,2022,192.0,845.0,13.0,-1.0,-1.0,,Melhorar: Empenhar-se mais nas aulas e avaliações.,Melhorar: Melhorar a sua entrega de lições de casa.,Melhorar: Integrar-se mais aos Princípios Passos Mágicos.,,1,FASE 2,,Fase 2 (5º e 6º ano),Fase 3 (7° e 8° ano),,6.9,6.3,,5.0,5.0,,2.8,3.4,,11.0,12.0,,3.3,6.3,,4.365,6.017933333,,False,Escola Pública,Pública,,6.875,,7.5,7.52,,3.75,7.616666667,,,,,2.8,2.7,,2.8,4.0,,Quartzo,Ágata,,False,2.0,3.0,,Não atendido,,U,2K,
RA-669,Aluno-669,Masculino,2022,85.0,326.0,5.0,-1.0,0.0,0.0,Melhorar: Empenhar-se mais nas aulas e avaliações.,Destaque: A sua boa entrega das lições de casa.,Destaque: A sua boa integração aos Princípios Passos Mágicos.,EE Maria André Schunck Dona,1,FASE 2,3K,Fase 2 (5º e 6º ano),Fase 2 (5° e 6° ano),Fase 3 (7° e 8° ano),9.0,8.5,7.5,5.0,10.0,10.0,6.0,5.0,5.333333333333333,11.0,11.0,12.0,9.7,7.8,4.851851851666666,7.475,7.345033333,6.6438703703,False,Escola Pública,Pública,Pública,7.708333333,7.291666667,7.5,7.52,7.51,7.833,7.06,6.883333333,,,5.0,5.0,3.3,5.0,7.0,6.7,6.0,Ametista,Ametista,Ágata,False,2.0,3.0,3.0,Não atendido,Cursando,U,2U,3K
RA-67,Aluno-67,Feminino,2019,56.0,812.0,6.0,-1.0,,,Melhorar: Empenhar-se mais nas aulas e avaliações.,Melhorar: Melhorar a sua entrega de lições de casa.,Melhorar: Integrar-se mais aos Princípios Passos Mágicos.,,5,,,Fase 6 (2º EM),,,5.8,,,5.0,,,3.6,,,16.0,,,3.0,,,5.195,,,False,Escola Pública,,,,,7.5,,,6.889,,,3.5,,,3.0,,,4.2,,,Quartzo,,,False,4.0,,,Não atendido,,C,,
RA-670,Aluno-670,Feminino,2022,88.0,335.0,6.0,-1.0,0.0,1.0,Melhorar: Empenhar-se mais nas aulas e avaliações.,Destaque: A sua boa entrega das lições de casa.,Destaque: A sua boa integração aos Princípios Passos Mágicos.,Colégio Arco Íris Evolução,1,FASE 2,3U,Fase 2 (5º e 6º ano),Fase 2 (5° e 6° ano),Fase 2 (5° e 6° ano),8.0,9.5,9.585,5.0,10.0,10.0,6.9,7.0,8.666666666666666,10.0,,12.0,8.8,8.7,9.441269841333334,7.451,8.6067,8.8602539683,False,Escola Pública,Pública,Privada - Programa de Apadrinhamento,8.958333333,8.958333333,7.5,7.52,7.51,8.167,9.343333333,8.166666667,,,10.0,6.5,5.8,9.0,7.3,8.2,7.0,Ametista,Topázio,Topázio,False,2.0,3.0,3.0,Não atendido,Cursando,U,2U,3U
RA-671,Aluno-671,Masculino,2021,75.0,269.0,4.0,-1.0,-2.0,,Destaque: As suas boas notas na Passos Mágicos.,Destaque: A sua boa entrega das lições de casa.,Melhorar: Integrar-se mais aos Princípios Passos Mágicos.,,0,ALFA,,Fase 1 (4º ano),Fase 2 (5° e 6° ano),,8.5,7.9,,5.0,5.0,,8.8,7.8,,9.0,,,8.2,8.3,,7.617,6.5143,,False,Escola Pública,Pública,,5.625,,8.1,3.14,,7.417,5.68,,,,,8.8,8.0,,8.8,7.5,,Ametista,Ágata,,False,2.0,2.0,,Sem limitações,,A,ALFA G - G2/G3,
RA-672,Aluno-672,Feminino,2021,96.0,323.0,6.0,-1.0,-2.0,-1.0,Destaque: As suas boas notas na Passos Mágicos.,Destaque: A sua boa entrega das lições de casa.,Melhorar: Integrar-se mais aos Princípios Passos Mágicos.,EM Etelvina Delfim Simões,0,ALFA,1H,Fase 1 (4º ano),Fase 2 (5° e 6° ano),Fase 2 (5° e 6° ano),8.5,7.9,7.918,5.0,5.0,5.0,8.8,6.4,0.0,9.0,10.0,11.0,8.5,9.5,3.9525691700000003,7.48,6.5623,4.2118138341,False,Escola Pública,Pública,Pública,5.625,6.041666667,8.1,2.52,6.26,6.75,6.43,4.496666667,,,,8.5,6.0,0.0,9.1,6.7,0.0,Ametista,Ágata,Quartzo,False,2.0,2.0,3.0,Não atendido,Cursando,A,ALFA J - G2/G3,1H
RA-673,Aluno-673,Feminino,2022,2.0,21.0,1.0,0.0,,,Destaque: As suas boas notas na Passos Mágicos.,Destaque: A sua boa entrega das lições de casa.,Destaque: A sua boa integração aos Princípios Passos Mágicos.,,0,,,ALFA  (2º e 3º ano),,,8.5,,,10.0,,,9.2,,,8.0,,,9.2,,,8.65,,,True,Escola Pública,,,,,8.1,,,8.583,,,,,,9.4,,,8.9,,,Topázio,,,True,2.0,,,Não atendido,,A,,
RA-674,Aluno-674,Masculino,2022,50.0,181.0,3.0,0.0,-1.0,,Destaque: As suas boas notas na Passos Mágicos.,Destaque: A sua boa entrega das lições de casa.,Melhorar: Integrar-se mais aos Princípios Passos Mágicos.,,0,ALFA,,ALFA  (2º e 3º ano),Fase 1 (3° e 4° ano),,9.5,7.9,,10.0,5.0,,8.0,5.2,,8.0,9.0,,8.7,8.5,,7.862,6.6328,,False,Escola Pública,Pública,,5.0,,8.1,3.77,,6.333,8.67,,,,,8.9,5.3,,7.0,5.0,,Ametista,Ágata,,False,2.0,2.0,,Sem limitações,,A,ALFA T - G2/G3,
RA-675,Aluno-675,Masculino,2022,79.0,284.0,5.0,0.0,0.0,,Melhorar: Empenhar-se mais nas aulas e avaliações.,Melhorar: Melhorar a sua entrega de lições de casa.,Melhorar: Integrar-se mais aos Princípios Passos Mágicos.,,0,ALFA,,ALFA  (2º e 3º ano),ALFA (1° e 2° ano),,10.0,10.0,,10.0,10.0,,7.4,8.3,,8.0,,,6.6,8.0,,7.576,8.3577,,True,Escola Pública,Pública,,6.875,,8.1,7.52,,7.083,8.34,,,,,8.8,8.5,,5.9,8.0,,Ametista,Topázio,,False,2.0,2.0,,Não atendido,,A,ALFA D - G2/G3,
RA-676,Aluno-676,Masculino,2021,44.0,165.0,2.0,-1.0,,,Destaque: As suas boas notas na Passos Mágicos.,Destaque: A sua boa entrega das lições de casa.,Destaque: A sua boa integração aos Princípios Passos Mágicos.,,0,,,Fase 1 (4º ano),,,8.5,,,5.0,,,9.3,,,9.0,,,8.6,,,7.911,,,True,Escola Pública,,,,,8.1,,,8.167,,,,,,9.5,,,9.1,,,Ametista,,,False,2.0,,,Não atendido,,A,,
RA-677,Aluno-677,Feminino,2021,13.0,52.0,1.0,0.0,-1.0,,Melhorar: Empenhar-se mais nas aulas e avaliações.,Destaque: A sua boa entrega das lições de casa.,Destaque: A sua boa integração aos Princípios Passos Mágicos.,,0,ALFA,,ALFA  (2º e 3º ano),Fase 1 (3° e 4° ano),,10.0,10.0,,10.0,5.0,,7.3,8.7,,8.0,9.0,,9.4,8.2,,8.358,8.5257,,False,Escola Pública,Pública,,6.875,,7.5,10.0,,8.583,9.84,,,,,7.7,9.0,,6.8,8.3,,Topázio,Topázio,,True,2.0,2.0,,Não atendido,,B,ALFA T - G2/G3,
RA-678,Aluno-678,Masculino,2022,40.0,143.0,2.0,-1.0,-1.0,,Melhorar: Empenhar-se mais nas aulas e avaliações.,Destaque: A sua boa entrega das lições de casa.,Destaque: A sua boa integração aos Princípios Passos Mágicos.,,0,FASE 1,,Fase 1 (4º ano),Fase 2 (5° e 6° ano),,9.0,8.0,,5.0,5.0,,7.3,7.3,,9.0,10.0,,10.0,8.8,,8.0,7.570158333,,False,Escola Pública,Pública,,7.65625,,6.9,6.27,,9.5,8.336666667,,,,,7.5,6.8,,7.0,7.7,,Ametista,Ametista,,True,2.0,3.0,,Sem limitações,,B,1B,
RA-679,Aluno-679,Masculino,2020,129.0,441.0,6.0,-2.0,-1.0,,Melhorar: Empenhar-se mais nas aulas e avaliações.,Destaque: A sua boa entrega das lições de casa.,Destaque: A sua boa integração aos Princípios Passos Mágicos.,,0,FASE 1,,Fase 2 (5º e 6º ano),Fase 2 (5° e 6° ano),,9.0,7.5,,5.0,5.0,,6.3,3.6,,10.0,11.0,,8.2,7.5,,7.172,6.138366667,,False,Escola Pública,Pública,,6.875,,7.5,5.02,,7.833,7.393333333,,,,,6.7,2.0,,5.8,5.2,,Ametista,Ágata,,False,2.0,3.0,,Sem limitações,,B,1J,
RA-68,Aluno-68,Masculino,2019,40.0,653.0,2.0,-1.0,,,Melhorar: Empenhar-se mais nas aulas e avaliações.,Melhorar: Melhorar a sua entrega de lições de casa.,Destaque: A sua boa integração aos Princípios Passos Mágicos.,,5,,,Fase 6 (2º EM),,,8.3,,,5.0,,,4.0,,,16.0,,,6.0,,,6.438,,,True,Escola Pública,,,,,7.5,,,7.944,,,2.7,,,4.7,,,4.8,,,Ágata,,,False,4.0,,,Não atendido,,C,,
RA-680,Aluno-680,Feminino,2019,85.0,302.0,4.0,-2.0,-1.0,,Melhorar: Empenhar-se mais nas aulas e avaliações.,Destaque: A sua boa entrega das lições de casa.,Destaque: A sua boa integração aos Princípios Passos Mágicos.,,0,FASE 1,,Fase 2 (5º e 6º ano),Fase 2 (5° e 6° ano),,9.5,0.0,,5.0,5.0,,7.4,6.4,,10.0,,,8.8,9.1,,7.518,6.5855,,False,Escola Pública,Pública,,6.875,,7.5,7.52,,7.75,7.78,,,,,8.0,5.2,,6.8,7.5,,Ametista,Ágata,,False,2.0,3.0,,Não atendido,,B,1B,
RA-680,Aluno-680,Feminino,2021,,,,,,-1.0,,,,EE Leonice de Aquino Oliveira,,,2A,,,Fase 3 (7° e 8° ano),,,0.0,,,5.0,,,3.0,,,12.0,,,6.6428571430000005,,,4.9800714287000005,,,,Pública,,6.666666667,,,5.635,,,6.606666667,,,,,,2.5,,,3.5,,,Quartzo,,,,3.0,,Cursando,,,2A
RA-681,Aluno-681,Masculino,2022,128.0,427.0,5.0,-2.0,-2.0,-1.0,Melhorar: Empenhar-se mais nas aulas e avaliações.,Destaque: A sua boa entrega das lições de casa.,Destaque: A sua boa integração aos Princípios Passos Mágicos.,João Friaza Colégio,0,ALFA,1C,Fase 2 (5º e 6º ano),Fase 2 (5° e 6° ano),Fase 2 (5° e 6° ano),8.5,0.0,9.502,5.0,5.0,5.0,6.5,8.3,2.5,10.0,10.0,11.0,8.5,7.8,7.840909091,7.204,6.2955,6.0398818182000005,False,Escola Pública,Pública,Privada,5.625,5.625,6.9,3.77,6.26,8.0,8.18,6.665,,,,6.5,8.8,5.0,6.5,7.8,0.0,Ametista,Ágata,Ágata,False,2.0,2.0,2.0,Requer avaliação,Cursando,B,ALFA E - G2/G3,1C
RA-682,Aluno-682,Masculino,2022,74.0,262.0,3.0,-2.0,,,Melhorar: Empenhar-se mais nas aulas e avaliações.,Destaque: A sua boa entrega das lições de casa.,Destaque: A sua boa integração aos Princípios Passos Mágicos.,,0,,,Fase 2 (5º e 6º ano),,,9.5,,,5.0,,,7.0,,,11.0,,,9.1,,,7.625,,,False,Escola Pública,,,,,7.5,,,8.083,,,,,,7.0,,,7.0,,,Ametista,,,False,2.0,,,Não atendido,,B,,
RA-683,Aluno-683,Masculino,2022,180.0,728.0,3.0,-2.0,,,Melhorar: Empenhar-se mais nas aulas e avaliações.,Melhorar: Melhorar a sua entrega de lições de casa.,Destaque: A sua boa integração aos Princípios Passos Mágicos.,,0,,,Fase 2 (5º e 6º ano),,,7.9,,,5.0,,,4.0,,,10.0,,,5.0,,,6.011,,,False,Escola Pública,,,,,7.5,,,8.083,,,,,,8.0,,,0.0,,,Ágata,,,False,2.0,,,Não atendido,,C,,
RA-684,Aluno-684,Masculino,2022,19.0,72.0,1.0,0.0,0.0,0.0,Destaque: As suas boas notas na Passos Mágicos.,Melhorar: Melhorar a sua entrega de lições de casa.,Destaque: A sua boa integração aos Princípios Passos Mágicos.,Recanto Betânia Centro Educacional,0,ALFA,1C,ALFA  (2º e 3º ano),ALFA (1° e 2° ano),Fase 1 (3° e 4° ano),9.5,9.0,10.002,10.0,10.0,10.0,9.3,6.5,4.25,7.0,8.0,9.0,7.5,8.1,9.090909091,8.26,7.4277,7.769381818200001,False,Escola Pública,Privada,Privada,6.875,7.5,8.1,7.52,7.51,7.917,5.84,8.0,,,,9.0,8.3,2.5,9.6,4.7,6.0,Topázio,Ametista,Ametista,False,2.0,2.0,2.0,Não atendido,Cursando,C,ALFA D - G2/G3,1C
RA-685,Aluno-685,Masculino,2022,152.0,533.0,2.0,-1.0,,,Destaque: As suas boas notas na Passos Mágicos.,Melhorar: Melhorar a sua entrega de lições de casa.,Destaque: A sua boa integração aos Princípios Passos Mágicos.,,0,,,Fase 1 (4º ano),,,9.0,,,5.0,,,8.0,,,9.0,,,6.2,,,6.864,,,False,Escola Pública,,,,,5.0,,,7.833,,,,,,8.0,,,8.0,,,Ágata,,,False,2.0,,,Não indicado,,C,,
RA-686,Aluno-686,Feminino,2022,62.0,227.0,5.0,-1.0,-1.0,0.0,Destaque: As suas boas notas na Passos Mágicos.,Destaque: A sua boa entrega das lições de casa.,Destaque: A sua boa integração aos Princípios Passos Mágicos.,EE Joaquim Mendes Feliz,0,FASE 1,2C,Fase 1 (4º ano),Fase 2 (5° e 6° ano),Fase 2 (5° e 6° ano),7.5,8.5,8.002,5.0,5.0,10.0,8.8,8.0,7.25,9.0,10.0,11.0,8.6,9.0,8.7857142855,7.729,7.9642,8.040259523700001,False,Escola Pública,Pública,Pública,7.5,8.4375,8.1,7.52,6.885,8.083,8.56,7.503333333,,,,9.2,7.3,5.0,8.5,8.7,9.5,Ametista,Ametista,Topázio,False,2.0,3.0,3.0,Sem limitações,Cursando,D,1C,2C
RA-687,Aluno-687,Masculino,2022,63.0,233.0,6.0,-1.0,-1.0,0.0,Destaque: As suas boas notas na Passos Mágicos.,Destaque: A sua boa entrega das lições de casa.,Destaque: A sua boa integração aos Princípios Passos Mágicos.,EE Paschoal Carlos Magno,0,FASE 1,2D,Fase 1 (4º ano),Fase 2 (5° e 6° ano),Fase 2 (5° e 6° ano),8.5,8.0,7.502,5.0,5.0,10.0,8.3,6.9,7.25,9.0,10.0,11.0,9.0,9.0,9.2355889725,7.703,7.617533333,8.2739844611,False,Escola Pública,Pública,Pública,7.5,8.75,8.1,7.52,7.51,8.0,8.226666667,8.003333333,,,,9.0,6.7,6.5,7.5,7.0,8.0,Ametista,Ametista,Topázio,False,2.0,3.0,3.0,Sem limitações,Cursando,D,1A,2D
RA-688,Aluno-688,Masculino,2022,56.0,212.0,4.0,-1.0,-1.0,0.0,Destaque: As suas boas notas na Passos Mágicos.,Destaque: A sua boa entrega das lições de casa.,Destaque: A sua boa integração aos Princípios Passos Mágicos.,EE Dom Pedro Villas Boas de Souza,0,FASE 1,2B,Fase 1 (4º ano),Fase 2 (5° e 6° ano),Fase 2 (5° e 6° ano),8.5,8.5,9.502,5.0,5.0,10.0,7.9,8.6,7.5,9.0,10.0,11.0,9.7,9.3,10.0,7.771,8.0442,8.986533333300002,False,Escola Pública,Pública,Pública,7.5,8.333333333,7.5,7.52,8.13,7.917,8.06,9.45,,,,8.0,8.2,6.0,7.8,9.0,9.0,Ametista,Topázio,Topázio,False,2.0,3.0,3.0,Sem limitações,Cursando,D,1A,2B
RA-689,Aluno-689,Feminino,2022,172.0,655.0,9.0,-1.0,,,Melhorar: Empenhar-se mais nas aulas e avaliações.,Destaque: A sua boa entrega das lições de casa.,Melhorar: Integrar-se mais aos Princípios Passos Mágicos.,,0,,,Fase 1 (4º ano),,,7.4,,,5.0,,,5.8,,,9.0,,,7.9,,,6.433,,,False,Escola Pública,,,,,5.6,,,6.667,,,,,,6.0,,,5.5,,,Ágata,,,False,2.0,,,Requer avaliação,,D,,
RA-69,Aluno-69,Masculino,2018,47.0,756.0,3.0,-1.0,,,Melhorar: Empenhar-se mais nas aulas e avaliações.,Melhorar: Melhorar a sua entrega de lições de casa.,Melhorar: Integrar-se mais aos Princípios Passos Mágicos.,,5,,,Fase 6 (2º EM),,,8.3,,,5.0,,,2.5,,,16.0,,,6.1,,,5.718,,,False,Escola Pública,,,,,7.5,,,6.167,,,0.3,,,4.7,,,2.6,,,Quartzo,,,False,4.0,,,Sem limitações,,C,,
RA-690,Aluno-690,Feminino,2022,83.0,294.0,8.0,-1.0,-2.0,-1.0,Melhorar: Empenhar-se mais nas aulas e avaliações.,Destaque: A sua boa entrega das lições de casa.,Melhorar: Integrar-se mais aos Princípios Passos Mágicos.,EE Dom Pedro Villas Boas de Souza,0,ALFA,1E,Fase 1 (4º ano),Fase 2 (5° e 6° ano),Fase 2 (5° e 6° ano),9.5,9.0,7.918,5.0,5.0,5.0,7.0,9.1,6.25,9.0,,11.0,9.5,9.8,8.409090909,7.541,8.6112,7.3853681818000005,False,Escola Pública,Pública,Pública,7.5,8.4375,7.5,6.89,7.51,7.417,10.01,7.835,,,,7.2,9.3,7.5,6.8,8.8,5.0,Ametista,Topázio,Ametista,False,2.0,2.0,2.0,Requer avaliação,Cursando,D,ALFA D - G2/G3,1E
RA-691,Aluno-691,Feminino,2022,1.0,16.0,1.0,0.0,,,Destaque: As suas boas notas na Passos Mágicos.,Destaque: A sua boa entrega das lições de casa.,Destaque: A sua boa integração aos Princípios Passos Mágicos.,,0,,,ALFA  (2º e 3º ano),,,10.0,,,10.0,,,9.4,,,8.0,,,9.2,,,8.68,,,False,Escola Pública,,,,,8.1,,,7.917,,,,,,9.6,,,9.3,,,Topázio,,,False,2.0,,,Sem limitações,,D,,
RA-692,Aluno-692,Feminino,2021,80.0,285.0,7.0,-1.0,-1.0,,Melhorar: Empenhar-se mais nas aulas e avaliações.,Destaque: A sua boa entrega das lições de casa.,Destaque: A sua boa integração aos Princípios Passos Mágicos.,,0,FASE 1,,Fase 1 (4º ano),Fase 2 (5° e 6° ano),,9.5,7.4,,5.0,5.0,,6.9,4.6,,9.0,10.0,,8.9,7.7,,7.569,6.588466667,,False,Escola Pública,Privada,,6.666666667,,8.1,7.52,,7.917,7.39,,,,,7.0,2.8,,6.8,6.3,,Ametista,Ágata,,False,2.0,3.0,,Sem limitações,,D,1C,
RA-693,Aluno-693,Feminino,2022,43.0,158.0,3.0,0.0,0.0,0.0,Melhorar: Empenhar-se mais nas aulas e avaliações.,Destaque: A sua boa entrega das lições de casa.,Destaque: A sua boa integração aos Princípios Passos Mágicos.,EE Dom Pedro Villas Boas de Souza,0,ALFA,1C,ALFA  (2º e 3º ano),ALFA (1° e 2° ano),Fase 1 (3° e 4° ano),9.5,10.0,10.002,10.0,10.0,10.0,5.7,8.5,8.0,7.0,,9.0,9.8,9.4,9.5227272725,7.944,9.0112,8.9079954545,False,Escola Pública,Pública,Pública,7.5,7.8125,8.1,6.89,9.38,7.667,10.01,8.42,,,,5.0,8.2,8.0,6.3,8.7,8.0,Ametista,Topázio,Topázio,False,2.0,2.0,2.0,Sem limitações,Cursando,D,ALFA D - G2/G3,1C
RA-694,Aluno-694,Masculino,2022,11.0,49.0,2.0,0.0,,,Destaque: As suas boas notas na Passos Mágicos.,Destaque: A sua boa entrega das lições de casa.,Destaque: A sua boa integração aos Princípios Passos Mágicos.,,0,,,ALFA  (2º e 3º ano),,,10.0,,,10.0,,,8.1,,,8.0,,,9.0,,,8.378,,,False,Escola Pública,,,,,8.1,,,7.917,,,,,,8.2,,,8.0,,,Topázio,,,False,2.0,,,Sem limitações,,D,,
RA-695,Aluno-695,Feminino,2021,189.0,849.0,5.0,0.0,,,Melhorar: Empenhar-se mais nas aulas e avaliações.,Melhorar: Melhorar a sua entrega de lições de casa.,Melhorar: Integrar-se mais aos Princípios Passos Mágicos.,,0,,,ALFA  (2º e 3º ano),,,9.0,,,10.0,,,2.5,,,8.0,,,3.1,,,4.28,,,False,Escola Pública,,,,,7.5,,,2.5,,,,,,2.2,,,2.8,,,Quartzo,,,False,2.0,,,Sem limitações,,E,,
RA-696,Aluno-696,Feminino,2021,98.0,338.0,2.0,-1.0,0.0,0.0,Melhorar: Empenhar-se mais nas aulas e avaliações.,Destaque: A sua boa entrega das lições de casa.,Destaque: A sua boa integração aos Princípios Passos Mágicos.,EE Dom Pedro Villas Boas de Souza,0,FASE 1,2B,Fase 1 (4º ano),Fase 1 (3° e 4° ano),Fase 2 (5° e 6° ano),8.5,0.0,7.418,5.0,10.0,10.0,6.6,6.7,5.25,9.0,,10.0,9.0,9.4,7.845238095,7.441,7.172666667,7.482680952299999,False,Escola Pública,Pública,Pública,7.5,7.708333333,7.5,5.02,7.51,8.167,8.503333333,8.0,,,,6.5,5.2,5.0,6.7,8.2,5.5,Ametista,Ametista,Ametista,False,2.0,3.0,3.0,Sem limitações,Cursando,E,1A,2B
RA-697,Aluno-697,Masculino,2021,67.0,246.0,1.0,-2.0,,,Destaque: As suas boas notas na Passos Mágicos.,Destaque: A sua boa entrega das lições de casa.,Destaque: A sua boa integração aos Princípios Passos Mágicos.,,0,,,Fase 2 (5º e 6º ano),,,7.0,,,5.0,,,8.4,,,11.0,,,9.3,,,7.675,,,False,Escola Pública,,,,,7.5,,,8.083,,,,,,8.8,,,8.0,,,Ametista,,,False,2.0,,,Sem limitações,,E,,
RA-698,Aluno-698,Masculino,2021,99.0,339.0,3.0,-1.0,0.0,0.0,Destaque: As suas boas notas na Passos Mágicos.,Destaque: A sua boa entrega das lições de casa.,Destaque: A sua boa integração aos Princípios Passos Mágicos.,EE Dom Pedro Villas Boas de Souza,0,FASE 1,2A,Fase 1 (4º ano),Fase 1 (3° e 4° ano),Fase 2 (5° e 6° ano),9.0,8.5,9.002,5.0,10.0,10.0,8.1,5.7,4.5,9.0,9.0,10.0,9.8,9.9,8.3214285715,7.44,7.553616667,7.3363190476,False,Escola Pública,Pública,Pública,7.1875,7.291666667,2.5,2.52,6.88,8.083,8.113333333,7.273333333,,,,8.0,4.3,3.0,8.2,7.0,6.0,Ametista,Ametista,Ametista,False,2.0,3.0,3.0,Requer avaliação,Cursando,E,1B,2A
RA-699,Aluno-699,Masculino,2022,165.0,603.0,4.0,-1.0,-1.0,-1.0,Melhorar: Empenhar-se mais nas aulas e avaliações.,Destaque: A sua boa entrega das lições de casa.,Melhorar: Integrar-se mais aos Princípios Passos Mágicos.,EE Dom Pedro Villas Boas de Souza,0,FASE 1,1A,Fase 1 (4º ano),Fase 2 (5° e 6° ano),Fase 2 (5° e 6° ano),5.2,8.5,6.334,5.0,5.0,5.0,7.1,6.0,6.5,9.0,10.0,11.0,9.2,8.3,7.727272727000001,6.658,6.389991667,6.427771212000001,False,Escola Pública,Pública,Pública,5.78125,6.5625,7.5,3.77,6.26,6.0,6.173333333,5.833333333,,,,7.5,5.7,7.0,6.7,6.2,6.0,Ágata,Ágata,Ágata,False,2.0,3.0,3.0,Sem limitações,Cursando,E,1A,1A
RA-7,Aluno-7,Masculino,2017,11.0,550.0,5.0,-1.0,0.0,,Destaque: As suas boas notas na Passos Mágicos.,Destaque: A sua boa entrega das lições de casa.,Destaque: A sua boa integração aos Princípios Passos Mágicos.,,7,FASE 8,,Fase 8 (Universitários),Fase 8 (Universitários),,0.0,,,5.0,10.0,,7.6,,,18.0,,,8.4,,,6.818,,,False,Rede Decisão,Privada *Parcerias com Bolsa 100%,,,,7.5,,,7.667,,,9.0,,,8.2,,,5.7,,,Ágata,,,False,4.0,,,Sem limitações,,A,8E,
RA-7,Aluno-7,Masculino,2021,,,,,,0.0,,,,Universidade Santo Amaro (UNISA),,,8E,,,Fase 8 (Universitários),,,,,,10.0,,,,,,20.0,,,0.0,,,,,,,Privada *Parcerias com Bolsa 100%,,,,,,,,,,,,,,,,,,,,,,,,0.0,,Cursando,,,8E
RA-70,Aluno-70,Feminino,2017,48.0,757.0,4.0,-1.0,-2.0,,Melhorar: Empenhar-se mais nas aulas e avaliações.,Melhorar: Melhorar a sua entrega de lições de casa.,Melhorar: Integrar-se mais aos Princípios Passos Mágicos.,,5,FASE 5,,Fase 6 (2º EM),Fase 7 (3° EM),,8.8,9.2,,5.0,5.0,,2.9,4.3,,16.0,17.0,,6.6,9.2,,5.712,6.869133333,,False,Escola Pública,Pública,,7.5,,5.0,5.0,,6.111,7.545,,0.2,6.3,,5.7,3.0,,2.9,3.5,,Quartzo,Ágata,,False,4.0,4.0,,Sem limitações,,C,5C,
RA-700,Aluno-700,Feminino,2022,60.0,224.0,2.0,-1.0,-1.0,-1.0,Destaque: As suas boas notas na Passos Mágicos.,Destaque: A sua boa entrega das lições de casa.,Melhorar: Integrar-se mais aos Princípios Passos Mágicos.,EM Maria Ignez Concelles Irma Ines,0,ALFA,1G,Fase 1 (4º ano),Fase 1 (3° e 4° ano),Fase 2 (5° e 6° ano),9.0,9.5,8.502,5.0,5.0,5.0,9.2,7.8,5.25,9.0,9.0,11.0,8.7,9.7,9.564393939,7.738,8.2852,7.005745454500001,False,Escola Pública,Pública,Pública,6.25,7.291666667,7.5,7.52,5.635,7.083,9.84,7.0,,,,9.2,7.5,5.0,9.2,8.0,5.5,Ametista,Topázio,Ametista,False,2.0,2.0,3.0,Não atendido,Cursando,F,ALFA J - G2/G3,1G
RA-701,Aluno-701,Masculino,2021,57.0,215.0,1.0,-2.0,-2.0,,Destaque: As suas boas notas na Passos Mágicos.,Destaque: A sua boa entrega das lições de casa.,Melhorar: Integrar-se mais aos Princípios Passos Mágicos.,,0,ALFA,,Fase 2 (5º e 6º ano),Fase 2 (5° e 6° ano),,9.0,9.5,,5.0,5.0,,8.7,7.2,,10.0,,,9.3,9.9,,7.755,7.3982,,False,Escola Pública,Pública,,6.25,,7.5,3.77,,7.417,7.68,,,,,8.7,7.3,,8.7,7.0,,Ametista,Ametista,,False,2.0,2.0,,Não indicado,,F,ALFA J - G2/G3,
RA-702,Aluno-702,Feminino,2022,110.0,366.0,5.0,0.0,-1.0,-2.0,Melhorar: Empenhar-se mais nas aulas e avaliações.,Destaque: A sua boa entrega das lições de casa.,Melhorar: Integrar-se mais aos Princípios Passos Mágicos.,EM Maria Ignez Concelles Irma Ines,0,ALFA,ALFA,ALFA  (2º e 3º ano),Fase 1 (3° e 4° ano),Fase 2 (5° e 6° ano),10.0,10.0,9.002,10.0,5.0,5.0,6.8,9.3,9.25,8.0,,10.0,8.6,10.0,9.75,7.387,8.239866667,7.665116666600001,False,Escola Pública,Pública,Pública,7.5,7.8125,5.0,5.63,2.51,7.0,7.833333333,7.163333333,,,,7.0,9.3,10.0,6.7,9.3,8.5,Ametista,Topázio,Ametista,False,2.0,2.0,3.0,Não indicado,Cursando,F,ALFA F - G0/G1,ALFA G - G2/G3
RA-703,Aluno-703,Masculino,2021,177.0,710.0,9.0,-2.0,-2.0,,Melhorar: Empenhar-se mais nas aulas e avaliações.,Melhorar: Melhorar a sua entrega de lições de casa.,Melhorar: Integrar-se mais aos Princípios Passos Mágicos.,,0,ALFA,,Fase 2 (5º e 6º ano),Fase 2 (5° e 6° ano),,7.5,9.5,,5.0,5.0,,5.1,4.6,,10.0,11.0,,7.4,8.4,,6.099,6.2737,,False,Escola Pública,Pública,,6.875,,5.0,3.14,,6.833,6.16,,,,,5.3,4.8,,4.8,4.3,,Ágata,Ágata,,False,2.0,2.0,,Não indicado,,F,ALFA T - G2/G3,
RA-704,Aluno-704,Masculino,2022,160.0,572.0,7.0,-2.0,-2.0,-1.0,Melhorar: Empenhar-se mais nas aulas e avaliações.,Destaque: A sua boa entrega das lições de casa.,Melhorar: Integrar-se mais aos Princípios Passos Mágicos.,EE João Ortiz Rodrigues,0,ALFA,1H,Fase 2 (5º e 6º ano),Fase 2 (5° e 6° ano),Fase 2 (5° e 6° ano),9.0,10.0,7.502,5.0,5.0,5.0,7.2,6.1,6.5,10.0,,12.0,8.6,9.9,8.646245059,6.741,6.8297,6.8121156785000005,False,Escola Pública,Pública,Pública,5.625,6.458333333,5.0,3.14,5.635,6.583,6.265,6.616666667,,,,7.7,6.5,6.0,6.6,5.7,7.0,Ágata,Ágata,Ágata,False,2.0,2.0,3.0,Não atendido,Cursando,F,ALFA J - G2/G3,1H
RA-705,Aluno-705,Masculino,2022,168.0,614.0,8.0,-2.0,-2.0,-1.0,Melhorar: Empenhar-se mais nas aulas e avaliações.,Melhorar: Melhorar a sua entrega de lições de casa.,Melhorar: Integrar-se mais aos Princípios Passos Mágicos.,EE João Ortiz Rodrigues,0,ALFA,1H,Fase 2 (5º e 6º ano),Fase 2 (5° e 6° ano),Fase 2 (5° e 6° ano),9.5,0.0,9.002,5.0,5.0,5.0,7.1,8.8,3.5,10.0,10.0,12.0,6.2,8.3,6.4285714285,6.634,6.982,5.294247619100001,False,Escola Pública,Pública,Pública,7.5,5.625,7.5,6.89,5.005,6.333,8.165,4.226666667,,,,7.0,8.9,2.0,7.2,8.6,5.0,Ágata,Ágata,Quartzo,False,2.0,2.0,3.0,Não atendido,Cursando,F,ALFA V - G0/G1,1H
RA-706,Aluno-706,Feminino,2021,69.0,252.0,4.0,-2.0,-2.0,0.0,Destaque: As suas boas notas na Passos Mágicos.,Melhorar: Melhorar a sua entrega de lições de casa.,Destaque: A sua boa integração aos Princípios Passos Mágicos.,EE João Ortiz Rodrigues,0,ALFA,2G,Fase 2 (5º e 6º ano),Fase 2 (5° e 6° ano),Fase 2 (5° e 6° ano),9.5,9.0,0.0,5.0,5.0,10.0,9.1,7.3,3.25,10.0,,11.0,6.7,7.8,7.1428571430000005,7.659,7.1527,5.8701964286,False,Escola Pública,Pública,Pública,6.875,7.65625,7.5,4.39,6.26,8.417,8.08,7.0,,,,9.1,6.7,3.0,9.1,7.8,3.5,Ametista,Ametista,Quartzo,True,2.0,2.0,4.0,Não atendido,Cursando,F,ALFA G - G2/G3,2G
RA-707,Aluno-707,Feminino,2020,64.0,241.0,3.0,-2.0,-1.0,,Destaque: As suas boas notas na Passos Mágicos.,Destaque: A sua boa entrega das lições de casa.,Destaque: A sua boa integração aos Princípios Passos Mágicos.,,0,FASE 1,,Fase 2 (5º e 6º ano),Fase 2 (5° e 6° ano),,10.0,0.0,,5.0,5.0,,8.5,6.5,,10.0,,,8.1,9.8,,7.679,6.518,,False,Escola Pública,Pública,,7.916666667,,6.9,3.77,,8.083,7.946666667,,,,,8.8,5.5,,8.2,7.5,,Ametista,Ágata,,False,2.0,3.0,,Não atendido,,F,1H,
RA-707,Aluno-707,Feminino,2021,,,,,,-1.0,,,,EE João Ortiz Rodrigues,,,2G,,,Fase 3 (7° e 8° ano),,,7.917,,,5.0,,,6.5,,,12.0,,,7.7236842105,,,6.4975618421000005,,,,Pública,,6.40625,,,4.375,,,6.415,,,,,,7.0,,,6.0,,,Ágata,,,,4.0,,Cursando,,,2G
RA-708,Aluno-708,Masculino,2022,117.0,400.0,6.0,-1.0,-1.0,,Melhorar: Empenhar-se mais nas aulas e avaliações.,Destaque: A sua boa entrega das lições de casa.,Destaque: A sua boa integração aos Princípios Passos Mágicos.,,0,ALFA,,Fase 1 (4º ano),Fase 1 (3° e 4° ano),,8.0,0.0,,5.0,5.0,,7.3,9.2,,9.0,9.0,,8.4,9.8,,7.282,7.5105,,False,Escola Pública,Pública,,8.125,,7.5,7.52,,7.583,8.28,,,,,7.1,8.8,,7.6,9.5,,Ametista,Ametista,,False,2.0,2.0,,Não atendido,,F,ALFA F - G0/G1,
RA-709,Aluno-709,Feminino,2022,186.0,801.0,10.0,-2.0,-2.0,-1.0,Melhorar: Empenhar-se mais nas aulas e avaliações.,Melhorar: Melhorar a sua entrega de lições de casa.,Melhorar: Integrar-se mais aos Princípios Passos Mágicos.,EE João Ortiz Rodrigues,0,ALFA,1H,Fase 2 (5º e 6º ano),Fase 2 (5° e 6° ano),Fase 2 (5° e 6° ano),9.5,10.0,7.418,5.0,5.0,5.0,2.3,4.9,6.0,10.0,11.0,12.0,3.5,7.9,7.994071146,5.313,6.6927,6.833780895800001,False,Escola Pública,Pública,Pública,5.625,6.875,7.5,7.52,7.51,7.083,6.59,6.773333333,,,,2.3,5.5,6.0,2.3,4.3,6.0,Quartzo,Ágata,Ágata,False,2.0,2.0,3.0,Não atendido,Cursando,F,ALFA G - G2/G3,1H
RA-71,Aluno-71,Feminino,2019,58.0,846.0,8.0,-2.0,-2.0,,Melhorar: Empenhar-se mais nas aulas e avaliações.,Melhorar: Melhorar a sua entrega de lições de casa.,Melhorar: Integrar-se mais aos Princípios Passos Mágicos.,,5,FASE 6,,Fase 7 (3º EM),Fase 8 (Universitários),,7.9,6.7,,5.0,5.0,,1.2,6.6,,17.0,,,2.0,9.8,,4.332,7.3651,,False,Escola Pública,Pública,,7.5,,7.5,6.26,,5.833,7.7125,,0.0,7.0,,1.3,7.3,,2.2,5.5,,Quartzo,Ametista,,False,4.0,4.0,,Não atendido,,C,6A,
RA-710,Aluno-710,Masculino,2020,116.0,398.0,5.0,-2.0,-1.0,,Melhorar: Empenhar-se mais nas aulas e avaliações.,Destaque: A sua boa entrega das lições de casa.,Destaque: A sua boa integração aos Princípios Passos Mágicos.,,0,FASE 1,,Fase 2 (5º e 6º ano),Fase 2 (5° e 6° ano),,9.5,9.5,,5.0,5.0,,6.9,6.5,,10.0,,,8.9,9.0,,7.285,7.0582,,False,Escola Pública,Pública,,7.083333333,,5.0,3.77,,8.0,7.113333333,,,,,7.0,5.7,,6.8,7.3,,Ametista,Ametista,,False,2.0,3.0,,Não atendido,,G,1J,
RA-710,Aluno-710,Masculino,2021,,,,,,-1.0,,,,EE João Ortiz Rodrigues,,,2G,,,Fase 3 (7° e 8° ano),,,9.168,,,5.0,,,6.75,,,12.0,,,8.170995671,,,7.0366241342,,,,Pública,,7.65625,,,5.625,,,6.5375,,,,,,8.0,,,5.5,,,Ametista,,,,4.0,,Cursando,,,2G
RA-711,Aluno-711,Masculino,2022,178.0,721.0,11.0,-1.0,,,Melhorar: Empenhar-se mais nas aulas e avaliações.,Destaque: A sua boa entrega das lições de casa.,Melhorar: Integrar-se mais aos Princípios Passos Mágicos.,,0,,,Fase 1 (4º ano),,,9.0,,,5.0,,,3.5,,,9.0,,,7.9,,,6.04,,,False,Escola Pública,,,,,6.3,,,6.0,,,,,,4.0,,,3.0,,,Ágata,,,False,2.0,,,Não atendido,,G,,
RA-712,Aluno-712,Masculino,2019,179.0,725.0,12.0,-2.0,-2.0,,Destaque: As suas boas notas na Passos Mágicos.,Melhorar: Melhorar a sua entrega de lições de casa.,Melhorar: Integrar-se mais aos Princípios Passos Mágicos.,,0,FASE 1,,Fase 2 (5º e 6º ano),Fase 3 (7° e 8° ano),,8.0,9.5,,5.0,5.0,,8.0,6.7,,11.0,12.0,,5.1,5.6,,6.026,6.331533333,,False,Escola Pública,Pública,,7.5,,5.0,3.14,,5.833,6.836666667,,,,,8.7,5.5,,7.3,7.8,,Ágata,Ágata,,False,2.0,3.0,,Não indicado,,G,1J,
RA-712,Aluno-712,Masculino,2021,,,,,,-1.0,,,,EE João Ortiz Rodrigues,,,2H,,,Fase 3 (7° e 8° ano),,,7.502,,,5.0,,,6.75,,,13.0,,,5.983436853,,,6.2236373706000006,,,,Pública,,6.5625,,,5.625,,,6.04,,,,,,7.0,,,6.5,,,Ágata,,,,4.0,,Cursando,,,2H
RA-713,Aluno-713,Masculino,2021,102.0,348.0,3.0,-1.0,-1.0,0.0,Destaque: As suas boas notas na Passos Mágicos.,Destaque: A sua boa entrega das lições de casa.,Melhorar: Integrar-se mais aos Princípios Passos Mágicos.,EE João Ortiz Rodrigues,0,FASE 1,2H,Fase 1 (4º ano),Fase 2 (5° e 6° ano),Fase 2 (5° e 6° ano),10.0,8.0,8.002,5.0,5.0,10.0,7.8,7.5,6.75,9.0,10.0,11.0,8.7,9.6,7.525879916999999,7.42,7.408033333,7.467500983400001,False,Escola Pública,Pública,Pública,6.875,7.03125,7.5,3.77,7.51,7.25,8.166666667,6.79,,,,8.0,6.7,6.0,7.7,8.2,7.5,Ametista,Ametista,Ametista,False,2.0,3.0,4.0,Não atendido,Cursando,G,1G,2H
RA-714,Aluno-714,Masculino,2019,144.0,503.0,6.0,-2.0,-2.0,,Destaque: As suas boas notas na Passos Mágicos.,Melhorar: Melhorar a sua entrega de lições de casa.,Melhorar: Integrar-se mais aos Princípios Passos Mágicos.,,0,FASE 1,,Fase 2 (5º e 6º ano),Fase 3 (7° e 8° ano),,9.0,0.0,,5.0,5.0,,8.0,7.4,,11.0,12.0,,6.9,8.0,,6.953,6.078666667,,False,Escola Pública,Pública,,7.5,,5.6,3.14,,7.25,7.223333333,,,,,8.5,6.7,,7.5,8.0,,Ágata,Ágata,,False,2.0,3.0,,Não indicado,,G,1J,
RA-714,Aluno-714,Masculino,2021,,,,,,-1.0,,,,EE João Ortiz Rodrigues,,,2H,,,Fase 3 (7° e 8° ano),,,0.0,,,5.0,,,4.0,,,13.0,,,6.873706004,,,5.4653662008,,,,Pública,,7.65625,,,6.255,,,6.9975,,,,,,8.0,,,0.0,,,Quartzo,,,,4.0,,Cursando,,,2H
RA-715,Aluno-715,Feminino,2022,166.0,604.0,9.0,-1.0,-2.0,0.0,Melhorar: Empenhar-se mais nas aulas e avaliações.,Destaque: A sua boa entrega das lições de casa.,Destaque: A sua boa integração aos Princípios Passos Mágicos.,EM Maria Ignez Concelles Irma Ines,0,ALFA,2I,Fase 1 (4º ano),Fase 2 (5° e 6° ano),Fase 2 (5° e 6° ano),8.5,0.0,9.002,5.0,5.0,10.0,4.9,5.4,2.75,9.0,,11.0,8.7,9.5,5.250626566499999,6.656,5.8915,5.3098253133,False,Escola Pública,Pública,Pública,5.625,5.0,4.4,3.14,3.755,7.917,7.675,4.67,,,,4.8,4.5,2.0,5.0,6.3,3.5,Ágata,Quartzo,Quartzo,False,2.0,2.0,3.0,Não indicado,Cursando,G,ALFA I - G2/G3,2I
RA-716,Aluno-716,Masculino,2022,171.0,641.0,10.0,-1.0,-1.0,-1.0,Melhorar: Empenhar-se mais nas aulas e avaliações.,Destaque: A sua boa entrega das lições de casa.,Melhorar: Integrar-se mais aos Princípios Passos Mágicos.,EE João Ortiz Rodrigues,0,FASE 1,1J,Fase 1 (4º ano),Fase 2 (5° e 6° ano),Fase 2 (5° e 6° ano),8.9,9.0,9.002,5.0,5.0,5.0,6.7,5.6,5.75,9.0,10.0,11.0,8.1,8.7,5.5335968375,6.525,6.813366667,6.2372943675000005,False,Escola Pública,Pública,Pública,6.875,6.71875,7.5,3.77,7.51,5.417,7.443333333,5.7875,,,,7.3,5.0,5.5,6.0,6.2,6.0,Ágata,Ágata,Ágata,False,2.0,3.0,4.0,Não atendido,Cursando,G,1G,1J
RA-717,Aluno-717,Feminino,2021,155.0,545.0,7.0,-2.0,-1.0,,Melhorar: Empenhar-se mais nas aulas e avaliações.,Melhorar: Melhorar a sua entrega de lições de casa.,Destaque: A sua boa integração aos Princípios Passos Mágicos.,,0,FASE 1,,Fase 2 (5º e 6º ano),Fase 2 (5° e 6° ano),,9.0,0.0,,5.0,5.0,,5.4,5.9,,10.0,11.0,,7.3,8.5,,6.832,6.633833333,,False,Escola Pública,Pública,,8.125,,7.5,7.52,,7.917,8.446666667,,,,,5.0,5.5,,5.8,6.3,,Ágata,Ágata,,False,2.0,3.0,,Não atendido,,G,1G,
RA-718,Aluno-718,Feminino,2022,33.0,118.0,1.0,0.0,0.0,1.0,Destaque: As suas boas notas na Passos Mágicos.,Destaque: A sua boa entrega das lições de casa.,Melhorar: Integrar-se mais aos Princípios Passos Mágicos.,EE Joaquim Mendes Feliz,0,FASE 1,2I,ALFA  (2º e 3º ano),Fase 1 (3° e 4° ano),Fase 1 (3° e 4° ano),8.0,9.5,10.002,10.0,10.0,10.0,9.2,7.8,9.5,8.0,,10.0,8.9,9.1,9.5138888885,8.093,8.166866667,8.705811111100001,False,Escola Pública,Pública,Pública,7.916666667,7.5,6.3,3.77,5.635,7.417,8.39,7.946666667,,,,9.2,6.3,9.0,9.2,9.2,10.0,Topázio,Topázio,Topázio,False,2.0,3.0,3.0,Sem limitações,Cursando,G,1G,2I
RA-719,Aluno-719,Feminino,2021,185.0,783.0,13.0,-2.0,,,Melhorar: Empenhar-se mais nas aulas e avaliações.,Melhorar: Melhorar a sua entrega de lições de casa.,Melhorar: Integrar-se mais aos Princípios Passos Mágicos.,,0,,,Fase 2 (5º e 6º ano),,,9.0,,,5.0,,,4.2,,,10.0,,,4.6,,,5.552,,,False,Escola Pública,,,,,7.5,,,6.083,,,,,,5.0,,,3.3,,,Quartzo,,,False,2.0,,,Não atendido,,G,,
RA-719,Aluno-719,Masculino,2021,,,,,-2.0,-1.0,,,,EE João Ortiz Rodrigues,,ALFA,1J,,Fase 2 (5° e 6° ano),Fase 2 (5° e 6° ano),,9.5,10.002,,5.0,5.0,,5.9,6.5,,,12.0,,5.3,7.3484848485,,6.4137,7.1193969697,,,Pública,Pública,5.625,7.5,,7.52,7.51,,7.095,6.7425,,,,,7.0,5.0,,4.7,8.0,,Ágata,Ametista,,,2.0,4.0,,Cursando,,ALFA J - G2/G3,1J
RA-72,Aluno-72,Feminino,2022,16.0,259.0,1.0,-2.0,,,Destaque: As suas boas notas na Passos Mágicos.,Destaque: A sua boa entrega das lições de casa.,Destaque: A sua boa integração aos Princípios Passos Mágicos.,,5,,,Fase 7 (3º EM),,,8.3,,,5.0,,,7.8,,,17.0,,,7.5,,,7.64,,,True,Escola Pública,,,,,7.5,,,8.667,,,8.0,,,7.5,,,7.8,,,Ametista,,,True,4.0,,,Não atendido,,C,,
RA-720,Aluno-720,Feminino,2021,161.0,575.0,8.0,-1.0,,,Destaque: As suas boas notas na Passos Mágicos.,Melhorar: Melhorar a sua entrega de lições de casa.,Melhorar: Integrar-se mais aos Princípios Passos Mágicos.,,0,,,Fase 1 (4º ano),,,8.0,,,5.0,,,7.6,,,9.0,,,5.9,,,6.731,,,False,Escola Pública,,,,,7.5,,,7.083,,,,,,7.3,,,7.8,,,Ágata,,,False,2.0,,,Não atendido,,G,,
RA-721,Aluno-721,Feminino,2021,41.0,149.0,2.0,0.0,0.0,0.0,Destaque: As suas boas notas na Passos Mágicos.,Destaque: A sua boa entrega das lições de casa.,Destaque: A sua boa integração aos Princípios Passos Mágicos.,EE Dom Pedro Villas Boas de Souza,0,FASE 1,2G,ALFA  (2º e 3º ano),Fase 1 (3° e 4° ano),Fase 2 (5° e 6° ano),9.5,8.5,9.002,10.0,10.0,10.0,7.6,8.4,8.25,8.0,9.0,10.0,8.1,9.5,9.544513457499999,7.973,8.683366667,8.8986026915,False,Escola Pública,Pública,Pública,8.125,8.75,7.5,7.52,8.135,7.917,8.443333333,8.755,,,,8.2,7.5,9.0,7.0,9.3,7.5,Ametista,Topázio,Topázio,False,2.0,3.0,4.0,Não atendido,Cursando,G,1G,2G
RA-722,Aluno-722,Feminino,2021,106.0,355.0,4.0,-1.0,-1.0,,Destaque: As suas boas notas na Passos Mágicos.,Destaque: A sua boa entrega das lições de casa.,Destaque: A sua boa integração aos Princípios Passos Mágicos.,,0,FASE 1,,Fase 1 (4º ano),Fase 2 (5° e 6° ano),,10.0,8.5,,5.0,5.0,,8.1,6.4,,9.0,,,8.1,9.6,,7.41,7.3387,,False,Escola Pública,Pública,,8.125,,4.4,2.52,,8.333,8.67,,,,,7.8,4.5,,8.3,8.2,,Ametista,Ametista,,False,2.0,3.0,,Sem limitações,,G,1N,
RA-723,Aluno-723,Feminino,2022,101.0,345.0,4.0,0.0,,,Melhorar: Empenhar-se mais nas aulas e avaliações.,Melhorar: Melhorar a sua entrega de lições de casa.,Destaque: A sua boa integração aos Princípios Passos Mágicos.,,0,,,ALFA  (2º e 3º ano),,,10.0,,,10.0,,,5.5,,,8.0,,,6.6,,,7.426,,,False,Escola Pública,,,,,8.1,,,8.167,,,,,,5.3,,,5.7,,,Ametista,,,False,2.0,,,Não atendido,,H,,
RA-724,Aluno-724,Feminino,2022,146.0,512.0,6.0,0.0,,,Melhorar: Empenhar-se mais nas aulas e avaliações.,Melhorar: Melhorar a sua entrega de lições de casa.,Destaque: A sua boa integração aos Princípios Passos Mágicos.,,0,,,ALFA  (2º e 3º ano),,,9.5,,,10.0,,,5.6,,,8.0,,,5.9,,,6.931,,,False,Escola Pública,,,,,5.6,,,8.0,,,,,,2.9,,,8.3,,,Ágata,,,False,2.0,,,Sem limitações,,H,,
RA-725,Aluno-725,Masculino,2022,175.0,675.0,7.0,0.0,-1.0,-1.0,Melhorar: Empenhar-se mais nas aulas e avaliações.,Melhorar: Melhorar a sua entrega de lições de casa.,Melhorar: Integrar-se mais aos Princípios Passos Mágicos.,EM Maria Ignez Concelles Irma Ines,0,ALFA,ALFA,ALFA  (2º e 3º ano),Fase 1 (3° e 4° ano),Fase 1 (3° e 4° ano),8.0,9.5,7.502,10.0,5.0,5.0,5.0,8.4,7.25,8.0,9.0,10.0,5.9,9.0,7.6710526315,6.33,8.117366667,7.0900771929,False,Escola Pública,Pública,Pública,8.125,7.5,8.1,7.52,7.51,5.5,8.113333333,6.773333333,,,,4.0,8.1,7.0,6.0,8.7,7.5,Ágata,Topázio,Ametista,False,2.0,2.0,3.0,Não atendido,Cursando,H,ALFA F - G0/G1,ALFA G - G2/G3
RA-726,Aluno-726,Feminino,2022,140.0,492.0,5.0,0.0,0.0,,Melhorar: Empenhar-se mais nas aulas e avaliações.,Destaque: A sua boa entrega das lições de casa.,Melhorar: Integrar-se mais aos Princípios Passos Mágicos.,,0,ALFA,,ALFA  (2º e 3º ano),ALFA (1° e 2° ano),,10.0,10.0,,10.0,10.0,,4.4,6.0,,7.0,8.0,,7.5,6.1,,6.985,7.3687,,False,Escola Pública,Pública,,5.625,,7.5,7.52,,6.583,8.17,,,,,5.8,6.2,,3.0,5.8,,Ágata,Ametista,,False,2.0,2.0,,Não atendido,,H,ALFA H - G0/G1,
RA-727,Aluno-727,Masculino,2022,61.0,225.0,3.0,0.0,-1.0,0.0,Destaque: As suas boas notas na Passos Mágicos.,Destaque: A sua boa entrega das lições de casa.,Melhorar: Integrar-se mais aos Princípios Passos Mágicos.,EE Dom Pedro Villas Boas de Souza,0,ALFA,1G,ALFA  (2º e 3º ano),Fase 1 (3° e 4° ano),Fase 1 (3° e 4° ano),9.0,9.5,10.002,10.0,5.0,10.0,8.4,8.0,8.5,8.0,,10.0,7.7,8.8,8.4848484845,7.736,7.6802,8.447003030300001,False,Escola Pública,Pública,Pública,7.5,8.125,8.1,2.52,6.26,6.75,9.34,8.056666667,,,,9.3,8.3,10.0,7.4,7.7,7.0,Ametista,Ametista,Topázio,False,2.0,2.0,3.0,Não atendido,Cursando,H,ALFA G - G2/G3,1G
RA-728,Aluno-728,Feminino,2022,20.0,74.0,1.0,0.0,,,Destaque: As suas boas notas na Passos Mágicos.,Melhorar: Melhorar a sua entrega de lições de casa.,Destaque: A sua boa integração aos Princípios Passos Mágicos.,,0,,,ALFA  (2º e 3º ano),,,9.5,,,10.0,,,9.1,,,8.0,,,7.3,,,8.244,,,False,Escola Pública,,,,,8.1,,,8.167,,,,,,9.3,,,8.9,,,Topázio,,,False,2.0,,,Não atendido,,H,,
RA-729,Aluno-729,Feminino,2022,26.0,96.0,2.0,0.0,-1.0,-1.0,Destaque: As suas boas notas na Passos Mágicos.,Destaque: A sua boa entrega das lições de casa.,Melhorar: Integrar-se mais aos Princípios Passos Mágicos.,EM Maria Ignez Concelles Irma Ines,0,ALFA,ALFA,ALFA  (2º e 3º ano),Fase 1 (3° e 4° ano),Fase 1 (3° e 4° ano),10.0,8.0,8.002,10.0,5.0,5.0,8.1,8.6,6.0,8.0,,10.0,8.7,9.1,8.4166666665,8.155,7.26545,6.684533333300001,False,Escola Pública,Pública,Pública,6.5625,7.5,8.1,3.77,2.51,7.25,7.01,7.5,,,,8.5,8.2,6.0,7.8,8.9,6.0,Topázio,Ametista,Ágata,False,2.0,2.0,2.0,Não atendido,Cursando,H,ALFA V - G0/G1,ALFA J - G2/G3
RA-73,Aluno-73,Feminino,2022,55.0,804.0,5.0,-2.0,,,Melhorar: Empenhar-se mais nas aulas e avaliações.,Melhorar: Melhorar a sua entrega de lições de casa.,Melhorar: Integrar-se mais aos Princípios Passos Mágicos.,,5,,,Fase 7 (3º EM),,,7.1,,,5.0,,,3.3,,,17.0,,,3.0,,,5.271,,,True,Escola Pública,,,,,7.5,,,7.278,,,2.3,,,4.5,,,3.0,,,Quartzo,,,False,4.0,,,Não atendido,,C,,
RA-730,Aluno-730,Feminino,2021,46.0,169.0,1.0,-2.0,-1.0,0.0,Destaque: As suas boas notas na Passos Mágicos.,Destaque: A sua boa entrega das lições de casa.,Destaque: A sua boa integração aos Princípios Passos Mágicos.,EE Joaquim Mendes Feliz,0,FASE 1,2I,Fase 2 (5º e 6º ano),Fase 2 (5° e 6° ano),Fase 2 (5° e 6° ano),10.0,10.0,8.002,5.0,5.0,10.0,8.3,7.8,9.5,10.0,10.0,11.0,8.2,8.7,7.152777778,7.902,7.979325,8.469255555700002,False,Escola Pública,Privada,Pública,9.53125,9.166666667,8.8,5.02,6.885,8.25,8.67,8.666666667,,,,8.7,7.8,10.0,8.0,7.7,9.0,Ametista,Ametista,Topázio,False,2.0,3.0,3.0,Não atendido,Cursando,I,1F,2I
RA-731,Aluno-731,Feminino,2019,130.0,443.0,3.0,-2.0,-1.0,,Melhorar: Empenhar-se mais nas aulas e avaliações.,Destaque: A sua boa entrega das lições de casa.,Melhorar: Integrar-se mais aos Princípios Passos Mágicos.,,0,FASE 1,,Fase 2 (5º e 6º ano),Fase 2 (5° e 6° ano),,9.0,8.5,,5.0,5.0,,7.3,6.8,,10.0,11.0,,8.5,7.6,,7.151,6.7742,,False,Escola Pública,Pública,,7.5,,6.9,3.14,,7.083,7.45,,,,,7.3,6.2,,7.2,7.3,,Ametista,Ágata,,False,2.0,3.0,,Requer avaliação,,I,1J,
RA-731,Aluno-731,Feminino,2021,,,,,,-1.0,,,,EE João Ortiz Rodrigues,,,2G,,,Fase 3 (7° e 8° ano),,,9.502,,,5.0,,,2.5,,,12.0,,,4.188311688500001,,,4.7704873377000006,,,,Pública,,5.78125,,,4.375,,,4.835,,,,,,0.0,,,5.0,,,Quartzo,,,,4.0,,Cursando,,,2G
RA-732,Aluno-732,Masculino,2022,113.0,377.0,2.0,-1.0,,,Melhorar: Empenhar-se mais nas aulas e avaliações.,Destaque: A sua boa entrega das lições de casa.,Destaque: A sua boa integração aos Princípios Passos Mágicos.,,0,,,Fase 1 (4º ano),,,9.0,,,5.0,,,7.2,,,9.0,,,7.9,,,7.347,,,False,Escola Pública,,,,,8.8,,,7.5,,,,,,7.5,,,6.8,,,Ametista,,,False,2.0,,,Não atendido,,I,,
RA-733,Aluno-733,Feminino,2022,163.0,594.0,13.0,-1.0,0.0,-1.0,Melhorar: Empenhar-se mais nas aulas e avaliações.,Destaque: A sua boa entrega das lições de casa.,Melhorar: Integrar-se mais aos Princípios Passos Mágicos.,EM Pedro Antonio de Almeida,0,FASE 1,1J,Fase 1 (4º ano),Fase 1 (3° e 4° ano),Fase 2 (5° e 6° ano),9.5,10.0,10.002,5.0,10.0,5.0,5.1,6.2,9.25,9.0,9.0,10.0,8.5,8.7,10.0,6.684,8.3342,8.808825,False,Escola Pública,Pública,Pública,8.333333333,8.90625,5.6,7.52,7.51,6.917,8.893333333,9.085,,,,6.0,4.3,9.0,4.2,8.0,9.5,Ágata,Topázio,Topázio,False,2.0,3.0,4.0,Sem limitações,Cursando,J,1G,1J
RA-734,Aluno-734,Feminino,2022,145.0,505.0,9.0,-2.0,-1.0,,Melhorar: Empenhar-se mais nas aulas e avaliações.,Melhorar: Melhorar a sua entrega de lições de casa.,Melhorar: Integrar-se mais aos Princípios Passos Mágicos.,,0,FASE 1,,Fase 2 (5º e 6º ano),Fase 2 (5° e 6° ano),,9.5,8.5,,5.0,5.0,,7.3,6.9,,10.0,11.0,,7.2,8.0,,6.952,7.305908333,,False,Escola Pública,Pública,,7.34375,,5.6,7.52,,7.417,7.446666667,,,,,8.0,6.8,,6.5,7.0,,Ágata,Ametista,,False,2.0,3.0,,Sem limitações,,J,1A,
RA-735,Aluno-735,Feminino,2021,92.0,316.0,4.0,-2.0,-1.0,-1.0,Melhorar: Empenhar-se mais nas aulas e avaliações.,Destaque: A sua boa entrega das lições de casa.,Destaque: A sua boa integração aos Princípios Passos Mágicos.,EE João Ortiz Rodrigues,0,FASE 1,2H,Fase 2 (5º e 6º ano),Fase 2 (5° e 6° ano),Fase 3 (7° e 8° ano),9.0,0.0,8.002,5.0,5.0,5.0,7.3,8.1,8.0,10.0,11.0,12.0,9.0,9.0,9.782608695499999,7.485,7.184,7.7888467391,False,Escola Pública,Pública,Pública,8.333333333,7.65625,5.6,7.52,6.255,8.583,8.393333333,7.705,,,,7.8,7.7,8.0,6.7,8.5,8.0,Ametista,Ametista,Ametista,True,2.0,3.0,4.0,Sem limitações,Cursando,J,1J,2H
RA-736,Aluno-736,Masculino,2022,162.0,589.0,12.0,-2.0,-1.0,,Melhorar: Empenhar-se mais nas aulas e avaliações.,Destaque: A sua boa entrega das lições de casa.,Melhorar: Integrar-se mais aos Princípios Passos Mágicos.,,0,FASE 1,,Fase 2 (5º e 6º ano),Fase 2 (5° e 6° ano),,9.0,8.5,,5.0,5.0,,5.4,6.7,,10.0,10.0,,8.5,9.5,,6.707,7.600033333,,False,Escola Pública,Pública,,7.708333333,,5.6,6.27,,7.0,8.11,,,,,4.7,4.8,,6.2,8.5,,Ágata,Ametista,,False,2.0,3.0,,Sem limitações,,J,1G,
RA-737,Aluno-737,Feminino,2022,37.0,131.0,1.0,-1.0,0.0,0.0,Destaque: As suas boas notas na Passos Mágicos.,Destaque: A sua boa entrega das lições de casa.,Destaque: A sua boa integração aos Princípios Passos Mágicos.,EE Dom Pedro Villas Boas de Souza,0,FASE 1,2H,Fase 1 (4º ano),Fase 1 (3° e 4° ano),Fase 2 (5° e 6° ano),9.5,9.5,8.502,5.0,10.0,10.0,9.0,7.5,9.25,9.0,9.0,11.0,9.2,7.8,8.6542443065,8.058,8.048033333,8.4695488613,False,Escola Pública,Pública,Pública,7.291666667,7.5,5.6,7.52,6.885,9.167,7.783333333,8.0,,,,8.5,7.0,9.0,9.5,8.0,9.5,Ametista,Topázio,Topázio,True,2.0,3.0,4.0,Sem limitações,Cursando,J,1J,2H
RA-738,Aluno-738,Feminino,2022,124.0,417.0,6.0,0.0,0.0,-1.0,Melhorar: Empenhar-se mais nas aulas e avaliações.,Destaque: A sua boa entrega das lições de casa.,Melhorar: Integrar-se mais aos Princípios Passos Mágicos.,EM Maria Ignez Concelles Irma Ines,0,FASE 1,1H,ALFA  (2º e 3º ano),Fase 1 (3° e 4° ano),Fase 2 (5° e 6° ano),8.5,8.0,10.002,10.0,10.0,5.0,5.7,6.0,7.25,8.0,,10.0,8.1,9.3,7.292490119,7.227,8.123283333,7.2626980238000005,False,Escola Pública,Pública,Pública,8.4375,6.875,5.6,7.52,6.885,7.5,8.336666667,7.39,,,,7.7,4.2,7.5,3.7,7.8,7.0,Ametista,Topázio,Ametista,False,2.0,3.0,3.0,Sem limitações,Cursando,J,1F,1H
RA-739,Aluno-739,Masculino,2022,156.0,549.0,11.0,0.0,-1.0,,Melhorar: Empenhar-se mais nas aulas e avaliações.,Melhorar: Melhorar a sua entrega de lições de casa.,Melhorar: Integrar-se mais aos Princípios Passos Mágicos.,,0,ALFA,,ALFA  (2º e 3º ano),Fase 1 (3° e 4° ano),,6.4,9.0,,10.0,5.0,,5.9,7.6,,8.0,9.0,,7.3,8.3,,6.82,7.5972,,False,Escola Pública,Pública,,6.25,,5.6,7.52,,7.083,8.25,,,,,6.0,7.3,,5.8,7.8,,Ágata,Ametista,,False,2.0,2.0,,Sem limitações,,J,ALFA G - G2/G3,
RA-74,Aluno-74,Masculino,2022,57.0,820.0,7.0,-1.0,,,Melhorar: Empenhar-se mais nas aulas e avaliações.,Melhorar: Melhorar a sua entrega de lições de casa.,Melhorar: Integrar-se mais aos Princípios Passos Mágicos.,,5,,,Fase 6 (2º EM),,,9.6,,,5.0,,,2.0,,,16.0,,,3.3,,,4.989,,,False,Escola Pública,,,,,7.5,,,5.833,,,0.0,,,6.0,,,0.0,,,Quartzo,,,False,4.0,,,Não atendido,,C,,
RA-740,Aluno-740,Feminino,2022,125.0,420.0,7.0,-1.0,-2.0,-1.0,Melhorar: Empenhar-se mais nas aulas e avaliações.,Destaque: A sua boa entrega das lições de casa.,Melhorar: Integrar-se mais aos Princípios Passos Mágicos.,Escola João Paulo II,0,ALFA,1H,Fase 1 (4º ano),Fase 2 (5° e 6° ano),Fase 2 (5° e 6° ano),8.5,0.0,9.002,5.0,5.0,5.0,7.2,9.1,8.0,9.0,10.0,11.0,9.0,8.7,9.555335968,7.218,7.2845,8.1611005269,False,Escola Pública,Privada,Privada,6.875,8.541666667,5.6,7.52,7.51,7.5,8.925,8.223333333,,,,7.3,9.0,8.0,7.0,9.2,8.0,Ametista,Ametista,Topázio,False,2.0,2.0,3.0,Sem limitações,Cursando,J,ALFA G - G2/G3,1H
RA-741,Aluno-741,Feminino,2022,150.0,526.0,10.0,-2.0,-2.0,-1.0,Melhorar: Empenhar-se mais nas aulas e avaliações.,Destaque: A sua boa entrega das lições de casa.,Melhorar: Integrar-se mais aos Princípios Passos Mágicos.,EE João Ortiz Rodrigues,0,ALFA,1H,Fase 2 (5º e 6º ano),Fase 2 (5° e 6° ano),Fase 2 (5° e 6° ano),9.5,9.5,8.418,5.0,5.0,5.0,6.3,5.1,3.75,10.0,11.0,12.0,8.4,6.9,5.2964426875,6.896,6.2707,5.0795885374,False,Escola Pública,Pública,Pública,5.625,5.833333333,5.6,4.39,5.005,7.417,7.095,4.223333333,,,,7.3,4.2,3.5,5.2,6.0,4.0,Ágata,Ágata,Quartzo,False,2.0,2.0,3.0,Sem limitações,Cursando,J,ALFA J - G2/G3,1H
RA-742,Aluno-742,Feminino,2022,132.0,456.0,8.0,-1.0,-2.0,,Melhorar: Empenhar-se mais nas aulas e avaliações.,Destaque: A sua boa entrega das lições de casa.,Melhorar: Integrar-se mais aos Princípios Passos Mágicos.,,0,ALFA,,Fase 1 (4º ano),Fase 2 (5° e 6° ano),,8.5,0.0,,5.0,5.0,,7.3,7.5,,9.0,10.0,,8.7,7.6,,7.097,7.024,,False,Escola Pública,Pública,,7.5,,5.0,7.52,,7.5,10.01,,,,,8.3,6.2,,6.2,8.8,,Ametista,Ametista,,False,2.0,2.0,,Sem limitações,,J,ALFA I - G2/G3,
RA-743,Aluno-743,Feminino,2022,164.0,597.0,14.0,-1.0,-2.0,-1.0,Melhorar: Empenhar-se mais nas aulas e avaliações.,Destaque: A sua boa entrega das lições de casa.,Melhorar: Integrar-se mais aos Princípios Passos Mágicos.,EE Dom Pedro Villas Boas de Souza,0,ALFA,1C,Fase 1 (4º ano),Fase 2 (5° e 6° ano),Fase 2 (5° e 6° ano),10.0,0.0,9.002,5.0,5.0,5.0,4.8,7.1,7.0,9.0,10.0,11.0,7.9,9.1,9.2727272725,6.672,6.659,7.655745454500001,False,Escola Pública,Pública,Pública,7.5,7.5,5.6,3.77,7.51,7.5,9.01,7.5,,,,4.8,7.3,6.5,4.8,6.8,7.5,Ágata,Ágata,Ametista,False,2.0,2.0,2.0,Sem limitações,Cursando,J,ALFA E - G2/G3,1C
RA-744,Aluno-744,Feminino,2022,58.0,220.0,2.0,0.0,,,Melhorar: Empenhar-se mais nas aulas e avaliações.,Destaque: A sua boa entrega das lições de casa.,Melhorar: Integrar-se mais aos Princípios Passos Mágicos.,,0,,,ALFA  (2º e 3º ano),,,9.5,,,10.0,,,6.2,,,8.0,,,9.7,,,7.742,,,False,Escola Pública,,,,,5.6,,,7.5,,,,,,6.0,,,6.3,,,Ametista,,,False,2.0,,,Sem limitações,,J,,
RA-745,Aluno-745,Masculino,2021,111.0,367.0,5.0,-1.0,-1.0,0.0,Destaque: As suas boas notas na Passos Mágicos.,Destaque: A sua boa entrega das lições de casa.,Destaque: A sua boa integração aos Princípios Passos Mágicos.,Colégio Arco Íris Evolução,0,FASE 1,2I,Fase 1 (4º ano),Fase 2 (5° e 6° ano),Fase 2 (5° e 6° ano),9.0,9.5,9.002,5.0,5.0,10.0,8.1,7.0,8.5,9.0,,11.0,8.5,9.3,10.0,7.382,7.668366667,8.6102,False,Rede Decisão,Privada - Programa de Apadrinhamento,Privada - Programa de Apadrinhamento,8.125,7.5,5.6,3.77,6.26,7.75,8.893333333,8.17,,,,8.5,5.7,8.0,7.7,8.2,9.0,Ametista,Ametista,Topázio,False,2.0,3.0,3.0,Sem limitações,Cursando,J,1G,2I
RA-746,Aluno-746,Masculino,2022,70.0,253.0,3.0,0.0,0.0,0.0,Melhorar: Empenhar-se mais nas aulas e avaliações.,Destaque: A sua boa entrega das lições de casa.,Melhorar: Integrar-se mais aos Princípios Passos Mágicos.,EM Maria Ignez Concelles Irma Ines,0,FASE 1,2I,ALFA  (2º e 3º ano),Fase 1 (3° e 4° ano),Fase 2 (5° e 6° ano),8.0,0.0,8.502,10.0,10.0,10.0,7.2,7.2,8.0,8.0,,10.0,9.1,8.0,7.4305555555,7.656,6.517166667,7.903311111100001,False,Escola Pública,Pública,Pública,6.875,7.5,5.6,3.77,7.51,7.417,7.113333333,7.33,,,,7.7,6.0,8.0,6.7,8.3,8.0,Ametista,Ágata,Ametista,False,2.0,3.0,3.0,Sem limitações,Cursando,J,1G,2I
RA-747,Aluno-747,Feminino,2022,66.0,245.0,6.0,-2.0,-1.0,-2.0,Destaque: As suas boas notas na Passos Mágicos.,Destaque: A sua boa entrega das lições de casa.,Destaque: A sua boa integração aos Princípios Passos Mágicos.,EM Cecilia Cristina de Oliveira Rodrigues,0,FASE 1,1K,Fase 2 (5º e 6º ano),Fase 2 (5° e 6° ano),Fase 3 (7° e 8° ano),10.0,10.0,10.002,5.0,5.0,5.0,8.8,3.1,2.25,11.0,11.0,12.0,7.6,8.0,8.095238095,7.676,6.026366667,5.8450809523,True,Escola Pública,Pública,Pública,6.041666667,7.083333333,7.5,3.14,5.005,7.917,6.94,5.335,,,,8.2,1.2,4.5,9.4,5.0,0.0,Ametista,Ágata,Quartzo,False,2.0,3.0,2.0,Não atendido,Cursando,K,1L,1K
RA-748,Aluno-748,Masculino,2021,,,,,,-1.0,,,,EE Maria André Schunck Dona,,,1K,,,Fase 2 (5° e 6° ano),,,9.502,,,5.0,,,7.75,,,11.0,,,10.0,,,8.2272,,,,Pública,,8.75,,,7.51,,,8.005,,,,,,7.5,,,8.0,,,Topázio,,,,2.0,,Cursando,,,1K
RA-748,Aluno-748,Masculino,2022,34.0,122.0,5.0,-1.0,-2.0,,Destaque: As suas boas notas na Passos Mágicos.,Destaque: A sua boa entrega das lições de casa.,Destaque: A sua boa integração aos Princípios Passos Mágicos.,,0,ALFA,,Fase 1 (4º ano),Fase 2 (5° e 6° ano),,10.0,9.5,,5.0,5.0,,9.1,9.1,,9.0,,,9.0,9.7,,8.084,8.7142,,True,Escola Pública,Pública,,7.5,,7.5,7.52,,8.25,10.01,,,,,9.6,9.0,,8.6,9.2,,Topázio,Topázio,,False,2.0,2.0,,Não atendido,,K,ALFA O - G2/G3,
RA-749,Aluno-749,Masculino,2022,94.0,318.0,7.0,-1.0,-1.0,-2.0,Destaque: As suas boas notas na Passos Mágicos.,Destaque: A sua boa entrega das lições de casa.,Melhorar: Integrar-se mais aos Princípios Passos Mágicos.,EM Amanda Consuelo da Cunha,0,ALFA,ALFA,Fase 1 (4º ano),Fase 1 (3° e 4° ano),Fase 2 (5° e 6° ano),9.5,10.0,9.502,5.0,5.0,5.0,8.8,7.3,8.75,9.0,9.0,10.0,7.7,9.0,9.7368421055,7.484,7.7597,8.3373184211,False,Escola Pública,Pública,Pública,5.625,8.4375,7.5,7.52,8.13,7.25,8.425,7.665,,,,9.5,7.3,10.0,8.1,7.3,7.5,Ametista,Ametista,Topázio,False,2.0,2.0,2.0,Não atendido,Cursando,K,ALFA O - G2/G3,ALFA O - G2/G3
RA-75,Aluno-75,Feminino,2022,59.0,855.0,4.0,-1.0,,,Melhorar: Empenhar-se mais nas aulas e avaliações.,Melhorar: Melhorar a sua entrega de lições de casa.,Melhorar: Integrar-se mais aos Princípios Passos Mágicos.,,5,,,Fase 6 (2º EM),,,5.4,,,5.0,,,0.0,,,16.0,,,3.8,,,3.915,,,False,Escola Pública,,,,,6.3,,,4.625,,,,,,0.0,,,0.0,,,Quartzo,,,False,4.0,,,Sem limitações,,F,,
RA-750,Aluno-750,Masculino,2019,173.0,670.0,10.0,-2.0,-2.0,,Melhorar: Empenhar-se mais nas aulas e avaliações.,Destaque: A sua boa entrega das lições de casa.,Melhorar: Integrar-se mais aos Princípios Passos Mágicos.,,0,ALFA,,Fase 2 (5º e 6º ano),Fase 2 (5° e 6° ano),,9.5,9.5,,5.0,5.0,,6.8,3.4,,10.0,,,8.9,7.7,,6.344,5.6857,,False,Escola Pública,Pública,,4.375,,4.4,3.14,,5.167,6.32,,,,,7.1,3.3,,6.4,3.5,,Ágata,Quartzo,,False,2.0,2.0,,Não indicado,,K,ALFA U - G2/G3,
RA-750,Aluno-750,Masculino,2021,,,,,,-2.0,,,,EE Mario Francisco de Amorim,,,1B,,,Fase 3 (7° e 8° ano),,,6.249,,,5.0,,,3.75,,,12.0,,,5.938735178,,,4.542230369,,,,Pública,,4.0625,,,4.38,,,3.176666667,,,,,,0.5,,,7.0,,,Quartzo,,,,3.0,,Cursando,,,1B
RA-751,Aluno-751,Masculino,2022,187.0,808.0,11.0,-2.0,,,Melhorar: Empenhar-se mais nas aulas e avaliações.,Melhorar: Melhorar a sua entrega de lições de casa.,Melhorar: Integrar-se mais aos Princípios Passos Mágicos.,,0,,,Fase 2 (5º e 6º ano),,,8.5,,,5.0,,,3.8,,,11.0,,,5.8,,,5.246,,,False,Escola Pública,,,,,7.5,,,6.167,,,,,,2.7,,,4.9,,,Quartzo,,,False,2.0,,,Não atendido,,K,,
RA-752,Aluno-752,Feminino,2022,22.0,86.0,4.0,-2.0,-1.0,-1.0,Destaque: As suas boas notas na Passos Mágicos.,Destaque: A sua boa entrega das lições de casa.,Destaque: A sua boa integração aos Princípios Passos Mágicos.,EE Donizetti Aparecido Leite Professor,0,FASE 1,2U,Fase 2 (5º e 6º ano),Fase 2 (5° e 6° ano),Fase 3 (7° e 8° ano),10.0,9.5,9.502,5.0,5.0,5.0,9.5,6.4,5.75,11.0,11.0,12.0,9.0,9.9,7.525879916999999,8.197,8.073825,6.57279265,True,Escola Pública,Pública,Pública,7.65625,5.9375,7.5,7.52,7.51,8.417,9.23,5.613333333,,,,9.6,4.8,7.0,9.4,8.0,4.5,Topázio,Topázio,Ágata,True,2.0,3.0,3.0,Não atendido,Cursando,K,1N,2U
RA-753,Aluno-753,Feminino,2022,8.0,37.0,2.0,0.0,-1.0,-1.0,Destaque: As suas boas notas na Passos Mágicos.,Destaque: A sua boa entrega das lições de casa.,Destaque: A sua boa integração aos Princípios Passos Mágicos.,EE Jardim Campestre,0,ALFA,1K,ALFA  (2º e 3º ano),Fase 1 (3° e 4° ano),Fase 2 (5° e 6° ano),9.5,9.0,10.002,10.0,5.0,5.0,9.1,9.0,8.5,8.0,,10.0,8.6,9.9,9.047619048,8.481,8.6672,8.2450571429,True,Escola Pública,Pública,Pública,7.5,8.333333333,7.5,7.52,7.51,8.417,9.925,8.255,,,,9.4,9.0,9.0,8.8,9.0,8.0,Topázio,Topázio,Topázio,True,2.0,2.0,2.0,Não atendido,Cursando,K,ALFA O - G2/G3,1K
RA-754,Aluno-754,Masculino,2022,169.0,626.0,9.0,-1.0,-2.0,-2.0,Destaque: As suas boas notas na Passos Mágicos.,Melhorar: Melhorar a sua entrega de lições de casa.,Melhorar: Integrar-se mais aos Princípios Passos Mágicos.,EM Cecilia Cristina de Oliveira Rodrigues,0,ALFA,ALFA,Fase 1 (4º ano),Fase 2 (5° e 6° ano),Fase 2 (5° e 6° ano),10.0,9.5,8.502,5.0,5.0,5.0,7.9,5.6,6.25,9.0,,11.0,5.8,6.1,6.25,6.602,6.0537,5.6127,False,Escola Pública,Pública,Pública,6.875,2.5,4.4,2.52,5.625,6.917,6.67,4.75,,,,7.8,5.7,6.0,8.1,5.4,6.5,Ágata,Ágata,Quartzo,False,2.0,2.0,2.0,Não indicado,Cursando,K,ALFA M - G0/G1,ALFA L - G2/G3
RA-755,Aluno-755,Masculino,2022,4.0,29.0,1.0,0.0,-1.0,-1.0,Destaque: As suas boas notas na Passos Mágicos.,Destaque: A sua boa entrega das lições de casa.,Destaque: A sua boa integração aos Princípios Passos Mágicos.,EE Jardim Campestre,0,ALFA,1M,ALFA  (2º e 3º ano),Fase 1 (3° e 4° ano),Fase 2 (5° e 6° ano),9.5,10.0,10.002,10.0,5.0,5.0,9.5,9.2,9.75,8.0,9.0,10.0,9.2,9.5,10.0,8.566,8.7442,8.925450000000001,True,Escola Pública,Pública,Pública,7.5,9.0625,6.9,7.52,7.51,8.083,10.01,9.09,,,,9.8,9.2,10.0,9.3,9.2,9.5,Topázio,Topázio,Topázio,False,2.0,2.0,2.0,Não atendido,Cursando,K,ALFA O - G2/G3,1M
RA-756,Aluno-756,Masculino,2022,142.0,495.0,8.0,-1.0,-2.0,-2.0,Melhorar: Empenhar-se mais nas aulas e avaliações.,Destaque: A sua boa entrega das lições de casa.,Melhorar: Integrar-se mais aos Princípios Passos Mágicos.,EM Amanda Consuelo da Cunha,0,ALFA,ALFA,Fase 1 (4º ano),Fase 2 (5° e 6° ano),Fase 2 (5° e 6° ano),10.0,10.0,10.002,5.0,5.0,5.0,5.7,6.1,5.5,9.0,,11.0,7.9,8.7,8.75,6.976,7.0927,7.361700000000001,False,Escola Pública,Pública,Pública,5.625,8.125,7.5,7.52,7.51,7.25,6.59,7.24,,,,5.6,5.4,10.0,5.8,6.8,1.0,Ágata,Ametista,Ametista,False,2.0,2.0,2.0,Não atendido,Cursando,K,ALFA K - G0/G1,ALFA L - G2/G3
RA-757,Aluno-757,Feminino,2022,18.0,71.0,3.0,-1.0,-2.0,-1.0,Destaque: As suas boas notas na Passos Mágicos.,Destaque: A sua boa entrega das lições de casa.,Destaque: A sua boa integração aos Princípios Passos Mágicos.,EE Maria André Schunck Dona,0,ALFA,1K,Fase 1 (4º ano),Fase 2 (5° e 6° ano),Fase 2 (5° e 6° ano),9.5,9.0,9.502,5.0,5.0,5.0,9.7,9.3,7.0,9.0,10.0,11.0,9.3,9.6,9.285714286000001,8.26,8.6742,7.938842857200001,True,Escola Pública,Pública,Pública,7.5,8.125,7.5,7.52,7.51,8.5,10.01,8.34,,,,9.9,9.5,6.5,9.6,9.0,7.5,Topázio,Topázio,Ametista,True,2.0,2.0,2.0,Não atendido,Cursando,K,ALFA O - G2/G3,1K
RA-758,Aluno-758,Masculino,2022,45.0,166.0,5.0,-1.0,,,Destaque: As suas boas notas na Passos Mágicos.,Destaque: A sua boa entrega das lições de casa.,Destaque: A sua boa integração aos Princípios Passos Mágicos.,,0,,,Fase 1 (4º ano),,,9.0,,,5.0,,,8.1,,,9.0,,,9.1,,,7.911,,,False,Escola Pública,,,,,7.5,,,8.333,,,,,,8.0,,,8.2,,,Ametista,,,False,2.0,,,Não atendido,,L,,
RA-759,Aluno-759,Feminino,2021,81.0,288.0,7.0,-2.0,,,Destaque: As suas boas notas na Passos Mágicos.,Destaque: A sua boa entrega das lições de casa.,Destaque: A sua boa integração aos Princípios Passos Mágicos.,,0,,,Fase 2 (5º e 6º ano),,,9.0,,,5.0,,,7.5,,,10.0,,,8.6,,,7.563,,,False,Escola Pública,,,,,7.5,,,7.833,,,,,,8.3,,,6.7,,,Ametista,,,False,2.0,,,Não atendido,,L,,
RA-76,Aluno-76,Feminino,2017,3.0,3.0,1.0,0.0,2.0,,Destaque: As suas boas notas na Passos Mágicos.,Destaque: A sua boa entrega das lições de casa.,Destaque: A sua boa integração aos Princípios Passos Mágicos.,,5,FASE 7,,Fase 5 (1º EM),Fase 5 (1° EM),,10.0,10.0,,10.0,10.0,,8.7,,,15.0,15.0,,9.1,,,9.105,,,False,Rede Decisão,Privada *Parcerias com Bolsa 100%,,,,8.1,2.52,,9.292,,,8.4,,,9.3,,,8.3,,,Topázio,,,True,4.0,,,Sem limitações,,F,7E,
RA-76,Aluno-76,Feminino,2021,,,,,,2.0,,,,Colégio Poliedro - SP,,,7E,,,Fase 5 (1° EM),,,10.002,,,10.0,,,7.066666666666666,,,16.0,,,9.0,,,8.152033333333334,,,,Privada *Parcerias com Bolsa 100%,,7.5,,,6.885,,,7.5,,,6.1,,,7.3,,,7.8,,,Topázio,,,,0.0,,Cursando,,,7E
RA-760,Aluno-760,Masculino,2021,25.0,94.0,2.0,-2.0,-1.0,0.0,Destaque: As suas boas notas na Passos Mágicos.,Destaque: A sua boa entrega das lições de casa.,Destaque: A sua boa integração aos Princípios Passos Mágicos.,EM Cecilia Cristina de Oliveira Rodrigues,0,FASE 2,3M,Fase 2 (5º e 6º ano),Fase 3 (7° e 8° ano),Fase 3 (7° e 8° ano),9.0,0.0,9.168,5.0,5.0,10.0,8.8,6.3,5.0,11.0,,13.0,9.2,8.8,7.090909091,8.172,6.548333333,6.942581818200001,False,Escola Pública,Pública,Pública,7.083333333,6.25,7.5,7.52,7.51,8.917,7.84,6.158,,,9.0,9.3,5.8,2.5,8.2,6.8,3.5,Topázio,Ágata,Ágata,True,2.0,3.0,5.0,Não atendido,Cursando,L,2L,3M
RA-761,Aluno-761,Masculino,2022,36.0,130.0,3.0,-1.0,-1.0,0.0,Destaque: As suas boas notas na Passos Mágicos.,Destaque: A sua boa entrega das lições de casa.,Destaque: A sua boa integração aos Princípios Passos Mágicos.,EE Donizetti Aparecido Leite Professor,0,FASE 1,2M,Fase 1 (4º ano),Fase 2 (5° e 6° ano),Fase 2 (5° e 6° ano),10.0,9.0,8.502,5.0,5.0,10.0,8.2,8.4,7.25,9.0,10.0,11.0,9.4,9.7,8.8636363635,8.06,8.219533333,8.174593939300001,False,Escola Pública,Pública,Pública,8.333333333,8.75,7.5,7.52,6.26,8.25,8.12,8.003333333,,,,8.8,8.7,8.0,7.5,8.0,6.5,Topázio,Topázio,Topázio,False,2.0,3.0,3.0,Não atendido,Cursando,L,1L,2M
RA-762,Aluno-762,Masculino,2022,118.0,402.0,10.0,-3.0,-2.0,-2.0,Melhorar: Empenhar-se mais nas aulas e avaliações.,Destaque: A sua boa entrega das lições de casa.,Melhorar: Integrar-se mais aos Princípios Passos Mágicos.,EM Cecilia Cristina de Oliveira Rodrigues,0,FASE 1,2K,Fase 3 (7º e 8º ano),Fase 3 (7° e 8° ano),Fase 4 (9° ano),10.0,10.0,10.002,2.5,5.0,5.0,6.7,5.8,3.75,12.0,13.0,14.0,9.7,9.1,6.4239130435,7.28,7.09945,5.9677326087,False,Escola Pública,Pública,Pública,7.8125,6.5625,7.5,3.14,6.26,7.083,7.67,5.7525,,,,7.3,6.2,4.0,6.0,5.3,3.5,Ametista,Ametista,Quartzo,False,2.0,3.0,4.0,Não atendido,Cursando,L,1K,2K
RA-763,Aluno-763,Feminino,2021,109.0,361.0,9.0,-2.0,-2.0,-1.0,Melhorar: Empenhar-se mais nas aulas e avaliações.,Destaque: A sua boa entrega das lições de casa.,Melhorar: Integrar-se mais aos Princípios Passos Mágicos.,EE Donizetti Aparecido Leite Professor,0,ALFA,1N,Fase 2 (5º e 6º ano),Fase 2 (5° e 6° ano),Fase 2 (5° e 6° ano),9.5,0.0,9.002,5.0,5.0,5.0,6.5,7.9,5.25,10.0,10.0,11.0,9.7,9.2,8.8636363635,7.402,6.7215,6.984760606,False,Escola Pública,Pública,Pública,6.875,7.708333333,7.5,3.14,6.26,7.167,9.0,6.825,,,,6.3,7.8,6.5,6.7,8.0,4.0,Ametista,Ágata,Ágata,False,2.0,2.0,2.0,Não atendido,Cursando,L,ALFA O - G2/G3,1N
RA-764,Aluno-764,Masculino,2022,38.0,141.0,4.0,0.0,0.0,0.0,Destaque: As suas boas notas na Passos Mágicos.,Destaque: A sua boa entrega das lições de casa.,Destaque: A sua boa integração aos Princípios Passos Mágicos.,Colégio Franciscano Santa Clara,0,FASE 1,2N,ALFA  (2º e 3º ano),Fase 1 (3° e 4° ano),Fase 2 (5° e 6° ano),9.0,0.0,8.002,10.0,10.0,10.0,7.5,7.8,6.0,8.0,,10.0,8.8,9.2,7.8804347825,8.004,7.682125,7.838370289900001,False,Escola Pública,Pública,Privada,8.28125,8.4375,7.5,7.52,7.51,7.667,8.56,8.336666667,,,,7.2,6.0,3.0,7.8,9.5,9.0,Ametista,Ametista,Ametista,False,2.0,3.0,3.0,Não atendido,Cursando,L,1N,2N
RA-765,Aluno-765,Masculino,2022,149.0,523.0,11.0,-1.0,,,Melhorar: Empenhar-se mais nas aulas e avaliações.,Destaque: A sua boa entrega das lições de casa.,Melhorar: Integrar-se mais aos Princípios Passos Mágicos.,,0,,,Fase 1 (4º ano),,,8.5,,,5.0,,,4.3,,,9.0,,,9.3,,,6.902,,,False,Escola Pública,,,,,7.5,,,7.417,,,,,,5.0,,,3.7,,,Ágata,,,False,2.0,,,Não atendido,,L,,
RA-766,Aluno-766,Feminino,2020,23.0,88.0,1.0,-2.0,-1.0,,Destaque: As suas boas notas na Passos Mágicos.,Destaque: A sua boa entrega das lições de casa.,Destaque: A sua boa integração aos Princípios Passos Mágicos.,,0,FASE 1,,Fase 2 (5º e 6º ano),Fase 2 (5° e 6° ano),,10.0,10.0,,5.0,5.0,,8.7,8.7,,11.0,11.0,,9.5,8.7,,8.185,8.008408333,,False,Escola Pública,Pública,,9.21875,,7.5,4.39,,8.333,8.336666667,,,,,8.5,9.2,,8.8,8.2,,Topázio,Topázio,,False,2.0,3.0,,Não atendido,,L,1K,
RA-767,Aluno-767,Masculino,2021,87.0,304.0,8.0,-2.0,-1.0,-2.0,Melhorar: Empenhar-se mais nas aulas e avaliações.,Destaque: A sua boa entrega das lições de casa.,Destaque: A sua boa integração aos Princípios Passos Mágicos.,EM Cecilia Cristina de Oliveira Rodrigues,0,FASE 1,1L,Fase 2 (5º e 6º ano),Fase 2 (5° e 6° ano),Fase 3 (7° e 8° ano),9.5,10.0,9.502,5.0,5.0,5.0,7.0,6.3,8.25,10.0,11.0,12.0,9.0,8.3,9.0476190475,7.511,7.3807,8.131890476200002,False,Escola Pública,Pública,Pública,7.291666667,8.541666667,7.5,7.52,7.51,7.583,7.446666667,8.085,,,,7.3,6.5,8.5,6.7,6.0,8.0,Ametista,Ametista,Topázio,False,2.0,3.0,2.0,Não atendido,Cursando,L,1L,1L
RA-768,Aluno-768,Feminino,2021,71.0,255.0,6.0,-2.0,-2.0,-1.0,Melhorar: Empenhar-se mais nas aulas e avaliações.,Destaque: A sua boa entrega das lições de casa.,Destaque: A sua boa integração aos Princípios Passos Mágicos.,EE Donizetti Aparecido Leite Professor,0,ALFA,1N,Fase 2 (5º e 6º ano),Fase 2 (5° e 6° ano),Fase 2 (5° e 6° ano),9.0,10.0,9.002,5.0,5.0,5.0,7.1,7.9,5.5,10.0,,12.0,10.0,9.1,7.9841897235,7.646,8.4042,7.0345379447,False,Escola Pública,Pública,Pública,7.5,8.125,7.5,7.52,6.26,7.583,10.01,7.495,,,,7.0,8.0,6.0,7.2,7.8,5.0,Ametista,Topázio,Ametista,False,2.0,2.0,2.0,Não atendido,Cursando,L,ALFA L - G2/G3,1N
RA-769,Aluno-769,Feminino,2022,76.0,272.0,3.0,-1.0,-2.0,-1.0,Destaque: As suas boas notas na Passos Mágicos.,Destaque: A sua boa entrega das lições de casa.,Destaque: A sua boa integração aos Princípios Passos Mágicos.,EM Cecilia Cristina de Oliveira Rodrigues,0,ALFA,1K,Fase 1 (4º ano),Fase 2 (5° e 6° ano),Fase 2 (5° e 6° ano),10.0,10.0,10.002,5.0,5.0,5.0,7.9,8.0,6.0,9.0,10.0,11.0,7.5,9.3,5.9523809525,7.598,7.85345,7.099342857200002,True,Escola Pública,Pública,Pública,7.8125,7.916666667,7.5,3.77,7.51,8.5,8.675,8.33,,,,9.6,8.2,6.0,6.2,7.8,6.0,Ametista,Ametista,Ametista,True,2.0,2.0,2.0,Não avaliado,Cursando,M,ALFA N - G2/G3,1K
RA-77,Aluno-77,Masculino,2019,60.0,857.0,5.0,-1.0,,,Melhorar: Empenhar-se mais nas aulas e avaliações.,Melhorar: Melhorar a sua entrega de lições de casa.,Melhorar: Integrar-se mais aos Princípios Passos Mágicos.,,5,,,Fase 6 (2º EM),,,7.1,,,5.0,,,0.7,,,16.0,,,2.7,,,3.846,,,False,Escola Pública,,,,,5.0,,,4.625,,,0.0,,,0.3,,,1.8,,,Quartzo,,,False,4.0,,,Não indicado,,F,,
RA-770,Aluno-770,Masculino,2022,28.0,101.0,1.0,0.0,0.0,-1.0,Destaque: As suas boas notas na Passos Mágicos.,Destaque: A sua boa entrega das lições de casa.,Melhorar: Integrar-se mais aos Princípios Passos Mágicos.,EE Luiz Schunck,0,ALFA,ALFA,ALFA  (2º e 3º ano),ALFA (1° e 2° ano),Fase 1 (3° e 4° ano),9.5,0.0,10.002,10.0,10.0,5.0,8.3,5.9,5.0,7.0,,9.0,8.9,8.3,9.022556391,8.143,6.6785,7.3057112782,False,Escola Pública,Pública,Pública,6.875,7.5,7.5,3.77,7.51,7.333,8.92,7.5,,,,8.5,6.0,4.0,8.1,5.7,6.0,Topázio,Ágata,Ametista,False,2.0,2.0,2.0,Não avaliado,Cursando,M,ALFA U - G2/G3,ALFA U - G2/G3
RA-771,Aluno-771,Feminino,2022,49.0,179.0,2.0,0.0,0.0,-1.0,Melhorar: Empenhar-se mais nas aulas e avaliações.,Destaque: A sua boa entrega das lições de casa.,Destaque: A sua boa integração aos Princípios Passos Mágicos.,EM Cecilia Cristina de Oliveira Rodrigues,0,ALFA,ALFA,ALFA  (2º e 3º ano),ALFA (1° e 2° ano),Fase 1 (3° e 4° ano),10.0,0.0,8.502,10.0,10.0,5.0,7.0,8.2,6.5,7.0,,9.0,8.3,8.8,6.619047619,7.873,7.056,6.066009523800001,False,Escola Pública,Pública,Pública,6.25,5.625,7.5,3.14,3.135,7.5,8.585,6.08,,,,7.2,8.2,6.5,6.9,8.2,6.5,Ametista,Ametista,Ágata,False,2.0,2.0,2.0,Não avaliado,Cursando,M,ALFA U - G2/G3,ALFA N - G2/G3
RA-772,Aluno-772,Masculino,2021,139.0,490.0,5.0,-2.0,-2.0,,Destaque: As suas boas notas na Passos Mágicos.,Melhorar: Melhorar a sua entrega de lições de casa.,Melhorar: Integrar-se mais aos Princípios Passos Mágicos.,,0,FASE 1,,Fase 2 (5º e 6º ano),Fase 3 (7° e 8° ano),,9.0,0.0,,5.0,5.0,,9.2,4.8,,11.0,12.0,,5.4,7.2,,6.994,5.930166667,,False,Escola Pública,Pública,,6.875,,7.5,7.52,,7.25,8.003333333,,,,,9.3,5.2,,9.2,4.3,,Ágata,Quartzo,,False,2.0,3.0,,Não avaliado,,M,1N,
RA-773,Aluno-773,Feminino,2022,147.0,520.0,6.0,-1.0,-1.0,-2.0,Destaque: As suas boas notas na Passos Mágicos.,Melhorar: Melhorar a sua entrega de lições de casa.,Melhorar: Integrar-se mais aos Princípios Passos Mágicos.,EM Cecilia Cristina de Oliveira Rodrigues,0,ALFA,ALFA,Fase 1 (4º ano),Fase 1 (3° e 4° ano),Fase 2 (5° e 6° ano),10.0,10.0,10.002,5.0,5.0,5.0,8.1,7.9,5.0,9.0,9.0,10.0,6.8,7.5,8.75,6.922,6.9287,6.566200000000001,False,Escola Pública,Pública,Pública,5.625,7.5,5.0,2.52,2.51,7.083,7.67,6.575,,,,9.3,8.0,8.0,6.8,7.8,2.0,Ágata,Ágata,Ágata,False,2.0,2.0,2.0,Não indicado,Cursando,M,ALFA M - G0/G1,ALFA L - G2/G3
RA-774,Aluno-774,Feminino,2022,78.0,280.0,4.0,0.0,-1.0,-1.0,Melhorar: Empenhar-se mais nas aulas e avaliações.,Destaque: A sua boa entrega das lições de casa.,Melhorar: Integrar-se mais aos Princípios Passos Mágicos.,EM Cecilia Cristina de Oliveira Rodrigues,0,ALFA,ALFA,ALFA  (2º e 3º ano),Fase 1 (3° e 4° ano),Fase 1 (3° e 4° ano),10.0,0.0,10.002,10.0,5.0,5.0,6.1,6.9,3.75,8.0,,10.0,7.8,9.5,6.3928571430000005,7.587,5.852,5.685771428600001,False,Escola Pública,Pública,Pública,5.0,6.25,7.5,3.14,2.51,7.417,6.34,6.405,,,,7.8,7.7,2.0,4.4,6.0,5.5,Ametista,Quartzo,Quartzo,False,2.0,2.0,2.0,Não avaliado,Cursando,M,ALFA N - G2/G3,ALFA N - G2/G3
RA-775,Aluno-775,Masculino,2021,182.0,751.0,7.0,-2.0,,,Melhorar: Empenhar-se mais nas aulas e avaliações.,Melhorar: Melhorar a sua entrega de lições de casa.,Melhorar: Integrar-se mais aos Princípios Passos Mágicos.,,0,,,Fase 2 (5º e 6º ano),,,7.9,,,5.0,,,5.7,,,10.0,,,5.7,,,5.79,,,False,Escola Pública,,,,,4.4,,,6.417,,,,,,5.5,,,5.8,,,Quartzo,,,False,2.0,,,Não indicado,,N,,
RA-776,Aluno-776,Feminino,2022,190.0,856.0,9.0,-1.0,-1.0,-1.0,Melhorar: Empenhar-se mais nas aulas e avaliações.,Melhorar: Melhorar a sua entrega de lições de casa.,Melhorar: Integrar-se mais aos Princípios Passos Mágicos.,EM Cecilia Cristina de Oliveira Rodrigues,0,FASE 1,1K,Fase 1 (4º ano),Fase 2 (5° e 6° ano),Fase 2 (5° e 6° ano),0.0,0.0,7.917,5.0,5.0,5.0,1.7,3.5,0.0,9.0,,11.0,4.3,7.0,5.9523809525,3.898,5.567916667,5.178509523800001,False,Escola Pública,Privada - Programa de Apadrinhamento,Pública,7.8125,8.333333333,4.4,7.52,5.63,6.333,7.223333333,6.5,,,,0.0,4.2,0.0,3.3,2.7,0.0,Quartzo,Quartzo,Quartzo,False,2.0,3.0,2.0,Requer avaliação,Cursando,N,1K,1K
RA-777,Aluno-777,Feminino,2022,,,,,0.0,0.0,,,,EE Helio Luiz Dobrochinski Prof,,FASE 1,2N,,Fase 1 (3° e 4° ano),Fase 2 (5° e 6° ano),,0.0,8.002,,10.0,10.0,,6.3,4.5,,,10.0,,9.3,8.7757437075,,7.468125,7.563515408100001,,,Pública,Pública,8.28125,8.125,,7.52,7.51,,8.84,7.723333333,,,,,5.3,3.5,,7.3,5.5,,Ametista,Ametista,,,3.0,3.0,,Cursando,,1N,2N
RA-777,Aluno-777,Masculino,2022,133.0,457.0,4.0,0.0,,,Melhorar: Empenhar-se mais nas aulas e avaliações.,Destaque: A sua boa entrega das lições de casa.,Melhorar: Integrar-se mais aos Princípios Passos Mágicos.,,0,,,ALFA  (2º e 3º ano),,,8.0,,,10.0,,,5.3,,,8.0,,,7.7,,,7.096,,,False,Escola Pública,,,,,7.5,,,7.0,,,,,,6.5,,,4.0,,,Ametista,,,False,2.0,,,Não atendido,,N,,
RA-778,Aluno-778,Feminino,2021,100.0,342.0,3.0,-1.0,-1.0,0.0,Melhorar: Empenhar-se mais nas aulas e avaliações.,Melhorar: Melhorar a sua entrega de lições de casa.,Destaque: A sua boa integração aos Princípios Passos Mágicos.,Estuda em outra cidade,0,FASE 1,2K,Fase 1 (4º ano),Fase 2 (5° e 6° ano),Fase 2 (5° e 6° ano),10.0,8.5,10.002,5.0,5.0,10.0,7.1,8.2,7.0,9.0,,11.0,6.7,7.9,8.1235697945,7.432,7.926825,8.0754139589,False,Escola Pública,Pública,Pública,8.90625,7.5,7.5,7.52,7.51,8.833,8.62,7.7475,,,,6.0,7.3,5.0,8.2,9.0,9.0,Ametista,Ametista,Topázio,True,2.0,3.0,4.0,Não atendido,Cursando,N,1K,2K
RA-779,Aluno-779,Masculino,2022,183.0,760.0,8.0,-2.0,,,Melhorar: Empenhar-se mais nas aulas e avaliações.,Melhorar: Melhorar a sua entrega de lições de casa.,Melhorar: Integrar-se mais aos Princípios Passos Mágicos.,,0,,,Fase 2 (5º e 6º ano),,,9.5,,,5.0,,,2.6,,,10.0,,,5.0,,,5.702,,,False,Escola Pública,,,,,7.5,,,7.083,,,,,,2.2,,,3.0,,,Quartzo,,,False,2.0,,,Não atendido,,N,,
RA-78,Aluno-78,Feminino,2018,,,,,-2.0,,,,,,,FASE 6,,,Fase 8 (Universitários),,,0.0,,,5.0,,,6.7,,,,,,7.7,,,6.434625,,,,Privada - Programa de Apadrinhamento,,8.28125,,,6.26,,,8.0025,,,6.8,,,8.5,,,4.8,,,Ágata,,,,4.0,,,,,6A,
RA-78,Aluno-78,Feminino,2021,,,,,,0.0,,,,Colégio Arco Íris Evolução,,,7A,,,Fase 7 (3° EM),,,8.751,,,10.0,,,7.5,,,19.0,,,8.028404344,,,8.1780308688,,,,Privada - Programa de Apadrinhamento,,8.4375,,,8.755,,,7.39,,,10.0,,,6.5,,,6.0,,,Topázio,,,,3.0,,Cursando,,,7A
RA-78,Aluno-78,Masculino,2018,29.0,475.0,2.0,-2.0,,,Melhorar: Empenhar-se mais nas aulas e avaliações.,Melhorar: Melhorar a sua entrega de lições de casa.,Destaque: A sua boa integração aos Princípios Passos Mágicos.,,5,,,Fase 7 (3º EM),,,8.3,,,5.0,,,7.2,,,17.0,,,6.6,,,7.04,,,False,Rede Decisão,,,,,5.6,,,8.0,,,7.3,,,8.7,,,5.7,,,Ametista,,,False,4.0,,,Requer avaliação,,F,,
RA-780,Aluno-780,Feminino,2022,143.0,502.0,6.0,-1.0,-2.0,-1.0,Melhorar: Empenhar-se mais nas aulas e avaliações.,Destaque: A sua boa entrega das lições de casa.,Melhorar: Integrar-se mais aos Princípios Passos Mágicos.,EM Cecilia Cristina de Oliveira Rodrigues,0,ALFA,1L,Fase 1 (4º ano),Fase 2 (5° e 6° ano),Fase 2 (5° e 6° ano),8.0,9.5,9.502,5.0,5.0,5.0,6.9,8.3,6.0,9.0,10.0,11.0,7.6,8.8,10.0,6.955,7.7842,7.7430333333,False,Escola Pública,Pública,Pública,8.75,8.958333333,7.5,3.14,5.63,7.167,8.675,8.17,,,,6.3,8.0,6.0,7.5,8.5,6.0,Ágata,Ametista,Ametista,False,2.0,2.0,2.0,Não atendido,Cursando,N,ALFA N - G2/G3,1L
RA-781,Aluno-781,Feminino,2021,54.0,205.0,1.0,-1.0,-1.0,0.0,Destaque: As suas boas notas na Passos Mágicos.,Destaque: A sua boa entrega das lições de casa.,Destaque: A sua boa integração aos Princípios Passos Mágicos.,EE Helio Luiz Dobrochinski Prof,0,FASE 1,2N,Fase 1 (4º ano),Fase 2 (5° e 6° ano),Fase 2 (5° e 6° ano),10.0,7.5,8.002,5.0,5.0,10.0,8.3,7.9,7.25,9.0,10.0,11.0,8.9,9.8,9.75,7.786,8.209283333,8.496283333400001,False,Escola Pública,Pública,Pública,8.4375,8.4375,7.5,7.52,7.51,7.75,9.116666667,8.506666667,,,,8.0,7.0,5.0,8.5,8.8,9.5,Ametista,Topázio,Topázio,False,2.0,3.0,3.0,Não atendido,Cursando,N,1N,2N
RA-782,Aluno-782,Masculino,2022,93.0,317.0,2.0,0.0,-1.0,0.0,Melhorar: Empenhar-se mais nas aulas e avaliações.,Destaque: A sua boa entrega das lições de casa.,Melhorar: Integrar-se mais aos Princípios Passos Mágicos.,EM Amanda Consuelo da Cunha,0,ALFA,1L,ALFA  (2º e 3º ano),Fase 1 (3° e 4° ano),Fase 1 (3° e 4° ano),9.5,8.5,9.502,10.0,5.0,10.0,6.0,7.5,7.75,8.0,9.0,10.0,8.4,9.8,7.8571428569999995,7.485,7.6812,8.1896285714,False,Escola Pública,Pública,Pública,7.5,7.5,7.5,2.52,7.51,7.0,9.345,8.085,,,,5.7,8.3,7.5,6.3,6.7,8.0,Ametista,Ametista,Topázio,False,2.0,2.0,2.0,Não atendido,Cursando,N,ALFA L - G2/G3,1L
RA-783,Aluno-783,Masculino,2021,138.0,487.0,5.0,0.0,-1.0,,Melhorar: Empenhar-se mais nas aulas e avaliações.,Melhorar: Melhorar a sua entrega de lições de casa.,Melhorar: Integrar-se mais aos Princípios Passos Mágicos.,,0,ALFA,,ALFA  (2º e 3º ano),Fase 1 (3° e 4° ano),,9.5,9.5,,10.0,5.0,,6.0,8.9,,8.0,,,5.8,6.8,,6.996,7.2922,,False,Escola Pública,Pública,,7.5,,7.5,3.77,,6.917,7.925,,,,,4.7,9.0,,7.3,8.7,,Ágata,Ametista,,False,2.0,2.0,,Não atendido,,N,ALFA N - G2/G3,
RA-784,Aluno-784,Feminino,2022,,,,,-1.0,0.0,,,,Colégio Arco Íris Evolução,,FASE 1,2M,,Fase 2 (5° e 6° ano),Fase 2 (5° e 6° ano),,10.0,8.002,,5.0,10.0,,7.3,8.75,,10.0,11.0,,9.5,9.7727272725,,8.171366667,8.8857454545,,,Pública,Privada - Programa de Apadrinhamento,8.125,9.375,,7.52,5.635,,8.783333333,9.4,,,,,6.5,8.0,,8.0,9.5,,Topázio,Topázio,,,3.0,3.0,,Cursando,,1L,2M
RA-784,Aluno-784,Masculino,2022,14.0,54.0,1.0,-1.0,,,Destaque: As suas boas notas na Passos Mágicos.,Destaque: A sua boa entrega das lições de casa.,Destaque: A sua boa integração aos Princípios Passos Mágicos.,,0,,,Fase 1 (4º ano),,,9.5,,,5.0,,,8.2,,,9.0,,,10.0,,,8.34,,,False,Escola Pública,,,,,7.5,,,9.25,,,,,,7.8,,,8.5,,,Topázio,,,True,2.0,,,Não atendido,,O,,
RA-785,Aluno-785,Feminino,2022,72.0,256.0,4.0,-1.0,-1.0,0.0,Destaque: As suas boas notas na Passos Mágicos.,Destaque: A sua boa entrega das lições de casa.,Destaque: A sua boa integração aos Princípios Passos Mágicos.,EE Helio Luiz Dobrochinski Prof,0,FASE 1,2U,Fase 1 (4º ano),Fase 2 (5° e 6° ano),Fase 2 (5° e 6° ano),9.0,9.0,9.502,5.0,5.0,10.0,8.4,8.8,9.0,9.0,10.0,11.0,8.6,8.5,10.0,7.642,8.137866667,9.1548666666,False,Escola Pública,Pública,Pública,7.916666667,8.75,7.5,7.52,7.51,7.667,8.67,8.893333333,,,,8.8,8.2,8.0,8.0,9.4,10.0,Ametista,Topázio,Topázio,False,2.0,3.0,3.0,Não atendido,Cursando,O,1L,2U
RA-786,Aluno-786,Masculino,2019,137.0,485.0,11.0,-2.0,,,Melhorar: Empenhar-se mais nas aulas e avaliações.,Destaque: A sua boa entrega das lições de casa.,Melhorar: Integrar-se mais aos Princípios Passos Mágicos.,,0,,,Fase 2 (5º e 6º ano),,,9.0,,,5.0,,,6.1,,,11.0,,,9.5,,,7.004,,,False,Escola Pública,,,,,5.6,,,7.167,,,,,,6.3,,,5.8,,,Ágata,,,False,2.0,,,Não indicado,,O,,
RA-787,Aluno-787,Masculino,2022,127.0,426.0,9.0,0.0,-1.0,-1.0,Melhorar: Empenhar-se mais nas aulas e avaliações.,Destaque: A sua boa entrega das lições de casa.,Melhorar: Integrar-se mais aos Princípios Passos Mágicos.,EE Helio Luiz Dobrochinski Prof,0,ALFA,ALFA,ALFA  (2º e 3º ano),Fase 1 (3° e 4° ano),Fase 1 (3° e 4° ano),8.5,9.0,9.002,10.0,5.0,5.0,3.4,5.9,7.25,8.0,,10.0,9.5,9.8,9.75,7.205,7.5227,7.73495,False,Escola Pública,Pública,Pública,5.625,7.1875,7.5,7.52,7.51,7.25,8.34,7.325,,,,4.2,6.0,10.0,2.7,5.8,4.5,Ametista,Ametista,Ametista,False,2.0,2.0,2.0,Não atendido,Cursando,O,ALFA O - G2/G3,ALFA O - G2/G3
RA-788,Aluno-788,Masculino,2021,17.0,68.0,2.0,0.0,0.0,0.0,Destaque: As suas boas notas na Passos Mágicos.,Destaque: A sua boa entrega das lições de casa.,Destaque: A sua boa integração aos Princípios Passos Mágicos.,Colégio Arco Íris Evolução,0,FASE 1,2N,ALFA  (2º e 3º ano),Fase 1 (3° e 4° ano),Fase 2 (5° e 6° ano),10.0,7.9,8.418,10.0,10.0,10.0,8.0,6.9,5.75,8.0,,10.0,9.3,9.8,9.519450801,8.264,7.806091667,7.9221068268,False,Rede Decisão,Pública,Privada - Programa de Apadrinhamento,7.65625,8.4375,5.6,2.52,6.26,8.667,8.283333333,7.783333333,,,,7.8,6.0,4.0,8.2,7.8,7.5,Topázio,Ametista,Ametista,True,2.0,3.0,3.0,Requer avaliação,Cursando,O,1K,2N
RA-789,Aluno-789,Feminino,2022,108.0,359.0,7.0,0.0,0.0,0.0,Melhorar: Empenhar-se mais nas aulas e avaliações.,Destaque: A sua boa entrega das lições de casa.,Melhorar: Integrar-se mais aos Princípios Passos Mágicos.,EE Helio Luiz Dobrochinski Prof,0,ALFA,1L,ALFA  (2º e 3º ano),ALFA (1° e 2° ano),Fase 1 (3° e 4° ano),9.0,0.0,9.002,10.0,10.0,10.0,4.2,7.9,5.25,7.0,8.0,9.0,9.4,9.5,9.047619048,7.405,7.974,8.0443904763,False,Escola Pública,Pública,Pública,7.5,9.166666667,7.5,7.52,7.51,7.417,10.01,8.085,,,,3.7,8.5,5.5,4.7,7.2,5.0,Ametista,Ametista,Topázio,False,2.0,2.0,2.0,Não atendido,Cursando,O,ALFA L - G2/G3,1L
RA-79,Aluno-79,Feminino,2018,31.0,541.0,3.0,-1.0,-1.0,,Destaque: As suas boas notas na Passos Mágicos.,Melhorar: Melhorar a sua entrega de lições de casa.,Melhorar: Integrar-se mais aos Princípios Passos Mágicos.,,5,FASE 6,,Fase 6 (2º EM),Fase 7 (3° EM),,5.4,5.8,,5.0,5.0,,8.9,7.6,,16.0,,,6.3,6.2,,6.847,6.635883333,,False,Rede Decisão,Privada - Programa de Apadrinhamento,,7.8125,,5.6,5.0,,7.292,7.59,,9.5,9.0,,9.5,6.0,,7.7,7.7,,Ágata,Ágata,,False,4.0,4.0,,Requer avaliação,,F,6A,
RA-790,Aluno-790,Feminino,2022,89.0,307.0,6.0,-2.0,,,Destaque: As suas boas notas na Passos Mágicos.,Destaque: A sua boa entrega das lições de casa.,Melhorar: Integrar-se mais aos Princípios Passos Mágicos.,,0,,,Fase 2 (5º e 6º ano),,,9.0,,,5.0,,,7.8,,,11.0,,,8.9,,,7.504,,,False,Escola Pública,,,,,7.5,,,7.417,,,,,,8.5,,,7.2,,,Ametista,,,False,2.0,,,Não atendido,,O,,
RA-790,Aluno-790,Masculino,2022,,,,,-2.0,-1.0,,,,EM Cecilia Cristina de Oliveira Rodrigues,,FASE 1,2U,,Fase 3 (7° e 8° ano),Fase 3 (7° e 8° ano),,0.0,7.502,,5.0,5.0,,7.4,6.75,,,13.0,,8.1,6.811594203,,6.707666667,6.8089355072,,,Pública,Pública,7.083333333,7.1875,,7.52,7.51,,8.286666667,6.883333333,,,,,7.2,4.0,,7.5,9.5,,Ágata,Ágata,,,3.0,3.0,,Cursando,,1L,2U
RA-791,Aluno-791,Feminino,2022,88.0,306.0,5.0,-2.0,-2.0,,Melhorar: Empenhar-se mais nas aulas e avaliações.,Destaque: A sua boa entrega das lições de casa.,Destaque: A sua boa integração aos Princípios Passos Mágicos.,,0,FASE 1,,Fase 2 (5º e 6º ano),Fase 3 (7° e 8° ano),,9.5,0.0,,5.0,5.0,,6.5,5.3,,11.0,,,8.7,8.1,,7.507,6.247916667,,False,Escola Pública,Pública,,7.8125,,7.5,7.52,,8.5,7.723333333,,,,,6.3,6.0,,6.7,4.5,,Ametista,Ágata,,True,2.0,3.0,,Não atendido,,O,1K,
RA-792,Aluno-792,Feminino,2022,136.0,480.0,10.0,-1.0,-2.0,-1.0,Melhorar: Empenhar-se mais nas aulas e avaliações.,Destaque: A sua boa entrega das lições de casa.,Melhorar: Integrar-se mais aos Princípios Passos Mágicos.,EE Donizetti Aparecido Leite Professor,0,ALFA,1N,Fase 1 (4º ano),Fase 2 (5° e 6° ano),Fase 2 (5° e 6° ano),9.5,9.0,8.502,5.0,5.0,5.0,6.2,7.2,3.25,9.0,10.0,11.0,8.0,7.7,5.2865612650000005,7.025,7.6267,6.036012253,False,Escola Pública,Pública,Pública,6.875,8.125,7.5,7.52,7.51,7.167,9.085,7.075,,,,6.5,6.8,6.5,5.8,7.5,0.0,Ágata,Ametista,Ágata,False,2.0,2.0,2.0,Não atendido,Cursando,O,ALFA L - G2/G3,1N
RA-793,Aluno-793,Masculino,2022,151.0,527.0,12.0,-2.0,,,Melhorar: Empenhar-se mais nas aulas e avaliações.,Destaque: A sua boa entrega das lições de casa.,Melhorar: Integrar-se mais aos Princípios Passos Mágicos.,,0,,,Fase 2 (5º e 6º ano),,,9.5,,,5.0,,,6.0,,,10.0,,,7.6,,,6.894,,,False,Escola Pública,,,,,7.5,,,7.333,,,,,,6.0,,,6.0,,,Ágata,,,False,2.0,,,Não atendido,,O,,
RA-794,Aluno-794,Feminino,2022,114.0,381.0,8.0,0.0,-1.0,0.0,Melhorar: Empenhar-se mais nas aulas e avaliações.,Destaque: A sua boa entrega das lições de casa.,Melhorar: Integrar-se mais aos Princípios Passos Mágicos.,EE Helio Luiz Dobrochinski Prof,0,ALFA,1K,ALFA  (2º e 3º ano),Fase 1 (3° e 4° ano),Fase 1 (3° e 4° ano),9.5,9.0,9.502,10.0,5.0,10.0,4.1,6.2,3.0,8.0,,10.0,8.9,9.2,6.9047619045,7.335,7.9842,7.145652380900001,False,Escola Pública,Pública,Pública,7.5,8.125,7.5,7.52,7.51,7.333,10.01,8.255,,,,3.7,5.2,6.0,4.5,7.2,0.0,Ametista,Ametista,Ametista,False,2.0,2.0,2.0,Não atendido,Cursando,O,ALFA L - G2/G3,1K
RA-795,Aluno-795,Feminino,2022,35.0,126.0,3.0,0.0,-1.0,-1.0,Melhorar: Empenhar-se mais nas aulas e avaliações.,Destaque: A sua boa entrega das lições de casa.,Melhorar: Integrar-se mais aos Princípios Passos Mágicos.,EE Helio Luiz Dobrochinski Prof,0,ALFA,1L,ALFA  (2º e 3º ano),Fase 1 (3° e 4° ano),Fase 2 (5° e 6° ano),9.0,9.0,9.502,10.0,5.0,5.0,7.3,8.2,9.5,8.0,9.0,10.0,9.7,9.6,9.761904762,8.064,8.4642,8.441414285700002,False,Escola Pública,Pública,Pública,7.5,8.958333333,7.5,7.52,6.26,7.333,10.01,8.085,,,,8.0,8.7,10.0,6.5,7.7,9.0,Topázio,Topázio,Topázio,False,2.0,2.0,2.0,Não atendido,Cursando,O,ALFA L - G2/G3,1L
RA-796,Aluno-796,Feminino,2022,123.0,416.0,3.0,-2.0,-1.0,-1.0,Melhorar: Empenhar-se mais nas aulas e avaliações.,Destaque: A sua boa entrega das lições de casa.,Destaque: A sua boa integração aos Princípios Passos Mágicos.,EE Donizetti Aparecido Leite Professor,0,FASE 1,2P,Fase 2 (5º e 6º ano),Fase 2 (5° e 6° ano),Fase 3 (7° e 8° ano),9.5,9.0,8.502,5.0,5.0,5.0,5.4,5.5,5.25,10.0,11.0,12.0,9.3,9.8,8.2212885155,7.232,7.462866667,7.052457703200001,False,Escola Pública,Pública,Pública,7.083333333,7.916666667,7.5,6.27,7.51,7.667,8.336666667,7.326666667,,,,5.8,5.0,3.0,5.0,6.0,7.5,Ametista,Ametista,Ametista,False,2.0,3.0,3.0,Não atendido,Cursando,Q,1P,2P
RA-797,Aluno-797,Masculino,2021,126.0,421.0,4.0,-2.0,-1.0,-1.0,Melhorar: Empenhar-se mais nas aulas e avaliações.,Destaque: A sua boa entrega das lições de casa.,Destaque: A sua boa integração aos Princípios Passos Mágicos.,EE Donizetti Aparecido Leite Professor,0,FASE 1,2P,Fase 2 (5º e 6º ano),Fase 2 (5° e 6° ano),Fase 3 (7° e 8° ano),9.0,8.5,9.168,5.0,5.0,5.0,7.3,7.5,7.25,10.0,11.0,12.0,8.5,8.6,4.840909091,7.217,7.373033333,6.597315151500001,False,Escola Pública,Pública,Pública,6.041666667,6.666666667,7.5,7.52,7.51,7.5,7.233333333,6.723333333,,,,8.2,7.0,8.0,6.5,8.0,6.5,Ametista,Ametista,Ágata,False,2.0,3.0,3.0,Não atendido,Cursando,Q,1P,2P
RA-798,Aluno-798,Masculino,2022,135.0,472.0,5.0,-2.0,-1.0,-1.0,Melhorar: Empenhar-se mais nas aulas e avaliações.,Destaque: A sua boa entrega das lições de casa.,Destaque: A sua boa integração aos Princípios Passos Mágicos.,EE Maria André Schunck Dona,0,FASE 1,2R,Fase 2 (5º e 6º ano),Fase 2 (5° e 6° ano),Fase 3 (7° e 8° ano),8.0,9.0,6.834,5.0,5.0,5.0,6.3,6.1,4.75,10.0,,12.0,8.3,8.1,3.5064935065,7.049,7.018033333,4.6743653679,False,Escola Pública,Privada - Programa de Apadrinhamento,Pública,6.458333333,5.0,7.5,7.52,7.51,7.667,6.95,2.943333333,,,,7.0,4.3,4.0,5.7,7.8,5.5,Ametista,Ametista,Quartzo,False,2.0,3.0,3.0,Não atendido,Cursando,Q,1R,2R
RA-799,Aluno-799,Feminino,2022,65.0,244.0,2.0,-2.0,-1.0,0.0,Destaque: As suas boas notas na Passos Mágicos.,Destaque: A sua boa entrega das lições de casa.,Destaque: A sua boa integração aos Princípios Passos Mágicos.,EE Maria André Schunck Dona,0,FASE 1,2R,Fase 2 (5º e 6º ano),Fase 2 (5° e 6° ano),Fase 2 (5° e 6° ano),8.0,9.5,7.918,5.0,5.0,10.0,7.8,8.3,5.25,10.0,,11.0,9.6,9.6,9.090909091,7.676,8.061533333,7.702648484900001,False,Escola Pública,Pública,Pública,8.333333333,7.916666667,7.5,5.64,7.51,7.917,8.17,7.5,,,,8.5,7.8,5.0,7.2,8.8,5.5,Ametista,Topázio,Ametista,False,2.0,3.0,3.0,Não atendido,Cursando,Q,1R,2R
RA-8,Aluno-8,Feminino,2018,21.0,836.0,13.0,-1.0,,,Melhorar: Empenhar-se mais nas aulas e avaliações.,Melhorar: Melhorar a sua entrega de lições de casa.,Melhorar: Integrar-se mais aos Princípios Passos Mágicos.,,7,,,Fase 8 (Universitários),,,7.1,,,5.0,,,1.6,,,20.0,,,4.6,,,4.786,,,False,Escola Pública,,,,,6.3,,,6.278,,,2.9,,,1.2,,,0.7,,,Quartzo,,,False,4.0,,,Requer avaliação,,A,,
RA-80,Aluno-80,Feminino,2017,26.0,397.0,6.0,-1.0,-1.0,,Melhorar: Empenhar-se mais nas aulas e avaliações.,Destaque: A sua boa entrega das lições de casa.,Destaque: A sua boa integração aos Princípios Passos Mágicos.,,5,FASE 6,,Fase 6 (2º EM),Fase 7 (3° EM),,9.2,8.3,,5.0,5.0,,7.1,6.3,,16.0,,,8.3,8.4,,7.29,7.252275,,False,Rede Decisão,Privada - Programa de Apadrinhamento,,7.96875,,5.0,6.89,,7.625,7.465,,7.3,5.0,,6.5,8.2,,7.7,5.7,,Ametista,Ametista,,False,4.0,4.0,,Requer avaliação,,K,6L,
RA-80,Aluno-80,Feminino,2021,,,,,,0.0,,,,Colégio Arco Íris Evolução,,,7A,,,Fase 7 (3° EM),,,8.751,,,10.0,,,7.0,,,18.0,,,7.8961292116666675,,,8.131659175733333,,,,Privada - Programa de Apadrinhamento,,8.75,,,8.13,,,7.946666667,,,10.0,,,5.0,,,6.0,,,Topázio,,,,3.0,,Cursando,,,7A
RA-800,Aluno-800,Masculino,2022,157.0,551.0,8.0,0.0,,,Melhorar: Empenhar-se mais nas aulas e avaliações.,Melhorar: Melhorar a sua entrega de lições de casa.,Melhorar: Integrar-se mais aos Princípios Passos Mágicos.,,0,,,ALFA  (2º e 3º ano),,,8.0,,,10.0,,,6.1,,,8.0,,,5.4,,,6.818,,,False,Escola Pública,,,,,7.5,,,7.5,,,,,,6.3,,,5.8,,,Ágata,,,False,2.0,,,Não atendido,,Q,,
RA-801,Aluno-801,Masculino,2022,167.0,611.0,9.0,-1.0,0.0,-1.0,Melhorar: Empenhar-se mais nas aulas e avaliações.,Melhorar: Melhorar a sua entrega de lições de casa.,Melhorar: Integrar-se mais aos Princípios Passos Mágicos.,EE Luiz Schunck,0,FASE 1,1R,Fase 1 (4º ano),Fase 1 (3° e 4° ano),Fase 2 (5° e 6° ano),7.0,0.0,9.002,5.0,10.0,5.0,6.8,7.6,8.0,9.0,,10.0,6.6,7.5,5.75,6.644,6.8735,6.6752,False,Escola Pública,Pública,Pública,6.875,6.25,7.5,7.52,7.51,7.5,7.12,5.745,,,,7.2,6.8,7.0,6.3,8.3,9.0,Ágata,Ágata,Ágata,False,2.0,3.0,4.0,Não atendido,Cursando,Q,1R,1R
RA-802,Aluno-802,Masculino,2021,51.0,193.0,1.0,-1.0,-1.0,0.0,Destaque: As suas boas notas na Passos Mágicos.,Destaque: A sua boa entrega das lições de casa.,Destaque: A sua boa integração aos Princípios Passos Mágicos.,EE Maria André Schunck Dona,0,FASE 1,2R,Fase 1 (4º ano),Fase 2 (5° e 6° ano),Fase 2 (5° e 6° ano),9.0,8.0,7.502,5.0,5.0,10.0,8.3,9.4,8.75,9.0,10.0,11.0,9.0,9.3,7.012987013,7.831,8.126866667,7.8317974024999994,False,Escola Pública,Pública,Pública,8.333333333,8.333333333,7.5,7.52,7.51,8.333,7.506666667,6.723333333,,,,9.0,9.3,9.0,7.5,9.5,8.5,Ametista,Topázio,Ametista,False,2.0,3.0,3.0,Não atendido,Cursando,Q,1R,2R
RA-803,Aluno-803,Feminino,2022,141.0,494.0,6.0,-2.0,,,Melhorar: Empenhar-se mais nas aulas e avaliações.,Melhorar: Melhorar a sua entrega de lições de casa.,Melhorar: Integrar-se mais aos Princípios Passos Mágicos.,,0,,,Fase 2 (5º e 6º ano),,,10.0,,,5.0,,,6.3,,,10.0,,,7.2,,,6.98,,,False,Escola Pública,,,,,7.5,,,7.417,,,,,,6.5,,,6.0,,,Ágata,,,False,2.0,,,Sem limitações,,Q,,
RA-804,Aluno-804,Masculino,2022,153.0,540.0,7.0,-2.0,-1.0,,Melhorar: Empenhar-se mais nas aulas e avaliações.,Destaque: A sua boa entrega das lições de casa.,Destaque: A sua boa integração aos Princípios Passos Mágicos.,,0,FASE 1,,Fase 2 (5º e 6º ano),Fase 2 (5° e 6° ano),,10.0,10.0,,5.0,5.0,,4.8,6.9,,10.0,11.0,,8.4,8.6,,6.848,7.2352,,False,Escola Pública,Pública,,5.833333333,,6.3,6.27,,7.667,7.173333333,,,,,5.5,6.2,,4.0,7.5,,Ágata,Ametista,,False,2.0,3.0,,Não atendido,,Q,1R,
RA-805,Aluno-805,Masculino,2021,16.0,65.0,2.0,0.0,-1.0,-1.0,Destaque: As suas boas notas na Passos Mágicos.,Destaque: A sua boa entrega das lições de casa.,Melhorar: Integrar-se mais aos Princípios Passos Mágicos.,EE Luiz Schunck,0,ALFA,1R,ALFA  (2º e 3º ano),Fase 1 (3° e 4° ano),Fase 2 (5° e 6° ano),9.5,0.0,8.502,10.0,5.0,5.0,8.8,6.8,6.0,8.0,9.0,10.0,9.0,9.1,9.523809524,8.279,6.492,6.9375869048,False,Escola Pública,Pública,Pública,6.25,7.03125,7.5,7.52,4.38,7.333,7.175,6.7075,,,,8.7,6.8,7.0,8.9,6.8,5.0,Topázio,Ágata,Ágata,False,2.0,2.0,4.0,Sem limitações,Cursando,R,ALFA Q - G2/G3,1R
RA-806,Aluno-806,Masculino,2022,82.0,290.0,5.0,0.0,-1.0,-1.0,Melhorar: Empenhar-se mais nas aulas e avaliações.,Melhorar: Melhorar a sua entrega de lições de casa.,Destaque: A sua boa integração aos Princípios Passos Mágicos.,EE Luiz Schunck,0,ALFA,1R,ALFA  (2º e 3º ano),Fase 1 (3° e 4° ano),Fase 2 (5° e 6° ano),9.5,8.5,8.502,10.0,5.0,5.0,6.6,7.8,6.75,8.0,9.0,10.0,7.3,8.3,6.9047619045,7.561,7.2937,6.972777380900001,False,Escola Pública,Pública,Pública,6.875,7.65625,7.5,6.27,7.51,7.917,7.095,6.875,,,,5.0,7.8,6.5,8.2,7.7,7.0,Ametista,Ametista,Ágata,False,2.0,2.0,4.0,Sem limitações,Cursando,R,ALFA Q - G2/G3,1R
RA-807,Aluno-807,Masculino,2022,31.0,109.0,3.0,0.0,-1.0,0.0,Destaque: As suas boas notas na Passos Mágicos.,Destaque: A sua boa entrega das lições de casa.,Destaque: A sua boa integração aos Princípios Passos Mágicos.,EE Luiz Schunck,0,ALFA,1R,ALFA  (2º e 3º ano),Fase 1 (3° e 4° ano),Fase 1 (3° e 4° ano),9.5,9.5,9.002,10.0,5.0,10.0,9.0,8.0,7.0,8.0,9.0,10.0,8.7,9.1,7.8571428569999995,8.121,7.8632,7.797628571400001,False,Escola Pública,Pública,Pública,6.25,7.5,6.3,7.52,7.51,7.5,8.08,7.125,,,,9.5,8.3,6.0,8.6,7.7,8.0,Topázio,Ametista,Ametista,False,2.0,2.0,4.0,Sem limitações,Cursando,R,ALFA Q - G2/G3,1R
RA-808,Aluno-808,Masculino,2022,12.0,51.0,1.0,0.0,-1.0,0.0,Destaque: As suas boas notas na Passos Mágicos.,Destaque: A sua boa entrega das lições de casa.,Destaque: A sua boa integração aos Princípios Passos Mágicos.,EE Luiz Schunck,0,ALFA,1R,ALFA  (2º e 3º ano),Fase 1 (3° e 4° ano),Fase 1 (3° e 4° ano),10.0,10.0,9.002,10.0,5.0,10.0,9.3,8.7,8.75,8.0,9.0,10.0,9.1,10.0,10.0,8.361,8.1932,8.7897,False,Escola Pública,Pública,Pública,7.5,8.125,6.3,2.52,7.51,8.0,9.755,7.88,,,,9.7,8.7,7.5,8.8,8.7,10.0,Topázio,Topázio,Topázio,False,2.0,2.0,4.0,Sem limitações,Cursando,R,ALFA S - G2/G3,1R
RA-809,Aluno-809,Masculino,2022,120.0,410.0,7.0,0.0,,,Melhorar: Empenhar-se mais nas aulas e avaliações.,Melhorar: Melhorar a sua entrega de lições de casa.,Melhorar: Integrar-se mais aos Princípios Passos Mágicos.,,0,,,ALFA  (2º e 3º ano),,,10.0,,,10.0,,,6.3,,,7.0,,,6.6,,,7.259,,,False,Escola Pública,,,,,6.3,,,7.417,,,,,,5.5,,,7.1,,,Ametista,,,False,2.0,,,Sem limitações,,R,,
RA-81,Aluno-81,Feminino,2017,14.0,247.0,2.0,1.0,0.0,,Melhorar: Empenhar-se mais nas aulas e avaliações.,Destaque: A sua boa entrega das lições de casa.,Melhorar: Integrar-se mais aos Princípios Passos Mágicos.,,5,FASE 5,,Fase 4 (9º ano),Fase 5 (1° EM),,9.2,9.6,,10.0,10.0,,6.0,6.3,,14.0,15.0,,9.2,8.8,,7.675,7.45425,,False,Rede Decisão,Privada - Programa de Apadrinhamento,,7.8125,,5.0,2.52,,7.458,7.2125,,7.3,5.5,,5.5,8.7,,5.2,4.7,,Ametista,Ametista,,False,4.0,4.0,,Requer avaliação,,K,5L,
RA-81,Aluno-81,Feminino,2021,,,,,,0.0,,,,Colégio Arco Íris Evolução,,,6L,,,Fase 6 (2° EM),,,9.168,,,10.0,,,7.5,,,16.0,,,9.333333333333334,,,8.256566666666668,,,,Privada - Programa de Apadrinhamento,,7.875,,,6.26,,,7.798,,,7.0,,,9.0,,,6.5,,,Topázio,,,,5.0,,Cursando,,,6L
RA-810,Aluno-810,Masculino,2021,47.0,175.0,4.0,0.0,0.0,-1.0,Destaque: As suas boas notas na Passos Mágicos.,Destaque: A sua boa entrega das lições de casa.,Melhorar: Integrar-se mais aos Princípios Passos Mágicos.,EE Helio Luiz Dobrochinski Prof,0,FASE 1,1P,ALFA  (2º e 3º ano),Fase 1 (3° e 4° ano),Fase 2 (5° e 6° ano),8.5,8.0,7.502,10.0,10.0,5.0,9.6,6.9,9.0,8.0,9.0,10.0,9.1,8.5,9.4736842105,7.887,7.782866667,7.704770175400001,False,Escola Pública,Pública,Pública,5.833333333,6.458333333,5.0,7.52,5.635,7.25,7.836666667,7.7525,,,,9.7,6.3,8.0,9.5,7.5,10.0,Ametista,Ametista,Ametista,False,2.0,3.0,4.0,Não indicado,Cursando,R,1P,1P
RA-811,Aluno-811,Feminino,2021,170.0,635.0,8.0,-1.0,,,Melhorar: Empenhar-se mais nas aulas e avaliações.,Melhorar: Melhorar a sua entrega de lições de casa.,Destaque: A sua boa integração aos Princípios Passos Mágicos.,,0,,,Fase 1 (4º ano),,,8.9,,,5.0,,,7.3,,,9.0,,,5.7,,,6.575,,,False,Escola Pública,,,,,5.6,,,7.667,,,,,,8.9,,,5.7,,,Ágata,,,False,2.0,,,Sem limitações,,R,,
RA-812,Aluno-812,Masculino,2022,90.0,313.0,6.0,0.0,0.0,,Melhorar: Empenhar-se mais nas aulas e avaliações.,Destaque: A sua boa entrega das lições de casa.,Melhorar: Integrar-se mais aos Princípios Passos Mágicos.,,0,ALFA,,ALFA  (2º e 3º ano),ALFA (1° e 2° ano),,9.0,9.5,,10.0,10.0,,7.4,5.8,,8.0,8.0,,8.1,9.1,,7.497,8.0357,,False,Escola Pública,Pública,,6.875,,5.6,7.52,,7.333,8.33,,,,,8.3,6.3,,6.6,5.3,,Ametista,Topázio,,False,2.0,2.0,,Sem limitações,,R,ALFA Q - G2/G3,
RA-813,Aluno-813,Masculino,2022,134.0,459.0,6.0,0.0,0.0,,Melhorar: Empenhar-se mais nas aulas e avaliações.,Melhorar: Melhorar a sua entrega de lições de casa.,Melhorar: Integrar-se mais aos Princípios Passos Mágicos.,,0,FASE 1,,ALFA  (2º e 3º ano),Fase 1 (3° e 4° ano),,9.5,9.5,,10.0,10.0,,6.0,3.9,,8.0,,,6.5,8.4,,7.093,7.5867,,False,Escola Pública,Pública,,8.125,,6.9,7.52,,7.417,8.06,,,,,6.7,2.3,,5.3,5.5,,Ametista,Ametista,,False,2.0,3.0,,Sem limitações,,S,1R,
RA-814,Aluno-814,Masculino,2022,77.0,275.0,4.0,-1.0,-1.0,0.0,Destaque: As suas boas notas na Passos Mágicos.,Destaque: A sua boa entrega das lições de casa.,Destaque: A sua boa integração aos Princípios Passos Mágicos.,EE Donizetti Aparecido Leite Professor,0,FASE 1,2P,Fase 1 (4º ano),Fase 2 (5° e 6° ano),Fase 2 (5° e 6° ano),8.9,9.5,7.418,5.0,5.0,10.0,7.5,8.2,7.5,9.0,10.0,11.0,9.0,9.6,9.090909091,7.592,8.367866667,7.971648484800001,False,Escola Pública,Pública,Pública,8.333333333,7.5,6.9,6.89,7.51,8.417,9.226666667,7.053333333,,,,7.8,7.8,8.0,7.2,8.5,7.0,Ametista,Topázio,Ametista,True,2.0,3.0,3.0,Requer avaliação,Cursando,S,1P,2P
RA-815,Aluno-815,Masculino,2022,158.0,552.0,7.0,-1.0,-1.0,,Melhorar: Empenhar-se mais nas aulas e avaliações.,Destaque: A sua boa entrega das lições de casa.,Melhorar: Integrar-se mais aos Princípios Passos Mágicos.,,0,FASE 1,,Fase 1 (4º ano),Fase 2 (5° e 6° ano),,10.0,0.0,,5.0,5.0,,6.5,6.5,,9.0,,,7.9,8.6,,6.81,6.122166667,,False,Escola Pública,Pública,,6.875,,5.6,5.02,,7.0,7.063333333,,,,,7.7,7.0,,5.3,6.0,,Ágata,Ágata,,False,2.0,3.0,,Requer avaliação,,S,1R,
RA-816,Aluno-816,Feminino,2022,6.0,32.0,1.0,-1.0,-1.0,0.0,Destaque: As suas boas notas na Passos Mágicos.,Destaque: A sua boa entrega das lições de casa.,Destaque: A sua boa integração aos Princípios Passos Mágicos.,Colégio Arco Íris Evolução,0,FASE 1,2P,Fase 1 (4º ano),Fase 2 (5° e 6° ano),Fase 2 (5° e 6° ano),10.0,7.5,7.002,5.0,5.0,10.0,9.6,8.9,9.25,9.0,,11.0,9.3,9.8,9.7727272725,8.513,8.5572,8.929745454599999,True,Escola Pública,Pública,Privada - Programa de Apadrinhamento,9.583333333,9.166666667,7.5,7.52,7.51,9.417,9.283333333,8.786666667,,,,9.5,7.8,8.5,9.7,10.0,10.0,Topázio,Topázio,Topázio,True,2.0,3.0,3.0,Sem limitações,Cursando,S,1P,2P
RA-817,Aluno-817,Feminino,2022,52.0,197.0,2.0,0.0,0.0,,Melhorar: Empenhar-se mais nas aulas e avaliações.,Destaque: A sua boa entrega das lições de casa.,Melhorar: Integrar-se mais aos Princípios Passos Mágicos.,,0,FASE 1,,ALFA  (2º e 3º ano),Fase 1 (3° e 4° ano),,10.0,9.5,,10.0,10.0,,7.1,5.4,,8.0,,,8.7,8.8,,7.819,7.8597,,False,Escola Pública,Pública,,8.125,,6.3,6.89,,7.417,7.89,,,,,7.7,5.0,,6.5,5.7,,Ametista,Ametista,,False,2.0,3.0,,Requer avaliação,,S,1R,
RA-818,Aluno-818,Masculino,2022,95.0,320.0,5.0,0.0,1.0,,Melhorar: Empenhar-se mais nas aulas e avaliações.,Melhorar: Melhorar a sua entrega de lições de casa.,Melhorar: Integrar-se mais aos Princípios Passos Mágicos.,,0,FASE 1,,ALFA  (2º e 3º ano),ALFA (1° e 2° ano),,9.5,10.0,,10.0,10.0,,6.2,6.2,,7.0,,,7.3,8.4,,7.483,7.997366667,,False,Escola Pública,Pública,,8.125,,7.5,7.52,,7.5,7.613333333,,,,,6.5,5.5,,5.8,6.8,,Ametista,Ametista,,False,2.0,3.0,,Sem limitações,,S,1R,
RA-819,Aluno-819,Masculino,2022,59.0,223.0,3.0,0.0,0.0,1.0,Melhorar: Empenhar-se mais nas aulas e avaliações.,Destaque: A sua boa entrega das lições de casa.,Melhorar: Integrar-se mais aos Princípios Passos Mágicos.,Estuda em outra cidade,0,FASE 1,2U,ALFA  (2º e 3º ano),Fase 1 (3° e 4° ano),Fase 1 (3° e 4° ano),10.0,0.0,10.002,10.0,10.0,10.0,7.3,9.5,9.0,8.0,9.0,10.0,7.9,8.3,7.784679089,7.741,7.944833333,8.652552484400001,False,Escola Pública,Pública,Pública,8.541666667,8.4375,7.5,7.52,7.51,7.333,8.893333333,8.503333333,,,,8.0,9.7,8.0,6.5,9.3,10.0,Ametista,Ametista,Topázio,False,2.0,3.0,3.0,Sem limitações,Cursando,S,1P,2U
RA-82,Aluno-82,Feminino,2022,37.0,628.0,9.0,-2.0,,,Melhorar: Empenhar-se mais nas aulas e avaliações.,Melhorar: Melhorar a sua entrega de lições de casa.,Melhorar: Integrar-se mais aos Princípios Passos Mágicos.,,5,,,Fase 7 (3º EM),,,8.8,,,5.0,,,5.5,,,17.0,,,6.8,,,6.596,,,True,Escola Pública,,,,,7.5,,,6.417,,,,,,6.0,,,5.0,,,Ágata,,,False,4.0,,,Não atendido,,K,,
RA-820,Aluno-820,Masculino,2022,103.0,349.0,1.0,-1.0,-1.0,0.0,Melhorar: Empenhar-se mais nas aulas e avaliações.,Destaque: A sua boa entrega das lições de casa.,Destaque: A sua boa integração aos Princípios Passos Mágicos.,EE Dom Pedro Villas Boas de Souza,0,FASE 1,2I,Fase 1 (4º ano),Fase 2 (5° e 6° ano),Fase 2 (5° e 6° ano),9.5,7.9,10.002,5.0,5.0,10.0,6.0,8.9,6.25,9.0,10.0,11.0,10.0,7.4,6.573529412,7.417,7.85605,7.426572549100001,False,Escola Pública,Pública,Pública,9.0625,8.333333333,6.9,7.52,7.51,7.583,8.28,6.386666667,,,,7.7,9.2,6.0,4.3,8.5,6.5,Ametista,Ametista,Ametista,False,2.0,3.0,3.0,Sem limitações,Cursando,T,1F,2I
RA-821,Aluno-821,Masculino,2022,174.0,671.0,5.0,-2.0,,0.0,Melhorar: Empenhar-se mais nas aulas e avaliações.,Melhorar: Melhorar a sua entrega de lições de casa.,Melhorar: Integrar-se mais aos Princípios Passos Mágicos.,EE Mario Francisco de Amorim,0,,2A,Fase 2 (5º e 6º ano),,Fase 2 (5° e 6° ano),9.0,,8.502,5.0,,10.0,4.6,,4.25,10.0,,11.0,7.0,,5.9166666665,6.342,,6.643866666600001,False,Escola Pública,,Pública,,6.666666667,7.5,,7.51,6.917,,6.713333333,,,,5.2,,4.5,4.0,,4.0,Ágata,,Ágata,False,2.0,,3.0,Não atendido,Cursando,T,,2A
RA-822,Aluno-822,Masculino,2022,148.0,521.0,3.0,-2.0,-2.0,-2.0,Melhorar: Empenhar-se mais nas aulas e avaliações.,Destaque: A sua boa entrega das lições de casa.,Melhorar: Integrar-se mais aos Princípios Passos Mágicos.,EE João Ortiz Rodrigues,0,ALFA,1H,Fase 2 (5º e 6º ano),Fase 2 (5° e 6° ano),Fase 3 (7° e 8° ano),8.0,8.5,0.0,5.0,5.0,5.0,6.1,7.1,6.75,10.0,,12.0,8.4,8.4,4.6245059285,6.922,6.4497,5.2645678524,False,Escola Pública,Pública,Pública,5.625,6.666666667,7.5,2.52,5.01,7.083,5.925,6.61,,,,6.5,8.0,7.5,5.7,6.2,6.0,Ágata,Ágata,Quartzo,False,2.0,2.0,3.0,Não atendido,Cursando,T,ALFA I - G2/G3,1H
RA-823,Aluno-823,Feminino,2021,181.0,729.0,6.0,-2.0,,,Melhorar: Empenhar-se mais nas aulas e avaliações.,Melhorar: Melhorar a sua entrega de lições de casa.,Melhorar: Integrar-se mais aos Princípios Passos Mágicos.,,0,,,Fase 2 (5º e 6º ano),,,10.0,,,5.0,,,2.8,,,10.0,,,6.0,,,5.989,,,False,Escola Pública,,,,,7.5,,,7.167,,,,,,4.0,,,1.7,,,Quartzo,,,False,2.0,,,Não atendido,,T,,
RA-824,Aluno-824,Masculino,2022,159.0,555.0,4.0,0.0,,,Melhorar: Empenhar-se mais nas aulas e avaliações.,Melhorar: Melhorar a sua entrega de lições de casa.,Melhorar: Integrar-se mais aos Princípios Passos Mágicos.,,0,,,ALFA  (2º e 3º ano),,,10.0,,,10.0,,,6.0,,,8.0,,,4.4,,,6.799,,,False,Escola Pública,,,,,6.9,,,7.333,,,,,,7.0,,,5.0,,,Ágata,,,False,2.0,,,Sem limitações,,T,,
RA-825,Aluno-825,Feminino,2021,121.0,412.0,2.0,-1.0,,,Destaque: As suas boas notas na Passos Mágicos.,Destaque: A sua boa entrega das lições de casa.,Destaque: A sua boa integração aos Princípios Passos Mágicos.,,0,,,Fase 1 (4º ano),,,7.5,,,5.0,,,7.6,,,9.0,,,8.2,,,7.25,,,False,Escola Pública,,,,,6.9,,,7.917,,,,,,8.3,,,6.8,,,Ametista,,,False,2.0,,,Sem limitações,,T,,
RA-826,Aluno-826,Masculino,2022,55.0,211.0,5.0,0.0,-1.0,-1.0,Melhorar: Empenhar-se mais nas aulas e avaliações.,Destaque: A sua boa entrega das lições de casa.,Melhorar: Integrar-se mais aos Princípios Passos Mágicos.,EM Cecilia Cristina de Oliveira Rodrigues,0,ALFA,1L,ALFA  (2º e 3º ano),Fase 1 (3° e 4° ano),Fase 2 (5° e 6° ano),9.5,10.0,10.002,10.0,5.0,5.0,5.4,7.3,6.75,8.0,,10.0,9.6,10.0,10.0,7.776,7.77645,7.9442,False,Escola Pública,Pública,Pública,7.8125,7.5,7.5,3.77,6.26,7.5,8.34,8.59,,,,4.3,7.0,5.5,6.5,7.5,8.0,Ametista,Ametista,Ametista,False,2.0,2.0,2.0,Não atendido,Cursando,U,ALFA N - G2/G3,1L
RA-827,Aluno-827,Feminino,2022,104.0,352.0,6.0,-2.0,-1.0,0.0,Destaque: As suas boas notas na Passos Mágicos.,Melhorar: Melhorar a sua entrega de lições de casa.,Destaque: A sua boa integração aos Princípios Passos Mágicos.,EE Maria André Schunck Dona,0,FASE 1,2K,Fase 2 (5º e 6º ano),Fase 2 (5° e 6° ano),Fase 2 (5° e 6° ano),9.5,7.9,10.002,5.0,5.0,10.0,7.6,8.1,7.25,10.0,,12.0,7.0,8.1,9.782608695499999,7.412,7.419925,8.2483467391,False,Escola Pública,Pública,Pública,8.28125,7.65625,7.5,3.14,5.01,8.667,8.73,7.875,,,,7.7,7.7,6.0,7.5,8.5,8.5,Ametista,Ametista,Topázio,True,2.0,3.0,4.0,Não atendido,Cursando,U,1M,2K
RA-828,Aluno-828,Feminino,2022,131.0,444.0,9.0,-1.0,,,Melhorar: Empenhar-se mais nas aulas e avaliações.,Melhorar: Melhorar a sua entrega de lições de casa.,Destaque: A sua boa integração aos Princípios Passos Mágicos.,,0,,,Fase 1 (4º ano),,,9.5,,,5.0,,,6.9,,,9.0,,,7.1,,,7.139,,,False,Escola Pública,,,,,7.5,,,7.833,,,,,,7.3,,,6.5,,,Ametista,,,False,2.0,,,Não atendido,,U,,
RA-829,Aluno-829,Feminino,2022,39.0,142.0,3.0,0.0,0.0,1.0,Destaque: As suas boas notas na Passos Mágicos.,Destaque: A sua boa entrega das lições de casa.,Melhorar: Integrar-se mais aos Princípios Passos Mágicos.,Colégio Arco Íris Evolução,0,FASE 1,2K,ALFA  (2º e 3º ano),Fase 1 (3° e 4° ano),Fase 1 (3° e 4° ano),9.0,9.0,9.502,10.0,10.0,10.0,7.8,8.4,8.0,8.0,9.0,10.0,8.6,9.4,9.75,8.003,8.532075,9.171825000000002,False,Escola Pública,Pública,Privada - Programa de Apadrinhamento,9.21875,8.90625,7.5,3.14,9.38,7.5,9.23,9.215,,,,8.2,7.5,6.0,7.5,9.2,10.0,Ametista,Topázio,Topázio,False,2.0,3.0,4.0,Não atendido,Cursando,U,1M,2K
RA-83,Aluno-83,Feminino,2022,35.0,598.0,8.0,-2.0,,,Melhorar: Empenhar-se mais nas aulas e avaliações.,Melhorar: Melhorar a sua entrega de lições de casa.,Melhorar: Integrar-se mais aos Princípios Passos Mágicos.,,5,,,Fase 7 (3º EM),,,7.9,,,5.0,,,6.8,,,17.0,,,6.8,,,6.671,,,True,Escola Pública,,,,,7.5,,,5.958,,,,,,6.0,,,7.5,,,Ágata,,,False,4.0,,,Não atendido,,K,,
RA-830,Aluno-830,Feminino,2022,122.0,414.0,8.0,-1.0,-1.0,-1.0,Melhorar: Empenhar-se mais nas aulas e avaliações.,Destaque: A sua boa entrega das lições de casa.,Melhorar: Integrar-se mais aos Princípios Passos Mágicos.,EM Cecilia Cristina de Oliveira Rodrigues,0,ALFA,1L,Fase 1 (4º ano),Fase 1 (3° e 4° ano),Fase 2 (5° e 6° ano),10.0,0.0,9.002,5.0,5.0,5.0,6.0,8.3,6.75,9.0,9.0,11.0,8.6,8.9,7.619047619,7.234,6.78,7.1373428571,False,Escola Pública,Pública,Pública,6.25,8.333333333,7.5,3.14,5.63,7.5,9.505,7.335,,,,5.8,8.3,6.5,6.2,8.3,7.0,Ametista,Ágata,Ametista,False,2.0,2.0,2.0,Não atendido,Cursando,U,ALFA U - G2/G3,1L
RA-831,Aluno-831,Masculino,2022,107.0,356.0,7.0,-1.0,-1.0,-1.0,Melhorar: Empenhar-se mais nas aulas e avaliações.,Destaque: A sua boa entrega das lições de casa.,Melhorar: Integrar-se mais aos Princípios Passos Mágicos.,EM Cecilia Cristina de Oliveira Rodrigues,0,ALFA,1K,Fase 1 (4º ano),Fase 1 (3° e 4° ano),Fase 2 (5° e 6° ano),9.5,8.0,10.002,5.0,5.0,5.0,7.2,8.3,7.75,9.0,9.0,10.0,9.2,9.4,9.523809524,7.41,7.71645,8.0066285715,False,Escola Pública,Pública,Pública,7.8125,7.916666667,7.5,3.77,6.26,7.167,8.59,8.17,,,,7.3,8.8,6.5,7.0,7.8,9.0,Ametista,Ametista,Topázio,False,2.0,2.0,2.0,Não atendido,Cursando,U,ALFA N - G2/G3,1K
RA-832,Aluno-832,Masculino,2022,24.0,92.0,1.0,-1.0,-1.0,0.0,Destaque: As suas boas notas na Passos Mágicos.,Destaque: A sua boa entrega das lições de casa.,Destaque: A sua boa integração aos Princípios Passos Mágicos.,EE Helio Luiz Dobrochinski Prof,0,FASE 1,2U,Fase 1 (4º ano),Fase 2 (5° e 6° ano),Fase 2 (5° e 6° ano),10.0,10.0,9.002,5.0,5.0,10.0,8.8,8.5,8.0,9.0,10.0,11.0,9.2,9.5,8.695652174,8.179,8.2697,8.2403304348,False,Escola Pública,Pública,Pública,7.708333333,7.5,7.5,7.52,7.51,8.833,8.283333333,7.5,,,,8.8,9.2,7.0,8.8,7.7,9.0,Topázio,Topázio,Topázio,True,2.0,3.0,3.0,Não atendido,Cursando,U,1L,2U
RA-833,Aluno-833,Masculino,2022,53.0,204.0,4.0,-1.0,-1.0,0.0,Destaque: As suas boas notas na Passos Mágicos.,Destaque: A sua boa entrega das lições de casa.,Destaque: A sua boa integração aos Princípios Passos Mágicos.,EM Cecilia Cristina de Oliveira Rodrigues,0,FASE 1,2U,Fase 1 (4º ano),Fase 2 (5° e 6° ano),Fase 2 (5° e 6° ano),10.0,10.0,9.002,5.0,5.0,10.0,7.8,7.4,8.0,9.0,,11.0,9.5,9.5,9.3271221535,7.791,7.81295,8.5184577641,False,Escola Pública,Pública,Pública,8.4375,8.125,7.5,3.77,7.51,7.583,8.56,7.946666667,,,,8.2,7.3,9.0,7.5,7.5,7.0,Ametista,Ametista,Topázio,False,2.0,3.0,3.0,Não atendido,Cursando,U,1M,2U
RA-834,Aluno-834,Masculino,2022,30.0,105.0,2.0,-1.0,-1.0,0.0,Destaque: As suas boas notas na Passos Mágicos.,Destaque: A sua boa entrega das lições de casa.,Destaque: A sua boa integração aos Princípios Passos Mágicos.,EE Maria André Schunck Dona,0,FASE 1,2L,Fase 1 (4º ano),Fase 2 (5° e 6° ano),Fase 2 (5° e 6° ano),9.0,9.0,8.002,5.0,5.0,10.0,9.0,9.2,8.75,9.0,,11.0,9.0,9.9,9.109730849,8.136,8.662616667,8.513646169700001,False,Escola Pública,Pública,Pública,9.6875,7.708333333,7.5,6.27,6.26,9.083,9.283333333,8.723333333,,,,9.2,9.0,9.0,8.8,9.3,8.5,Topázio,Topázio,Topázio,True,2.0,3.0,3.0,Não atendido,Cursando,U,1N,2L
RA-835,Aluno-835,Masculino,2022,119.0,408.0,6.0,0.0,0.0,,Melhorar: Empenhar-se mais nas aulas e avaliações.,Melhorar: Melhorar a sua entrega de lições de casa.,Melhorar: Integrar-se mais aos Princípios Passos Mágicos.,,0,ALFA,,ALFA  (2º e 3º ano),ALFA (1° e 2° ano),,6.9,8.0,,10.0,10.0,,7.5,8.7,,8.0,8.0,,7.3,8.5,,7.263,8.2467,,False,Escola Pública,Pública,,6.875,,7.5,7.52,,6.667,7.835,,,,,7.6,8.5,,7.3,8.9,,Ametista,Topázio,,False,2.0,2.0,,Não atendido,,V,ALFA V - G0/G1,
RA-836,Aluno-836,Masculino,2022,68.0,250.0,3.0,-1.0,-2.0,-1.0,Destaque: As suas boas notas na Passos Mágicos.,Destaque: A sua boa entrega das lições de casa.,Destaque: A sua boa integração aos Princípios Passos Mágicos.,EE João Ortiz Rodrigues,0,ALFA,1J,Fase 1 (4º ano),Fase 2 (5° e 6° ano),Fase 2 (5° e 6° ano),8.5,9.5,9.502,5.0,5.0,5.0,9.2,6.7,2.75,9.0,,11.0,8.3,9.6,6.439393939,7.665,7.6417,6.0234537878,False,Escola Pública,Pública,Pública,6.875,7.34375,7.5,6.27,7.51,7.583,8.085,6.25,,,,9.0,6.7,5.5,9.3,6.7,0.0,Ametista,Ametista,Ágata,False,2.0,2.0,4.0,Não atendido,Cursando,V,ALFA G - G2/G3,1J
RA-837,Aluno-837,Masculino,2022,21.0,83.0,1.0,0.0,0.0,0.0,Destaque: As suas boas notas na Passos Mágicos.,Destaque: A sua boa entrega das lições de casa.,Destaque: A sua boa integração aos Princípios Passos Mágicos.,EM Maria Ignez Concelles Irma Ines,0,FASE 1,2G,ALFA  (2º e 3º ano),Fase 1 (3° e 4° ano),Fase 2 (5° e 6° ano),8.5,9.0,7.502,10.0,10.0,10.0,8.8,7.0,6.75,8.0,,10.0,9.0,9.3,9.782608695499999,8.207,8.2712,7.9648467391,False,Escola Pública,Pública,Pública,7.916666667,7.03125,7.5,7.52,6.885,7.5,7.836666667,7.5825,,,,9.2,6.3,6.0,8.3,7.7,7.5,Topázio,Topázio,Ametista,False,2.0,3.0,4.0,Não atendido,Cursando,V,1G,2G
RA-838,Aluno-838,Masculino,2022,97.0,330.0,4.0,-1.0,,,Melhorar: Empenhar-se mais nas aulas e avaliações.,Melhorar: Melhorar a sua entrega de lições de casa.,Destaque: A sua boa integração aos Princípios Passos Mágicos.,,0,,,Fase 1 (4º ano),,,10.0,,,5.0,,,6.3,,,9.0,,,7.4,,,7.461,,,True,Escola Pública,,,,,7.5,,,9.417,,,,,,6.6,,,5.9,,,Ametista,,,True,2.0,,,Não atendido,,V,,
RA-839,Aluno-839,Feminino,2022,188.0,811.0,7.0,-1.0,,,Melhorar: Empenhar-se mais nas aulas e avaliações.,Melhorar: Melhorar a sua entrega de lições de casa.,Melhorar: Integrar-se mais aos Princípios Passos Mágicos.,,0,,,Fase 1 (4º ano),,,0.0,,,5.0,,,5.4,,,9.0,,,5.1,,,5.198,,,False,Escola Pública,,,,,7.5,,,6.583,,,,,,5.8,,,5.0,,,Quartzo,,,False,2.0,,,Não atendido,,V,,
RA-84,Aluno-84,Feminino,2018,34.0,596.0,7.0,-2.0,-2.0,,Melhorar: Empenhar-se mais nas aulas e avaliações.,Destaque: A sua boa entrega das lições de casa.,Melhorar: Integrar-se mais aos Princípios Passos Mágicos.,,5,FASE 6,,Fase 7 (3º EM),Fase 8 (Universitários),,7.1,0.0,,5.0,5.0,,5.8,6.0,,17.0,,,8.8,8.8,,6.682,6.034416667,,False,Rede Decisão,Privada - Programa de Apadrinhamento,,7.8125,,5.0,2.52,,6.75,7.6725,,5.2,5.5,,5.7,6.8,,6.5,5.8,,Ágata,Ágata,,False,4.0,4.0,,Requer avaliação,,K,6L,
RA-840,Aluno-840,Masculino,2022,48.0,178.0,2.0,0.0,-1.0,0.0,Destaque: As suas boas notas na Passos Mágicos.,Destaque: A sua boa entrega das lições de casa.,Destaque: A sua boa integração aos Princípios Passos Mágicos.,EM Maria Ignez Concelles Irma Ines,0,ALFA,1G,ALFA  (2º e 3º ano),Fase 1 (3° e 4° ano),Fase 1 (3° e 4° ano),9.0,9.5,9.502,10.0,5.0,10.0,7.8,8.2,8.0,8.0,,10.0,8.2,9.0,9.337121212,7.875,7.7862,8.5912909091,False,Escola Pública,Pública,Pública,7.5,8.333333333,7.5,4.38,7.51,7.5,8.59,7.946666667,,,,9.6,8.3,7.0,5.9,8.0,9.0,Ametista,Ametista,Topázio,False,2.0,2.0,3.0,Não atendido,Cursando,V,ALFA G - G2/G3,1G
RA-841,Aluno-841,Masculino,2022,115.0,395.0,5.0,-2.0,-2.0,-1.0,Melhorar: Empenhar-se mais nas aulas e avaliações.,Destaque: A sua boa entrega das lições de casa.,Destaque: A sua boa integração aos Princípios Passos Mágicos.,EE João Ortiz Rodrigues,0,ALFA,2H,Fase 2 (5º e 6º ano),Fase 2 (5° e 6° ano),Fase 3 (7° e 8° ano),8.5,0.0,10.002,5.0,5.0,5.0,7.2,6.9,3.25,11.0,11.0,12.0,8.5,7.2,6.3272311215000006,7.3,6.78,6.035771224300001,False,Escola Pública,Pública,Pública,7.5,7.03125,7.5,7.52,7.51,7.5,9.84,5.83,,,,8.6,6.7,4.0,5.8,7.0,2.5,Ametista,Ágata,Ágata,False,2.0,2.0,4.0,Não atendido,Cursando,V,ALFA G - G2/G3,2H
RA-842,Aluno-842,Feminino,2022,42.0,154.0,3.0,0.0,-1.0,-1.0,Destaque: As suas boas notas na Passos Mágicos.,Destaque: A sua boa entrega das lições de casa.,Destaque: A sua boa integração aos Princípios Passos Mágicos.,EM Etelvina Delfim Simões,0,ALFA,1G,ALFA  (2º e 3º ano),Fase 1 (3° e 4° ano),Fase 2 (5° e 6° ano),7.5,9.0,8.502,10.0,5.0,5.0,9.1,7.9,7.5,8.0,9.0,10.0,8.3,8.5,7.549407115,7.952,7.2117,7.072914756400001,False,Escola Pública,Pública,Pública,5.625,6.875,7.5,3.77,6.26,8.25,8.01,6.996666667,,,,9.1,8.2,6.0,9.1,7.5,9.0,Ametista,Ametista,Ametista,False,2.0,2.0,3.0,Não atendido,Cursando,Y,ALFA E - G2/G3,1G
RA-843,Aluno-843,Feminino,2022,5.0,30.0,1.0,0.0,,,Destaque: As suas boas notas na Passos Mágicos.,Destaque: A sua boa entrega das lições de casa.,Destaque: A sua boa integração aos Princípios Passos Mágicos.,,0,,,ALFA  (2º e 3º ano),,,8.5,,,10.0,,,9.2,,,8.0,,,9.0,,,8.538,,,True,Escola Pública,,,,,7.5,,,8.417,,,,,,9.8,,,8.5,,,Topázio,,,True,2.0,,,Não atendido,,Y,,
RA-844,Aluno-844,Masculino,2022,176.0,695.0,10.0,0.0,,,Melhorar: Empenhar-se mais nas aulas e avaliações.,Melhorar: Melhorar a sua entrega de lições de casa.,Destaque: A sua boa integração aos Princípios Passos Mágicos.,,0,,,ALFA  (2º e 3º ano),,,0.0,,,10.0,,,5.9,,,8.0,,,5.0,,,6.253,,,True,Escola Pública,,,,,8.1,,,8.333,,,,,,6.0,,,5.8,,,Ágata,,,False,2.0,,,Não atendido,,Y,,
RA-845,Aluno-845,Feminino,2022,7.0,35.0,2.0,0.0,,,Destaque: As suas boas notas na Passos Mágicos.,Destaque: A sua boa entrega das lições de casa.,Destaque: A sua boa integração aos Princípios Passos Mágicos.,,0,,,ALFA  (2º e 3º ano),,,10.0,,,10.0,,,8.7,,,8.0,,,8.8,,,8.491,,,False,Escola Pública,,,,,7.5,,,8.417,,,,,,9.1,,,8.3,,,Topázio,,,True,2.0,,,Não atendido,,Y,,
RA-846,Aluno-846,Feminino,2022,105.0,353.0,7.0,0.0,0.0,,Melhorar: Empenhar-se mais nas aulas e avaliações.,Melhorar: Melhorar a sua entrega de lições de casa.,Destaque: A sua boa integração aos Princípios Passos Mágicos.,,0,ALFA,,ALFA  (2º e 3º ano),ALFA (1° e 2° ano),,9.0,9.5,,10.0,10.0,,5.9,6.0,,7.0,8.0,,7.2,8.2,,7.412,7.4637,,False,Escola Pública,Pública,,5.625,,7.5,3.77,,7.917,8.67,,,,,7.7,6.3,,4.0,5.7,,Ametista,Ametista,,False,2.0,2.0,,Não atendido,,Y,ALFA E - G2/G3,
RA-847,Aluno-847,Masculino,2022,154.0,543.0,9.0,-1.0,-2.0,-1.0,Destaque: As suas boas notas na Passos Mágicos.,Destaque: A sua boa entrega das lições de casa.,Melhorar: Integrar-se mais aos Princípios Passos Mágicos.,EE Paschoal Carlos Magno,0,ALFA,1D,Fase 1 (4º ano),Fase 2 (5° e 6° ano),Fase 2 (5° e 6° ano),7.9,7.9,9.002,5.0,5.0,5.0,7.7,7.6,1.0,9.0,10.0,11.0,8.2,9.1,4.5454545455,6.839,6.5418,5.009290909100001,False,Escola Pública,Pública,Pública,5.0,7.5,4.4,2.52,5.01,7.417,5.84,6.245,,,,7.8,7.5,0.0,7.6,7.6,2.0,Ágata,Ágata,Quartzo,False,2.0,2.0,2.0,Sem limitações,Cursando,Y,ALFA E - G2/G3,1D
RA-848,Aluno-848,Masculino,2022,91.0,315.0,6.0,-1.0,,,Destaque: As suas boas notas na Passos Mágicos.,Melhorar: Melhorar a sua entrega de lições de casa.,Destaque: A sua boa integração aos Princípios Passos Mágicos.,,0,,,Fase 1 (4º ano),,,9.5,,,5.0,,,9.0,,,9.0,,,7.0,,,7.488,,,False,Escola Pública,,,,,7.5,,,7.833,,,,,,9.8,,,8.1,,,Ametista,,,False,2.0,,,Não atendido,,Y,,
RA-849,Aluno-849,Masculino,2022,112.0,371.0,8.0,-1.0,,,Destaque: As suas boas notas na Passos Mágicos.,Destaque: A sua boa entrega das lições de casa.,Melhorar: Integrar-se mais aos Princípios Passos Mágicos.,,0,,,Fase 1 (4º ano),,,8.5,,,5.0,,,9.1,,,9.0,,,8.3,,,7.369,,,False,Escola Pública,,,,,7.5,,,7.417,,,,,,9.8,,,8.3,,,Ametista,,,False,2.0,,,Não atendido,,Y,,
RA-85,Aluno-85,Masculino,2022,43.0,697.0,10.0,0.0,-1.0,-2.0,Melhorar: Empenhar-se mais nas aulas e avaliações.,Melhorar: Melhorar a sua entrega de lições de casa.,Melhorar: Integrar-se mais aos Princípios Passos Mágicos.,EE Maria André Schunck Dona,5,FASE 5,5N,Fase 5 (1º EM),Fase 6 (2° EM),Fase 7 (3° EM),6.7,8.8,8.334,10.0,5.0,5.0,4.3,5.7,7.666666666666667,15.0,16.0,17.0,7.3,8.9,8.668046928999999,6.243,7.08435,6.999509385733333,False,Escola Pública,Pública,Pública,5.9375,6.25,5.0,6.27,3.755,5.833,7.8425,6.993333333,,7.5,9.5,5.0,5.8,9.0,3.5,3.8,4.5,Ágata,Ametista,Ágata,False,4.0,4.0,3.0,Requer avaliação,Cursando,K,5C,5N
RA-850,Aluno-850,Masculino,2022,73.0,258.0,4.0,0.0,-1.0,-1.0,Destaque: As suas boas notas na Passos Mágicos.,Melhorar: Melhorar a sua entrega de lições de casa.,Melhorar: Integrar-se mais aos Princípios Passos Mágicos.,EE Chácara Florida II,0,ALFA,1C,ALFA  (2º e 3º ano),Fase 1 (3° e 4° ano),Fase 2 (5° e 6° ano),10.0,0.0,10.002,10.0,5.0,5.0,8.5,7.3,7.75,8.0,9.0,10.0,7.3,7.9,9.2727272725,7.641,6.06525,7.864245454500001,False,Escola Pública,Pública,Pública,6.5625,7.5,7.5,6.26,6.255,7.167,6.265,7.92,,,,8.1,6.8,6.0,8.8,7.7,9.5,Ametista,Ágata,Ametista,False,2.0,2.0,2.0,Não atendido,Cursando,Y,ALFA D - G2/G3,1C
RA-851,Aluno-851,Masculino,2022,86.0,303.0,5.0,0.0,-1.0,-1.0,Destaque: As suas boas notas na Passos Mágicos.,Destaque: A sua boa entrega das lições de casa.,Melhorar: Integrar-se mais aos Princípios Passos Mágicos.,EM Eurides José Amorim,0,ALFA,1B,ALFA  (2º e 3º ano),Fase 1 (3° e 4° ano),Fase 2 (5° e 6° ano),9.0,8.4,9.002,10.0,5.0,5.0,8.3,6.6,6.0,8.0,,10.0,7.9,7.5,7.3221343875,7.515,6.1683,6.2114602109,False,Escola Pública,Pública,Pública,5.625,5.625,7.5,2.52,5.63,6.583,6.01,5.106666667,,,,7.9,6.8,5.0,8.7,6.3,7.0,Ametista,Ágata,Ágata,False,2.0,2.0,3.0,Não atendido,Cursando,Y,ALFA E - G2/G3,1B
RA-852,Aluno-852,Feminino,2022,184.0,767.0,9.0,0.0,,,Melhorar: Empenhar-se mais nas aulas e avaliações.,Melhorar: Melhorar a sua entrega de lições de casa.,Melhorar: Integrar-se mais aos Princípios Passos Mágicos.,,0,,,ALFA  (2º e 3º ano),,,9.0,,,10.0,,,2.1,,,7.0,,,6.8,,,5.666,,,False,Escola Pública,,,,,5.0,,,5.5,,,,,,2.5,,,1.8,,,Quartzo,,,False,2.0,,,Não indicado,,Z,,
RA-853,Aluno-853,Feminino,2022,3.0,28.0,1.0,0.0,-1.0,0.0,Destaque: As suas boas notas na Passos Mágicos.,Destaque: A sua boa entrega das lições de casa.,Destaque: A sua boa integração aos Princípios Passos Mágicos.,EM Maria Ignez Concelles Irma Ines,0,ALFA,1G,ALFA  (2º e 3º ano),Fase 1 (3° e 4° ano),Fase 1 (3° e 4° ano),10.0,10.0,8.502,10.0,5.0,10.0,8.5,7.4,6.25,8.0,9.0,10.0,9.6,9.5,9.5833333335,8.616,7.8402,7.986866666600001,False,Escola Pública,Pública,Pública,6.25,8.333333333,7.5,3.77,6.26,8.5,9.84,7.553333333,,,,8.8,7.2,6.5,8.2,7.5,6.0,Topázio,Ametista,Ametista,True,2.0,2.0,3.0,Não atendido,Cursando,Z,ALFA J - G2/G3,1G
RA-854,Aluno-854,Feminino,2022,32.0,116.0,7.0,0.0,0.0,0.0,Destaque: As suas boas notas na Passos Mágicos.,Destaque: A sua boa entrega das lições de casa.,Melhorar: Integrar-se mais aos Princípios Passos Mágicos.,EM Maria Ignez Concelles Irma Ines,0,ALFA,1G,ALFA  (2º e 3º ano),ALFA (1° e 2° ano),Fase 1 (3° e 4° ano),8.0,0.0,9.502,10.0,10.0,10.0,9.3,6.0,7.0,8.0,,9.0,9.0,9.5,10.0,8.098,6.6415,7.826199999900001,False,Escola Pública,Pública,Pública,5.625,5.833333333,7.5,3.77,6.26,7.167,8.01,6.333333333,,,,9.5,7.5,7.0,9.0,4.5,7.0,Topázio,Ágata,Ametista,False,2.0,2.0,3.0,Não atendido,Cursando,Z,ALFA J - G2/G3,1G
RA-855,Aluno-855,Feminino,2022,9.0,41.0,2.0,-1.0,0.0,0.0,Destaque: As suas boas notas na Passos Mágicos.,Destaque: A sua boa entrega das lições de casa.,Destaque: A sua boa integração aos Princípios Passos Mágicos.,EE Dom Pedro Villas Boas de Souza,0,FASE 1,2I,Fase 1 (4º ano),Fase 1 (3° e 4° ano),Fase 2 (5° e 6° ano),10.0,9.5,9.002,5.0,10.0,10.0,9.7,6.8,8.5,9.0,9.0,10.0,9.6,10.0,10.0,8.453,8.62995,8.578533333400001,False,Escola Pública,Pública,Pública,8.4375,7.5,7.5,7.52,7.51,9.0,8.67,7.386666667,,,,9.7,5.2,9.0,9.6,8.3,8.0,Topázio,Topázio,Topázio,True,2.0,3.0,3.0,Não atendido,Cursando,Z,1F,2I
RA-856,Aluno-856,Masculino,2022,10.0,48.0,3.0,0.0,0.0,,Destaque: As suas boas notas na Passos Mágicos.,Destaque: A sua boa entrega das lições de casa.,Destaque: A sua boa integração aos Princípios Passos Mágicos.,,0,ALFA,,ALFA  (2º e 3º ano),ALFA (1° e 2° ano),,10.0,0.0,,10.0,10.0,,8.4,7.3,,7.0,,,9.1,9.6,,8.398,7.3355,,False,Escola Pública,Pública,,5.625,,7.5,7.52,,8.0,8.255,,,,,8.5,7.5,,8.2,7.0,,Topázio,Ametista,,False,2.0,2.0,,Não atendido,,Z,ALFA J - G2/G3,
RA-857,Aluno-857,Feminino,2022,27.0,97.0,5.0,-1.0,-1.0,,Destaque: As suas boas notas na Passos Mágicos.,Destaque: A sua boa entrega das lições de casa.,Destaque: A sua boa integração aos Princípios Passos Mágicos.,,0,ALFA,,Fase 1 (4º ano),Fase 1 (3° e 4° ano),,8.5,8.5,,5.0,5.0,,9.5,8.5,,9.0,9.0,,8.9,9.0,,8.154,8.1442,,False,Escola Pública,Pública,,7.5,,7.5,7.52,,9.083,9.01,,,,,9.6,8.7,,9.3,8.2,,Topázio,Topázio,,True,2.0,2.0,,Não atendido,,Z,ALFA D - G2/G3,
RA-858,Aluno-858,Masculino,2022,84.0,301.0,8.0,0.0,0.0,-1.0,Destaque: As suas boas notas na Passos Mágicos.,Melhorar: Melhorar a sua entrega de lições de casa.,Melhorar: Integrar-se mais aos Princípios Passos Mágicos.,EE Dom Pedro Villas Boas de Souza,0,ALFA,ALFA,ALFA  (2º e 3º ano),ALFA (1° e 2° ano),Fase 1 (3° e 4° ano),10.0,0.0,9.002,10.0,10.0,5.0,7.7,9.3,8.25,7.0,,9.0,7.1,8.1,6.833333333500001,7.523,7.248833333,6.917866666700001,False,Escola Pública,Pública,Pública,8.125,7.5,5.6,3.77,2.51,7.333,7.946666667,7.5,,,,8.4,9.3,10.0,6.9,9.2,6.5,Ametista,Ametista,Ágata,False,2.0,2.0,2.0,Requer avaliação,Cursando,Z,ALFA F - G0/G1,ALFA J - G2/G3
RA-859,Aluno-859,Feminino,2022,15.0,58.0,4.0,0.0,0.0,0.0,Destaque: As suas boas notas na Passos Mágicos.,Destaque: A sua boa entrega das lições de casa.,Destaque: A sua boa integração aos Princípios Passos Mágicos.,EM Maria Ignez Concelles Irma Ines,0,ALFA,1G,ALFA  (2º e 3º ano),ALFA (1° e 2° ano),Fase 1 (3° e 4° ano),8.5,8.0,8.002,10.0,10.0,10.0,8.9,7.3,8.0,7.0,8.0,9.0,8.7,9.2,9.337121212,8.325,8.6042,8.5817909091,False,Escola Pública,Pública,Pública,7.5,8.958333333,7.5,7.52,7.51,8.25,10.01,8.336666667,,,,9.4,6.8,8.0,8.4,7.8,8.0,Topázio,Topázio,Topázio,False,2.0,2.0,3.0,Não atendido,Cursando,Z,ALFA J - G2/G3,1G
RA-86,Aluno-86,Masculino,2016,18.0,286.0,3.0,-1.0,0.0,,Melhorar: Empenhar-se mais nas aulas e avaliações.,Destaque: A sua boa entrega das lições de casa.,Destaque: A sua boa integração aos Princípios Passos Mágicos.,,5,FASE 7,,Fase 6 (2º EM),Fase 7 (3° EM),,7.5,8.3,,5.0,10.0,,6.7,,,16.0,,,9.6,,,7.566,,,False,Rede Decisão,Privada *Parcerias com Bolsa 100%,,,,5.6,6.89,,8.458,,,6.9,,,6.2,,,7.2,,,Ametista,,,True,4.0,,,Sem limitações,,K,7E,
RA-86,Aluno-86,Masculino,2021,,,,,,0.0,,,,FIAP School - SP,,,7E,,,Fase 7 (3° EM),,,6.667,,,10.0,,,5.483333333333333,,,18.0,,,9.704333333,,,7.611233333266666,,,,Privada *Parcerias com Bolsa 100%,,7.5,,,6.57,,,7.5,,,3.8,,,6.35,,,6.3,,,Ametista,,,,0.0,,Cursando,,,7E
RA-860,Aluno-860,Masculino,2022,29.0,104.0,6.0,0.0,0.0,0.0,Destaque: As suas boas notas na Passos Mágicos.,Destaque: A sua boa entrega das lições de casa.,Destaque: A sua boa integração aos Princípios Passos Mágicos.,EM Maria Ignez Concelles Irma Ines,0,ALFA,1G,ALFA  (2º e 3º ano),ALFA (1° e 2° ano),Fase 1 (3° e 4° ano),9.5,7.0,9.002,10.0,10.0,10.0,8.1,7.4,8.5,7.0,,9.0,8.5,9.8,9.7916666665,8.136,8.2372,8.7738666667,False,Escola Pública,Pública,Pública,7.5,8.75,7.5,6.89,7.51,7.75,8.34,7.946666667,,,,8.9,7.2,8.0,7.2,7.5,9.0,Topázio,Topázio,Topázio,False,2.0,2.0,3.0,Não atendido,Cursando,Z,ALFA G - G2/G3,1G
RA-861,Aluno-861,Feminino,2023,,,,,0.0,-1.0,,,,EE Dom Pedro Villas Boas de Souza,,ALFA,ALFA,,ALFA (1° e 2° ano),Fase 1 (3° e 4° ano),,9.5,9.502,,10.0,5.0,,9.6,10.0,,8.0,9.0,,10.0,10.0,,9.31095,8.959700000000002,,,Pública,Pública,8.4375,8.125,,8.13,7.51,,8.92,9.73,,,,,9.8,10.0,,9.4,10.0,,Topázio,Topázio,,,2.0,3.0,,Cursando,,ALFA A - G0/G1,ALFA B - G2/G3
RA-862,Aluno-862,Masculino,2023,,,,,-1.0,-2.0,,,,EE Dom Pedro Villas Boas de Souza,,ALFA,ALFA,,Fase 1 (3° e 4° ano),Fase 2 (5° e 6° ano),,8.5,9.002,,5.0,5.0,,8.9,7.5,,9.0,10.0,,9.1,8.6136363635,,8.2212,7.346677272700001,,,Pública,Pública,7.5,7.1875,,8.14,7.51,,8.585,6.27,,,,,8.5,10.0,,9.2,5.0,,Topázio,Ametista,,,2.0,3.0,,Cursando,,ALFA A - G0/G1,ALFA B - G2/G3
RA-863,Aluno-863,Masculino,2023,,,,,0.0,-1.0,,,,EE Dom Pedro Villas Boas de Souza,,ALFA,ALFA,,ALFA (1° e 2° ano),Fase 1 (3° e 4° ano),,0.0,8.502,,10.0,5.0,,6.3,5.5,,7.0,8.0,,7.6,3.159090909,,5.92975,4.6684348484000004,,,Pública,Pública,5.9375,4.6875,,3.14,2.51,,6.26,4.333333333,,,,,7.0,10.0,,5.5,1.0,,Quartzo,Quartzo,,,2.0,3.0,,Cursando,,ALFA A - G0/G1,ALFA E - G2/G3
RA-864,Aluno-864,Feminino,2023,,,,,0.0,,,,,,,ALFA,,,ALFA (1° e 2° ano),,,0.0,,,10.0,,,6.3,,,,,,7.6,,,7.034,,,,Pública,,7.5,,,8.14,,,8.5,,,,,,7.0,,,5.5,,,Ametista,,,,2.0,,,,,ALFA A - G0/G1,
RA-865,Aluno-865,Masculino,2023,,,,,0.0,,,,,,,ALFA,,,ALFA (1° e 2° ano),,,8.5,,,10.0,,,7.4,,,8.0,,,8.7,,,8.1552,,,,Pública,,7.5,,,7.52,,,7.915,,,,,,7.3,,,7.5,,,Topázio,,,,2.0,,,,,ALFA A - G0/G1,
RA-866,Aluno-866,Feminino,2023,,,,,0.0,,,,,,,ALFA,,,ALFA (1° e 2° ano),,,0.0,,,10.0,,,8.6,,,,,,8.3,,,7.679,,,,Pública,,7.5,,,8.76,,,8.415,,,,,,8.2,,,8.9,,,Ametista,,,,2.0,,,,,ALFA A - G0/G1,
RA-867,Aluno-867,Masculino,2023,,,,,0.0,-1.0,,,,EE Dom Pedro Villas Boas de Souza,,ALFA,ALFA,,ALFA (1° e 2° ano),Fase 1 (3° e 4° ano),,9.0,9.002,,10.0,5.0,,8.9,8.5,,8.0,9.0,,8.6,7.409090909,,8.6992,7.583018181800001,,,Pública,Pública,7.5,7.5,,8.76,7.51,,8.415,7.5,,,,,8.7,10.0,,9.0,7.0,,Topázio,Ametista,,,2.0,3.0,,Cursando,,ALFA A - G0/G1,ALFA B - G2/G3
RA-868,Aluno-868,Masculino,2023,,,,,0.0,-1.0,,,,EE Chácara Florida II,,ALFA,ALFA,,ALFA (1° e 2° ano),Fase 1 (3° e 4° ano),,10.0,8.002,,10.0,5.0,,7.1,7.0,,,8.0,,9.5,9.75,,8.63895,7.156366666600001,,,Pública,Pública,7.1875,6.875,,8.76,3.76,,8.67,7.213333333,,,,,7.8,8.0,,6.3,6.0,,Topázio,Ametista,,,2.0,3.0,,Cursando,,ALFA A - G0/G1,ALFA A - G0/G1
RA-869,Aluno-869,Feminino,2023,,,,,0.0,,,,,,,ALFA,,,ALFA (1° e 2° ano),,,9.0,,,10.0,,,9.6,,,8.0,,,10.0,,,9.2587,,,,Pública,,8.125,,,8.76,,,8.75,,,,,,9.8,,,9.4,,,Topázio,,,,2.0,,,,,ALFA A - G0/G1,
RA-87,Aluno-87,Masculino,2021,6.0,15.0,1.0,0.0,0.0,1.0,Destaque: As suas boas notas na Passos Mágicos.,Destaque: A sua boa entrega das lições de casa.,Destaque: A sua boa integração aos Princípios Passos Mágicos.,Colégio Arco Íris Evolução,5,FASE 6,7A,Fase 5 (1º EM),Fase 6 (2° EM),Fase 6 (2° EM),8.3,7.5,8.751,10.0,10.0,10.0,8.8,9.3,9.166666666666666,15.0,16.0,17.0,9.6,10.0,9.649122807,8.712,8.6625,9.437924561333332,False,Rede Decisão,Privada - Programa de Apadrinhamento,Privada - Programa de Apadrinhamento,8.125,9.375,7.5,5.63,9.375,8.5,8.385,9.623333333,10.0,9.7,10.0,8.3,9.5,10.0,8.0,8.7,7.5,Topázio,Topázio,Topázio,True,4.0,4.0,3.0,Não atendido,Cursando,K,6L,7A
RA-870,Aluno-870,Feminino,2023,,,,,-1.0,,,,,,,ALFA,,,Fase 1 (3° e 4° ano),,,0.0,,,5.0,,,1.5,,,9.0,,,8.5,,,4.909,,,,Pública,,5.0,,,8.76,,,5.165,,,,,,2.0,,,1.0,,,Quartzo,,,,2.0,,,,,ALFA A - G0/G1,
RA-871,Aluno-871,Masculino,2023,,,,,-1.0,0.0,,,,EE Chácara Florida II,,ALFA,1B,,Fase 1 (3° e 4° ano),Fase 1 (3° e 4° ano),,9.0,8.502,,5.0,10.0,,6.9,7.25,,9.0,10.0,,9.5,9.328063240999999,,6.8617,7.2917293147999995,,,Pública,Pública,4.375,5.3125,,3.76,4.38,,6.84,5.783333333,,,,,6.8,6.0,,7.0,8.5,,Ágata,Ametista,,,2.0,3.0,,Cursando,,ALFA B - G2/G3,1B
RA-872,Aluno-872,Feminino,2023,,,,,-2.0,,,,,,,ALFA,,,Fase 2 (5° e 6° ano),,,0.0,,,5.0,,,4.3,,,10.0,,,6.7,,,5.267,,,,Pública,,6.25,,,2.52,,,8.5,,,,,,5.5,,,3.0,,,Quartzo,,,,2.0,,,,,ALFA B - G2/G3,
RA-873,Aluno-873,Feminino,2023,,,,,-2.0,-2.0,,,,EE Olivia de Faria Nogueira,,ALFA,1B,,Fase 2 (5° e 6° ano),Fase 3 (7° e 8° ano),,8.5,8.002,,5.0,5.0,,7.0,6.75,,,12.0,,9.7,10.0,,7.8012,7.61095,,,Pública,Pública,6.25,7.1875,,7.52,6.88,,8.67,7.77,,,,,7.2,7.0,,6.8,6.5,,Ametista,Ametista,,,2.0,3.0,,Cursando,,ALFA B - G2/G3,1B
RA-874,Aluno-874,Masculino,2023,,,,,-1.0,-1.0,,,,EE Chácara Florida II,,ALFA,1E,,Fase 1 (3° e 4° ano),Fase 2 (5° e 6° ano),,0.0,9.502,,5.0,5.0,,4.8,7.75,,9.0,10.0,,8.2,4.696969697,,5.811,7.0235939394,,,Pública,Pública,6.25,8.75,,7.52,6.26,,6.67,7.915,,,,,6.3,6.0,,3.3,9.5,,Quartzo,Ametista,,,2.0,2.0,,Cursando,,ALFA B - G2/G3,1E
RA-875,Aluno-875,Masculino,2023,,,,,-1.0,,,,,,,ALFA,,,Fase 1 (3° e 4° ano),,,9.5,,,5.0,,,7.3,,,9.0,,,9.5,,,8.2712,,,,Pública,,7.5,,,7.52,,,9.845,,,,,,7.0,,,7.5,,,Topázio,,,,2.0,,,,,ALFA B - G2/G3,
RA-876,Aluno-876,Masculino,2023,,,,,0.0,0.0,,,,EM Etelvina Delfim Simões,,ALFA,1K,,ALFA (1° e 2° ano),Fase 1 (3° e 4° ano),,10.0,8.502,,10.0,10.0,,7.5,3.75,,,9.0,,9.4,9.0476190475,,8.6492,7.612057142800001,,,Pública,Pública,7.5,8.333333333,,7.52,7.51,,8.835,8.09,,,,,7.3,7.5,,7.7,0.0,,Topázio,Ametista,,,2.0,2.0,,Cursando,,ALFA B - G2/G3,1K
RA-877,Aluno-877,Masculino,2023,,,,,-1.0,,,,,,,ALFA,,,Fase 1 (3° e 4° ano),,,9.5,,,5.0,,,6.9,,,9.0,,,9.5,,,7.4722,,,,Pública,,5.0,,,7.52,,,7.5,,,,,,7.5,,,6.2,,,Ametista,,,,2.0,,,,,ALFA B - G2/G3,
RA-878,Aluno-878,Masculino,2023,,,,,-2.0,-1.0,,,,EE Chácara Florida II,,ALFA,1B,,Fase 2 (5° e 6° ano),Fase 2 (5° e 6° ano),,0.0,9.002,,5.0,5.0,,8.1,6.75,,10.0,11.0,,9.5,6.1363636360000005,,6.24,6.5335560606000005,,,Pública,Pública,5.0,7.1875,,2.52,4.38,,7.34,6.996666667,,,,,8.0,6.0,,8.2,7.5,,Ágata,Ágata,,,2.0,3.0,,Cursando,,ALFA B - G2/G3,1B
RA-879,Aluno-879,Feminino,2023,,,,,-1.0,-1.0,,,,EM Etelvina Delfim Simões,,ALFA,1A,,Fase 1 (3° e 4° ano),Fase 2 (5° e 6° ano),,0.0,9.502,,5.0,5.0,,8.2,8.5,,,10.0,,9.8,9.090909091,,6.8225,8.1096318182,,,Pública,Pública,6.875,7.8125,,2.52,6.26,,8.915,8.67,,,,,8.2,8.0,,8.2,9.0,,Ágata,Topázio,,,2.0,3.0,,Cursando,,ALFA B - G2/G3,1A
RA-88,Aluno-88,Masculino,2021,21.0,312.0,4.0,-2.0,0.0,0.0,Melhorar: Empenhar-se mais nas aulas e avaliações.,Destaque: A sua boa entrega das lições de casa.,Destaque: A sua boa integração aos Princípios Passos Mágicos.,Faculdade FIAP,5,FASE 8,8E,Fase 7 (3º EM),Fase 8 (Universitários),Fase 8 (Universitários),7.1,,,5.0,10.0,10.0,6.5,,,17.0,18.0,19.0,9.2,,0.0,7.498,,,True,Escola Pública,Privada - Pagamento por *Empresa Parceira,Privada *Parcerias com Bolsa 100%,,,5.6,,,9.208,,,6.4,,,6.8,,,6.2,,,Ametista,,,True,4.0,,0.0,Sem limitações,Cursando,K,8E,8E
RA-880,Aluno-880,Feminino,2023,,,,,0.0,-1.0,,,,EE Chácara Florida II,,ALFA,ALFA,,ALFA (1° e 2° ano),Fase 1 (3° e 4° ano),,0.0,9.502,,10.0,5.0,,6.3,6.5,,7.0,8.0,,9.4,8.445652174,,6.724,6.853080434800001,,,Pública,Pública,6.25,7.1875,,2.52,2.51,,8.585,7.22,,,,,6.3,7.5,,6.2,5.5,,Ágata,Ágata,,,2.0,3.0,,Cursando,,ALFA B - G2/G3,ALFA E - G2/G3
RA-881,Aluno-881,Masculino,2023,,,,,0.0,,,,,,,ALFA,,,ALFA (1° e 2° ano),,,10.0,,,10.0,,,7.3,,,8.0,,,8.9,,,7.7322,,,,Pública,,5.0,,,7.52,,,6.25,,,,,,7.5,,,7.0,,,Ametista,,,,2.0,,,,,ALFA B - G2/G3,
RA-882,Aluno-882,Feminino,2023,,,,,0.0,,,,,,,ALFA,,,ALFA (1° e 2° ano),,,9.0,,,10.0,,,4.7,,,8.0,,,8.6,,,6.0092,,,,Pública,,3.75,,,2.52,,,4.16,,,,,,4.8,,,4.5,,,Ágata,,,,2.0,,,,,ALFA C - G0/G1,
RA-883,Aluno-883,Feminino,2023,,,,,0.0,,,,,,,ALFA,,,ALFA (1° e 2° ano),,,9.5,,,10.0,,,8.4,,,,,,9.7,,,8.5082,,,,Pública,,6.25,,,6.89,,,8.17,,,,,,8.0,,,8.7,,,Topázio,,,,2.0,,,,,ALFA C - G0/G1,
RA-884,Aluno-884,Feminino,2023,,,,,0.0,-1.0,,,,EM Pedro Antonio de Almeida,,ALFA,ALFA,,ALFA (1° e 2° ano),Fase 1 (3° e 4° ano),,9.0,10.002,,10.0,5.0,,8.8,8.75,,,8.0,,9.7,8.818181818,,8.4587,8.0345030302,,,Pública,Pública,6.875,7.5,,4.39,6.26,,8.66,8.223333333,,,,,8.4,10.0,,9.2,7.5,,Topázio,Topázio,,,2.0,3.0,,Cursando,,ALFA C - G0/G1,ALFA B - G2/G3
RA-885,Aluno-885,Masculino,2023,,,,,0.0,-1.0,,,,EE Dom Pedro Villas Boas de Souza,,ALFA,ALFA,,ALFA (1° e 2° ano),Fase 1 (3° e 4° ano),,9.0,8.502,,10.0,5.0,,8.7,8.5,,7.0,9.0,,9.8,10.0,,8.8252,8.2072,,,Pública,Pública,7.5,7.5,,7.52,7.51,,8.665,8.28,,,,,8.5,10.0,,8.8,7.0,,Topázio,Topázio,,,2.0,3.0,,Cursando,,ALFA C - G0/G1,ALFA D - G2/G3
RA-886,Aluno-886,Feminino,2023,,,,,0.0,-1.0,,,,EM Etelvina Delfim Simões,,ALFA,ALFA,,ALFA (1° e 2° ano),Fase 1 (3° e 4° ano),,8.5,9.502,,10.0,5.0,,8.1,8.75,,,8.0,,9.4,10.0,,8.6422,8.419200000000002,,,Pública,Pública,7.5,7.5,,7.52,8.13,,9.0,8.28,,,,,7.6,9.0,,8.5,8.5,,Topázio,Topázio,,,2.0,3.0,,Cursando,,ALFA C - G0/G1,ALFA E - G2/G3
RA-887,Aluno-887,Masculino,2023,,,,,0.0,,,,,,,ALFA,,,ALFA (1° e 2° ano),,,8.9,,,10.0,,,8.4,,,8.0,,,8.9,,,8.6718,,,,Pública,,7.5,,,7.52,,,9.09,,,,,,7.8,,,9.0,,,Topázio,,,,2.0,,,,,ALFA C - G0/G1,
RA-888,Aluno-888,Masculino,2023,,,,,0.0,-1.0,,,,EE Dom Pedro Villas Boas de Souza,,ALFA,ALFA,,ALFA (1° e 2° ano),Fase 1 (3° e 4° ano),,9.0,9.002,,10.0,5.0,,8.8,8.5,,,8.0,,10.0,10.0,,8.9182,8.1942,,,Pública,Pública,7.5,7.5,,7.52,6.88,,8.83,8.28,,,,,8.2,9.0,,9.3,8.0,,Topázio,Topázio,,,2.0,3.0,,Cursando,,ALFA C - G0/G1,ALFA D - G2/G3
RA-889,Aluno-889,Masculino,2023,,,,,0.0,-1.0,,,,EM Maria Ignez Concelles Irma Ines,,ALFA,ALFA,,ALFA (1° e 2° ano),Fase 1 (3° e 4° ano),,8.5,8.502,,10.0,5.0,,9.1,9.75,,,9.0,,9.5,9.2954545455,,8.8092,8.191290909100001,,,Pública,Pública,7.5,7.5,,6.89,6.26,,9.0,8.28,,,,,8.7,10.0,,9.5,9.5,,Topázio,Topázio,,,2.0,3.0,,Cursando,,ALFA C - G0/G1,ALFA B - G2/G3
RA-89,Aluno-89,Masculino,2021,24.0,383.0,5.0,-1.0,-1.0,,Melhorar: Empenhar-se mais nas aulas e avaliações.,Destaque: A sua boa entrega das lições de casa.,Destaque: A sua boa integração aos Princípios Passos Mágicos.,,5,FASE 6,,Fase 6 (2º EM),Fase 7 (3° EM),,9.6,8.3,,5.0,5.0,,5.9,5.1,,16.0,17.0,,7.8,8.1,,7.323,6.700775,,True,Escola Pública,Pública,,7.34375,,7.5,5.0,,8.0,7.465,,4.7,6.7,,7.5,6.3,,5.7,2.3,,Ametista,Ágata,,False,4.0,4.0,,Não atendido,,K,6L,
RA-890,Aluno-890,Masculino,2023,,,,,0.0,,,,,,,ALFA,,,ALFA (1° e 2° ano),,,0.0,,,10.0,,,8.3,,,8.0,,,9.1,,,6.989,,,,Pública,,6.25,,,2.52,,,8.16,,,,,,8.0,,,8.6,,,Ágata,,,,2.0,,,,,ALFA C - G0/G1,
RA-891,Aluno-891,Feminino,2023,,,,,-1.0,-1.0,,,,EE Chácara Florida II,,ALFA,ALFA,,Fase 1 (3° e 4° ano),Fase 1 (3° e 4° ano),,9.5,10.002,,5.0,5.0,,7.5,8.75,,,10.0,,9.5,9.0454545455,,7.8882,8.035957575700001,,,Pública,Pública,7.5,7.5,,6.89,6.26,,7.995,8.003333333,,,,,6.2,10.0,,8.8,7.5,,Ametista,Topázio,,,2.0,3.0,,Cursando,,ALFA C - G0/G1,ALFA B - G2/G3
RA-892,Aluno-892,Masculino,2023,,,,,0.0,0.0,,,,EE Dom Pedro Villas Boas de Souza,,ALFA,1C,,ALFA (1° e 2° ano),Fase 1 (3° e 4° ano),,8.0,8.002,,10.0,10.0,,8.3,8.75,,8.0,9.0,,9.6,10.0,,8.8112,8.697700000000001,,,Pública,Pública,7.5,8.125,,6.89,7.51,,10.01,7.92,,,,,8.5,10.0,,8.0,7.5,,Topázio,Topázio,,,2.0,2.0,,Cursando,,ALFA D - G2/G3,1C
RA-893,Aluno-893,Masculino,2023,,,,,-1.0,0.0,,,,EE Chácara Florida II,,ALFA,1B,,Fase 1 (3° e 4° ano),Fase 1 (3° e 4° ano),,9.5,9.002,,5.0,10.0,,9.3,9.25,,,10.0,,10.0,10.0,,8.8042,8.8910333334,,,Pública,Pública,7.5,8.125,,7.52,7.51,,10.01,7.886666667,,,,,9.5,10.0,,9.0,8.5,,Topázio,Topázio,,,2.0,3.0,,Cursando,,ALFA D - G2/G3,1B
RA-894,Aluno-894,Feminino,2023,,,,,-1.0,-1.0,,,,EE Dom Pedro Villas Boas de Souza,,ALFA,1C,,Fase 1 (3° e 4° ano),Fase 2 (5° e 6° ano),,9.5,10.002,,5.0,5.0,,9.4,9.5,,9.0,10.0,,9.9,10.0,,8.8142,8.67895,,,Pública,Pública,7.5,8.4375,,7.52,7.51,,10.01,8.42,,,,,9.3,9.0,,9.5,10.0,,Topázio,Topázio,,,2.0,2.0,,Cursando,,ALFA D - G2/G3,1C
RA-895,Aluno-895,Feminino,2023,,,,,0.0,-1.0,,,,EE Dom Pedro Villas Boas de Souza,,ALFA,ALFA,,ALFA (1° e 2° ano),Fase 1 (3° e 4° ano),,9.5,9.502,,10.0,5.0,,6.8,9.5,,8.0,9.0,,9.5,9.5454545455,,8.5397,8.2579575757,,,Pública,Pública,6.875,7.5,,7.52,6.26,,9.5,8.113333333,,,,,6.8,10.0,,6.7,9.0,,Topázio,Topázio,,,2.0,3.0,,Cursando,,ALFA D - G2/G3,ALFA B - G2/G3
RA-896,Aluno-896,Masculino,2023,,,,,0.0,0.0,,,,EE Dom Pedro Villas Boas de Souza,,ALFA,1C,,ALFA (1° e 2° ano),Fase 1 (3° e 4° ano),,9.5,8.502,,10.0,10.0,,8.5,6.5,,7.0,8.0,,10.0,9.7727272725,,9.0912,8.2852454545,,,Pública,Pública,7.5,8.125,,6.89,7.51,,10.01,8.085,,,,,9.0,6.5,,8.0,6.5,,Topázio,Topázio,,,2.0,2.0,,Cursando,,ALFA D - G2/G3,1C
RA-897,Aluno-897,Masculino,2023,,,,,-1.0,-1.0,,,,EE Francisco de Paula Teixeira,,ALFA,ALFA,,Fase 1 (3° e 4° ano),Fase 1 (3° e 4° ano),,0.0,7.002,,5.0,5.0,,6.5,6.0,,,10.0,,8.1,2.7525252525,,5.48225,5.2212050505,,,Pública,Pública,6.5625,6.875,,7.52,2.51,,3.32,6.66,,,,,7.2,5.5,,5.7,6.5,,Quartzo,Quartzo,,,2.0,2.0,,Cursando,,ALFA D - G2/G3,ALFA I - G2/G3
RA-898,Aluno-898,Masculino,2023,,,,,-1.0,-1.0,,,,EE Dom Pedro Villas Boas de Souza,,ALFA,1B,,Fase 1 (3° e 4° ano),Fase 2 (5° e 6° ano),,9.0,6.418,,5.0,5.0,,9.4,7.5,,,10.0,,9.8,10.0,,8.4217,7.8661333334000005,,,Pública,Pública,8.125,7.5,,3.77,7.51,,10.01,8.616666667,,,,,9.7,9.0,,9.0,6.0,,Topázio,Ametista,,,2.0,3.0,,Cursando,,ALFA E - G2/G3,1B
RA-899,Aluno-899,Masculino,2023,,,,,0.0,0.0,,,,EE Chácara Florida II,,ALFA,1B,,ALFA (1° e 2° ano),Fase 1 (3° e 4° ano),,10.0,10.002,,10.0,10.0,,9.5,8.25,,8.0,9.0,,9.8,9.1007905135,,8.8452,8.425024769300002,,,Pública,Pública,7.5,8.125,,3.77,5.635,,9.34,7.893333333,,,,,9.3,8.0,,9.6,8.5,,Topázio,Topázio,,,2.0,3.0,,Cursando,,ALFA E - G2/G3,1B
RA-9,Aluno-9,Feminino,2019,1.0,113.0,1.0,-1.0,,,Melhorar: Empenhar-se mais nas aulas e avaliações.,Destaque: A sua boa entrega das lições de casa.,Destaque: A sua boa integração aos Princípios Passos Mágicos.,,7,,,Fase 8 (Universitários),,,8.8,,,5.0,,,6.7,,,18.0,,,9.5,,,8.109,,,True,Escola Pública,,,,,7.5,,,9.5,,,8.7,,,5.5,,,6.0,,,Topázio,,,True,4.0,,,Sem limitações,,A,,
RA-90,Aluno-90,Feminino,2019,1.0,1.0,1.0,2.0,1.0,,Destaque: As suas boas notas na Passos Mágicos.,Destaque: A sua boa entrega das lições de casa.,Destaque: A sua boa integração aos Princípios Passos Mágicos.,,5,FASE 5,,Fase 3 (7º e 8º ano),Fase 4 (9° ano),,10.0,10.0,,10.0,10.0,,8.5,7.7,,13.0,14.0,,9.7,9.6,,9.442,8.699408333,,False,Rede Decisão,Privada - Programa de Apadrinhamento,,8.59375,,9.4,7.52,,9.75,8.1725,,9.8,9.5,,7.7,6.7,,8.0,6.8,,Topázio,Topázio,,True,4.0,4.0,,Sem limitações,,L,5L,
RA-90,Aluno-90,Feminino,2021,,,,,,2.0,,,,Colégio Poliedro - SP,,,7E,,,Fase 5 (1° EM),,,10.002,,,10.0,,,8.066666666666666,,,15.0,,,9.0,,,8.352033333333335,,,,Privada *Parcerias com Bolsa 100%,,7.5,,,6.885,,,7.5,,,8.2,,,7.7,,,8.3,,,Topázio,,,,0.0,,Cursando,,,7E
RA-900,Aluno-900,Feminino,2023,,,,,0.0,0.0,,,,EE Dom Pedro Villas Boas de Souza,,ALFA,1B,,ALFA (1° e 2° ano),Fase 1 (3° e 4° ano),,9.0,9.002,,10.0,10.0,,7.8,8.5,,8.0,9.0,,9.8,9.318181818,,8.8947,8.802003030200002,,,Pública,Pública,8.125,8.125,,9.38,8.13,,8.67,8.563333333,,,,,8.0,8.0,,7.5,9.0,,Topázio,Topázio,,,2.0,3.0,,Cursando,,ALFA E - G2/G3,1B
RA-901,Aluno-901,Masculino,2023,,,,,-2.0,,,,,,,ALFA,,,Fase 2 (5° e 6° ano),,,8.5,,,5.0,,,7.5,,,10.0,,,8.7,,,7.3112,,,,Pública,,6.25,,,3.77,,,8.595,,,,,,7.7,,,7.3,,,Ametista,,,,2.0,,,,,ALFA E - G2/G3,
RA-902,Aluno-902,Masculino,2023,,,,,-3.0,,,,,,,ALFA,,,Fase 3 (7° e 8° ano),,,10.0,,,2.5,,,3.9,,,12.0,,,9.3,,,5.97345,,,,Pública,,5.3125,,,2.52,,,6.5,,,,,,4.5,,,3.3,,,Quartzo,,,,2.0,,,,,ALFA E - G2/G3,
RA-903,Aluno-903,Feminino,2023,,,,,0.0,0.0,,,,EE Dom Pedro Villas Boas de Souza,,ALFA,1B,,ALFA (1° e 2° ano),Fase 1 (3° e 4° ano),,10.0,10.002,,10.0,10.0,,7.8,5.0,,,9.0,,9.6,9.7727272725,,8.5242,8.0758287879,,,Pública,Pública,7.5,7.8125,,5.02,7.505,,9.01,7.946666667,,,,,7.7,6.0,,7.8,4.0,,Topázio,Topázio,,,2.0,3.0,,Cursando,,ALFA E - G2/G3,1B
RA-904,Aluno-904,Feminino,2023,,,,,0.0,-1.0,,,,EE Chácara Florida II,,ALFA,ALFA,,ALFA (1° e 2° ano),Fase 1 (3° e 4° ano),,9.0,9.502,,10.0,5.0,,6.4,6.0,,,8.0,,9.3,8.75,,8.140783333,7.6352,,,Pública,Pública,7.8125,7.5,,7.52,7.51,,7.836666667,8.67,,,,,6.0,6.0,,6.8,6.0,,Topázio,Ametista,,,2.0,3.0,,Cursando,,ALFA F - G0/G1,ALFA F - G0/G1
RA-905,Aluno-905,Masculino,2023,,,,,-1.0,-2.0,,,,EM Pedro Antonio de Almeida,,ALFA,ALFA,,Fase 1 (3° e 4° ano),Fase 2 (5° e 6° ano),,9.5,9.002,,5.0,5.0,,8.3,3.0,,9.0,10.0,,9.4,7.7794117645,,7.831033333,6.3925823529,,,Pública,Pública,6.875,6.875,,7.52,7.51,,7.056666667,6.99,,,,,7.5,2.0,,9.0,4.0,,Ametista,Ágata,,,2.0,2.0,,Cursando,,ALFA F - G0/G1,ALFA J - G2/G3
RA-906,Aluno-906,Masculino,2023,,,,,0.0,,,,,,,ALFA,,,ALFA (1° e 2° ano),,,7.5,,,10.0,,,8.6,,,,,,9.2,,,8.1922,,,,Pública,,7.5,,,7.52,,,6.95,,,,,,7.7,,,9.4,,,Topázio,,,,2.0,,,,,ALFA F - G0/G1,
RA-907,Aluno-907,Feminino,2023,,,,,0.0,-1.0,,,,EE Dom Pedro Villas Boas de Souza,,ALFA,ALFA,,ALFA (1° e 2° ano),Fase 1 (3° e 4° ano),,9.5,9.002,,10.0,5.0,,9.3,8.75,,8.0,9.0,,9.6,8.9444444445,,8.962033333,7.9400888889,,,Privada,Privada,8.125,7.5,,7.52,7.51,,8.336666667,7.5,,,,,9.2,10.0,,9.4,7.5,,Topázio,Ametista,,,2.0,2.0,,Cursando,,ALFA F - G0/G1,ALFA J - G2/G3
RA-908,Aluno-908,Feminino,2023,,,,,0.0,-1.0,,,,EE Joaquim Mendes Feliz,,ALFA,ALFA,,ALFA (1° e 2° ano),Fase 1 (3° e 4° ano),,9.0,8.502,,10.0,5.0,,7.9,4.75,,,9.0,,9.0,8.14171123,,8.479366667,6.764292246,,,Pública,Pública,8.125,7.1875,,7.52,7.51,,8.223333333,6.83,,,,,6.7,3.0,,9.0,6.5,,Topázio,Ágata,,,2.0,2.0,,Cursando,,ALFA F - G0/G1,ALFA I - G2/G3
RA-909,Aluno-909,Feminino,2023,,,,,-2.0,-2.0,,,,EE Dom Pedro Villas Boas de Souza,,ALFA,ALFA,,Fase 2 (5° e 6° ano),Fase 2 (5° e 6° ano),,10.0,10.002,,5.0,5.0,,9.2,8.25,,10.0,11.0,,9.9,8.1666666665,,8.486033333,7.722033333300001,,,Pública,Pública,8.125,6.875,,7.52,7.51,,8.056666667,7.5,,,,,9.1,10.0,,9.2,6.5,,Topázio,Ametista,,,2.0,2.0,,Cursando,,ALFA F - G0/G1,ALFA J - G2/G3
RA-91,Aluno-91,Feminino,2016,36.0,608.0,8.0,-1.0,-1.0,,Melhorar: Empenhar-se mais nas aulas e avaliações.,Melhorar: Melhorar a sua entrega de lições de casa.,Melhorar: Integrar-se mais aos Princípios Passos Mágicos.,,5,FASE 6,,Fase 6 (2º EM),Fase 7 (3° EM),,9.2,10.0,,5.0,5.0,,6.6,7.4,,16.0,,,5.7,7.4,,6.645,7.42395,,False,Rede Decisão,Privada - Programa de Apadrinhamento,,7.8125,,5.6,6.89,,7.125,7.4675,,8.5,7.7,,5.5,9.5,,5.7,5.0,,Ágata,Ametista,,False,4.0,4.0,,Requer avaliação,,L,6L,
RA-91,Aluno-91,Feminino,2021,,,,,,-1.0,,,,Colégio Arco Íris Evolução,,,6L,,,Fase 7 (3° EM),,,10.002,,,5.0,,,7.333333333333333,,,18.0,,,7.476190476333334,,,7.426704761933335,,,,Privada - Programa de Apadrinhamento,,7.875,,,5.635,,,8.068,,,9.0,,,9.0,,,4.0,,,Ametista,,,,5.0,,Cursando,,,6L
RA-910,Aluno-910,Masculino,2023,,,,,0.0,0.0,,,,EM Etelvina Delfim Simões,,ALFA,1G,,ALFA (1° e 2° ano),Fase 1 (3° e 4° ano),,0.0,8.502,,10.0,10.0,,8.9,7.5,,8.0,9.0,,8.8,8.674242424500001,,7.801,8.1163818182,,,Pública,Pública,8.75,7.916666667,,7.52,7.51,,8.17,7.443333333,,,,,8.8,9.0,,9.0,6.0,,Ametista,Topázio,,,2.0,3.0,,Cursando,,ALFA F - G0/G1,1G
RA-911,Aluno-911,Masculino,2023,,,,,-2.0,-2.0,,,,EE Leonice de Aquino Oliveira,,ALFA,1G,,Fase 2 (5° e 6° ano),Fase 3 (7° e 8° ano),,9.0,8.002,,5.0,5.0,,3.4,4.5,,11.0,12.0,,6.7,4.772727273,,5.59545,5.4552454547,,,Pública,Pública,5.3125,6.041666667,,2.52,7.51,,7.01,4.726666667,,,,,3.7,5.0,,3.0,4.0,,Quartzo,Quartzo,,,2.0,3.0,,Cursando,,ALFA G - G2/G3,1G
RA-912,Aluno-912,Feminino,2023,,,,,-1.0,-2.0,,,,EM Maria Ignez Concelles Irma Ines,,ALFA,ALFA,,Fase 1 (3° e 4° ano),Fase 2 (5° e 6° ano),,7.0,9.002,,5.0,5.0,,6.3,7.25,,9.0,10.0,,9.4,9.4736842105,,7.0797,7.697103508700001,,,Pública,Pública,5.625,8.125,,7.52,7.51,,7.175,6.943333333,,,,,6.2,7.0,,6.3,7.5,,Ametista,Ametista,,,2.0,3.0,,Cursando,,ALFA G - G2/G3,ALFA G - G2/G3
RA-913,Aluno-913,Feminino,2023,,,,,-2.0,,,,,,,ALFA,,,Fase 2 (5° e 6° ano),,,8.0,,,5.0,,,7.9,,,,,,8.5,,,7.7432,,,,Pública,,6.25,,,6.89,,,9.245,,,,,,9.5,,,6.3,,,Ametista,,,,2.0,,,,,ALFA H - G0/G1,
RA-914,Aluno-914,Feminino,2023,,,,,0.0,,,,,,,ALFA,,,ALFA (1° e 2° ano),,,10.0,,,10.0,,,8.7,,,8.0,,,9.2,,,8.6912,,,,Pública,,6.25,,,7.52,,,8.67,,,,,,9.0,,,8.4,,,Topázio,,,,2.0,,,,,ALFA H - G0/G1,
RA-915,Aluno-915,Feminino,2023,,,,,0.0,,,,,,,ALFA,,,ALFA (1° e 2° ano),,,10.0,,,10.0,,,8.4,,,,,,8.4,,,8.5962,,,,Pública,,7.5,,,7.52,,,8.67,,,,,,8.1,,,8.7,,,Topázio,,,,2.0,,,,,ALFA H - G0/G1,
RA-916,Aluno-916,Feminino,2023,,,,,-1.0,-2.0,,,,EM Maria Ignez Concelles Irma Ines,,ALFA,ALFA,,Fase 1 (3° e 4° ano),Fase 2 (5° e 6° ano),,9.5,8.502,,5.0,5.0,,6.6,2.75,,9.0,10.0,,9.7,7.3320158105,,7.3882,5.5058531621,,,Pública,Pública,6.25,6.5625,,2.52,2.51,,9.005,6.16,,,,,7.7,3.5,,5.5,2.0,,Ametista,Quartzo,,,2.0,2.0,,Cursando,,ALFA H - G0/G1,ALFA I - G2/G3
RA-917,Aluno-917,Feminino,2023,,,,,0.0,,,,,,,ALFA,,,ALFA (1° e 2° ano),,,0.0,,,10.0,,,7.0,,,7.0,,,7.2,,,5.987,,,,Pública,,6.25,,,2.52,,,6.35,,,,,,5.3,,,8.7,,,Quartzo,,,,2.0,,,,,ALFA H - G0/G1,
RA-918,Aluno-918,Feminino,2023,,,,,0.0,-1.0,,,,EM Maria Ignez Concelles Irma Ines,,ALFA,ALFA,,ALFA (1° e 2° ano),Fase 1 (3° e 4° ano),,10.0,7.918,,10.0,5.0,,7.7,2.75,,7.0,8.0,,8.7,8.697368421,,7.4967,5.657357017600001,,,Pública,Pública,5.625,5.9375,,2.52,2.51,,7.01,6.156666667,,,,,7.1,1.0,,8.3,4.5,,Ametista,Quartzo,,,2.0,3.0,,Cursando,,ALFA H - G0/G1,ALFA G - G2/G3
RA-919,Aluno-919,Masculino,2023,,,,,-1.0,-2.0,,,,EM Maria Ignez Concelles Irma Ines,,ALFA,ALFA,,Fase 1 (3° e 4° ano),Fase 2 (5° e 6° ano),,0.0,7.002,,5.0,5.0,,5.3,5.25,,9.0,10.0,,8.4,4.692513369,,6.225,5.799702673800001,,,Pública,Pública,6.25,6.875,,7.52,6.255,,8.09,6.49,,,,,5.5,6.5,,5.0,4.0,,Ágata,Quartzo,,,2.0,2.0,,Cursando,,ALFA H - G0/G1,ALFA I - G2/G3
RA-92,Aluno-92,Feminino,2016,30.0,501.0,7.0,-1.0,-1.0,,Melhorar: Empenhar-se mais nas aulas e avaliações.,Melhorar: Melhorar a sua entrega de lições de casa.,Melhorar: Integrar-se mais aos Princípios Passos Mágicos.,,5,FASE 6,,Fase 6 (2º EM),Fase 7 (3° EM),,9.2,9.6,,5.0,5.0,,7.4,6.7,,16.0,,,7.1,9.4,,6.957,7.375916667,,False,Rede Decisão,Privada - Programa de Apadrinhamento,,7.1875,,5.0,5.63,,6.667,7.045,,8.8,6.7,,7.8,8.7,,5.5,4.8,,Ágata,Ametista,,False,4.0,4.0,,Requer avaliação,,L,6L,
RA-92,Aluno-92,Feminino,2021,,,,,,0.0,,,,Colégio Arco Íris Evolução,,,7A,,,Fase 7 (3° EM),,,10.002,,,10.0,,,7.5,,,18.0,,,8.769145085,,,8.052279017,,,,Privada - Programa de Apadrinhamento,,7.8125,,,7.51,,,6.33,,,9.5,,,8.0,,,5.0,,,Topázio,,,,3.0,,Cursando,,,7A
RA-920,Aluno-920,Feminino,2023,,,,,0.0,-1.0,,,,EM Maria Ignez Concelles Irma Ines,,ALFA,ALFA,,ALFA (1° e 2° ano),Fase 1 (3° e 4° ano),,9.0,9.502,,10.0,5.0,,6.1,8.25,,8.0,9.0,,6.3,7.6710526315,,6.9647,7.7494938597,,,Pública,Pública,5.625,7.1875,,7.52,7.51,,6.35,8.226666667,,,,,6.0,9.0,,6.2,7.5,,Ágata,Ametista,,,2.0,3.0,,Cursando,,ALFA H - G0/G1,ALFA G - G2/G3
RA-921,Aluno-921,Feminino,2023,,,,,0.0,-1.0,,,,EE Dom Pedro Villas Boas de Souza,,ALFA,ALFA,,ALFA (1° e 2° ano),Fase 1 (3° e 4° ano),,9.0,8.502,,10.0,5.0,,6.3,6.0,,7.0,8.0,,9.7,8.6631016045,,7.7407,7.2838203209,,,Pública,Pública,5.625,7.5,,7.52,7.51,,6.68,7.5,,,,,6.5,5.0,,6.0,7.0,,Ametista,Ametista,,,2.0,2.0,,Cursando,,ALFA I - G2/G3,ALFA I - G2/G3
RA-922,Aluno-922,Feminino,2023,,,,,0.0,0.0,,,,EE Francisco de Paula Teixeira,,ALFA,1C,,ALFA (1° e 2° ano),Fase 1 (3° e 4° ano),,8.5,9.002,,10.0,10.0,,8.4,7.75,,,9.0,,9.7,9.5227272725,,8.5262,8.5209954545,,,Pública,Pública,7.5,7.8125,,3.14,7.51,,10.01,8.17,,,,,8.5,7.5,,8.2,8.0,,Topázio,Topázio,,,2.0,2.0,,Cursando,,ALFA I - G2/G3,1C
RA-923,Aluno-923,Feminino,2023,,,,,0.0,0.0,,,,EE Dom Pedro Villas Boas de Souza,,ALFA,1D,,ALFA (1° e 2° ano),Fase 1 (3° e 4° ano),,9.5,8.002,,10.0,10.0,,7.3,5.5,,,9.0,,9.9,7.9545454545,,8.8842,7.688609090900001,,,Pública,Pública,7.5,8.125,,7.52,7.51,,10.01,8.17,,,,,7.5,5.0,,7.0,6.0,,Topázio,Ametista,,,2.0,2.0,,Cursando,,ALFA I - G2/G3,1D
RA-924,Aluno-924,Masculino,2023,,,,,0.0,-1.0,,,,EE Dom Pedro Villas Boas de Souza,,ALFA,ALFA,,ALFA (1° e 2° ano),Fase 1 (3° e 4° ano),,9.0,7.002,,10.0,5.0,,5.0,7.0,,,9.0,,5.6,4.598930481,,6.5207,6.4727360962,,,Pública,Pública,5.625,7.1875,,7.52,7.51,,5.93,7.415,,,,,5.0,7.5,,5.0,6.5,,Ágata,Ágata,,,2.0,2.0,,Cursando,,ALFA I - G2/G3,ALFA I - G2/G3
RA-925,Aluno-925,Masculino,2023,,,,,0.0,-1.0,,,,EE Dom Pedro Villas Boas de Souza,,ALFA,ALFA,,ALFA (1° e 2° ano),Fase 1 (3° e 4° ano),,9.0,8.002,,10.0,5.0,,5.4,4.75,,,8.0,,8.9,7.005347594,,7.1837,6.587019518800001,,,Pública,Pública,5.625,7.1875,,7.52,7.51,,5.595,7.33,,,,,5.2,3.0,,5.5,6.5,,Ametista,Ágata,,,2.0,2.0,,Cursando,,ALFA I - G2/G3,ALFA I - G2/G3
RA-926,Aluno-926,Feminino,2023,,,,,-1.0,-1.0,,,,EM Maria Ignez Concelles Irma Ines,,ALFA,1G,,Fase 1 (3° e 4° ano),Fase 2 (5° e 6° ano),,9.0,9.002,,5.0,5.0,,6.8,7.0,,9.0,10.0,,10.0,9.7727272725,,7.7792,7.7830787878,,,Pública,Pública,7.5,8.333333333,,3.77,7.51,,9.51,7.22,,,,,6.5,7.0,,7.0,7.0,,Ametista,Ametista,,,2.0,3.0,,Cursando,,ALFA J - G2/G3,1G
RA-927,Aluno-927,Feminino,2023,,,,,-1.0,0.0,,,,EM Maria Ignez Concelles Irma Ines,,ALFA,1G,,Fase 1 (3° e 4° ano),Fase 1 (3° e 4° ano),,9.0,8.002,,5.0,10.0,,6.4,6.5,,,10.0,,9.7,9.318181818,,7.5982,7.9921696969000005,,,Pública,Pública,7.5,8.333333333,,3.77,7.51,,9.255,7.22,,,,,7.0,7.0,,5.8,6.0,,Ametista,Ametista,,,2.0,3.0,,Cursando,,ALFA J - G2/G3,1G
RA-928,Aluno-928,Feminino,2023,,,,,0.0,0.0,,,,EM Amanda Consuelo da Cunha,,ALFA,1K,,ALFA (1° e 2° ano),Fase 1 (3° e 4° ano),,8.5,8.002,,10.0,10.0,,9.8,8.75,,8.0,9.0,,10.0,10.0,,9.3712,8.8733666667,,,Pública,Pública,8.75,8.541666667,,7.52,7.51,,9.67,8.59,,,,,9.8,8.5,,9.8,9.0,,Topázio,Topázio,,,2.0,2.0,,Cursando,,ALFA K - G0/G1,1K
RA-929,Aluno-929,Feminino,2023,,,,,0.0,-1.0,,,,EM Amanda Consuelo da Cunha,,ALFA,ALFA,,ALFA (1° e 2° ano),Fase 1 (3° e 4° ano),,8.5,9.002,,10.0,5.0,,8.8,6.75,,8.0,9.0,,9.8,9.4736842105,,9.1312,7.7244368421,,,Pública,Pública,8.75,8.125,,7.52,7.51,,9.67,7.58,,,,,8.7,7.0,,8.9,6.5,,Topázio,Ametista,,,2.0,2.0,,Cursando,,ALFA K - G0/G1,ALFA O - G2/G3
RA-93,Aluno-93,Feminino,2016,4.0,6.0,3.0,0.0,1.0,,Destaque: As suas boas notas na Passos Mágicos.,Destaque: A sua boa entrega das lições de casa.,Destaque: A sua boa integração aos Princípios Passos Mágicos.,,5,FASE 7,,Fase 5 (1º EM),Fase 6 (2° EM),,8.3,7.9,,10.0,10.0,,8.5,,,15.0,16.0,,9.7,,,8.941,,,False,Rede Decisão,Privada - Programa de Apadrinhamento,,,,8.1,3.14,,9.083,,,8.4,,,8.8,,,8.3,,,Topázio,,,True,4.0,,,Sem limitações,,L,7E,
RA-93,Aluno-93,Feminino,2021,,,,,,1.0,,,,Colégio Albert Einstein - SP,,,7E,,,Fase 6 (2° EM),,,9.168,,,10.0,,,7.483333333333333,,,17.0,,,9.931666667,,,8.275550000066668,,,,Privada - Programa de Apadrinhamento,,7.5,,,6.2575,,,7.5,,,8.5,,,6.75,,,7.2,,,Topázio,,,,0.0,,Cursando,,,7E
RA-930,Aluno-930,Masculino,2023,,,,,0.0,-1.0,,,,EE Jardim Campestre,,ALFA,ALFA,,ALFA (1° e 2° ano),Fase 1 (3° e 4° ano),,9.0,8.502,,10.0,5.0,,9.0,8.0,,8.0,9.0,,8.8,9.7368421055,,8.8872,7.9298184211,,,Pública,Pública,8.75,7.8125,,7.52,7.51,,9.0,7.5,,,,,8.7,8.0,,9.3,8.0,,Topázio,Ametista,,,2.0,2.0,,Cursando,,ALFA K - G0/G1,ALFA O - G2/G3
RA-931,Aluno-931,Masculino,2023,,,,,0.0,-1.0,,,,EM Amanda Consuelo da Cunha,,ALFA,ALFA,,ALFA (1° e 2° ano),Fase 1 (3° e 4° ano),,8.5,7.918,,10.0,5.0,,7.8,8.5,,,9.0,,8.2,8.5833333335,,7.3747,7.075466666700001,,,Pública,Pública,5.625,7.5,,2.52,2.51,,7.6,6.83,,,,,7.0,8.0,,8.5,9.0,,Ametista,Ametista,,,2.0,2.0,,Cursando,,ALFA K - G0/G1,ALFA K - G0/G1
RA-932,Aluno-932,Feminino,2023,,,,,0.0,,,,,,,ALFA,,,ALFA (1° e 2° ano),,,9.5,,,10.0,,,7.5,,,7.0,,,7.9,,,8.3847,,,,Pública,,8.125,,,7.52,,,9.0,,,,,,6.5,,,8.4,,,Topázio,,,,2.0,,,,,ALFA K - G0/G1,
RA-933,Aluno-933,Feminino,2023,,,,,0.0,,,,,,,ALFA,,,ALFA (1° e 2° ano),,,9.0,,,10.0,,,7.7,,,8.0,,,8.4,,,8.6712,,,,Pública,,8.75,,,7.52,,,9.67,,,,,,8.0,,,7.3,,,Topázio,,,,2.0,,,,,ALFA K - G0/G1,
RA-934,Aluno-934,Feminino,2023,,,,,0.0,-1.0,,,,EM Amanda Consuelo da Cunha,,ALFA,ALFA,,ALFA (1° e 2° ano),Fase 1 (3° e 4° ano),,9.0,9.502,,10.0,5.0,,8.7,8.5,,8.0,9.0,,9.6,9.75,,9.1737,8.338700000000001,,,Pública,Pública,9.375,9.375,,7.52,7.51,,9.67,7.75,,,,,8.3,10.0,,9.0,7.0,,Topázio,Topázio,,,2.0,2.0,,Cursando,,ALFA K - G0/G1,ALFA L - G2/G3
RA-935,Aluno-935,Masculino,2023,,,,,-1.0,-1.0,,,,EE Jardim Campestre,,ALFA,ALFA,,Fase 1 (3° e 4° ano),Fase 1 (3° e 4° ano),,0.0,9.502,,5.0,5.0,,9.4,8.5,,9.0,10.0,,9.8,10.0,,7.9535,8.3422,,,Pública,Pública,9.375,8.75,,7.52,7.51,,9.67,7.83,,,,,9.2,10.0,,9.5,7.0,,Ametista,Topázio,,,2.0,2.0,,Cursando,,ALFA K - G0/G1,ALFA O - G2/G3
RA-936,Aluno-936,Feminino,2023,,,,,0.0,,,,,,,ALFA,,,ALFA (1° e 2° ano),,,9.0,,,10.0,,,6.5,,,,,,10.0,,,8.5477,,,,Pública,,8.125,,,7.52,,,8.915,,,,,,5.0,,,8.0,,,Topázio,,,,2.0,,,,,ALFA K - G0/G1,
RA-937,Aluno-937,Feminino,2023,,,,,0.0,-1.0,,,,EE Helio Luiz Dobrochinski Prof,,ALFA,ALFA,,ALFA (1° e 2° ano),Fase 1 (3° e 4° ano),,9.5,10.002,,10.0,5.0,,9.2,7.5,,,9.0,,9.6,10.0,,9.3237,8.3792,,,Pública,Pública,9.375,8.75,,7.52,9.38,,9.67,7.83,,,,,9.0,8.0,,9.3,7.0,,Topázio,Topázio,,,2.0,2.0,,Cursando,,ALFA K - G0/G1,ALFA O - G2/G3
RA-938,Aluno-938,Masculino,2023,,,,,-1.0,-1.0,,,,EM Amanda Consuelo da Cunha,,ALFA,ALFA,,Fase 1 (3° e 4° ano),Fase 1 (3° e 4° ano),,8.5,9.502,,5.0,5.0,,4.2,7.75,,,10.0,,8.4,9.544513457499999,,6.7372,8.0056026915,,,Pública,Pública,6.25,8.125,,7.52,7.51,,7.5,7.665,,,,,0.0,10.0,,8.3,5.5,,Ágata,Topázio,,,2.0,2.0,,Cursando,,ALFA K - G0/G1,ALFA L - G2/G3
RA-939,Aluno-939,Feminino,2023,,,,,-2.0,-1.0,,,,EE Donizetti Aparecido Leite Professor,,ALFA,1N,,Fase 2 (5° e 6° ano),Fase 2 (5° e 6° ano),,9.0,9.002,,5.0,5.0,,5.4,5.0,,,12.0,,10.0,8.8833992095,,7.9742,7.051379841899999,,,Pública,Pública,7.5,8.125,,7.52,5.63,,10.01,7.495,,,,,5.0,6.0,,5.7,4.0,,Ametista,Ametista,,,2.0,2.0,,Cursando,,ALFA L - G2/G3,1N
RA-94,Aluno-94,Feminino,2018,5.0,7.0,4.0,0.0,-1.0,,Destaque: As suas boas notas na Passos Mágicos.,Destaque: A sua boa entrega das lições de casa.,Destaque: A sua boa integração aos Princípios Passos Mágicos.,,5,FASE 5,,Fase 5 (1º EM),Fase 6 (2° EM),,8.3,7.5,,10.0,5.0,,7.7,7.2,,15.0,,,9.6,9.6,,8.921,7.289333333,,False,Rede Decisão,Privada - Programa de Apadrinhamento,,8.75,,8.1,2.52,,9.583,7.795,,9.5,9.0,,7.0,7.7,,6.7,4.8,,Topázio,Ametista,,True,4.0,4.0,,Sem limitações,,L,5L,
RA-94,Aluno-94,Feminino,2021,,,,,,0.0,,,,Colégio Arco Íris Evolução,,,6L,,,Fase 6 (2° EM),,,10.002,,,10.0,,,8.0,,,17.0,,,9.666666666666666,,,8.637033333333335,,,,Privada - Programa de Apadrinhamento,,8.375,,,6.26,,,8.2,,,10.0,,,7.0,,,7.0,,,Topázio,,,,5.0,,Cursando,,,6L
RA-940,Aluno-940,Masculino,2023,,,,,-2.0,,,,,,,ALFA,,,Fase 2 (5° e 6° ano),,,9.0,,,5.0,,,6.3,,,,,,8.4,,,6.6112,,,,Pública,,6.25,,,2.52,,,7.02,,,,,,6.8,,,5.7,,,Ágata,,,,2.0,,,,,ALFA L - G2/G3,
RA-941,Aluno-941,Feminino,2023,,,,,0.0,-1.0,,,,EM Amanda Consuelo da Cunha,,ALFA,ALFA,,ALFA (1° e 2° ano),Fase 1 (3° e 4° ano),,8.0,8.002,,10.0,5.0,,5.0,8.75,,,9.0,,10.0,9.25,,7.6872,7.746700000000001,,,Pública,Pública,5.0,8.125,,7.52,5.01,,8.175,7.665,,,,,5.0,10.0,,5.0,7.5,,Ametista,Ametista,,,2.0,2.0,,Cursando,,ALFA L - G2/G3,ALFA L - G2/G3
RA-942,Aluno-942,Feminino,2023,,,,,-2.0,,,,,,,ALFA,,,Fase 2 (5° e 6° ano),,,9.5,,,5.0,,,7.1,,,10.0,,,8.9,,,6.8547,,,,Pública,,5.625,,,2.52,,,7.0,,,,,,7.3,,,6.8,,,Ágata,,,,2.0,,,,,ALFA L - G2/G3,
RA-943,Aluno-943,Feminino,2023,,,,,0.0,0.0,,,,EM Amanda Consuelo da Cunha,,ALFA,1L,,ALFA (1° e 2° ano),Fase 1 (3° e 4° ano),,9.5,10.002,,10.0,10.0,,8.0,8.0,,,9.0,,9.4,10.0,,8.9172,8.965033333300001,,,Pública,Pública,7.5,8.958333333,,7.52,7.51,,9.925,8.59,,,,,8.0,7.0,,8.0,9.0,,Topázio,Topázio,,,2.0,2.0,,Cursando,,ALFA L - G2/G3,1L
RA-944,Aluno-944,Feminino,2023,,,,,-1.0,-2.0,,,,EM Cecilia Cristina de Oliveira Rodrigues,,ALFA,ALFA,,Fase 1 (3° e 4° ano),Fase 2 (5° e 6° ano),,9.0,9.002,,5.0,5.0,,7.5,9.0,,9.0,10.0,,7.6,7.25,,7.0687,7.8262,,,Pública,Pública,5.625,8.75,,7.52,7.51,,6.67,7.75,,,,,9.2,10.0,,5.8,8.0,,Ametista,Ametista,,,2.0,2.0,,Cursando,,ALFA M - G0/G1,ALFA L - G2/G3
RA-945,Aluno-945,Masculino,2023,,,,,0.0,-1.0,,,,EM Cecilia Cristina de Oliveira Rodrigues,,ALFA,ALFA,,ALFA (1° e 2° ano),Fase 1 (3° e 4° ano),,8.5,9.002,,10.0,5.0,,7.9,8.75,,,9.0,,9.2,9.511904762,,8.0777,7.4195809524000005,,,Pública,Pública,6.875,7.5,,7.52,2.51,,6.84,6.83,,,,,8.0,10.0,,7.8,7.5,,Topázio,Ametista,,,2.0,2.0,,Cursando,,ALFA M - G0/G1,ALFA N - G2/G3
RA-946,Aluno-946,Masculino,2023,,,,,0.0,-1.0,,,,EE Helio Luiz Dobrochinski Prof,,ALFA,ALFA,,ALFA (1° e 2° ano),Fase 1 (3° e 4° ano),,9.5,9.502,,10.0,5.0,,9.3,4.5,,,8.0,,9.4,8.7976190475,,8.5822,6.677723809500001,,,Pública,Pública,7.5,7.5,,7.52,2.51,,7.0,7.835,,,,,9.0,3.0,,9.5,6.0,,Topázio,Ágata,,,2.0,2.0,,Cursando,,ALFA M - G0/G1,ALFA N - G2/G3
RA-947,Aluno-947,Masculino,2023,,,,,0.0,-1.0,,,,EE Helio Luiz Dobrochinski Prof,,ALFA,ALFA,,ALFA (1° e 2° ano),Fase 1 (3° e 4° ano),,9.0,9.002,,10.0,5.0,,3.3,4.5,,,9.0,,7.9,7.619047619,,6.3457,6.053509523800001,,,Pública,Pública,4.375,5.625,,7.52,7.51,,5.08,4.58,,,,,1.7,4.0,,4.9,5.0,,Ágata,Ágata,,,2.0,2.0,,Cursando,,ALFA M - G0/G1,ALFA M - G0/G1
RA-948,Aluno-948,Feminino,2023,,,,,0.0,,,,,,,ALFA,,,ALFA (1° e 2° ano),,,9.0,,,10.0,,,0.0,,,8.0,,,7.6,,,6.5277,,,,Pública,,6.875,,,7.52,,,8.34,,,,,,0.0,,,0.0,,,Ágata,,,,2.0,,,,,ALFA M - G0/G1,
RA-949,Aluno-949,Feminino,2023,,,,,0.0,-1.0,,,,EE Luiz Schunck,,ALFA,ALFA,,ALFA (1° e 2° ano),Fase 1 (3° e 4° ano),,9.5,9.002,,10.0,5.0,,8.9,6.5,,,9.0,,8.1,8.7857142855,,8.0172,7.1323428571,,,Pública,Pública,6.25,6.25,,7.52,7.51,,6.5,6.495,,,,,9.1,6.0,,8.6,7.0,,Topázio,Ametista,,,2.0,2.0,,Cursando,,ALFA M - G0/G1,ALFA N - G2/G3
RA-95,Aluno-95,Feminino,2022,41.0,685.0,9.0,-2.0,,,Melhorar: Empenhar-se mais nas aulas e avaliações.,Melhorar: Melhorar a sua entrega de lições de casa.,Melhorar: Integrar-se mais aos Princípios Passos Mágicos.,,5,,,Fase 7 (3º EM),,,8.3,,,5.0,,,4.8,,,17.0,,,6.6,,,6.308,,,False,Escola Pública,,,,,7.5,,,6.292,,,0.5,,,6.0,,,8.0,,,Ágata,,,False,4.0,,,Sem limitações,,L,,
RA-950,Aluno-950,Feminino,2023,,,,,0.0,-1.0,,,,EE Helio Luiz Dobrochinski Prof,,ALFA,ALFA,,ALFA (1° e 2° ano),Fase 1 (3° e 4° ano),,9.0,9.502,,10.0,5.0,,9.3,7.0,,8.0,9.0,,10.0,9.023809524,,8.8862,7.693461904800001,,,Pública,Pública,7.5,6.875,,7.52,7.51,,8.17,8.0,,,,,9.5,7.5,,9.0,6.5,,Topázio,Ametista,,,2.0,2.0,,Cursando,,ALFA M - G0/G1,ALFA N - G2/G3
RA-951,Aluno-951,Feminino,2023,,,,,0.0,-1.0,,,,João Friaza Colégio,,ALFA,ALFA,,ALFA (1° e 2° ano),Fase 1 (3° e 4° ano),,9.5,10.002,,10.0,5.0,,8.4,4.0,,7.0,8.0,,9.7,9.0357142855,,8.8902,6.4483428571,,,Pública,Privada,7.5,6.25,,7.52,2.51,,9.09,7.325,,,,,8.5,5.0,,8.3,3.0,,Topázio,Ágata,,,2.0,2.0,,Cursando,,ALFA M - G0/G1,ALFA N - G2/G3
RA-952,Aluno-952,Masculino,2023,,,,,0.0,0.0,,,,EE Helio Luiz Dobrochinski Prof,,ALFA,1N,,ALFA (1° e 2° ano),Fase 1 (3° e 4° ano),,9.5,9.502,,10.0,10.0,,9.0,8.5,,8.0,9.0,,9.2,9.545454545,,8.37095,8.853624242300002,,,Pública,Pública,7.1875,8.333333333,,3.77,6.26,,8.425,9.175,,,,,8.8,8.0,,9.2,9.0,,Topázio,Topázio,,,2.0,2.0,,Cursando,,ALFA N - G2/G3,1N
RA-953,Aluno-953,Feminino,2023,,,,,0.0,0.0,,,,EE Helio Luiz Dobrochinski Prof,,ALFA,1N,,ALFA (1° e 2° ano),Fase 1 (3° e 4° ano),,7.4,9.002,,10.0,10.0,,8.3,8.5,,,9.0,,8.8,6.85770751,,7.54005,7.961241502000001,,,Pública,Pública,6.5625,8.125,,3.14,6.26,,7.09,7.755,,,,,8.5,8.0,,8.0,9.0,,Ametista,Ametista,,,2.0,2.0,,Cursando,,ALFA N - G2/G3,1N
RA-954,Aluno-954,Feminino,2023,,,,,0.0,0.0,,,,EM Cecilia Cristina de Oliveira Rodrigues,,ALFA,1N,,ALFA (1° e 2° ano),Fase 1 (3° e 4° ano),,0.0,9.502,,10.0,10.0,,7.7,7.75,,8.0,9.0,,8.3,8.8833992095,,6.82375,8.2823798419,,,Pública,Pública,7.1875,8.125,,3.14,6.26,,8.005,7.835,,,,,7.8,6.5,,7.5,9.0,,Ágata,Topázio,,,2.0,2.0,,Cursando,,ALFA N - G2/G3,1N
RA-955,Aluno-955,Feminino,2023,,,,,-2.0,-1.0,,,,EE Maria André Schunck Dona,,ALFA,1K,,Fase 2 (5° e 6° ano),Fase 2 (5° e 6° ano),,9.0,0.0,,5.0,5.0,,7.8,5.75,,10.0,11.0,,8.8,6.904761905,,7.1297,6.245452381,,,Pública,Pública,6.875,8.125,,3.14,7.51,,7.09,8.255,,,,,8.0,6.5,,7.5,5.0,,Ametista,Ágata,,,2.0,2.0,,Cursando,,ALFA N - G2/G3,1K
RA-956,Aluno-956,Masculino,2023,,,,,-2.0,-1.0,,,,Estuda em outra cidade,,ALFA,1N,,Fase 2 (5° e 6° ano),Fase 2 (5° e 6° ano),,8.0,9.502,,5.0,5.0,,7.8,3.25,,11.0,12.0,,7.5,6.017786561,,7.7312,6.1175906455,,,Pública,Pública,7.5,7.083333333,,7.52,6.885,,9.345,7.085,,,,,7.8,6.5,,7.8,0.0,,Ametista,Ágata,,,2.0,2.0,,Cursando,,ALFA O - G2/G3,1N
RA-957,Aluno-957,Feminino,2023,,,,,0.0,,,,,,,ALFA,,,ALFA (1° e 2° ano),,,10.0,,,10.0,,,9.1,,,,,,9.3,,,9.1672,,,,Pública,,7.5,,,7.52,,,9.925,,,,,,9.0,,,9.2,,,Topázio,,,,2.0,,,,,ALFA O - G2/G3,
RA-958,Aluno-958,Feminino,2023,,,,,0.0,0.0,,,,EE Jardim Campestre,,ALFA,1M,,ALFA (1° e 2° ano),Fase 1 (3° e 4° ano),,10.0,10.002,,10.0,10.0,,9.3,10.0,,,9.0,,9.8,10.0,,9.2902,9.531325,,,Pública,Pública,7.5,9.53125,,7.52,6.26,,9.84,9.76,,,,,9.3,10.0,,9.3,10.0,,Topázio,Topázio,,,2.0,2.0,,Cursando,,ALFA O - G2/G3,1M
RA-959,Aluno-959,Masculino,2023,,,,,0.0,-1.0,,,,EE Jardim Campestre,,ALFA,ALFA,,ALFA (1° e 2° ano),Fase 1 (3° e 4° ano),,10.0,10.002,,10.0,5.0,,7.7,9.5,,8.0,9.0,,9.6,9.7368421055,,8.6677,8.379818421100001,,,Pública,Pública,6.875,7.8125,,7.52,7.51,,8.84,7.5,,,,,7.7,10.0,,7.7,9.0,,Topázio,Topázio,,,2.0,2.0,,Cursando,,ALFA O - G2/G3,ALFA O - G2/G3
RA-96,Aluno-96,Masculino,2021,19.0,295.0,5.0,-1.0,-1.0,0.0,Melhorar: Empenhar-se mais nas aulas e avaliações.,Destaque: A sua boa entrega das lições de casa.,Destaque: A sua boa integração aos Princípios Passos Mágicos.,Concluiu o 3º EM,5,FASE 6,8F,Fase 6 (2º EM),Fase 7 (3° EM),Fase 8 (Universitários),9.2,9.6,,5.0,5.0,10.0,6.7,6.4,,16.0,17.0,18.0,7.8,8.9,0.0,7.54,7.610791667,,True,Escola Pública,Privada - Programa de Apadrinhamento,Concluiu o 3º EM,7.65625,,6.9,7.52,,8.5,7.84,,8.0,7.7,,5.7,6.8,,6.5,4.8,,Ametista,Ametista,,True,4.0,4.0,0.0,Sem limitações,Cursando,L,6L,8F
RA-960,Aluno-960,Masculino,2023,,,,,-2.0,-1.0,,,,EM Cecilia Cristina de Oliveira Rodrigues,,ALFA,1K,,Fase 2 (5° e 6° ano),Fase 2 (5° e 6° ano),,8.5,0.0,,5.0,5.0,,6.3,3.0,,10.0,11.0,,10.0,8.095238095,,7.0847,5.286047619,,,Pública,Pública,5.625,7.5,,7.52,7.51,,5.85,5.33,,,,,6.5,6.0,,6.0,0.0,,Ametista,Quartzo,,,2.0,2.0,,Cursando,,ALFA O - G2/G3,1K
RA-961,Aluno-961,Masculino,2023,,,,,-1.0,-1.0,,,,EM Alfredo Schunk,,ALFA,1M,,Fase 1 (3° e 4° ano),Fase 2 (5° e 6° ano),,0.0,9.002,,5.0,5.0,,6.2,5.5,,9.0,10.0,,8.7,8.8923395445,,5.99625,6.529417908900001,,,Pública,Pública,5.3125,5.9375,,2.52,6.26,,8.665,5.155,,,,,6.2,6.0,,6.2,5.0,,Quartzo,Ágata,,,2.0,2.0,,Cursando,,ALFA O - G2/G3,1M
RA-962,Aluno-962,Feminino,2023,,,,,-1.0,,,,,,,ALFA,,,Fase 1 (3° e 4° ano),,,9.0,,,5.0,,,8.7,,,,,,9.2,,,8.4742,,,,Pública,,7.5,,,7.52,,,10.01,,,,,,9.5,,,7.8,,,Topázio,,,,2.0,,,,,ALFA Q - G2/G3,
RA-963,Aluno-963,Feminino,2023,,,,,-1.0,0.0,,,,EE Helio Luiz Dobrochinski Prof,,ALFA,1R,,Fase 1 (3° e 4° ano),Fase 1 (3° e 4° ano),,9.5,7.502,,5.0,10.0,,8.5,7.5,,,10.0,,9.8,9.761904762,,8.6142,8.375080952400001,,,Pública,Pública,7.5,8.125,,7.52,7.51,,10.01,8.045,,,,,8.3,5.0,,8.7,10.0,,Topázio,Topázio,,,2.0,4.0,,Cursando,,ALFA Q - G2/G3,1R
RA-964,Aluno-964,Masculino,2023,,,,,-1.0,-1.0,,,,EM Juvenal Coutinho,,ALFA,1R,,Fase 1 (3° e 4° ano),Fase 2 (5° e 6° ano),,8.5,9.502,,5.0,5.0,,7.2,7.25,,9.0,10.0,,9.4,8.333333332999999,,7.7997,7.548241666600001,,,Pública,Pública,6.875,7.96875,,7.52,7.51,,8.5,7.1675,,,,,7.3,7.5,,7.0,7.0,,Ametista,Ametista,,,2.0,4.0,,Cursando,,ALFA Q - G2/G3,1R
RA-965,Aluno-965,Feminino,2023,,,,,-1.0,-2.0,,,,EE Luiz Schunck,,ALFA,ALFA,,Fase 1 (3° e 4° ano),Fase 2 (5° e 6° ano),,8.5,9.002,,5.0,5.0,,4.7,2.25,,9.0,10.0,,8.2,6.4772727275,,6.4832,6.1376545455,,,Pública,Pública,5.0,8.75,,6.27,7.51,,7.18,6.83,,,,,5.3,2.0,,4.0,2.5,,Ágata,Ágata,,,2.0,2.0,,Cursando,,ALFA Q - G2/G3,ALFA Q - G2/G3
RA-966,Aluno-966,Masculino,2023,,,,,-1.0,-2.0,,,,EE Helio Luiz Dobrochinski Prof,,ALFA,ALFA,,Fase 1 (3° e 4° ano),Fase 2 (5° e 6° ano),,10.0,9.502,,5.0,5.0,,5.0,9.0,,,10.0,,10.0,8.568181818,,7.44345,7.9943363636,,,Pública,Pública,6.5625,8.125,,7.52,7.51,,7.675,7.335,,,,,5.0,9.5,,5.0,8.5,,Ametista,Ametista,,,2.0,2.0,,Cursando,,ALFA Q - G2/G3,ALFA Q - G2/G3
RA-967,Aluno-967,Masculino,2023,,,,,-2.0,-1.0,,,,EE Luiz Schunck,,ALFA,1R,,Fase 2 (5° e 6° ano),Fase 2 (5° e 6° ano),,9.5,9.502,,5.0,5.0,,6.5,4.75,,,11.0,,8.0,3.5714285715,,7.1347,5.442610714300001,,,Pública,Pública,5.625,5.78125,,7.52,7.51,,7.35,4.995,,,,,6.5,3.5,,6.5,6.0,,Ametista,Quartzo,,,2.0,4.0,,Cursando,,ALFA Q - G2/G3,1R
RA-968,Aluno-968,Feminino,2023,,,,,-1.0,-1.0,,,,EE Luiz Schunck,,ALFA,1R,,Fase 1 (3° e 4° ano),Fase 2 (5° e 6° ano),,9.0,9.002,,5.0,5.0,,8.3,7.75,,,10.0,,9.7,8.8095238095,,8.4942,7.8403547619000005,,,Pública,Pública,7.5,8.4375,,7.52,7.51,,10.01,7.6675,,,,,8.0,8.5,,8.5,7.0,,Topázio,Ametista,,,2.0,4.0,,Cursando,,ALFA Q - G2/G3,1R
RA-969,Aluno-969,Masculino,2023,,,,,0.0,-1.0,,,,EE Helio Luiz Dobrochinski Prof,,ALFA,ALFA,,ALFA (1° e 2° ano),Fase 1 (3° e 4° ano),,8.5,9.002,,10.0,5.0,,5.5,7.25,,8.0,9.0,,9.7,7.8636363634999995,,7.7692,7.453427272700001,,,Pública,Pública,6.25,8.125,,7.52,7.51,,7.51,7.335,,,,,6.0,9.0,,5.0,5.5,,Ametista,Ametista,,,2.0,2.0,,Cursando,,ALFA Q - G2/G3,ALFA Q - G2/G3
RA-97,Aluno-97,Feminino,2017,22.0,328.0,6.0,0.0,,,Melhorar: Empenhar-se mais nas aulas e avaliações.,Destaque: A sua boa entrega das lições de casa.,Melhorar: Integrar-se mais aos Princípios Passos Mágicos.,,5,,,Fase 5 (1º EM),,,7.5,,,10.0,,,6.9,,,15.0,,,8.8,,,7.468,,,False,Rede Decisão,,,,,5.0,,,6.292,,,8.8,,,5.3,,,6.7,,,Ametista,,,False,4.0,,,Não indicado,,L,,
RA-970,Aluno-970,Feminino,2023,,,,,0.0,,,,,,,ALFA,,,ALFA (1° e 2° ano),,,8.5,,,10.0,,,9.4,,,,,,8.1,,,8.9977,,,,Pública,,9.375,,,7.52,,,9.84,,,,,,9.2,,,9.5,,,Topázio,,,,2.0,,,,,ALFA R - G0/G1,
RA-971,Aluno-971,Masculino,2023,,,,,0.0,-1.0,,,,EE Luiz Schunck,,ALFA,ALFA,,ALFA (1° e 2° ano),Fase 1 (3° e 4° ano),,7.8,7.418,,10.0,5.0,,6.9,6.75,,,9.0,,6.4,7.909090909,,7.0169,6.8916181818,,,Pública,Pública,5.625,7.5,,3.77,7.51,,8.17,6.085,,,,,5.5,8.5,,8.3,5.0,,Ametista,Ágata,,,2.0,2.0,,Cursando,,ALFA R - G0/G1,ALFA Q - G2/G3
RA-972,Aluno-972,Masculino,2023,,,,,0.0,-1.0,,,,EM Etelvina Delfim Simões,,ALFA,ALFA,,ALFA (1° e 2° ano),Fase 1 (3° e 4° ano),,9.0,9.502,,10.0,5.0,,6.0,6.75,,8.0,9.0,,9.1,8.3863636365,,7.5427,7.537472727300001,,,Pública,Pública,6.875,8.75,,3.77,7.51,,7.84,7.17,,,,,6.2,8.0,,5.7,5.5,,Ametista,Ametista,,,2.0,2.0,,Cursando,,ALFA R - G0/G1,ALFA Q - G2/G3
RA-973,Aluno-973,Masculino,2023,,,,,-1.0,-2.0,,,,EM Cecilia Cristina de Oliveira Rodrigues,,ALFA,ALFA,,Fase 1 (3° e 4° ano),Fase 2 (5° e 6° ano),,0.0,10.002,,5.0,5.0,,5.2,3.75,,,10.0,,8.6,9.318181818,,5.82875,6.9318363636,,,Pública,Pública,7.1875,7.5,,3.77,7.51,,7.415,6.585,,,,,6.2,6.5,,4.1,1.0,,Quartzo,Ágata,,,2.0,2.0,,Cursando,,ALFA R - G0/G1,ALFA Q - G2/G3
RA-974,Aluno-974,Masculino,2023,,,,,0.0,-1.0,,,,EE Helio Luiz Dobrochinski Prof,,ALFA,ALFA,,ALFA (1° e 2° ano),Fase 1 (3° e 4° ano),,9.0,9.502,,10.0,5.0,,8.8,6.5,,,8.0,,9.1,9.282608695499999,,8.4752,7.6077217391,,,Pública,Pública,7.5,7.5,,3.77,7.51,,9.34,7.5,,,,,8.8,6.0,,8.8,7.0,,Topázio,Ametista,,,2.0,2.0,,Cursando,,ALFA R - G0/G1,ALFA S - G2/G3
RA-975,Aluno-975,Feminino,2023,,,,,0.0,-1.0,,,,EE Luiz Schunck,,ALFA,ALFA,,ALFA (1° e 2° ano),Fase 1 (3° e 4° ano),,7.9,8.502,,10.0,5.0,,6.5,8.0,,,8.0,,9.2,7.708333333500001,,7.7803,7.1463666667000005,,,Pública,Pública,5.625,6.875,,7.52,5.01,,7.67,7.33,,,,,7.2,8.0,,5.8,8.0,,Ametista,Ametista,,,2.0,2.0,,Cursando,,ALFA R - G0/G1,ALFA R - G0/G1
RA-976,Aluno-976,Masculino,2023,,,,,0.0,,,,,,,ALFA,,,ALFA (1° e 2° ano),,,9.5,,,10.0,,,8.6,,,,,,9.2,,,8.39895,,,,Pública,,5.9375,,,6.27,,,8.34,,,,,,9.0,,,8.2,,,Topázio,,,,2.0,,,,,ALFA R - G0/G1,
RA-977,Aluno-977,Feminino,2023,,,,,0.0,-1.0,,,,EE Luiz Schunck,,ALFA,ALFA,,ALFA (1° e 2° ano),Fase 1 (3° e 4° ano),,8.5,10.002,,10.0,5.0,,5.8,7.0,,7.0,8.0,,7.4,7.291666666499999,,7.1717,7.188033333300001,,,Pública,Pública,5.625,6.875,,5.02,6.26,,8.085,7.58,,,,,5.7,5.0,,5.9,9.0,,Ametista,Ametista,,,2.0,2.0,,Cursando,,ALFA R - G0/G1,ALFA R - G0/G1
RA-978,Aluno-978,Feminino,2023,,,,,0.0,-1.0,,,,EE Luiz Schunck,,ALFA,ALFA,,ALFA (1° e 2° ano),Fase 1 (3° e 4° ano),,9.0,9.502,,10.0,5.0,,8.6,6.5,,,8.0,,9.8,9.5,,8.3877,7.4637,,,Pública,Pública,5.625,6.875,,3.77,6.26,,9.34,7.5,,,,,8.7,6.0,,8.5,7.0,,Topázio,Ametista,,,2.0,2.0,,Cursando,,ALFA R - G0/G1,ALFA S - G2/G3
RA-979,Aluno-979,Masculino,2023,,,,,0.0,-1.0,,,,EM Etelvina Delfim Simões,,ALFA,ALFA,,ALFA (1° e 2° ano),Fase 1 (3° e 4° ano),,9.5,9.502,,10.0,5.0,,6.0,8.25,,8.0,9.0,,9.6,9.5227272725,,8.1617,8.0352454545,,,Pública,Pública,5.625,8.125,,6.27,7.51,,9.51,7.335,,,,,6.0,9.5,,6.0,7.0,,Topázio,Topázio,,,2.0,2.0,,Cursando,,ALFA S - G2/G3,ALFA Q - G2/G3
RA-98,Aluno-98,Feminino,2017,2.0,2.0,2.0,0.0,2.0,,Destaque: As suas boas notas na Passos Mágicos.,Destaque: A sua boa entrega das lições de casa.,Destaque: A sua boa integração aos Princípios Passos Mágicos.,,5,FASE 7,,Fase 5 (1º EM),Fase 5 (1° EM),,8.8,7.9,,10.0,10.0,,8.5,,,15.0,15.0,,10.0,,,9.354,,,False,Rede Decisão,Privada *Parcerias com Bolsa 100%,,,,9.4,2.52,,9.667,,,8.9,,,8.4,,,8.2,,,Topázio,,,True,4.0,,,Sem limitações,,L,7E,
RA-98,Aluno-98,Feminino,2021,,,,,,1.0,,,,FIAP School - SP,,,7E,,,Fase 6 (2° EM),,,9.585,,,10.0,,,8.9,,,16.0,,,9.546,,,8.617450000000002,,,,Privada *Parcerias com Bolsa 100%,,7.5,,,7.1975,,,7.5,,,8.6,,,9.2,,,8.9,,,Topázio,,,,0.0,,Cursando,,,7E
RA-980,Aluno-980,Feminino,2023,,,,,0.0,0.0,,,,EE Luiz Schunck,,ALFA,1P,,ALFA (1° e 2° ano),Fase 1 (3° e 4° ano),,0.0,9.002,,10.0,10.0,,6.3,6.25,,8.0,9.0,,9.8,9.058441558,,7.1425,7.946388311600001,,,Pública,Pública,5.625,7.5,,5.02,7.51,,9.34,7.4175,,,,,6.5,6.5,,6.0,6.0,,Ametista,Ametista,,,2.0,4.0,,Cursando,,ALFA S - G2/G3,1P
RA-981,Aluno-981,Feminino,2023,,,,,0.0,-1.0,,,,EE Helio Luiz Dobrochinski Prof,,ALFA,ALFA,,ALFA (1° e 2° ano),Fase 1 (3° e 4° ano),,9.5,9.002,,10.0,5.0,,5.8,6.0,,7.0,8.0,,9.1,7.010869565,,7.5367,6.6513739130000005,,,Pública,Pública,5.625,6.25,,2.52,6.26,,9.01,6.99,,,,,5.7,6.0,,5.8,6.0,,Ametista,Ágata,,,2.0,2.0,,Cursando,,ALFA S - G2/G3,ALFA S - G2/G3
RA-982,Aluno-982,Masculino,2023,,,,,0.0,0.0,,,,EE Luiz Schunck,,ALFA,1P,,ALFA (1° e 2° ano),Fase 1 (3° e 4° ano),,0.0,10.002,,10.0,10.0,,8.6,8.25,,7.0,8.0,,9.1,8.365800865499999,,7.1215,8.119860173100001,,,Pública,Pública,5.625,6.875,,2.52,7.51,,8.835,6.79,,,,,8.7,6.5,,8.5,10.0,,Ametista,Topázio,,,2.0,4.0,,Cursando,,ALFA S - G2/G3,1P
RA-983,Aluno-983,Masculino,2023,,,,,0.0,,,,,,,ALFA,,,ALFA (1° e 2° ano),,,8.5,,,10.0,,,8.8,,,8.0,,,9.9,,,8.3502,,,,Pública,,6.25,,,2.52,,,9.415,,,,,,8.8,,,8.8,,,Topázio,,,,2.0,,,,,ALFA S - G2/G3,
RA-984,Aluno-984,Feminino,2023,,,,,0.0,0.0,,,,EE Luiz Schunck,,ALFA,1R,,ALFA (1° e 2° ano),Fase 1 (3° e 4° ano),,8.0,9.502,,10.0,10.0,,8.3,7.0,,8.0,9.0,,9.8,9.761904762,,8.8177,8.475080952400003,,,Pública,Pública,6.875,8.125,,7.52,7.51,,9.84,8.045,,,,,8.3,7.5,,8.2,6.5,,Topázio,Topázio,,,2.0,4.0,,Cursando,,ALFA S - G2/G3,1R
RA-985,Aluno-985,Masculino,2023,,,,,0.0,0.0,,,,EE Helio Luiz Dobrochinski Prof,,ALFA,1P,,ALFA (1° e 2° ano),Fase 1 (3° e 4° ano),,9.0,8.502,,10.0,10.0,,6.8,7.5,,8.0,9.0,,9.3,10.0,,7.6247,8.2432,,,Pública,Pública,5.625,7.5,,2.52,6.26,,8.5,7.585,,,,,7.3,8.0,,6.2,7.0,,Ametista,Topázio,,,2.0,4.0,,Cursando,,ALFA S - G2/G3,1P
RA-986,Aluno-986,Feminino,2023,,,,,0.0,0.0,,,,EE Luiz Schunck,,ALFA,1P,,ALFA (1° e 2° ano),Fase 1 (3° e 4° ano),,9.5,10.002,,10.0,10.0,,8.3,8.5,,8.0,9.0,,9.1,9.2965367965,,8.0107,8.2603406926,,,Pública,Pública,5.625,7.083333333,,2.52,6.26,,8.83,6.8325,,,,,8.3,7.5,,8.3,9.5,,Topázio,Topázio,,,2.0,4.0,,Cursando,,ALFA S - G2/G3,1P
RA-987,Aluno-987,Masculino,2023,,,,,0.0,0.0,,,,EE Luiz Schunck,,ALFA,1P,,ALFA (1° e 2° ano),Fase 1 (3° e 4° ano),,0.0,9.002,,10.0,10.0,,7.3,7.5,,8.0,9.0,,9.8,9.0692640695,,7.6765,8.3028861472,,,Pública,Pública,6.875,7.708333333,,6.27,7.51,,9.76,7.835,,,,,7.5,8.0,,7.0,7.0,,Ametista,Topázio,,,2.0,4.0,,Cursando,,ALFA S - G2/G3,1P
RA-988,Aluno-988,Feminino,2023,,,,,-1.0,-1.0,,,,EE Helio Luiz Dobrochinski Prof,,ALFA,1P,,Fase 1 (3° e 4° ano),Fase 2 (5° e 6° ano),,7.9,9.502,,5.0,5.0,,8.5,7.75,,,10.0,,8.1,10.0,,7.9568,8.1765333333,,,Pública,Pública,6.25,8.333333333,,7.52,7.51,,9.84,7.96,,,,,8.5,6.5,,8.5,9.0,,Ametista,Topázio,,,2.0,4.0,,Cursando,,ALFA S - G2/G3,1P
RA-989,Aluno-989,Masculino,2023,,,,,-1.0,0.0,,,,EE Luiz Schunck,,ALFA,1R,,Fase 1 (3° e 4° ano),Fase 1 (3° e 4° ano),,9.5,9.502,,5.0,10.0,,8.3,6.0,,9.0,10.0,,8.1,7.8571428569999995,,7.7242,7.3743785714,,,Pública,Pública,7.5,7.1875,,2.52,6.26,,10.01,6.54,,,,,8.7,6.0,,7.8,6.0,,Ametista,Ametista,,,2.0,4.0,,Cursando,,ALFA S - G2/G3,1R
RA-99,Aluno-99,Masculino,2019,44.0,701.0,10.0,-1.0,-1.0,,Melhorar: Empenhar-se mais nas aulas e avaliações.,Melhorar: Melhorar a sua entrega de lições de casa.,Melhorar: Integrar-se mais aos Princípios Passos Mágicos.,,5,FASE 6,,Fase 6 (2º EM),Fase 7 (3° EM),,8.8,7.9,,5.0,5.0,,5.0,4.5,,16.0,17.0,,6.3,8.3,,6.158,6.68045,,False,Escola Pública,Pública,,7.8125,,7.5,5.63,,5.833,7.4225,,5.8,4.8,,5.7,4.7,,3.4,4.0,,Ágata,Ágata,,False,4.0,4.0,,Não atendido,,L,6L,
RA-990,Aluno-990,Masculino,2023,,,,,-1.0,-1.0,,,,EE Chácara Florida II,,ALFA,1A,,Fase 1 (3° e 4° ano),Fase 2 (5° e 6° ano),,0.0,9.502,,5.0,5.0,,7.8,8.0,,,10.0,,8.5,7.5,,7.254,7.812283333400001,,,Pública,Pública,7.5,8.4375,,7.52,7.51,,10.01,8.336666667,,,,,8.3,9.5,,7.2,6.5,,Ametista,Ametista,,,2.0,3.0,,Cursando,,ALFA T - G2/G3,1A
RA-991,Aluno-991,Feminino,2023,,,,,-1.0,-1.0,,,,EM Etelvina Delfim Simões,,ALFA,1A,,Fase 1 (3° e 4° ano),Fase 2 (5° e 6° ano),,10.0,9.002,,5.0,5.0,,7.7,6.5,,9.0,10.0,,9.1,8.181818182,,7.7687,7.057230303000001,,,Pública,Pública,6.875,7.5,,3.14,6.26,,9.585,6.723333333,,,,,8.0,7.0,,7.3,6.0,,Ametista,Ametista,,,2.0,3.0,,Cursando,,ALFA T - G2/G3,1A
RA-992,Aluno-992,Masculino,2023,,,,,-2.0,,,,,,,ALFA,,,Fase 2 (5° e 6° ano),,,9.5,,,5.0,,,8.0,,,10.0,,,8.2,,,7.2722,,,,Pública,,5.0,,,3.14,,,8.84,,,,,,8.2,,,7.8,,,Ametista,,,,2.0,,,,,ALFA T - G2/G3,
RA-993,Aluno-993,Feminino,2023,,,,,0.0,,,,,,,ALFA,,,ALFA (1° e 2° ano),,,9.5,,,10.0,,,8.6,,,8.0,,,9.8,,,8.7592,,,,Pública,,7.5,,,3.77,,,10.01,,,,,,8.5,,,8.7,,,Topázio,,,,2.0,,,,,ALFA T - G2/G3,
RA-994,Aluno-994,Feminino,2023,,,,,0.0,-1.0,,,,EE Levi Pereira Martins Professor,,ALFA,ALFA,,ALFA (1° e 2° ano),Fase 1 (3° e 4° ano),,9.5,9.002,,10.0,5.0,,6.0,8.25,,8.0,9.0,,9.4,9.532608695499999,,7.4127,7.7982217391,,,Pública,Pública,5.625,6.875,,3.77,6.88,,7.265,7.33,,,,,6.2,10.0,,5.7,6.5,,Ametista,Ametista,,,2.0,2.0,,Cursando,,ALFA T - G2/G3,ALFA T - G2/G3
RA-995,Aluno-995,Feminino,2023,,,,,-2.0,-2.0,,,,EE Mario Francisco de Amorim,,ALFA,1E,,Fase 2 (5° e 6° ano),Fase 3 (7° e 8° ano),,9.5,10.002,,5.0,5.0,,5.1,2.0,,,12.0,,7.9,5.3896103895,,6.4782,5.110372077899999,,,Pública,Pública,6.25,7.1875,,3.77,5.635,,7.18,4.25,,,,,5.3,0.0,,4.8,4.0,,Ágata,Quartzo,,,2.0,2.0,,Cursando,,ALFA T - G2/G3,1E
RA-996,Aluno-996,Masculino,2023,,,,,-1.0,,,,,,,ALFA,,,Fase 1 (3° e 4° ano),,,10.0,,,5.0,,,8.6,,,9.0,,,9.2,,,8.1892,,,,Pública,,7.5,,,3.77,,,10.01,,,,,,8.7,,,8.5,,,Topázio,,,,2.0,,,,,ALFA T - G2/G3,
RA-997,Aluno-997,Masculino,2023,,,,,0.0,,,,,,,ALFA,,,ALFA (1° e 2° ano),,,7.5,,,10.0,,,7.1,,,8.0,,,8.7,,,7.5687,,,,Pública,,5.625,,,3.77,,,8.595,,,,,,7.2,,,7.0,,,Ametista,,,,2.0,,,,,ALFA T - G2/G3,
RA-998,Aluno-998,Feminino,2023,,,,,-2.0,,,,,,,ALFA,,,Fase 2 (5° e 6° ano),,,9.5,,,5.0,,,7.9,,,11.0,,,9.3,,,7.9752,,,,Pública,,7.5,,,3.77,,,9.84,,,,,,8.0,,,7.7,,,Ametista,,,,2.0,,,,,ALFA U - G2/G3,
RA-999,Aluno-999,Masculino,2023,,,,,-1.0,,,,,,,ALFA,,,Fase 1 (3° e 4° ano),,,9.0,,,5.0,,,8.3,,,,,,9.4,,,8.0352,,,,Pública,,7.5,,,3.77,,,9.84,,,,,,8.3,,,8.3,,,Topázio,,,,2.0,,,,,ALFA U - G2/G3,
