RA,ANO,NOME,FASE,TURMA,GENERO,IDADE,ANO_INGRESSO,INSTITUICAO_ENSINO,ESCOLA,STATUS_ATIVO,PEDRA,INDE,IAN,IDA,IEG,IAA,IPS,IPP,IPV,FASE_IDEAL,DEFASAGEM,PONTO_VIRADA,INDICADO_BOLSA,NOTA_MAT,NOTA_PORT,NOTA_ING,CG,CF,CT,QTDE_AVAL,REC_PSICO,DESTAQUE_IEG,DESTAQUE_IDA,DESTAQUE_IPV,FASE_IDEAL_NUM,FASE_NUM,IAA_FLAG_ZERO,IEG_FLAG_ZERO,IPS_FLAG_ZERO,IDA_FLAG_ZERO,IPV_FLAG_ZERO,IAN_FLAG_ZERO,INDE_OUTLIER,IAN_OUTLIER,IDA_OUTLIER,IEG_OUTLIER,IAA_OUTLIER,IPS_OUTLIER,IPP_OUTLIER,IPV_OUTLIER
RA-1,2022,Aluno-1,7,A,Feminino,19.0,2016,Escola Pública,,,Quartzo,5.783,5.0,4.0,4.1,8.3,5.6,,7.278,Fase 8 (Universitários),-1,False,True,2.7,3.5,6.0,753.0,18.0,10.0,4.0,Requer avaliação,Melhorar: Melhorar a sua entrega de lições de casa.,Melhorar: Empenhar-se mais nas aulas e avaliações.,Melhorar: Integrar-se mais aos Princípios Passos Mágicos.,8.0,7.0,False,False,False,False,False,False,False,False,False,False,False,False,False,False
RA-2,2022,Aluno-2,7,A,Feminino,17.0,2017,Rede Decisão,,,Ametista,7.055,10.0,6.8,5.2,8.8,6.3,,6.778,Fase 7 (3º EM),0,False,False,6.3,4.5,9.7,469.0,8.0,3.0,4.0,Sem limitações,Melhorar: Melhorar a sua entrega de lições de casa.,Melhorar: Empenhar-se mais nas aulas e avaliações.,Melhorar: Integrar-se mais aos Princípios Passos Mágicos.,7.0,7.0,False,False,False,False,False,False,False,False,False,False,False,False,False,False
RA-3,2022,Aluno-3,7,A,Feminino,17.0,2016,Rede Decisão,,,Ágata,6.591,10.0,5.6,7.9,0.0,5.6,,7.556,Fase 7 (3º EM),0,False,False,5.8,4.0,6.9,629.0,13.0,6.0,4.0,Sem limitações,Destaque: A sua boa entrega das lições de casa.,Melhorar: Empenhar-se mais nas aulas e avaliações.,Destaque: A sua boa integração aos Princípios Passos Mágicos.,7.0,7.0,True,False,False,False,False,False,False,False,False,False,True,False,False,False
RA-4,2022,Aluno-4,7,A,Masculino,17.0,2017,Rede Decisão,,,Quartzo,5.951,10.0,5.0,4.5,8.8,5.6,,5.278,Fase 7 (3º EM),0,False,False,2.8,3.5,8.7,731.0,15.0,7.0,4.0,Requer avaliação,Melhorar: Melhorar a sua entrega de lições de casa.,Melhorar: Empenhar-se mais nas aulas e avaliações.,Melhorar: Integrar-se mais aos Princípios Passos Mágicos.,7.0,7.0,False,False,False,False,False,False,False,False,False,False,False,False,False,False
RA-5,2022,Aluno-5,7,A,Feminino,17.0,2016,Rede Decisão,,,Ametista,7.427,10.0,5.2,8.6,7.9,5.6,,7.389,Fase 7 (3º EM),0,False,False,7.0,2.9,5.7,344.0,6.0,2.0,4.0,Requer avaliação,Destaque: A sua boa entrega das lições de casa.,Melhorar: Empenhar-se mais nas aulas e avaliações.,Melhorar: Integrar-se mais aos Princípios Passos Mágicos.,7.0,7.0,False,False,False,False,False,False,False,False,False,False,False,False,False,False
RA-6,2022,Aluno-6,7,A,Feminino,18.0,2021,Escola Pública,,,Quartzo,5.848,5.0,3.3,4.5,7.9,7.5,,7.222,Fase 8 (Universitários),-1,False,True,2.3,5.3,2.3,745.0,16.0,8.0,4.0,Sem limitações,Melhorar: Melhorar a sua entrega de lições de casa.,Melhorar: Empenhar-se mais nas aulas e avaliações.,Melhorar: Integrar-se mais aos Princípios Passos Mágicos.,8.0,7.0,False,False,False,False,False,False,False,False,False,False,False,False,False,False
RA-7,2022,Aluno-7,7,A,Masculino,18.0,2017,Rede Decisão,,,Ágata,6.818,5.0,7.6,8.4,0.0,7.5,,7.667,Fase 8 (Universitários),-1,False,False,8.2,5.7,9.0,550.0,11.0,5.0,4.0,Sem limitações,Destaque: A sua boa entrega das lições de casa.,Destaque: As suas boas notas na Passos Mágicos.,Destaque: A sua boa integração aos Princípios Passos Mágicos.,8.0,7.0,True,False,False,False,False,False,False,False,False,False,True,False,False,False
RA-8,2022,Aluno-8,7,A,Feminino,20.0,2018,Escola Pública,,,Quartzo,4.786,5.0,1.6,4.6,7.1,6.3,,6.278,Fase 8 (Universitários),-1,False,False,1.2,0.7,2.9,836.0,21.0,13.0,4.0,Requer avaliação,Melhorar: Melhorar a sua entrega de lições de casa.,Melhorar: Empenhar-se mais nas aulas e avaliações.,Melhorar: Integrar-se mais aos Princípios Passos Mágicos.,8.0,7.0,False,False,False,False,False,False,False,False,False,False,False,False,False,False
RA-9,2022,Aluno-9,7,A,Feminino,18.0,2019,Escola Pública,,,Topázio,8.109,5.0,6.7,9.5,8.8,7.5,,9.5,Fase 8 (Universitários),-1,True,True,5.5,6.0,8.7,113.0,1.0,1.0,4.0,Sem limitações,Destaque: A sua boa entrega das lições de casa.,Melhorar: Empenhar-se mais nas aulas e avaliações.,Destaque: A sua boa integração aos Princípios Passos Mágicos.,8.0,7.0,False,False,False,False,False,False,False,False,False,False,False,False,False,False
RA-10,2022,Aluno-10,7,A,Feminino,18.0,2021,Escola Pública,,,Quartzo,5.784,5.0,4.1,5.2,8.3,5.0,,7.056,Fase 8 (Universitários),-1,False,False,3.3,2.6,6.4,752.0,17.0,9.0,4.0,Requer avaliação,Melhorar: Melhorar a sua entrega de lições de casa.,Melhorar: Empenhar-se mais nas aulas e avaliações.,Melhorar: Integrar-se mais aos Princípios Passos Mágicos.,8.0,7.0,False,False,False,False,False,False,False,False,False,False,False,False,False,False
RA-11,2022,Aluno-11,7,A,Feminino,18.0,2016,Escola Pública,,,Quartzo,5.323,5.0,3.0,4.2,9.2,5.0,,6.389,Fase 8 (Universitários),-1,False,False,1.8,2.5,4.5,799.0,19.0,11.0,4.0,Requer avaliação,Melhorar: Melhorar a sua entrega de lições de casa.,Melhorar: Empenhar-se mais nas aulas e avaliações.,Melhorar: Integrar-se mais aos Princípios Passos Mágicos.,8.0,7.0,False,False,False,False,False,False,False,False,False,False,False,False,False,False
RA-12,2022,Aluno-12,7,A,Feminino,17.0,2020,Escola Pública,,,Quartzo,4.832,10.0,1.5,4.0,0.0,6.9,,6.389,Fase 7 (3º EM),0,False,True,2.7,1.1,0.7,834.0,20.0,12.0,4.0,Sem limitações,Melhorar: Melhorar a sua entrega de lições de casa.,Melhorar: Empenhar-se mais nas aulas e avaliações.,Melhorar: Integrar-se mais aos Princípios Passos Mágicos.,7.0,7.0,True,False,False,False,False,False,False,False,False,False,True,False,False,False
RA-13,2022,Aluno-13,7,A,Masculino,18.0,2016,Escola Pública,,,Ágata,6.902,5.0,4.7,7.4,7.9,7.5,,8.056,Fase 8 (Universitários),-1,False,True,3.5,5.5,5.2,524.0,10.0,4.0,4.0,Sem limitações,Melhorar: Melhorar a sua entrega de lições de casa.,Melhorar: Empenhar-se mais nas aulas e avaliações.,Destaque: A sua boa integração aos Princípios Passos Mágicos.,8.0,7.0,False,False,False,False,False,False,False,False,False,False,False,False,False,False
RA-14,2022,Aluno-14,7,D,Masculino,21.0,2022,Escola Pública,,,Ágata,6.793,5.0,4.0,8.3,7.9,7.5,,7.75,Fase 8 (Universitários),-1,False,True,8.0,0.0,,558.0,12.0,7.0,4.0,Não atendido,Destaque: A sua boa entrega das lições de casa.,Melhorar: Empenhar-se mais nas aulas e avaliações.,Destaque: A sua boa integração aos Princípios Passos Mágicos.,8.0,7.0,False,False,False,False,False,False,False,False,False,False,False,False,False,False
RA-15,2022,Aluno-15,7,D,Masculino,18.0,2022,Escola Pública,,,Ametista,7.783,5.0,7.3,10.0,8.8,7.5,,7.292,Fase 8 (Universitários),-1,False,True,8.0,6.5,,207.0,3.0,2.0,4.0,Não atendido,Destaque: A sua boa entrega das lições de casa.,Melhorar: Empenhar-se mais nas aulas e avaliações.,Melhorar: Integrar-se mais aos Princípios Passos Mágicos.,8.0,7.0,False,False,False,False,False,False,False,False,False,False,False,False,False,False
RA-16,2022,Aluno-16,7,D,Masculino,19.0,2022,Escola Pública,,,Ágata,6.112,5.0,3.5,8.3,7.9,5.0,,6.333,Fase 8 (Universitários),-1,False,True,7.0,0.0,,706.0,14.0,8.0,4.0,Requer avaliação,Destaque: A sua boa entrega das lições de casa.,Melhorar: Empenhar-se mais nas aulas e avaliações.,Melhorar: Integrar-se mais aos Princípios Passos Mágicos.,8.0,7.0,False,False,False,False,False,False,False,False,False,False,False,False,False,False
RA-17,2022,Aluno-17,7,D,Masculino,20.0,2022,Escola Pública,,,Topázio,8.068,5.0,7.8,10.0,8.8,7.5,,8.292,Fase 8 (Universitários),-1,False,True,9.0,6.5,,125.0,2.0,1.0,4.0,Não atendido,Destaque: A sua boa entrega das lições de casa.,Destaque: As suas boas notas na Passos Mágicos.,Destaque: A sua boa integração aos Princípios Passos Mágicos.,8.0,7.0,False,False,False,False,False,False,False,False,False,False,False,False,False,False
RA-18,2022,Aluno-18,7,D,Masculino,19.0,2022,Escola Pública,,,Ametista,7.226,5.0,9.0,8.7,6.3,6.3,,6.875,Fase 8 (Universitários),-1,False,True,9.0,9.0,,418.0,7.0,5.0,4.0,Requer avaliação,Destaque: A sua boa entrega das lições de casa.,Destaque: As suas boas notas na Passos Mágicos.,Melhorar: Integrar-se mais aos Princípios Passos Mágicos.,8.0,7.0,False,False,False,False,False,False,False,False,False,False,False,False,False,False
RA-19,2022,Aluno-19,7,D,Feminino,19.0,2022,Escola Pública,,,Ametista,7.665,5.0,8.0,9.5,7.9,7.5,,7.0,Fase 8 (Universitários),-1,False,True,7.0,9.0,,248.0,4.0,3.0,4.0,Sem limitações,Destaque: A sua boa entrega das lições de casa.,Destaque: As suas boas notas na Passos Mágicos.,Melhorar: Integrar-se mais aos Princípios Passos Mágicos.,8.0,7.0,False,False,False,False,False,False,False,False,False,False,False,False,False,False
RA-20,2022,Aluno-20,7,D,Feminino,19.0,2022,Escola Pública,,,Ametista,7.535,5.0,7.8,10.0,7.1,6.3,,7.167,Fase 8 (Universitários),-1,False,True,9.0,6.5,,296.0,5.0,4.0,4.0,Não atendido,Destaque: A sua boa entrega das lições de casa.,Destaque: As suas boas notas na Passos Mágicos.,Melhorar: Integrar-se mais aos Princípios Passos Mágicos.,8.0,7.0,False,False,False,False,False,False,False,False,False,False,False,False,False,False
RA-21,2022,Aluno-21,7,D,Masculino,18.0,2022,Escola Pública,,,Ágata,6.945,5.0,3.8,9.2,9.6,7.5,,7.25,Fase 8 (Universitários),-1,False,True,7.0,0.5,,508.0,9.0,6.0,4.0,Não atendido,Destaque: A sua boa entrega das lições de casa.,Melhorar: Empenhar-se mais nas aulas e avaliações.,Melhorar: Integrar-se mais aos Princípios Passos Mágicos.,8.0,7.0,False,False,False,False,False,False,False,False,False,False,False,False,False,False
RA-22,2022,Aluno-22,6,A,Feminino,17.0,2019,Rede Decisão,,,Ametista,7.474,5.0,6.7,7.4,8.3,8.1,,8.833,Fase 7 (3º EM),-1,True,False,9.0,3.1,7.8,327.0,10.0,10.0,4.0,Sem limitações,Melhorar: Melhorar a sua entrega de lições de casa.,Melhorar: Empenhar-se mais nas aulas e avaliações.,Destaque: A sua boa integração aos Princípios Passos Mágicos.,7.0,6.0,False,False,False,False,False,False,False,False,False,False,False,False,False,False
RA-23,2022,Aluno-23,6,A,Masculino,17.0,2021,Escola Pública,,,Ametista,7.677,5.0,6.7,8.2,8.3,8.1,,8.556,Fase 7 (3º EM),-1,True,True,7.2,4.7,8.2,243.0,8.0,8.0,4.0,Sem limitações,Destaque: A sua boa entrega das lições de casa.,Melhorar: Empenhar-se mais nas aulas e avaliações.,Destaque: A sua boa integração aos Princípios Passos Mágicos.,7.0,6.0,False,False,False,False,False,False,False,False,False,False,False,False,False,False
RA-24,2022,Aluno-24,6,A,Feminino,17.0,2021,Rede Decisão,,,Topázio,8.087,5.0,8.6,7.9,9.2,6.9,,9.111,Fase 7 (3º EM),-1,True,False,10.0,6.3,9.7,119.0,5.0,5.0,4.0,Requer avaliação,Destaque: A sua boa entrega das lições de casa.,Destaque: As suas boas notas na Passos Mágicos.,Destaque: A sua boa integração aos Princípios Passos Mágicos.,7.0,6.0,False,False,False,False,False,False,False,False,False,False,False,False,False,False
RA-25,2022,Aluno-25,6,A,Feminino,17.0,2021,Escola Pública,,,Ametista,7.979,5.0,6.9,8.3,8.3,8.8,,9.667,Fase 7 (3º EM),-1,True,True,9.2,3.8,7.7,147.0,6.0,6.0,4.0,Sem limitações,Destaque: A sua boa entrega das lições de casa.,Melhorar: Empenhar-se mais nas aulas e avaliações.,Destaque: A sua boa integração aos Princípios Passos Mágicos.,7.0,6.0,False,False,False,False,False,False,False,False,False,False,False,False,False,False
RA-26,2022,Aluno-26,6,A,Masculino,17.0,2022,Escola Pública,,,Topázio,8.677,5.0,8.0,8.8,9.6,10.0,,10.0,Fase 7 (3º EM),-1,True,True,9.5,4.4,10.0,17.0,3.0,3.0,4.0,Sem limitações,Destaque: A sua boa entrega das lições de casa.,Destaque: As suas boas notas na Passos Mágicos.,Destaque: A sua boa integração aos Princípios Passos Mágicos.,7.0,6.0,False,False,False,False,False,False,False,False,False,False,False,True,False,True
RA-27,2022,Aluno-27,6,A,Masculino,17.0,2016,Rede Decisão,,,Ametista,7.124,5.0,8.0,7.6,0.0,8.1,,9.111,Fase 7 (3º EM),-1,True,False,7.7,6.3,10.0,449.0,12.0,12.0,4.0,Sem limitações,Destaque: A sua boa entrega das lições de casa.,Destaque: As suas boas notas na Passos Mágicos.,Destaque: A sua boa integração aos Princípios Passos Mágicos.,7.0,6.0,True,False,False,False,False,False,False,False,False,False,True,False,False,False
RA-28,2022,Aluno-28,6,A,Feminino,17.0,2019,Escola Pública,,,Ágata,6.242,5.0,5.0,6.1,7.9,7.5,,6.333,Fase 7 (3º EM),-1,False,False,8.2,1.5,5.3,698.0,14.0,14.0,4.0,Requer avaliação,Melhorar: Melhorar a sua entrega de lições de casa.,Melhorar: Empenhar-se mais nas aulas e avaliações.,Melhorar: Integrar-se mais aos Princípios Passos Mágicos.,7.0,6.0,False,False,False,False,False,False,False,False,False,False,False,False,False,False
RA-29,2022,Aluno-29,6,A,Masculino,17.0,2022,Escola Pública,,,Quartzo,4.985,5.0,3.7,4.0,0.0,8.8,,7.611,Fase 7 (3º EM),-1,False,True,6.3,1.1,3.8,821.0,16.0,16.0,4.0,Requer avaliação,Melhorar: Melhorar a sua entrega de lições de casa.,Melhorar: Empenhar-se mais nas aulas e avaliações.,Destaque: A sua boa integração aos Princípios Passos Mágicos.,7.0,6.0,True,False,False,False,False,False,False,False,False,False,True,False,False,False
RA-30,2022,Aluno-30,6,A,Feminino,16.0,2021,Escola Pública,,,Ametista,7.605,10.0,7.5,6.4,8.8,7.5,,7.333,Fase 6 (2º EM),0,False,False,8.5,4.4,9.7,270.0,9.0,9.0,4.0,Sem limitações,Melhorar: Melhorar a sua entrega de lições de casa.,Destaque: As suas boas notas na Passos Mágicos.,Melhorar: Integrar-se mais aos Princípios Passos Mágicos.,6.0,6.0,False,False,False,False,False,False,False,False,False,False,False,False,False,False
RA-31,2022,Aluno-31,6,A,Feminino,17.0,2019,Rede Decisão,,,Topázio,8.843,5.0,8.0,9.5,10.0,9.4,,10.0,Fase 7 (3º EM),-1,True,False,9.0,5.7,9.3,9.0,2.0,2.0,4.0,Sem limitações,Destaque: A sua boa entrega das lições de casa.,Destaque: As suas boas notas na Passos Mágicos.,Destaque: A sua boa integração aos Princípios Passos Mágicos.,7.0,6.0,False,False,False,False,False,False,False,False,False,False,False,True,False,True
RA-32,2022,Aluno-32,6,A,Feminino,16.0,2018,Rede Decisão,,,Ametista,7.37,10.0,6.1,5.2,8.8,8.8,,7.944,Fase 6 (2º EM),0,False,False,5.7,3.6,8.9,370.0,11.0,11.0,4.0,Sem limitações,Melhorar: Melhorar a sua entrega de lições de casa.,Melhorar: Empenhar-se mais nas aulas e avaliações.,Destaque: A sua boa integração aos Princípios Passos Mágicos.,6.0,6.0,False,False,False,False,False,False,False,False,False,False,False,False,False,False
RA-33,2022,Aluno-33,6,A,Feminino,17.0,2020,Escola Pública,,,Quartzo,4.952,5.0,4.8,4.6,0.0,7.5,,6.0,Fase 7 (3º EM),-1,False,False,9.0,1.6,3.7,824.0,17.0,17.0,4.0,Sem limitações,Melhorar: Melhorar a sua entrega de lições de casa.,Melhorar: Empenhar-se mais nas aulas e avaliações.,Melhorar: Integrar-se mais aos Princípios Passos Mágicos.,7.0,6.0,True,False,False,False,False,False,False,False,False,False,True,False,False,False
RA-34,2022,Aluno-34,6,A,Masculino,17.0,2016,Rede Decisão,,,Ágata,6.259,5.0,3.8,4.8,9.6,8.1,,7.278,Fase 7 (3º EM),-1,False,False,4.7,4.0,2.8,692.0,13.0,13.0,4.0,Sem limitações,Melhorar: Melhorar a sua entrega de lições de casa.,Melhorar: Empenhar-se mais nas aulas e avaliações.,Melhorar: Integrar-se mais aos Princípios Passos Mágicos.,7.0,6.0,False,False,False,False,False,False,False,False,False,False,False,False,False,False
RA-35,2022,Aluno-35,6,A,Feminino,17.0,2019,Rede Decisão,,,Topázio,8.965,5.0,8.5,9.6,10.0,9.4,,10.0,Fase 7 (3º EM),-1,True,False,9.0,7.1,9.3,5.0,1.0,1.0,4.0,Sem limitações,Destaque: A sua boa entrega das lições de casa.,Destaque: As suas boas notas na Passos Mágicos.,Destaque: A sua boa integração aos Princípios Passos Mágicos.,7.0,6.0,False,False,False,False,False,False,False,False,False,False,False,True,False,True
RA-36,2022,Aluno-36,6,A,Feminino,17.0,2019,Rede Decisão,,,Ametista,7.876,5.0,6.8,9.0,9.2,6.9,,8.944,Fase 7 (3º EM),-1,True,False,8.5,4.3,7.8,177.0,7.0,7.0,4.0,Sem limitações,Destaque: A sua boa entrega das lições de casa.,Melhorar: Empenhar-se mais nas aulas e avaliações.,Destaque: A sua boa integração aos Princípios Passos Mágicos.,7.0,6.0,False,False,False,False,False,False,False,False,False,False,False,False,False,False
RA-37,2022,Aluno-37,6,A,Feminino,17.0,2019,Rede Decisão,,,Quartzo,4.95,5.0,5.9,5.4,0.0,5.0,,5.222,Fase 7 (3º EM),-1,False,False,2.3,5.3,10.0,825.0,18.0,18.0,4.0,Sem limitações,Melhorar: Melhorar a sua entrega de lições de casa.,Melhorar: Empenhar-se mais nas aulas e avaliações.,Melhorar: Integrar-se mais aos Princípios Passos Mágicos.,7.0,6.0,True,False,False,False,False,False,False,False,False,False,True,False,False,False
RA-38,2022,Aluno-38,6,A,Feminino,17.0,2017,Rede Decisão,,,Topázio,8.523,5.0,8.6,8.9,9.2,7.5,,9.833,Fase 7 (3º EM),-1,True,False,9.0,7.0,9.7,31.0,4.0,4.0,4.0,Não indicado,Destaque: A sua boa entrega das lições de casa.,Destaque: As suas boas notas na Passos Mágicos.,Destaque: A sua boa integração aos Princípios Passos Mágicos.,7.0,6.0,False,False,False,False,False,False,False,False,False,False,False,False,False,True
RA-39,2022,Aluno-39,6,A,Feminino,16.0,2017,Rede Decisão,,,Ágata,6.033,10.0,6.9,4.8,0.0,6.9,,6.111,Fase 6 (2º EM),0,False,False,7.7,5.1,7.8,722.0,15.0,15.0,4.0,Requer avaliação,Melhorar: Melhorar a sua entrega de lições de casa.,Melhorar: Empenhar-se mais nas aulas e avaliações.,Melhorar: Integrar-se mais aos Princípios Passos Mágicos.,6.0,6.0,True,False,False,False,False,False,False,False,False,False,True,False,False,False
RA-40,2022,Aluno-40,5,A,Feminino,16.0,2016,Rede Decisão,,,Ametista,7.203,5.0,6.8,7.8,7.9,7.5,,7.75,Fase 6 (2º EM),-1,False,False,4.7,7.3,8.4,429.0,27.0,3.0,3.0,Sem limitações,Destaque: A sua boa entrega das lições de casa.,Melhorar: Empenhar-se mais nas aulas e avaliações.,Destaque: A sua boa integração aos Princípios Passos Mágicos.,6.0,5.0,False,False,False,False,False,False,False,False,False,False,False,False,False,False
RA-41,2022,Aluno-41,5,A,Masculino,17.0,2018,Escola Pública,,,Quartzo,5.581,5.0,5.6,6.1,9.2,5.0,,4.375,Fase 7 (3º EM),-2,False,False,6.3,2.5,8.0,777.0,51.0,9.0,3.0,Requer avaliação,Melhorar: Melhorar a sua entrega de lições de casa.,Melhorar: Empenhar-se mais nas aulas e avaliações.,Melhorar: Integrar-se mais aos Princípios Passos Mágicos.,7.0,5.0,False,False,False,False,False,False,False,False,False,False,False,False,False,True
RA-42,2022,Aluno-42,5,A,Masculino,15.0,2019,Rede Decisão,,,Ágata,6.72,10.0,4.8,7.9,8.3,5.6,,6.083,Fase 5 (1º EM),0,False,False,3.7,4.5,6.2,582.0,33.0,5.0,3.0,Requer avaliação,Destaque: A sua boa entrega das lições de casa.,Melhorar: Empenhar-se mais nas aulas e avaliações.,Melhorar: Integrar-se mais aos Princípios Passos Mágicos.,5.0,5.0,False,False,False,False,False,False,False,False,False,False,False,False,False,False
RA-43,2022,Aluno-43,5,A,Feminino,16.0,2019,Escola Pública,,,Quartzo,5.486,5.0,4.3,6.5,6.3,5.6,,5.958,Fase 6 (2º EM),-1,False,False,4.0,5.8,3.2,791.0,54.0,11.0,3.0,Requer avaliação,Melhorar: Melhorar a sua entrega de lições de casa.,Melhorar: Empenhar-se mais nas aulas e avaliações.,Melhorar: Integrar-se mais aos Princípios Passos Mágicos.,6.0,5.0,False,False,False,False,False,False,False,False,False,False,False,False,False,False
RA-44,2022,Aluno-44,5,A,Feminino,17.0,2021,Escola Pública,,,Quartzo,5.542,5.0,3.0,5.9,5.0,7.5,,7.292,Fase 7 (3º EM),-2,False,True,2.3,3.5,3.2,785.0,52.0,10.0,3.0,Sem limitações,Melhorar: Melhorar a sua entrega de lições de casa.,Melhorar: Empenhar-se mais nas aulas e avaliações.,Melhorar: Integrar-se mais aos Princípios Passos Mágicos.,7.0,5.0,False,False,False,False,False,False,False,False,False,False,True,False,False,False
RA-45,2022,Aluno-45,5,A,Feminino,15.0,2019,Rede Decisão,,,Ametista,7.591,10.0,6.8,8.9,7.9,5.6,,7.417,Fase 5 (1º EM),0,False,False,6.3,5.2,8.8,277.0,17.0,2.0,3.0,Requer avaliação,Destaque: A sua boa entrega das lições de casa.,Melhorar: Empenhar-se mais nas aulas e avaliações.,Melhorar: Integrar-se mais aos Princípios Passos Mágicos.,5.0,5.0,False,False,False,False,False,False,False,False,False,False,False,False,False,False
RA-46,2022,Aluno-46,5,A,Feminino,17.0,2022,Escola Pública,,,Ágata,6.048,5.0,2.1,8.4,8.8,6.3,,7.083,Fase 7 (3º EM),-2,False,False,2.8,2.8,0.7,719.0,46.0,7.0,3.0,Sem limitações,Destaque: A sua boa entrega das lições de casa.,Melhorar: Empenhar-se mais nas aulas e avaliações.,Melhorar: Integrar-se mais aos Princípios Passos Mágicos.,7.0,5.0,False,False,False,False,False,False,False,False,False,False,False,False,False,False
RA-47,2022,Aluno-47,5,A,Feminino,17.0,2022,Escola Pública,,,Quartzo,5.677,5.0,2.1,6.3,7.9,7.5,,7.042,Fase 7 (3º EM),-2,False,False,2.5,2.2,1.5,762.0,49.0,8.0,3.0,Sem limitações,Melhorar: Melhorar a sua entrega de lições de casa.,Melhorar: Empenhar-se mais nas aulas e avaliações.,Melhorar: Integrar-se mais aos Princípios Passos Mágicos.,7.0,5.0,False,False,False,False,False,False,False,False,False,False,False,False,False,False
RA-48,2022,Aluno-48,5,A,Feminino,15.0,2017,Rede Decisão,,,Ametista,8.006,10.0,8.1,8.4,6.7,7.5,,8.5,Fase 5 (1º EM),0,True,False,6.7,8.0,9.5,140.0,10.0,1.0,3.0,Sem limitações,Destaque: A sua boa entrega das lições de casa.,Destaque: As suas boas notas na Passos Mágicos.,Destaque: A sua boa integração aos Princípios Passos Mágicos.,5.0,5.0,False,False,False,False,False,False,False,False,False,False,False,False,False,False
RA-49,2022,Aluno-49,5,A,Feminino,17.0,2022,Escola Pública,,,Ágata,6.304,5.0,3.9,7.4,7.5,7.5,,7.042,Fase 7 (3º EM),-2,False,False,1.5,4.2,6.2,687.0,42.0,6.0,3.0,Sem limitações,Melhorar: Melhorar a sua entrega de lições de casa.,Melhorar: Empenhar-se mais nas aulas e avaliações.,Melhorar: Integrar-se mais aos Princípios Passos Mágicos.,7.0,5.0,False,False,False,False,False,False,False,False,False,False,False,False,False,False
RA-50,2022,Aluno-50,5,A,Feminino,18.0,2022,Escola Pública,,,Ametista,7.138,2.5,7.8,8.4,7.5,7.5,,7.542,Fase 8 (Universitários),-3,False,False,6.5,7.3,9.7,445.0,28.0,4.0,3.0,Sem limitações,Destaque: A sua boa entrega das lições de casa.,Destaque: As suas boas notas na Passos Mágicos.,Destaque: A sua boa integração aos Princípios Passos Mágicos.,8.0,5.0,False,False,False,False,False,False,False,False,False,False,False,False,False,False
RA-51,2022,Aluno-51,5,B,Feminino,17.0,2022,Escola Pública,,,Ágata,6.488,5.0,5.0,7.6,8.8,7.5,,6.5,Fase 7 (3º EM),-2,False,False,4.5,4.5,6.0,645.0,39.0,13.0,3.0,Não atendido,Destaque: A sua boa entrega das lições de casa.,Melhorar: Empenhar-se mais nas aulas e avaliações.,Melhorar: Integrar-se mais aos Princípios Passos Mágicos.,7.0,5.0,False,False,False,False,False,False,False,False,False,False,False,False,False,False
RA-52,2022,Aluno-52,5,B,Masculino,13.0,2018,Rede Decisão,,,Ametista,7.861,10.0,6.2,8.9,9.6,7.5,,7.5,Fase 3 (7º e 8º ano),2,False,False,3.3,6.3,8.8,183.0,12.0,5.0,3.0,Não atendido,Destaque: A sua boa entrega das lições de casa.,Melhorar: Empenhar-se mais nas aulas e avaliações.,Destaque: A sua boa integração aos Princípios Passos Mágicos.,3.0,5.0,False,False,False,False,False,False,False,False,False,False,False,False,False,False
RA-53,2022,Aluno-53,5,B,Masculino,17.0,2022,Escola Pública,,,Ágata,6.725,5.0,7.0,7.0,9.2,7.5,,6.458,Fase 7 (3º EM),-2,False,False,6.0,8.0,,579.0,32.0,11.0,3.0,Não atendido,Melhorar: Melhorar a sua entrega de lições de casa.,Melhorar: Empenhar-se mais nas aulas e avaliações.,Melhorar: Integrar-se mais aos Princípios Passos Mágicos.,7.0,5.0,False,False,False,False,False,False,False,False,False,False,False,False,False,False
RA-54,2022,Aluno-54,5,B,Feminino,16.0,2022,Escola Pública,,,Ágata,6.058,5.0,4.8,6.9,7.9,7.5,,6.125,Fase 6 (2º EM),-1,False,False,3.0,6.5,,716.0,45.0,14.0,3.0,Não atendido,Melhorar: Melhorar a sua entrega de lições de casa.,Melhorar: Empenhar-se mais nas aulas e avaliações.,Melhorar: Integrar-se mais aos Princípios Passos Mágicos.,6.0,5.0,False,False,False,False,False,False,False,False,False,False,False,False,False,False
RA-55,2022,Aluno-55,5,B,Feminino,16.0,2017,Escola Pública,,,Ágata,6.576,5.0,7.5,7.6,7.1,5.6,,6.5,Fase 6 (2º EM),-1,False,False,6.7,7.8,7.9,634.0,38.0,12.0,3.0,Requer avaliação,Destaque: A sua boa entrega das lições de casa.,Melhorar: Empenhar-se mais nas aulas e avaliações.,Melhorar: Integrar-se mais aos Princípios Passos Mágicos.,6.0,5.0,False,False,False,False,False,False,False,False,False,False,False,False,False,False
RA-56,2022,Aluno-56,5,B,Feminino,15.0,2019,Rede Decisão,,,Topázio,8.404,10.0,7.0,10.0,10.0,7.5,,8.25,Fase 5 (1º EM),0,False,False,4.5,6.5,10.0,46.0,7.0,1.0,3.0,Sem limitações,Destaque: A sua boa entrega das lições de casa.,Melhorar: Empenhar-se mais nas aulas e avaliações.,Destaque: A sua boa integração aos Princípios Passos Mágicos.,5.0,5.0,False,False,False,False,False,False,False,False,False,False,False,False,False,False
RA-57,2022,Aluno-57,5,B,Masculino,16.0,2017,Rede Decisão,,,Ametista,7.305,5.0,8.4,8.1,7.1,5.6,,7.875,Fase 6 (2º EM),-1,False,False,9.0,7.0,9.3,388.0,25.0,10.0,3.0,Requer avaliação,Destaque: A sua boa entrega das lições de casa.,Destaque: As suas boas notas na Passos Mágicos.,Destaque: A sua boa integração aos Princípios Passos Mágicos.,6.0,5.0,False,False,False,False,False,False,False,False,False,False,False,False,False,False
RA-58,2022,Aluno-58,5,B,Masculino,15.0,2017,Rede Decisão,,,Topázio,8.136,10.0,7.2,9.2,9.6,6.3,,8.125,Fase 5 (1º EM),0,False,False,4.5,8.0,9.0,103.0,9.0,3.0,3.0,Sem limitações,Destaque: A sua boa entrega das lições de casa.,Melhorar: Empenhar-se mais nas aulas e avaliações.,Destaque: A sua boa integração aos Princípios Passos Mágicos.,5.0,5.0,False,False,False,False,False,False,False,False,False,False,False,False,False,False
RA-59,2022,Aluno-59,5,B,Masculino,17.0,2022,Escola Pública,,,Ametista,7.642,5.0,7.2,9.3,9.2,7.5,,7.917,Fase 7 (3º EM),-2,False,False,7.0,5.7,8.8,257.0,15.0,7.0,3.0,Não atendido,Destaque: A sua boa entrega das lições de casa.,Melhorar: Empenhar-se mais nas aulas e avaliações.,Destaque: A sua boa integração aos Princípios Passos Mágicos.,7.0,5.0,False,False,False,False,False,False,False,False,False,False,False,False,False,False
RA-60,2022,Aluno-60,5,B,Feminino,18.0,2021,Escola Pública,,,Quartzo,5.537,2.5,4.9,6.0,6.7,7.5,,6.167,Fase 8 (Universitários),-3,False,False,5.0,6.2,3.5,787.0,53.0,16.0,3.0,Não atendido,Melhorar: Melhorar a sua entrega de lições de casa.,Melhorar: Empenhar-se mais nas aulas e avaliações.,Melhorar: Integrar-se mais aos Princípios Passos Mágicos.,8.0,5.0,False,False,False,False,False,False,False,False,False,False,False,False,False,False
RA-61,2022,Aluno-61,5,B,Masculino,15.0,2021,Escola Pública,,,Ametista,7.533,10.0,5.8,7.4,9.2,7.5,,7.875,Fase 5 (1º EM),0,False,True,1.7,6.3,9.3,298.0,20.0,8.0,3.0,Não atendido,Melhorar: Melhorar a sua entrega de lições de casa.,Melhorar: Empenhar-se mais nas aulas e avaliações.,Destaque: A sua boa integração aos Princípios Passos Mágicos.,5.0,5.0,False,False,False,False,False,False,False,False,False,False,False,False,False,False
RA-62,2022,Aluno-62,5,B,Masculino,17.0,2022,Escola Pública,,,Ametista,7.891,5.0,9.3,9.4,8.8,7.5,,7.25,Fase 7 (3º EM),-2,False,True,8.5,10.0,,173.0,11.0,4.0,3.0,Não atendido,Destaque: A sua boa entrega das lições de casa.,Destaque: As suas boas notas na Passos Mágicos.,Melhorar: Integrar-se mais aos Princípios Passos Mágicos.,7.0,5.0,False,False,False,False,False,False,False,False,False,False,False,False,False,False
RA-63,2022,Aluno-63,5,B,Masculino,16.0,2018,Rede Decisão,,,Topázio,8.282,5.0,8.7,9.1,8.3,8.8,,9.417,Fase 6 (2º EM),-1,True,False,8.2,8.2,9.7,64.0,8.0,2.0,3.0,Sem limitações,Destaque: A sua boa entrega das lições de casa.,Destaque: As suas boas notas na Passos Mágicos.,Destaque: A sua boa integração aos Princípios Passos Mágicos.,6.0,5.0,False,False,False,False,False,False,False,False,False,False,False,False,False,False
RA-64,2022,Aluno-64,5,B,Masculino,16.0,2019,Escola Pública,,,Ametista,7.368,5.0,7.5,8.1,7.1,8.1,,8.25,Fase 6 (2º EM),-1,False,True,4.8,8.2,9.4,372.0,23.0,9.0,3.0,Sem limitações,Destaque: A sua boa entrega das lições de casa.,Melhorar: Empenhar-se mais nas aulas e avaliações.,Destaque: A sua boa integração aos Princípios Passos Mágicos.,6.0,5.0,False,False,False,False,False,False,False,False,False,False,False,False,False,False
RA-65,2022,Aluno-65,5,B,Feminino,17.0,2022,Escola Pública,,,Ametista,7.712,5.0,9.3,7.7,8.3,7.5,,7.875,Fase 7 (3º EM),-2,False,True,9.0,9.5,9.5,232.0,13.0,6.0,3.0,Não atendido,Destaque: A sua boa entrega das lições de casa.,Destaque: As suas boas notas na Passos Mágicos.,Destaque: A sua boa integração aos Princípios Passos Mágicos.,7.0,5.0,False,False,False,False,False,False,False,False,False,False,False,False,False,False
RA-66,2022,Aluno-66,5,B,Feminino,17.0,2022,Escola Pública,,,Quartzo,5.665,5.0,4.5,5.6,7.5,7.5,,5.917,Fase 7 (3º EM),-2,False,False,3.0,6.0,,768.0,50.0,15.0,3.0,Não atendido,Melhorar: Melhorar a sua entrega de lições de casa.,Melhorar: Empenhar-se mais nas aulas e avaliações.,Melhorar: Integrar-se mais aos Princípios Passos Mágicos.,7.0,5.0,False,False,False,False,False,False,False,False,False,False,False,False,False,False
RA-67,2022,Aluno-67,5,C,Feminino,16.0,2019,Escola Pública,,,Quartzo,5.195,5.0,3.6,3.0,5.8,7.5,,6.889,Fase 6 (2º EM),-1,False,False,3.0,4.2,3.5,812.0,56.0,6.0,4.0,Não atendido,Melhorar: Melhorar a sua entrega de lições de casa.,Melhorar: Empenhar-se mais nas aulas e avaliações.,Melhorar: Integrar-se mais aos Princípios Passos Mágicos.,6.0,5.0,False,False,False,False,False,False,False,False,False,True,False,False,False,False
RA-68,2022,Aluno-68,5,C,Masculino,16.0,2019,Escola Pública,,,Ágata,6.438,5.0,4.0,6.0,8.3,7.5,,7.944,Fase 6 (2º EM),-1,False,True,4.7,4.8,2.7,653.0,40.0,2.0,4.0,Não atendido,Melhorar: Melhorar a sua entrega de lições de casa.,Melhorar: Empenhar-se mais nas aulas e avaliações.,Destaque: A sua boa integração aos Princípios Passos Mágicos.,6.0,5.0,False,False,False,False,False,False,False,False,False,False,False,False,False,False
RA-69,2022,Aluno-69,5,C,Masculino,16.0,2018,Escola Pública,,,Quartzo,5.718,5.0,2.5,6.1,8.3,7.5,,6.167,Fase 6 (2º EM),-1,False,False,4.7,2.6,0.3,756.0,47.0,3.0,4.0,Sem limitações,Melhorar: Melhorar a sua entrega de lições de casa.,Melhorar: Empenhar-se mais nas aulas e avaliações.,Melhorar: Integrar-se mais aos Princípios Passos Mágicos.,6.0,5.0,False,False,False,False,False,False,False,False,False,False,False,False,False,False
RA-70,2022,Aluno-70,5,C,Feminino,16.0,2017,Escola Pública,,,Quartzo,5.712,5.0,2.9,6.6,8.8,5.0,,6.111,Fase 6 (2º EM),-1,False,False,5.7,2.9,0.2,757.0,48.0,4.0,4.0,Sem limitações,Melhorar: Melhorar a sua entrega de lições de casa.,Melhorar: Empenhar-se mais nas aulas e avaliações.,Melhorar: Integrar-se mais aos Princípios Passos Mágicos.,6.0,5.0,False,False,False,False,False,False,False,False,False,False,False,False,False,False
RA-71,2022,Aluno-71,5,C,Feminino,17.0,2019,Escola Pública,,,Quartzo,4.332,5.0,1.2,2.0,7.9,7.5,,5.833,Fase 7 (3º EM),-2,False,False,1.3,2.2,0.0,846.0,58.0,8.0,4.0,Não atendido,Melhorar: Melhorar a sua entrega de lições de casa.,Melhorar: Empenhar-se mais nas aulas e avaliações.,Melhorar: Integrar-se mais aos Princípios Passos Mágicos.,7.0,5.0,False,False,False,False,False,False,True,False,False,True,False,False,False,False
RA-72,2022,Aluno-72,5,C,Feminino,17.0,2022,Escola Pública,,,Ametista,7.64,5.0,7.8,7.5,8.3,7.5,,8.667,Fase 7 (3º EM),-2,True,True,7.5,7.8,8.0,259.0,16.0,1.0,4.0,Não atendido,Destaque: A sua boa entrega das lições de casa.,Destaque: As suas boas notas na Passos Mágicos.,Destaque: A sua boa integração aos Princípios Passos Mágicos.,7.0,5.0,False,False,False,False,False,False,False,False,False,False,False,False,False,False
RA-73,2022,Aluno-73,5,C,Feminino,17.0,2022,Escola Pública,,,Quartzo,5.271,5.0,3.3,3.0,7.1,7.5,,7.278,Fase 7 (3º EM),-2,False,True,4.5,3.0,2.3,804.0,55.0,5.0,4.0,Não atendido,Melhorar: Melhorar a sua entrega de lições de casa.,Melhorar: Empenhar-se mais nas aulas e avaliações.,Melhorar: Integrar-se mais aos Princípios Passos Mágicos.,7.0,5.0,False,False,False,False,False,False,False,False,False,True,False,False,False,False
RA-74,2022,Aluno-74,5,C,Masculino,16.0,2022,Escola Pública,,,Quartzo,4.989,5.0,2.0,3.3,9.6,7.5,,5.833,Fase 6 (2º EM),-1,False,False,6.0,0.0,0.0,820.0,57.0,7.0,4.0,Não atendido,Melhorar: Melhorar a sua entrega de lições de casa.,Melhorar: Empenhar-se mais nas aulas e avaliações.,Melhorar: Integrar-se mais aos Princípios Passos Mágicos.,6.0,5.0,False,False,False,False,False,False,False,False,False,True,False,False,False,False
RA-75,2022,Aluno-75,5,F,Feminino,16.0,2022,Escola Pública,,,Quartzo,3.915,5.0,0.0,3.8,5.4,6.3,,4.625,Fase 6 (2º EM),-1,False,False,0.0,0.0,,855.0,59.0,4.0,4.0,Sem limitações,Melhorar: Melhorar a sua entrega de lições de casa.,Melhorar: Empenhar-se mais nas aulas e avaliações.,Melhorar: Integrar-se mais aos Princípios Passos Mágicos.,6.0,5.0,False,False,False,True,False,False,True,False,True,True,True,False,False,True
RA-76,2022,Aluno-76,5,F,Feminino,15.0,2017,Rede Decisão,,,Topázio,9.105,10.0,8.7,9.1,10.0,8.1,,9.292,Fase 5 (1º EM),0,True,False,9.3,8.3,8.4,3.0,3.0,1.0,4.0,Sem limitações,Destaque: A sua boa entrega das lições de casa.,Destaque: As suas boas notas na Passos Mágicos.,Destaque: A sua boa integração aos Princípios Passos Mágicos.,5.0,5.0,False,False,False,False,False,False,False,False,False,False,False,False,False,False
RA-77,2022,Aluno-77,5,F,Masculino,16.0,2019,Escola Pública,,,Quartzo,3.846,5.0,0.7,2.7,7.1,5.0,,4.625,Fase 6 (2º EM),-1,False,False,0.3,1.8,0.0,857.0,60.0,5.0,4.0,Não indicado,Melhorar: Melhorar a sua entrega de lições de casa.,Melhorar: Empenhar-se mais nas aulas e avaliações.,Melhorar: Integrar-se mais aos Princípios Passos Mágicos.,6.0,5.0,False,False,False,False,False,False,True,False,False,True,False,False,False,True
RA-78,2022,Aluno-78,5,F,Masculino,17.0,2018,Rede Decisão,,,Ametista,7.04,5.0,7.2,6.6,8.3,5.6,,8.0,Fase 7 (3º EM),-2,False,False,8.7,5.7,7.3,475.0,29.0,2.0,4.0,Requer avaliação,Melhorar: Melhorar a sua entrega de lições de casa.,Melhorar: Empenhar-se mais nas aulas e avaliações.,Destaque: A sua boa integração aos Princípios Passos Mágicos.,7.0,5.0,False,False,False,False,False,False,False,False,False,False,False,False,False,False
RA-79,2022,Aluno-79,5,F,Feminino,16.0,2018,Rede Decisão,,,Ágata,6.847,5.0,8.9,6.3,5.4,5.6,,7.292,Fase 6 (2º EM),-1,False,False,9.5,7.7,9.5,541.0,31.0,3.0,4.0,Requer avaliação,Melhorar: Melhorar a sua entrega de lições de casa.,Destaque: As suas boas notas na Passos Mágicos.,Melhorar: Integrar-se mais aos Princípios Passos Mágicos.,6.0,5.0,False,False,False,False,False,False,False,False,False,False,True,False,False,False
RA-80,2022,Aluno-80,5,K,Feminino,16.0,2017,Rede Decisão,,,Ametista,7.29,5.0,7.1,8.3,9.2,5.0,,7.625,Fase 6 (2º EM),-1,False,False,6.5,7.7,7.3,397.0,26.0,6.0,4.0,Requer avaliação,Destaque: A sua boa entrega das lições de casa.,Melhorar: Empenhar-se mais nas aulas e avaliações.,Destaque: A sua boa integração aos Princípios Passos Mágicos.,6.0,5.0,False,False,False,False,False,False,False,False,False,False,False,False,False,False
RA-81,2022,Aluno-81,5,K,Feminino,14.0,2017,Rede Decisão,,,Ametista,7.675,10.0,6.0,9.2,9.2,5.0,,7.458,Fase 4 (9º ano),1,False,False,5.5,5.2,7.3,247.0,14.0,2.0,4.0,Requer avaliação,Destaque: A sua boa entrega das lições de casa.,Melhorar: Empenhar-se mais nas aulas e avaliações.,Melhorar: Integrar-se mais aos Princípios Passos Mágicos.,4.0,5.0,False,False,False,False,False,False,False,False,False,False,False,False,False,False
RA-82,2022,Aluno-82,5,K,Feminino,17.0,2022,Escola Pública,,,Ágata,6.596,5.0,5.5,6.8,8.8,7.5,,6.417,Fase 7 (3º EM),-2,False,True,6.0,5.0,,628.0,37.0,9.0,4.0,Não atendido,Melhorar: Melhorar a sua entrega de lições de casa.,Melhorar: Empenhar-se mais nas aulas e avaliações.,Melhorar: Integrar-se mais aos Princípios Passos Mágicos.,7.0,5.0,False,False,False,False,False,False,False,False,False,False,False,False,False,False
RA-83,2022,Aluno-83,5,K,Feminino,17.0,2022,Escola Pública,,,Ágata,6.671,5.0,6.8,6.8,7.9,7.5,,5.958,Fase 7 (3º EM),-2,False,True,6.0,7.5,,598.0,35.0,8.0,4.0,Não atendido,Melhorar: Melhorar a sua entrega de lições de casa.,Melhorar: Empenhar-se mais nas aulas e avaliações.,Melhorar: Integrar-se mais aos Princípios Passos Mágicos.,7.0,5.0,False,False,False,False,False,False,False,False,False,False,False,False,False,False
RA-84,2022,Aluno-84,5,K,Feminino,17.0,2018,Rede Decisão,,,Ágata,6.682,5.0,5.8,8.8,7.1,5.0,,6.75,Fase 7 (3º EM),-2,False,False,5.7,6.5,5.2,596.0,34.0,7.0,4.0,Requer avaliação,Destaque: A sua boa entrega das lições de casa.,Melhorar: Empenhar-se mais nas aulas e avaliações.,Melhorar: Integrar-se mais aos Princípios Passos Mágicos.,7.0,5.0,False,False,False,False,False,False,False,False,False,False,False,False,False,False
RA-85,2022,Aluno-85,5,K,Masculino,15.0,2022,Escola Pública,,,Ágata,6.243,10.0,4.3,7.3,6.7,5.0,,5.833,Fase 5 (1º EM),0,False,False,5.0,3.5,,697.0,43.0,10.0,4.0,Requer avaliação,Melhorar: Melhorar a sua entrega de lições de casa.,Melhorar: Empenhar-se mais nas aulas e avaliações.,Melhorar: Integrar-se mais aos Princípios Passos Mágicos.,5.0,5.0,False,False,False,False,False,False,False,False,False,False,False,False,False,False
RA-86,2022,Aluno-86,5,K,Masculino,16.0,2016,Rede Decisão,,,Ametista,7.566,5.0,6.7,9.6,7.5,5.6,,8.458,Fase 6 (2º EM),-1,True,False,6.2,7.2,6.9,286.0,18.0,3.0,4.0,Sem limitações,Destaque: A sua boa entrega das lições de casa.,Melhorar: Empenhar-se mais nas aulas e avaliações.,Destaque: A sua boa integração aos Princípios Passos Mágicos.,6.0,5.0,False,False,False,False,False,False,False,False,False,False,False,False,False,False
RA-87,2022,Aluno-87,5,K,Masculino,15.0,2021,Rede Decisão,,,Topázio,8.712,10.0,8.8,9.6,8.3,7.5,,8.5,Fase 5 (1º EM),0,True,False,8.3,8.0,10.0,15.0,6.0,1.0,4.0,Não atendido,Destaque: A sua boa entrega das lições de casa.,Destaque: As suas boas notas na Passos Mágicos.,Destaque: A sua boa integração aos Princípios Passos Mágicos.,5.0,5.0,False,False,False,False,False,False,False,False,False,False,False,False,False,False
RA-88,2022,Aluno-88,5,K,Masculino,17.0,2021,Escola Pública,,,Ametista,7.498,5.0,6.5,9.2,7.1,5.6,,9.208,Fase 7 (3º EM),-2,True,True,6.8,6.2,6.4,312.0,21.0,4.0,4.0,Sem limitações,Destaque: A sua boa entrega das lições de casa.,Melhorar: Empenhar-se mais nas aulas e avaliações.,Destaque: A sua boa integração aos Princípios Passos Mágicos.,7.0,5.0,False,False,False,False,False,False,False,False,False,False,False,False,False,False
RA-89,2022,Aluno-89,5,K,Masculino,16.0,2021,Escola Pública,,,Ametista,7.323,5.0,5.9,7.8,9.6,7.5,,8.0,Fase 6 (2º EM),-1,False,True,7.5,5.7,4.7,383.0,24.0,5.0,4.0,Não atendido,Destaque: A sua boa entrega das lições de casa.,Melhorar: Empenhar-se mais nas aulas e avaliações.,Destaque: A sua boa integração aos Princípios Passos Mágicos.,6.0,5.0,False,False,False,False,False,False,False,False,False,False,False,False,False,False
RA-90,2022,Aluno-90,5,L,Feminino,13.0,2019,Rede Decisão,,,Topázio,9.442,10.0,8.5,9.7,10.0,9.4,,9.75,Fase 3 (7º e 8º ano),2,True,False,7.7,8.0,9.8,1.0,1.0,1.0,4.0,Sem limitações,Destaque: A sua boa entrega das lições de casa.,Destaque: As suas boas notas na Passos Mágicos.,Destaque: A sua boa integração aos Princípios Passos Mágicos.,3.0,5.0,False,False,False,False,False,False,False,False,False,False,False,True,False,True
RA-91,2022,Aluno-91,5,L,Feminino,16.0,2016,Rede Decisão,,,Ágata,6.645,5.0,6.6,5.7,9.2,5.6,,7.125,Fase 6 (2º EM),-1,False,False,5.5,5.7,8.5,608.0,36.0,8.0,4.0,Requer avaliação,Melhorar: Melhorar a sua entrega de lições de casa.,Melhorar: Empenhar-se mais nas aulas e avaliações.,Melhorar: Integrar-se mais aos Princípios Passos Mágicos.,6.0,5.0,False,False,False,False,False,False,False,False,False,False,False,False,False,False
RA-92,2022,Aluno-92,5,L,Feminino,16.0,2016,Rede Decisão,,,Ágata,6.957,5.0,7.4,7.1,9.2,5.0,,6.667,Fase 6 (2º EM),-1,False,False,7.8,5.5,8.8,501.0,30.0,7.0,4.0,Requer avaliação,Melhorar: Melhorar a sua entrega de lições de casa.,Melhorar: Empenhar-se mais nas aulas e avaliações.,Melhorar: Integrar-se mais aos Princípios Passos Mágicos.,6.0,5.0,False,False,False,False,False,False,False,False,False,False,False,False,False,False
RA-93,2022,Aluno-93,5,L,Feminino,15.0,2016,Rede Decisão,,,Topázio,8.941,10.0,8.5,9.7,8.3,8.1,,9.083,Fase 5 (1º EM),0,True,False,8.8,8.3,8.4,6.0,4.0,3.0,4.0,Sem limitações,Destaque: A sua boa entrega das lições de casa.,Destaque: As suas boas notas na Passos Mágicos.,Destaque: A sua boa integração aos Princípios Passos Mágicos.,5.0,5.0,False,False,False,False,False,False,False,False,False,False,False,False,False,False
RA-94,2022,Aluno-94,5,L,Feminino,15.0,2018,Rede Decisão,,,Topázio,8.921,10.0,7.7,9.6,8.3,8.1,,9.583,Fase 5 (1º EM),0,True,False,7.0,6.7,9.5,7.0,5.0,4.0,4.0,Sem limitações,Destaque: A sua boa entrega das lições de casa.,Destaque: As suas boas notas na Passos Mágicos.,Destaque: A sua boa integração aos Princípios Passos Mágicos.,5.0,5.0,False,False,False,False,False,False,False,False,False,False,False,False,False,False
RA-95,2022,Aluno-95,5,L,Feminino,17.0,2022,Escola Pública,,,Ágata,6.308,5.0,4.8,6.6,8.3,7.5,,6.292,Fase 7 (3º EM),-2,False,False,6.0,8.0,0.5,685.0,41.0,9.0,4.0,Sem limitações,Melhorar: Melhorar a sua entrega de lições de casa.,Melhorar: Empenhar-se mais nas aulas e avaliações.,Melhorar: Integrar-se mais aos Princípios Passos Mágicos.,7.0,5.0,False,False,False,False,False,False,False,False,False,False,False,False,False,False
RA-96,2022,Aluno-96,5,L,Masculino,16.0,2021,Escola Pública,,,Ametista,7.54,5.0,6.7,7.8,9.2,6.9,,8.5,Fase 6 (2º EM),-1,True,True,5.7,6.5,8.0,295.0,19.0,5.0,4.0,Sem limitações,Destaque: A sua boa entrega das lições de casa.,Melhorar: Empenhar-se mais nas aulas e avaliações.,Destaque: A sua boa integração aos Princípios Passos Mágicos.,6.0,5.0,False,False,False,False,False,False,False,False,False,False,False,False,False,False
RA-97,2022,Aluno-97,5,L,Feminino,15.0,2017,Rede Decisão,,,Ametista,7.468,10.0,6.9,8.8,7.5,5.0,,6.292,Fase 5 (1º EM),0,False,False,5.3,6.7,8.8,328.0,22.0,6.0,4.0,Não indicado,Destaque: A sua boa entrega das lições de casa.,Melhorar: Empenhar-se mais nas aulas e avaliações.,Melhorar: Integrar-se mais aos Princípios Passos Mágicos.,5.0,5.0,False,False,False,False,False,False,False,False,False,False,False,False,False,False
RA-98,2022,Aluno-98,5,L,Feminino,15.0,2017,Rede Decisão,,,Topázio,9.354,10.0,8.5,10.0,8.8,9.4,,9.667,Fase 5 (1º EM),0,True,False,8.4,8.2,8.9,2.0,2.0,2.0,4.0,Sem limitações,Destaque: A sua boa entrega das lições de casa.,Destaque: As suas boas notas na Passos Mágicos.,Destaque: A sua boa integração aos Princípios Passos Mágicos.,5.0,5.0,False,False,False,False,False,False,False,False,False,False,False,True,False,False
RA-99,2022,Aluno-99,5,L,Masculino,16.0,2019,Escola Pública,,,Ágata,6.158,5.0,5.0,6.3,8.8,7.5,,5.833,Fase 6 (2º EM),-1,False,False,5.7,3.4,5.8,701.0,44.0,10.0,4.0,Não atendido,Melhorar: Melhorar a sua entrega de lições de casa.,Melhorar: Empenhar-se mais nas aulas e avaliações.,Melhorar: Integrar-se mais aos Princípios Passos Mágicos.,6.0,5.0,False,False,False,False,False,False,False,False,False,False,False,False,False,False
RA-100,2022,Aluno-100,4,A,Feminino,13.0,2019,Rede Decisão,,,Ametista,7.618,10.0,7.6,7.8,8.8,5.0,,7.25,Fase 3 (7º e 8º ano),1,False,False,7.0,7.8,8.1,268.0,22.0,7.0,4.0,Não indicado,Destaque: A sua boa entrega das lições de casa.,Destaque: As suas boas notas na Passos Mágicos.,Melhorar: Integrar-se mais aos Princípios Passos Mágicos.,3.0,4.0,False,False,False,False,False,False,False,False,False,False,False,False,False,False
RA-101,2022,Aluno-101,4,A,Feminino,15.0,2021,Escola Pública,,,Ametista,7.305,5.0,7.6,8.3,7.9,7.5,,6.833,Fase 5 (1º EM),-1,False,True,7.2,6.5,9.2,387.0,31.0,8.0,4.0,Não atendido,Destaque: A sua boa entrega das lições de casa.,Destaque: As suas boas notas na Passos Mágicos.,Melhorar: Integrar-se mais aos Princípios Passos Mágicos.,5.0,4.0,False,False,False,False,False,False,False,False,False,False,False,False,False,False
RA-102,2022,Aluno-102,4,A,Masculino,14.0,2019,Escola Pública,,,Ágata,6.922,10.0,5.7,7.7,6.7,6.9,,6.0,Fase 4 (9º ano),0,False,False,4.7,6.8,5.5,519.0,43.0,9.0,4.0,Requer avaliação,Destaque: A sua boa entrega das lições de casa.,Melhorar: Empenhar-se mais nas aulas e avaliações.,Melhorar: Integrar-se mais aos Princípios Passos Mágicos.,4.0,4.0,False,False,False,False,False,False,False,False,False,False,False,False,False,False
RA-103,2022,Aluno-103,4,A,Feminino,13.0,2020,Rede Decisão,,,Topázio,8.107,10.0,7.3,8.7,7.9,7.5,,7.708,Fase 3 (7º e 8º ano),1,False,False,7.3,7.3,7.3,114.0,11.0,4.0,4.0,Não atendido,Destaque: A sua boa entrega das lições de casa.,Melhorar: Empenhar-se mais nas aulas e avaliações.,Destaque: A sua boa integração aos Princípios Passos Mágicos.,3.0,4.0,False,False,False,False,False,False,False,False,False,False,False,False,False,False
RA-104,2022,Aluno-104,4,A,Masculino,18.0,2022,Escola Pública,,,Ágata,6.315,2.5,3.7,8.7,7.9,7.5,,6.708,Fase 8 (Universitários),-4,False,False,4.8,5.8,0.3,681.0,61.0,11.0,4.0,Não atendido,Destaque: A sua boa entrega das lições de casa.,Melhorar: Empenhar-se mais nas aulas e avaliações.,Melhorar: Integrar-se mais aos Princípios Passos Mágicos.,8.0,4.0,False,False,False,False,False,False,False,False,False,False,False,False,False,False
RA-105,2022,Aluno-105,4,A,Masculino,17.0,2016,Rede Decisão,,,Ágata,6.846,2.5,6.7,8.2,7.9,5.6,,7.417,Fase 7 (3º EM),-3,False,False,7.2,6.2,6.8,542.0,47.0,10.0,4.0,Requer avaliação,Destaque: A sua boa entrega das lições de casa.,Melhorar: Empenhar-se mais nas aulas e avaliações.,Melhorar: Integrar-se mais aos Princípios Passos Mágicos.,7.0,4.0,False,False,False,False,False,False,False,False,False,False,False,False,False,False
RA-106,2022,Aluno-106,4,A,Feminino,15.0,2016,Rede Decisão,,,Ametista,7.973,5.0,7.4,8.0,9.2,9.4,,8.375,Fase 5 (1º EM),-1,True,False,7.8,7.2,7.2,148.0,13.0,5.0,4.0,Sem limitações,Destaque: A sua boa entrega das lições de casa.,Melhorar: Empenhar-se mais nas aulas e avaliações.,Destaque: A sua boa integração aos Princípios Passos Mágicos.,5.0,4.0,False,False,False,False,False,False,False,False,False,False,False,True,False,False
RA-107,2022,Aluno-107,4,A,Feminino,15.0,2018,Escola Pública,,,Ágata,6.258,5.0,4.6,6.4,7.5,7.5,,6.5,Fase 5 (1º EM),-1,False,True,3.3,4.3,6.0,693.0,63.0,12.0,4.0,Sem limitações,Melhorar: Melhorar a sua entrega de lições de casa.,Melhorar: Empenhar-se mais nas aulas e avaliações.,Melhorar: Integrar-se mais aos Princípios Passos Mágicos.,5.0,4.0,False,False,False,False,False,False,False,False,False,False,False,False,False,False
RA-108,2022,Aluno-108,4,A,Feminino,17.0,2019,Escola Pública,,,Quartzo,5.547,2.5,5.0,7.7,4.6,5.0,,6.125,Fase 7 (3º EM),-3,False,False,3.0,5.8,6.2,784.0,72.0,15.0,4.0,Não indicado,Destaque: A sua boa entrega das lições de casa.,Melhorar: Empenhar-se mais nas aulas e avaliações.,Melhorar: Integrar-se mais aos Princípios Passos Mágicos.,7.0,4.0,False,False,False,False,False,False,False,False,False,False,True,False,False,False
RA-109,2022,Aluno-109,4,A,Masculino,16.0,2021,Rede Decisão,,,Topázio,8.512,5.0,8.4,10.0,8.8,8.8,,8.667,Fase 6 (2º EM),-2,True,False,7.8,7.5,9.9,33.0,4.0,2.0,4.0,Sem limitações,Destaque: A sua boa entrega das lições de casa.,Destaque: As suas boas notas na Passos Mágicos.,Destaque: A sua boa integração aos Princípios Passos Mágicos.,6.0,4.0,False,False,False,False,False,False,False,False,False,False,False,False,False,False
RA-110,2022,Aluno-110,4,A,Masculino,14.0,2017,Rede Decisão,,,Topázio,8.15,10.0,6.7,9.7,9.2,5.6,,8.0,Fase 4 (9º ano),0,False,False,8.3,5.7,6.0,100.0,10.0,3.0,4.0,Requer avaliação,Destaque: A sua boa entrega das lições de casa.,Melhorar: Empenhar-se mais nas aulas e avaliações.,Destaque: A sua boa integração aos Princípios Passos Mágicos.,4.0,4.0,False,False,False,False,False,False,False,False,False,False,False,False,False,False
RA-111,2022,Aluno-111,4,A,Feminino,13.0,2020,Rede Decisão,,,Topázio,8.646,10.0,8.0,9.4,7.5,8.1,,8.667,Fase 3 (7º e 8º ano),1,True,False,6.7,7.5,9.7,22.0,2.0,1.0,4.0,Sem limitações,Destaque: A sua boa entrega das lições de casa.,Destaque: As suas boas notas na Passos Mágicos.,Destaque: A sua boa integração aos Princípios Passos Mágicos.,3.0,4.0,False,False,False,False,False,False,False,False,False,False,False,False,False,False
RA-112,2022,Aluno-112,4,A,Feminino,15.0,2016,Rede Decisão,,,Ametista,7.836,5.0,8.5,7.8,7.9,6.3,,8.833,Fase 5 (1º EM),-1,True,False,9.0,7.5,9.1,189.0,17.0,6.0,4.0,Sem limitações,Destaque: A sua boa entrega das lições de casa.,Destaque: As suas boas notas na Passos Mágicos.,Destaque: A sua boa integração aos Princípios Passos Mágicos.,5.0,4.0,False,False,False,False,False,False,False,False,False,False,False,False,False,False
RA-113,2022,Aluno-113,4,A,Feminino,15.0,2017,Rede Decisão,,,Quartzo,3.032,5.0,3.7,0.0,0.0,5.0,,3.792,Fase 5 (1º EM),-1,False,False,3.3,5.5,2.3,862.0,76.0,16.0,4.0,Não indicado,Melhorar: Melhorar a sua entrega de lições de casa.,Melhorar: Empenhar-se mais nas aulas e avaliações.,Melhorar: Integrar-se mais aos Princípios Passos Mágicos.,5.0,4.0,True,True,False,False,False,False,True,False,False,True,True,False,False,True
RA-114,2022,Aluno-114,4,A,Masculino,16.0,2022,Escola Pública,,,Quartzo,5.894,5.0,5.3,6.3,7.9,7.5,,5.0,Fase 6 (2º EM),-2,False,False,6.0,4.5,,738.0,66.0,13.0,4.0,Sem limitações,Melhorar: Melhorar a sua entrega de lições de casa.,Melhorar: Empenhar-se mais nas aulas e avaliações.,Melhorar: Integrar-se mais aos Princípios Passos Mágicos.,6.0,4.0,False,False,False,False,False,False,False,False,False,False,False,False,False,False
RA-115,2022,Aluno-115,4,A,Feminino,16.0,2019,Escola Pública,,,Quartzo,5.886,5.0,3.8,6.8,8.3,6.3,,5.583,Fase 6 (2º EM),-2,False,False,3.0,5.7,2.7,740.0,67.0,14.0,4.0,Requer avaliação,Melhorar: Melhorar a sua entrega de lições de casa.,Melhorar: Empenhar-se mais nas aulas e avaliações.,Melhorar: Integrar-se mais aos Princípios Passos Mágicos.,6.0,4.0,False,False,False,False,False,False,False,False,False,False,False,False,False,False
RA-116,2022,Aluno-116,4,B,Feminino,16.0,2019,Escola Pública,,,Ágata,6.854,5.0,5.9,8.1,5.8,6.3,,7.792,Fase 6 (2º EM),-2,False,True,5.0,7.2,5.5,538.0,46.0,8.0,4.0,Sem limitações,Destaque: A sua boa entrega das lições de casa.,Melhorar: Empenhar-se mais nas aulas e avaliações.,Destaque: A sua boa integração aos Princípios Passos Mágicos.,6.0,4.0,False,False,False,False,False,False,False,False,False,False,False,False,False,False
RA-117,2022,Aluno-117,4,B,Feminino,15.0,2022,Escola Pública,,,Ágata,6.685,5.0,6.1,6.3,7.9,6.9,,7.417,Fase 5 (1º EM),-1,False,False,4.7,6.7,7.0,593.0,55.0,10.0,4.0,Requer avaliação,Melhorar: Melhorar a sua entrega de lições de casa.,Melhorar: Empenhar-se mais nas aulas e avaliações.,Melhorar: Integrar-se mais aos Princípios Passos Mágicos.,5.0,4.0,False,False,False,False,False,False,False,False,False,False,False,False,False,False
RA-118,2022,Aluno-118,4,B,Feminino,14.0,2021,Escola Pública,,,Quartzo,5.597,10.0,3.9,5.3,0.0,6.3,,6.958,Fase 4 (9º ano),0,False,False,3.7,4.7,3.5,775.0,70.0,12.0,4.0,Sem limitações,Melhorar: Melhorar a sua entrega de lições de casa.,Melhorar: Empenhar-se mais nas aulas e avaliações.,Melhorar: Integrar-se mais aos Princípios Passos Mágicos.,4.0,4.0,True,False,False,False,False,False,False,False,False,False,True,False,False,False
RA-119,2022,Aluno-119,4,B,Feminino,14.0,2016,Rede Decisão,,,Ametista,7.501,10.0,5.4,8.2,8.3,5.6,,7.875,Fase 4 (9º ano),0,False,False,5.7,7.0,3.4,311.0,26.0,3.0,4.0,Requer avaliação,Destaque: A sua boa entrega das lições de casa.,Melhorar: Empenhar-se mais nas aulas e avaliações.,Destaque: A sua boa integração aos Princípios Passos Mágicos.,4.0,4.0,False,False,False,False,False,False,False,False,False,False,False,False,False,False
RA-120,2022,Aluno-120,4,B,Masculino,15.0,2019,Escola Pública,,,Ágata,6.825,5.0,6.2,5.9,8.3,7.5,,7.667,Fase 5 (1º EM),-1,False,True,3.7,5.2,9.7,547.0,48.0,9.0,4.0,Não atendido,Melhorar: Melhorar a sua entrega de lições de casa.,Melhorar: Empenhar-se mais nas aulas e avaliações.,Destaque: A sua boa integração aos Princípios Passos Mágicos.,5.0,4.0,False,False,False,False,False,False,False,False,False,False,False,False,False,False
RA-121,2022,Aluno-121,4,B,Feminino,16.0,2021,Escola Pública,,,Ametista,7.245,5.0,7.2,8.4,7.1,6.3,,7.625,Fase 6 (2º EM),-2,False,True,5.7,6.8,9.0,413.0,33.0,5.0,4.0,Sem limitações,Destaque: A sua boa entrega das lições de casa.,Melhorar: Empenhar-se mais nas aulas e avaliações.,Destaque: A sua boa integração aos Princípios Passos Mágicos.,6.0,4.0,False,False,False,False,False,False,False,False,False,False,False,False,False,False
RA-122,2022,Aluno-122,4,B,Feminino,14.0,2019,Escola Pública,,,Quartzo,5.061,10.0,1.8,3.4,7.9,7.5,,4.958,Fase 4 (9º ano),0,False,False,1.7,3.7,0.0,818.0,74.0,14.0,4.0,Não atendido,Melhorar: Melhorar a sua entrega de lições de casa.,Melhorar: Empenhar-se mais nas aulas e avaliações.,Melhorar: Integrar-se mais aos Princípios Passos Mágicos.,4.0,4.0,False,False,False,False,False,False,False,False,False,True,False,False,False,False
RA-123,2022,Aluno-123,4,B,Masculino,16.0,2017,Rede Decisão,,,Ametista,7.084,5.0,6.5,8.6,7.9,5.6,,7.292,Fase 6 (2º EM),-2,False,False,7.3,6.3,5.9,461.0,37.0,6.0,4.0,Requer avaliação,Destaque: A sua boa entrega das lições de casa.,Melhorar: Empenhar-se mais nas aulas e avaliações.,Melhorar: Integrar-se mais aos Princípios Passos Mágicos.,6.0,4.0,False,False,False,False,False,False,False,False,False,False,False,False,False,False
RA-124,2022,Aluno-124,4,B,Masculino,14.0,2016,Rede Decisão,,,Ametista,7.388,10.0,6.7,7.8,7.9,5.0,,7.167,Fase 4 (9º ano),0,False,False,5.7,7.0,7.5,365.0,29.0,4.0,4.0,Requer avaliação,Destaque: A sua boa entrega das lições de casa.,Melhorar: Empenhar-se mais nas aulas e avaliações.,Melhorar: Integrar-se mais aos Princípios Passos Mágicos.,4.0,4.0,False,False,False,False,False,False,False,False,False,False,False,False,False,False
RA-125,2022,Aluno-125,4,B,Feminino,15.0,2022,Escola Pública,,,Ametista,7.619,5.0,7.1,8.5,8.8,7.5,,7.75,Fase 5 (1º EM),-1,False,True,5.0,7.2,9.2,266.0,21.0,2.0,4.0,Não atendido,Destaque: A sua boa entrega das lições de casa.,Melhorar: Empenhar-se mais nas aulas e avaliações.,Destaque: A sua boa integração aos Princípios Passos Mágicos.,5.0,4.0,False,False,False,False,False,False,False,False,False,False,False,False,False,False
RA-126,2022,Aluno-126,4,B,Masculino,15.0,2018,Escola Pública,,,Ágata,6.289,5.0,4.4,5.8,7.1,7.5,,7.417,Fase 5 (1º EM),-1,False,True,4.0,5.0,4.2,689.0,62.0,11.0,4.0,Não atendido,Melhorar: Melhorar a sua entrega de lições de casa.,Melhorar: Empenhar-se mais nas aulas e avaliações.,Melhorar: Integrar-se mais aos Princípios Passos Mágicos.,5.0,4.0,False,False,False,False,False,False,False,False,False,False,False,False,False,False
RA-127,2022,Aluno-127,4,B,Feminino,14.0,2022,Escola Pública,,,Topázio,8.283,10.0,7.9,8.7,7.5,7.5,,8.125,Fase 4 (9º ano),0,False,True,7.7,7.7,8.3,63.0,7.0,1.0,4.0,Não atendido,Destaque: A sua boa entrega das lições de casa.,Destaque: As suas boas notas na Passos Mágicos.,Destaque: A sua boa integração aos Princípios Passos Mágicos.,4.0,4.0,False,False,False,False,False,False,False,False,False,False,False,False,False,False
RA-128,2022,Aluno-128,4,B,Masculino,15.0,2019,Escola Pública,,,Quartzo,5.563,5.0,5.6,6.2,0.0,7.5,,6.167,Fase 5 (1º EM),-1,False,True,6.7,6.8,3.2,778.0,71.0,13.0,4.0,Não atendido,Melhorar: Melhorar a sua entrega de lições de casa.,Melhorar: Empenhar-se mais nas aulas e avaliações.,Melhorar: Integrar-se mais aos Princípios Passos Mágicos.,5.0,4.0,True,False,False,False,False,False,False,False,False,False,True,False,False,False
RA-129,2022,Aluno-129,4,B,Masculino,15.0,2019,Escola Pública,,,Ágata,6.926,5.0,6.7,6.4,6.7,7.5,,7.792,Fase 5 (1º EM),-1,False,True,6.0,5.3,8.7,516.0,42.0,7.0,4.0,Não atendido,Melhorar: Melhorar a sua entrega de lições de casa.,Melhorar: Empenhar-se mais nas aulas e avaliações.,Destaque: A sua boa integração aos Princípios Passos Mágicos.,5.0,4.0,False,False,False,False,False,False,False,False,False,False,False,False,False,False
RA-130,2022,Aluno-130,4,F,Feminino,16.0,2018,Escola Pública,,,Quartzo,5.624,5.0,4.1,4.7,8.3,5.0,,6.5,Fase 6 (2º EM),-2,False,False,3.7,5.2,3.5,772.0,69.0,14.0,4.0,Requer avaliação,Melhorar: Melhorar a sua entrega de lições de casa.,Melhorar: Empenhar-se mais nas aulas e avaliações.,Melhorar: Integrar-se mais aos Princípios Passos Mágicos.,6.0,4.0,False,False,False,False,False,False,False,False,False,False,False,False,False,False
RA-131,2022,Aluno-131,4,F,Feminino,15.0,2016,Escola Pública,,,Ametista,7.174,5.0,5.6,9.0,8.8,5.6,,7.75,Fase 5 (1º EM),-1,False,True,6.0,6.5,4.2,440.0,35.0,7.0,4.0,Sem limitações,Destaque: A sua boa entrega das lições de casa.,Melhorar: Empenhar-se mais nas aulas e avaliações.,Destaque: A sua boa integração aos Princípios Passos Mágicos.,5.0,4.0,False,False,False,False,False,False,False,False,False,False,False,False,False,False
RA-132,2022,Aluno-132,4,F,Feminino,14.0,2019,Rede Decisão,,,Topázio,8.355,10.0,7.7,8.8,10.0,5.6,,8.458,Fase 4 (9º ano),0,True,False,6.5,7.5,9.1,53.0,5.0,2.0,4.0,Sem limitações,Destaque: A sua boa entrega das lições de casa.,Destaque: As suas boas notas na Passos Mágicos.,Destaque: A sua boa integração aos Princípios Passos Mágicos.,4.0,4.0,False,False,False,False,False,False,False,False,False,False,False,False,False,False
RA-133,2022,Aluno-133,4,F,Feminino,15.0,2016,Escola Pública,,,Ágata,6.875,5.0,5.6,7.1,7.9,7.5,,7.625,Fase 5 (1º EM),-1,False,False,4.7,7.2,5.0,530.0,45.0,10.0,4.0,Não atendido,Melhorar: Melhorar a sua entrega de lições de casa.,Melhorar: Empenhar-se mais nas aulas e avaliações.,Destaque: A sua boa integração aos Princípios Passos Mágicos.,5.0,4.0,False,False,False,False,False,False,False,False,False,False,False,False,False,False
RA-134,2022,Aluno-134,4,F,Feminino,15.0,2021,Escola Pública,,,Ágata,6.607,5.0,4.7,6.8,8.8,7.5,,7.375,Fase 5 (1º EM),-1,False,True,4.7,6.8,2.5,623.0,56.0,12.0,4.0,Não atendido,Melhorar: Melhorar a sua entrega de lições de casa.,Melhorar: Empenhar-se mais nas aulas e avaliações.,Melhorar: Integrar-se mais aos Princípios Passos Mágicos.,5.0,4.0,False,False,False,False,False,False,False,False,False,False,False,False,False,False
RA-135,2022,Aluno-135,4,F,Feminino,15.0,2019,Escola Pública,,,Ametista,7.692,5.0,8.6,7.8,8.3,5.6,,8.583,Fase 5 (1º EM),-1,True,True,8.0,8.2,9.5,237.0,20.0,4.0,4.0,Sem limitações,Destaque: A sua boa entrega das lições de casa.,Destaque: As suas boas notas na Passos Mágicos.,Destaque: A sua boa integração aos Princípios Passos Mágicos.,5.0,4.0,False,False,False,False,False,False,False,False,False,False,False,False,False,False
RA-136,2022,Aluno-136,4,F,Masculino,15.0,2019,Escola Pública,,,Ágata,6.478,5.0,4.6,6.3,10.0,7.5,,6.667,Fase 5 (1º EM),-1,False,False,5.3,5.7,2.8,646.0,59.0,13.0,4.0,Não atendido,Melhorar: Melhorar a sua entrega de lições de casa.,Melhorar: Empenhar-se mais nas aulas e avaliações.,Melhorar: Integrar-se mais aos Princípios Passos Mágicos.,5.0,4.0,False,False,False,False,False,False,False,False,False,False,False,False,False,False
RA-137,2022,Aluno-137,4,F,Feminino,17.0,2016,Rede Decisão,,,Ametista,7.056,2.5,7.3,8.9,7.5,5.0,,7.792,Fase 7 (3º EM),-3,False,False,6.0,7.3,8.5,468.0,38.0,9.0,4.0,Requer avaliação,Destaque: A sua boa entrega das lições de casa.,Melhorar: Empenhar-se mais nas aulas e avaliações.,Destaque: A sua boa integração aos Princípios Passos Mágicos.,7.0,4.0,False,False,False,False,False,False,False,False,False,False,False,False,False,False
RA-138,2022,Aluno-138,4,F,Masculino,15.0,2016,Escola Pública,,,Ágata,6.738,5.0,5.6,8.0,9.6,5.6,,6.375,Fase 5 (1º EM),-1,False,True,5.0,6.5,5.2,573.0,53.0,11.0,4.0,Requer avaliação,Destaque: A sua boa entrega das lições de casa.,Melhorar: Empenhar-se mais nas aulas e avaliações.,Melhorar: Integrar-se mais aos Princípios Passos Mágicos.,5.0,4.0,False,False,False,False,False,False,False,False,False,False,False,False,False,False
RA-139,2022,Aluno-139,4,F,Masculino,17.0,2019,Escola Pública,,,Quartzo,3.738,2.5,1.4,3.5,7.1,5.0,,3.917,Fase 7 (3º EM),-3,False,False,1.7,2.7,0.0,858.0,75.0,15.0,4.0,Requer avaliação,Melhorar: Melhorar a sua entrega de lições de casa.,Melhorar: Empenhar-se mais nas aulas e avaliações.,Melhorar: Integrar-se mais aos Princípios Passos Mágicos.,7.0,4.0,False,False,False,False,False,False,True,False,False,True,False,False,False,True
RA-140,2022,Aluno-140,4,F,Feminino,14.0,2021,Escola Pública,,,Ametista,7.407,10.0,5.7,7.6,7.9,6.9,,7.667,Fase 4 (9º ano),0,False,True,5.0,6.5,5.6,358.0,28.0,6.0,4.0,Não atendido,Destaque: A sua boa entrega das lições de casa.,Melhorar: Empenhar-se mais nas aulas e avaliações.,Destaque: A sua boa integração aos Princípios Passos Mágicos.,4.0,4.0,False,False,False,False,False,False,False,False,False,False,False,False,False,False
RA-141,2022,Aluno-141,4,F,Masculino,14.0,2017,Escola Pública,,,Ametista,7.118,10.0,5.7,8.2,9.2,5.6,,5.917,Fase 4 (9º ano),0,False,False,5.8,6.2,5.0,450.0,36.0,8.0,4.0,Requer avaliação,Destaque: A sua boa entrega das lições de casa.,Melhorar: Empenhar-se mais nas aulas e avaliações.,Melhorar: Integrar-se mais aos Princípios Passos Mágicos.,4.0,4.0,False,False,False,False,False,False,False,False,False,False,False,False,False,False
RA-142,2022,Aluno-142,4,F,Feminino,14.0,2021,Escola Pública,,,Ametista,7.457,10.0,6.3,8.6,6.7,5.6,,7.583,Fase 4 (9º ano),0,False,False,6.0,6.8,6.0,332.0,27.0,5.0,4.0,Requer avaliação,Destaque: A sua boa entrega das lições de casa.,Melhorar: Empenhar-se mais nas aulas e avaliações.,Destaque: A sua boa integração aos Princípios Passos Mágicos.,4.0,4.0,False,False,False,False,False,False,False,False,False,False,False,False,False,False
RA-143,2022,Aluno-143,4,F,Masculino,13.0,2019,Rede Decisão,,,Topázio,8.638,10.0,7.9,9.9,8.3,5.6,,9.5,Fase 3 (7º e 8º ano),1,True,False,9.7,7.7,6.4,24.0,3.0,1.0,4.0,Sem limitações,Destaque: A sua boa entrega das lições de casa.,Destaque: As suas boas notas na Passos Mágicos.,Destaque: A sua boa integração aos Princípios Passos Mágicos.,3.0,4.0,False,False,False,False,False,False,False,False,False,False,False,False,False,False
RA-144,2022,Aluno-144,4,F,Feminino,14.0,2017,Rede Decisão,,,Topázio,8.181,10.0,7.9,9.3,7.5,5.0,,8.292,Fase 4 (9º ano),0,False,False,7.5,7.2,9.0,89.0,9.0,3.0,4.0,Requer avaliação,Destaque: A sua boa entrega das lições de casa.,Destaque: As suas boas notas na Passos Mágicos.,Destaque: A sua boa integração aos Princípios Passos Mágicos.,4.0,4.0,False,False,False,False,False,False,False,False,False,False,False,False,False,False
RA-145,2022,Aluno-145,4,H,Masculino,16.0,2017,Escola Pública,,,Quartzo,5.846,5.0,5.2,6.3,0.0,8.1,,7.25,Fase 6 (2º EM),-2,False,True,3.0,4.8,7.8,746.0,68.0,7.0,4.0,Sem limitações,Melhorar: Melhorar a sua entrega de lições de casa.,Melhorar: Empenhar-se mais nas aulas e avaliações.,Melhorar: Integrar-se mais aos Princípios Passos Mágicos.,6.0,4.0,True,False,False,False,False,False,False,False,False,False,True,False,False,False
RA-146,2022,Aluno-146,4,H,Feminino,15.0,2022,Escola Pública,,,Ametista,7.947,5.0,7.9,9.2,8.3,7.5,,8.208,Fase 5 (1º EM),-1,False,True,6.3,7.3,10.0,156.0,15.0,1.0,4.0,Não atendido,Destaque: A sua boa entrega das lições de casa.,Destaque: As suas boas notas na Passos Mágicos.,Destaque: A sua boa integração aos Princípios Passos Mágicos.,5.0,4.0,False,False,False,False,False,False,False,False,False,False,False,False,False,False
RA-147,2022,Aluno-147,4,H,Feminino,14.0,2022,Escola Pública,,,Ametista,7.541,10.0,6.1,7.7,8.3,7.5,,7.25,Fase 4 (9º ano),0,False,False,5.8,4.8,7.7,293.0,24.0,4.0,4.0,Não atendido,Destaque: A sua boa entrega das lições de casa.,Melhorar: Empenhar-se mais nas aulas e avaliações.,Melhorar: Integrar-se mais aos Princípios Passos Mágicos.,4.0,4.0,False,False,False,False,False,False,False,False,False,False,False,False,False,False
RA-148,2022,Aluno-148,4,H,Masculino,14.0,2022,Escola Pública,,,Ametista,7.894,10.0,5.3,7.9,9.2,10.0,,7.708,Fase 4 (9º ano),0,False,True,4.7,6.3,5.0,172.0,16.0,2.0,4.0,Sem limitações,Destaque: A sua boa entrega das lições de casa.,Melhorar: Empenhar-se mais nas aulas e avaliações.,Destaque: A sua boa integração aos Princípios Passos Mágicos.,4.0,4.0,False,False,False,False,False,False,False,False,False,False,False,True,False,False
RA-149,2022,Aluno-149,4,H,Feminino,15.0,2022,Escola Pública,,,Ágata,6.323,5.0,5.0,6.5,9.2,7.5,,6.125,Fase 5 (1º EM),-1,False,False,4.0,6.0,,679.0,60.0,6.0,4.0,Não atendido,Melhorar: Melhorar a sua entrega de lições de casa.,Melhorar: Empenhar-se mais nas aulas e avaliações.,Melhorar: Integrar-se mais aos Princípios Passos Mágicos.,5.0,4.0,False,False,False,False,False,False,False,False,False,False,False,False,False,False
RA-150,2022,Aluno-150,4,H,Feminino,16.0,2020,Escola Pública,,,Ágata,6.962,5.0,6.9,6.3,9.6,6.9,,7.333,Fase 6 (2º EM),-2,False,True,5.3,6.7,8.6,498.0,41.0,5.0,4.0,Sem limitações,Melhorar: Melhorar a sua entrega de lições de casa.,Melhorar: Empenhar-se mais nas aulas e avaliações.,Melhorar: Integrar-se mais aos Princípios Passos Mágicos.,6.0,4.0,False,False,False,False,False,False,False,False,False,False,False,False,False,False
RA-151,2022,Aluno-151,4,H,Feminino,16.0,2020,Escola Pública,,,Ametista,7.563,5.0,8.3,7.5,8.8,6.9,,7.958,Fase 6 (2º EM),-2,False,True,7.3,8.0,9.5,289.0,23.0,3.0,4.0,Sem limitações,Destaque: A sua boa entrega das lições de casa.,Destaque: As suas boas notas na Passos Mágicos.,Destaque: A sua boa integração aos Princípios Passos Mágicos.,6.0,4.0,False,False,False,False,False,False,False,False,False,False,False,False,False,False
RA-152,2022,Aluno-152,4,L,Feminino,16.0,2022,Escola Pública,,,Ágata,6.712,5.0,6.5,7.0,8.3,7.5,,6.292,Fase 6 (2º EM),-2,False,False,4.0,7.0,8.5,586.0,54.0,13.0,4.0,Não atendido,Melhorar: Melhorar a sua entrega de lições de casa.,Melhorar: Empenhar-se mais nas aulas e avaliações.,Melhorar: Integrar-se mais aos Princípios Passos Mágicos.,6.0,4.0,False,False,False,False,False,False,False,False,False,False,False,False,False,False
RA-153,2022,Aluno-153,4,L,Feminino,14.0,2018,Rede Decisão,,,Ametista,7.535,10.0,6.6,8.2,7.9,5.0,,7.708,Fase 4 (9º ano),0,False,False,3.3,7.7,8.8,297.0,25.0,5.0,4.0,Requer avaliação,Destaque: A sua boa entrega das lições de casa.,Melhorar: Empenhar-se mais nas aulas e avaliações.,Destaque: A sua boa integração aos Princípios Passos Mágicos.,4.0,4.0,False,False,False,False,False,False,False,False,False,False,False,False,False,False
RA-154,2022,Aluno-154,4,L,Masculino,15.0,2017,Escola Pública,,,Ágata,6.073,5.0,4.0,6.1,8.3,6.3,,6.833,Fase 5 (1º EM),-1,False,True,3.7,6.2,2.1,714.0,65.0,15.0,4.0,Sem limitações,Melhorar: Melhorar a sua entrega de lições de casa.,Melhorar: Empenhar-se mais nas aulas e avaliações.,Melhorar: Integrar-se mais aos Princípios Passos Mágicos.,5.0,4.0,False,False,False,False,False,False,False,False,False,False,False,False,False,False
RA-155,2022,Aluno-155,4,L,Masculino,16.0,2022,Escola Pública,,,Ametista,7.051,5.0,5.2,8.3,10.0,7.5,,6.833,Fase 6 (2º EM),-2,False,True,4.3,6.8,4.3,470.0,39.0,9.0,4.0,Não atendido,Destaque: A sua boa entrega das lições de casa.,Melhorar: Empenhar-se mais nas aulas e avaliações.,Melhorar: Integrar-se mais aos Princípios Passos Mágicos.,6.0,4.0,False,False,False,False,False,False,False,False,False,False,False,False,False,False
RA-156,2022,Aluno-156,4,L,Masculino,15.0,2018,Escola Pública,,,Ametista,7.357,5.0,4.4,8.3,10.0,9.4,,7.792,Fase 5 (1º EM),-1,False,True,4.7,6.5,2.1,376.0,30.0,6.0,4.0,Sem limitações,Destaque: A sua boa entrega das lições de casa.,Melhorar: Empenhar-se mais nas aulas e avaliações.,Destaque: A sua boa integração aos Princípios Passos Mágicos.,5.0,4.0,False,False,False,False,False,False,False,False,False,False,False,True,False,False
RA-157,2022,Aluno-157,4,L,Feminino,12.0,2018,Rede Decisão,,,Topázio,8.317,10.0,7.7,10.0,7.5,6.3,,8.292,Fase 3 (7º e 8º ano),1,False,False,7.0,7.5,8.7,59.0,6.0,1.0,4.0,Requer avaliação,Destaque: A sua boa entrega das lições de casa.,Destaque: As suas boas notas na Passos Mágicos.,Destaque: A sua boa integração aos Princípios Passos Mágicos.,3.0,4.0,False,False,False,False,False,False,False,False,False,False,False,False,False,False
RA-158,2022,Aluno-158,4,L,Feminino,17.0,2017,Rede Decisão,,,Ametista,7.302,2.5,6.6,9.8,7.9,5.6,,8.125,Fase 7 (3º EM),-3,False,False,5.0,6.7,8.1,392.0,32.0,7.0,4.0,Requer avaliação,Destaque: A sua boa entrega das lições de casa.,Melhorar: Empenhar-se mais nas aulas e avaliações.,Destaque: A sua boa integração aos Princípios Passos Mágicos.,7.0,4.0,False,False,False,False,False,False,False,False,False,False,False,False,False,False
RA-159,2022,Aluno-159,4,L,Feminino,15.0,2021,Escola Pública,,,Ágata,6.49,5.0,4.7,8.1,8.3,5.6,,6.458,Fase 5 (1º EM),-1,False,False,4.3,5.8,3.9,644.0,58.0,14.0,4.0,Requer avaliação,Destaque: A sua boa entrega das lições de casa.,Melhorar: Empenhar-se mais nas aulas e avaliações.,Melhorar: Integrar-se mais aos Princípios Passos Mágicos.,5.0,4.0,False,False,False,False,False,False,False,False,False,False,False,False,False,False
RA-160,2022,Aluno-160,4,L,Feminino,15.0,2021,Escola Pública,,,Ágata,6.746,5.0,5.3,7.2,7.5,5.6,,8.25,Fase 5 (1º EM),-1,False,True,2.7,6.0,7.1,568.0,52.0,12.0,4.0,Requer avaliação,Melhorar: Melhorar a sua entrega de lições de casa.,Melhorar: Empenhar-se mais nas aulas e avaliações.,Destaque: A sua boa integração aos Princípios Passos Mágicos.,5.0,4.0,False,False,False,False,False,False,False,False,False,False,False,False,False,False
RA-161,2022,Aluno-161,4,L,Feminino,11.0,2018,Rede Decisão,,,Ametista,7.957,10.0,6.9,9.1,7.9,5.6,,8.083,Fase 2 (5º e 6º ano),2,False,False,5.3,6.8,8.5,153.0,14.0,4.0,4.0,Requer avaliação,Destaque: A sua boa entrega das lições de casa.,Melhorar: Empenhar-se mais nas aulas e avaliações.,Destaque: A sua boa integração aos Princípios Passos Mágicos.,2.0,4.0,False,False,False,False,False,False,False,False,False,False,False,False,False,False
RA-162,2022,Aluno-162,4,L,Feminino,14.0,2021,Escola Pública,,,Ametista,7.215,10.0,5.5,8.5,6.7,7.5,,6.542,Fase 4 (9º ano),0,False,False,4.7,5.5,6.4,423.0,34.0,8.0,4.0,Requer avaliação,Destaque: A sua boa entrega das lições de casa.,Melhorar: Empenhar-se mais nas aulas e avaliações.,Melhorar: Integrar-se mais aos Princípios Passos Mágicos.,4.0,4.0,False,False,False,False,False,False,False,False,False,False,False,False,False,False
RA-163,2022,Aluno-163,4,L,Feminino,15.0,2021,Escola Pública,,,Ágata,6.797,5.0,6.7,7.9,8.8,5.6,,6.5,Fase 5 (1º EM),-1,False,False,6.5,6.3,7.4,556.0,49.0,10.0,4.0,Requer avaliação,Destaque: A sua boa entrega das lições de casa.,Melhorar: Empenhar-se mais nas aulas e avaliações.,Melhorar: Integrar-se mais aos Princípios Passos Mágicos.,5.0,4.0,False,False,False,False,False,False,False,False,False,False,False,False,False,False
RA-164,2022,Aluno-164,4,L,Masculino,16.0,2018,Escola Pública,,,Ágata,6.776,5.0,6.5,7.3,8.3,5.6,,7.208,Fase 6 (2º EM),-2,False,True,4.7,6.5,8.3,562.0,50.0,11.0,4.0,Requer avaliação,Melhorar: Melhorar a sua entrega de lições de casa.,Melhorar: Empenhar-se mais nas aulas e avaliações.,Melhorar: Integrar-se mais aos Princípios Passos Mágicos.,6.0,4.0,False,False,False,False,False,False,False,False,False,False,False,False,False,False
RA-165,2022,Aluno-165,4,L,Feminino,14.0,2017,Rede Decisão,,,Topázio,8.063,10.0,7.6,9.8,7.1,5.6,,7.5,Fase 4 (9º ano),0,False,False,5.3,7.8,9.7,128.0,12.0,3.0,4.0,Sem limitações,Destaque: A sua boa entrega das lições de casa.,Destaque: As suas boas notas na Passos Mágicos.,Destaque: A sua boa integração aos Princípios Passos Mágicos.,4.0,4.0,False,False,False,False,False,False,False,False,False,False,False,False,False,False
RA-166,2022,Aluno-166,4,L,Masculino,14.0,2020,Escola Pública,,,Topázio,8.253,10.0,8.1,9.0,9.2,6.3,,7.542,Fase 4 (9º ano),0,False,True,7.0,7.2,10.0,73.0,8.0,2.0,4.0,Sem limitações,Destaque: A sua boa entrega das lições de casa.,Destaque: As suas boas notas na Passos Mágicos.,Destaque: A sua boa integração aos Princípios Passos Mágicos.,4.0,4.0,False,False,False,False,False,False,False,False,False,False,False,False,False,False
RA-167,2022,Aluno-167,4,P,Feminino,16.0,2018,Rede Decisão,,,Ametista,7.798,5.0,7.9,9.7,9.2,5.6,,7.833,Fase 6 (2º EM),-2,False,False,9.3,8.0,6.3,200.0,19.0,3.0,4.0,Requer avaliação,Destaque: A sua boa entrega das lições de casa.,Destaque: As suas boas notas na Passos Mágicos.,Destaque: A sua boa integração aos Princípios Passos Mágicos.,6.0,4.0,False,False,False,False,False,False,False,False,False,False,False,False,False,False
RA-168,2022,Aluno-168,4,P,Feminino,15.0,2018,Rede Decisão,,,Ágata,6.917,5.0,5.9,8.3,7.9,6.3,,7.083,Fase 5 (1º EM),-1,False,False,4.7,8.2,5.0,522.0,44.0,5.0,4.0,Sem limitações,Destaque: A sua boa entrega das lições de casa.,Melhorar: Empenhar-se mais nas aulas e avaliações.,Melhorar: Integrar-se mais aos Princípios Passos Mágicos.,5.0,4.0,False,False,False,False,False,False,False,False,False,False,False,False,False,False
RA-169,2022,Aluno-169,4,P,Feminino,15.0,2018,Escola Pública,,,Quartzo,5.159,5.0,3.2,5.1,7.5,6.3,,4.792,Fase 5 (1º EM),-1,False,False,1.3,4.5,3.8,814.0,73.0,9.0,4.0,Sem limitações,Melhorar: Melhorar a sua entrega de lições de casa.,Melhorar: Empenhar-se mais nas aulas e avaliações.,Melhorar: Integrar-se mais aos Princípios Passos Mágicos.,5.0,4.0,False,False,False,False,False,False,False,False,False,False,False,False,False,True
RA-170,2022,Aluno-170,4,P,Feminino,14.0,2018,Rede Decisão,,,Ágata,7.007,10.0,4.9,9.2,8.3,5.6,,5.792,Fase 4 (9º ano),0,False,False,3.7,6.7,4.3,484.0,40.0,4.0,4.0,Requer avaliação,Destaque: A sua boa entrega das lições de casa.,Melhorar: Empenhar-se mais nas aulas e avaliações.,Melhorar: Integrar-se mais aos Princípios Passos Mágicos.,4.0,4.0,False,False,False,False,False,False,False,False,False,False,False,False,False,False
RA-171,2022,Aluno-171,4,P,Masculino,16.0,2022,Escola Pública,,,Ágata,6.581,5.0,5.5,6.8,7.5,7.5,,6.875,Fase 6 (2º EM),-2,False,False,3.0,8.0,,632.0,57.0,7.0,4.0,Sem limitações,Melhorar: Melhorar a sua entrega de lições de casa.,Melhorar: Empenhar-se mais nas aulas e avaliações.,Melhorar: Integrar-se mais aos Princípios Passos Mágicos.,6.0,4.0,False,False,False,False,False,False,False,False,False,False,False,False,False,False
RA-172,2022,Aluno-172,4,P,Feminino,14.0,2018,Rede Decisão,,,Topázio,8.673,10.0,7.3,8.9,9.2,9.4,,8.917,Fase 4 (9º ano),0,True,False,6.0,7.7,8.1,18.0,1.0,1.0,4.0,Sem limitações,Destaque: A sua boa entrega das lições de casa.,Melhorar: Empenhar-se mais nas aulas e avaliações.,Destaque: A sua boa integração aos Princípios Passos Mágicos.,4.0,4.0,False,False,False,False,False,False,False,False,False,False,False,True,False,False
RA-173,2022,Aluno-173,4,P,Masculino,17.0,2019,Rede Decisão,,,Ametista,7.816,2.5,7.9,9.2,8.3,6.9,,9.25,Fase 7 (3º EM),-3,True,False,9.0,7.5,7.1,198.0,18.0,2.0,4.0,Requer avaliação,Destaque: A sua boa entrega das lições de casa.,Destaque: As suas boas notas na Passos Mágicos.,Destaque: A sua boa integração aos Princípios Passos Mágicos.,7.0,4.0,False,False,False,False,False,False,False,False,False,False,False,False,False,False
RA-174,2022,Aluno-174,4,P,Feminino,15.0,2019,Escola Pública,,,Ágata,6.075,5.0,4.4,6.2,7.9,7.5,,6.042,Fase 5 (1º EM),-1,False,False,4.0,5.3,3.8,713.0,64.0,8.0,4.0,Sem limitações,Melhorar: Melhorar a sua entrega de lições de casa.,Melhorar: Empenhar-se mais nas aulas e avaliações.,Melhorar: Integrar-se mais aos Princípios Passos Mágicos.,5.0,4.0,False,False,False,False,False,False,False,False,False,False,False,False,False,False
RA-175,2022,Aluno-175,4,P,Feminino,15.0,2018,Rede Decisão,,,Ágata,6.75,5.0,5.9,9.2,8.3,5.6,,5.833,Fase 5 (1º EM),-1,False,False,4.7,7.2,5.9,567.0,51.0,6.0,4.0,Requer avaliação,Destaque: A sua boa entrega das lições de casa.,Melhorar: Empenhar-se mais nas aulas e avaliações.,Melhorar: Integrar-se mais aos Princípios Passos Mágicos.,5.0,4.0,False,False,False,False,False,False,False,False,False,False,False,False,False,False
RA-176,2022,Aluno-176,3,A,Feminino,13.0,2018,Rede Decisão,,,Topázio,8.427,10.0,6.9,9.1,9.6,5.6,,9.083,Fase 3 (7º e 8º ano),0,True,False,5.1,6.8,8.7,44.0,12.0,4.0,4.0,Requer avaliação,Destaque: A sua boa entrega das lições de casa.,Melhorar: Empenhar-se mais nas aulas e avaliações.,Destaque: A sua boa integração aos Princípios Passos Mágicos.,3.0,3.0,False,False,False,False,False,False,False,False,False,False,False,False,False,False
RA-177,2022,Aluno-177,3,A,Feminino,13.0,2022,Escola Pública,,,Ametista,7.424,10.0,6.8,8.8,7.9,4.4,,6.958,Fase 3 (7º e 8º ano),0,False,False,6.0,7.5,,347.0,40.0,9.0,4.0,Requer avaliação,Destaque: A sua boa entrega das lições de casa.,Melhorar: Empenhar-se mais nas aulas e avaliações.,Melhorar: Integrar-se mais aos Princípios Passos Mágicos.,3.0,3.0,False,False,False,False,False,False,False,False,False,False,False,True,False,False
RA-178,2022,Aluno-178,3,A,Feminino,13.0,2016,Rede Decisão,,,Ágata,7.025,10.0,6.3,8.8,0.0,4.4,,8.458,Fase 3 (7º e 8º ano),0,True,False,6.2,5.3,7.3,481.0,61.0,13.0,4.0,Requer avaliação,Destaque: A sua boa entrega das lições de casa.,Melhorar: Empenhar-se mais nas aulas e avaliações.,Destaque: A sua boa integração aos Princípios Passos Mágicos.,3.0,3.0,True,False,False,False,False,False,False,False,False,False,True,True,False,False
RA-179,2022,Aluno-179,3,A,Masculino,12.0,2022,Escola Pública,,,Ametista,7.993,10.0,6.1,9.2,7.5,7.5,,8.042,Fase 3 (7º e 8º ano),0,False,True,3.7,6.7,8.0,145.0,22.0,5.0,4.0,Sem limitações,Destaque: A sua boa entrega das lições de casa.,Melhorar: Empenhar-se mais nas aulas e avaliações.,Destaque: A sua boa integração aos Princípios Passos Mágicos.,3.0,3.0,False,False,False,False,False,False,False,False,False,False,False,False,False,False
RA-180,2022,Aluno-180,3,A,Masculino,12.0,2018,Rede Decisão,,,Topázio,8.442,10.0,8.1,8.3,9.2,6.3,,8.625,Fase 3 (7º e 8º ano),0,True,False,7.7,8.3,8.3,42.0,11.0,3.0,4.0,Requer avaliação,Destaque: A sua boa entrega das lições de casa.,Destaque: As suas boas notas na Passos Mágicos.,Destaque: A sua boa integração aos Princípios Passos Mágicos.,3.0,3.0,False,False,False,False,False,False,False,False,False,False,False,False,False,False
RA-181,2022,Aluno-181,3,A,Feminino,13.0,2019,Rede Decisão,,,Topázio,8.623,10.0,6.8,9.5,9.2,8.8,,8.458,Fase 3 (7º e 8º ano),0,True,False,6.8,7.3,6.2,25.0,6.0,2.0,4.0,Não atendido,Destaque: A sua boa entrega das lições de casa.,Melhorar: Empenhar-se mais nas aulas e avaliações.,Destaque: A sua boa integração aos Princípios Passos Mágicos.,3.0,3.0,False,False,False,False,False,False,False,False,False,False,False,False,False,False
RA-182,2022,Aluno-182,3,A,Feminino,16.0,2021,Escola Pública,,,Ágata,6.328,2.5,4.1,8.0,7.5,7.5,,6.958,Fase 6 (2º EM),-3,False,False,1.3,5.7,5.4,677.0,93.0,15.0,4.0,Não atendido,Destaque: A sua boa entrega das lições de casa.,Melhorar: Empenhar-se mais nas aulas e avaliações.,Melhorar: Integrar-se mais aos Princípios Passos Mágicos.,6.0,3.0,False,False,False,False,False,False,False,False,False,False,False,False,False,False
RA-183,2022,Aluno-183,3,A,Feminino,13.0,2022,Escola Pública,,,Ametista,7.3,10.0,3.8,8.8,8.3,7.5,,7.25,Fase 3 (7º e 8º ano),0,False,False,0.0,7.5,,394.0,46.0,11.0,4.0,Não atendido,Destaque: A sua boa entrega das lições de casa.,Melhorar: Empenhar-se mais nas aulas e avaliações.,Melhorar: Integrar-se mais aos Princípios Passos Mágicos.,3.0,3.0,False,False,False,False,False,False,False,False,False,False,False,False,False,False
RA-184,2022,Aluno-184,3,A,Masculino,16.0,2019,Escola Pública,,,Ametista,7.28,2.5,7.2,7.7,8.8,7.5,,8.0,Fase 6 (2º EM),-3,False,True,5.0,7.3,9.3,403.0,47.0,12.0,4.0,Não atendido,Destaque: A sua boa entrega das lições de casa.,Melhorar: Empenhar-se mais nas aulas e avaliações.,Destaque: A sua boa integração aos Princípios Passos Mágicos.,6.0,3.0,False,False,False,False,False,False,False,False,False,False,False,False,False,False
RA-185,2022,Aluno-185,3,A,Masculino,15.0,2021,Escola Pública,,,Ágata,6.615,5.0,4.5,7.7,7.9,7.5,,6.875,Fase 5 (1º EM),-2,False,False,3.3,5.7,4.5,621.0,81.0,14.0,4.0,Não atendido,Destaque: A sua boa entrega das lições de casa.,Melhorar: Empenhar-se mais nas aulas e avaliações.,Melhorar: Integrar-se mais aos Princípios Passos Mágicos.,5.0,3.0,False,False,False,False,False,False,False,False,False,False,False,False,False,False
RA-186,2022,Aluno-186,3,A,Feminino,13.0,2019,Escola Pública,,,Ametista,7.832,10.0,6.6,8.5,8.3,7.5,,7.5,Fase 3 (7º e 8º ano),0,False,True,6.0,5.7,8.0,192.0,29.0,7.0,4.0,Não atendido,Destaque: A sua boa entrega das lições de casa.,Melhorar: Empenhar-se mais nas aulas e avaliações.,Melhorar: Integrar-se mais aos Princípios Passos Mágicos.,3.0,3.0,False,False,False,False,False,False,False,False,False,False,False,False,False,False
RA-187,2022,Aluno-187,3,A,Feminino,12.0,2019,Rede Decisão,,,Ametista,7.928,10.0,5.8,8.9,8.8,7.5,,7.917,Fase 3 (7º e 8º ano),0,False,False,5.3,7.2,4.8,161.0,25.0,6.0,4.0,Não atendido,Destaque: A sua boa entrega das lições de casa.,Melhorar: Empenhar-se mais nas aulas e avaliações.,Destaque: A sua boa integração aos Princípios Passos Mágicos.,3.0,3.0,False,False,False,False,False,False,False,False,False,False,False,False,False,False
RA-188,2022,Aluno-188,3,A,Masculino,14.0,2021,Escola Pública,,,Quartzo,5.307,5.0,2.7,6.1,0.0,7.5,,7.583,Fase 4 (9º ano),-1,False,True,3.0,3.2,2.0,803.0,122.0,16.0,4.0,Não atendido,Melhorar: Melhorar a sua entrega de lições de casa.,Melhorar: Empenhar-se mais nas aulas e avaliações.,Destaque: A sua boa integração aos Princípios Passos Mágicos.,4.0,3.0,True,False,False,False,False,False,False,False,False,False,True,False,False,False
RA-189,2022,Aluno-189,3,A,Masculino,14.0,2018,Rede Decisão,,,Ametista,7.629,5.0,7.2,9.7,10.0,5.0,,7.333,Fase 4 (9º ano),-1,False,False,6.3,7.2,8.0,261.0,33.0,8.0,4.0,Requer avaliação,Destaque: A sua boa entrega das lições de casa.,Melhorar: Empenhar-se mais nas aulas e avaliações.,Melhorar: Integrar-se mais aos Princípios Passos Mágicos.,4.0,3.0,False,False,False,False,False,False,False,False,False,False,False,False,False,False
RA-190,2022,Aluno-190,3,A,Feminino,13.0,2022,Escola Pública,,,Ametista,7.335,10.0,6.3,6.9,6.7,8.8,,7.25,Fase 3 (7º e 8º ano),0,False,False,5.0,7.5,,380.0,44.0,10.0,4.0,Não atendido,Melhorar: Melhorar a sua entrega de lições de casa.,Melhorar: Empenhar-se mais nas aulas e avaliações.,Melhorar: Integrar-se mais aos Princípios Passos Mágicos.,3.0,3.0,False,False,False,False,False,False,False,False,False,False,False,False,False,False
RA-191,2022,Aluno-191,3,A,Masculino,13.0,2019,Rede Decisão,,,Topázio,8.74,10.0,7.2,9.4,10.0,8.8,,8.5,Fase 3 (7º e 8º ano),0,True,False,8.0,7.2,6.3,13.0,2.0,1.0,4.0,Não atendido,Destaque: A sua boa entrega das lições de casa.,Melhorar: Empenhar-se mais nas aulas e avaliações.,Destaque: A sua boa integração aos Princípios Passos Mágicos.,3.0,3.0,False,False,False,False,False,False,False,False,False,False,False,False,False,False
RA-192,2022,Aluno-192,3,B,Masculino,15.0,2021,Escola Pública,,,Quartzo,4.932,5.0,2.7,3.6,8.8,7.5,,4.708,Fase 5 (1º EM),-2,False,False,1.7,4.7,1.7,829.0,130.0,14.0,4.0,Não atendido,Melhorar: Melhorar a sua entrega de lições de casa.,Melhorar: Empenhar-se mais nas aulas e avaliações.,Melhorar: Integrar-se mais aos Princípios Passos Mágicos.,5.0,3.0,False,False,False,False,False,False,False,False,False,True,False,False,False,True
RA-193,2022,Aluno-193,3,B,Masculino,12.0,2016,Rede Decisão,,,Topázio,8.155,10.0,6.7,8.9,9.2,5.6,,8.5,Fase 3 (7º e 8º ano),0,True,False,5.0,6.3,8.7,95.0,16.0,2.0,4.0,Sem limitações,Destaque: A sua boa entrega das lições de casa.,Melhorar: Empenhar-se mais nas aulas e avaliações.,Destaque: A sua boa integração aos Princípios Passos Mágicos.,3.0,3.0,False,False,False,False,False,False,False,False,False,False,False,False,False,False
RA-194,2022,Aluno-194,3,B,Feminino,14.0,2022,Escola Pública,,,Quartzo,4.265,5.0,3.2,6.2,0.0,5.0,,3.75,Fase 4 (9º ano),-1,False,False,3.7,5.8,0.0,851.0,144.0,15.0,4.0,Requer avaliação,Melhorar: Melhorar a sua entrega de lições de casa.,Melhorar: Empenhar-se mais nas aulas e avaliações.,Melhorar: Integrar-se mais aos Princípios Passos Mágicos.,4.0,3.0,True,False,False,False,False,False,True,False,False,False,True,False,False,True
RA-195,2022,Aluno-195,3,B,Feminino,13.0,2017,Rede Decisão,,,Ametista,8.017,10.0,6.3,9.2,8.8,5.0,,8.25,Fase 3 (7º e 8º ano),0,False,False,6.8,6.3,5.8,137.0,21.0,4.0,4.0,Requer avaliação,Destaque: A sua boa entrega das lições de casa.,Melhorar: Empenhar-se mais nas aulas e avaliações.,Destaque: A sua boa integração aos Princípios Passos Mágicos.,3.0,3.0,False,False,False,False,False,False,False,False,False,False,False,False,False,False
RA-196,2022,Aluno-196,3,B,Masculino,12.0,2018,Rede Decisão,,,Topázio,8.124,10.0,5.1,9.1,9.2,7.5,,8.625,Fase 3 (7º e 8º ano),0,True,False,4.0,6.0,5.3,106.0,17.0,3.0,4.0,Não atendido,Destaque: A sua boa entrega das lições de casa.,Melhorar: Empenhar-se mais nas aulas e avaliações.,Destaque: A sua boa integração aos Princípios Passos Mágicos.,3.0,3.0,False,False,False,False,False,False,False,False,False,False,False,False,False,False
RA-197,2022,Aluno-197,3,B,Feminino,13.0,2021,Rede Decisão,,,Topázio,8.218,10.0,7.3,9.7,8.8,4.4,,8.292,Fase 3 (7º e 8º ano),0,False,False,6.0,7.5,8.3,82.0,15.0,1.0,4.0,Requer avaliação,Destaque: A sua boa entrega das lições de casa.,Melhorar: Empenhar-se mais nas aulas e avaliações.,Destaque: A sua boa integração aos Princípios Passos Mágicos.,3.0,3.0,False,False,False,False,False,False,False,False,False,False,False,True,False,False
RA-198,2022,Aluno-198,3,B,Masculino,13.0,2017,Escola Pública,,,Quartzo,5.554,10.0,4.6,6.2,0.0,5.0,,5.958,Fase 3 (7º e 8º ano),0,False,False,5.2,5.8,2.8,782.0,117.0,11.0,4.0,Requer avaliação,Melhorar: Melhorar a sua entrega de lições de casa.,Melhorar: Empenhar-se mais nas aulas e avaliações.,Melhorar: Integrar-se mais aos Princípios Passos Mágicos.,3.0,3.0,True,False,False,False,False,False,False,False,False,False,True,False,False,False
RA-199,2022,Aluno-199,3,B,Masculino,13.0,2022,Escola Pública,,,Ametista,7.564,10.0,7.5,7.1,8.3,7.5,,6.458,Fase 3 (7º e 8º ano),0,False,False,5.7,7.8,9.0,287.0,34.0,5.0,4.0,Não atendido,Melhorar: Melhorar a sua entrega de lições de casa.,Destaque: As suas boas notas na Passos Mágicos.,Melhorar: Integrar-se mais aos Princípios Passos Mágicos.,3.0,3.0,False,False,False,False,False,False,False,False,False,False,False,False,False,False
RA-200,2022,Aluno-200,3,B,Masculino,15.0,2018,Escola JP II,,,Quartzo,5.705,5.0,5.5,5.6,7.9,4.4,,4.917,Fase 5 (1º EM),-2,False,False,4.7,5.0,6.8,759.0,109.0,9.0,4.0,Requer avaliação,Melhorar: Melhorar a sua entrega de lições de casa.,Melhorar: Empenhar-se mais nas aulas e avaliações.,Melhorar: Integrar-se mais aos Princípios Passos Mágicos.,5.0,3.0,False,False,False,False,False,False,False,False,False,False,False,True,False,True
RA-201,2022,Aluno-201,3,B,Feminino,15.0,2021,Escola Pública,,,Ametista,7.078,5.0,6.5,7.3,7.9,7.5,,7.542,Fase 5 (1º EM),-2,False,False,6.0,7.2,6.3,462.0,58.0,7.0,4.0,Não atendido,Melhorar: Melhorar a sua entrega de lições de casa.,Melhorar: Empenhar-se mais nas aulas e avaliações.,Destaque: A sua boa integração aos Princípios Passos Mágicos.,5.0,3.0,False,False,False,False,False,False,False,False,False,False,False,False,False,False
RA-202,2022,Aluno-202,3,B,Feminino,14.0,2017,Escola Pública,,,Quartzo,5.201,5.0,5.4,5.2,0.0,4.4,,6.917,Fase 4 (9º ano),-1,False,True,6.3,5.8,4.2,810.0,123.0,13.0,4.0,Requer avaliação,Melhorar: Melhorar a sua entrega de lições de casa.,Melhorar: Empenhar-se mais nas aulas e avaliações.,Melhorar: Integrar-se mais aos Princípios Passos Mágicos.,4.0,3.0,True,False,False,False,False,False,False,False,False,False,True,True,False,False
RA-203,2022,Aluno-203,3,B,Feminino,14.0,2021,Escola Pública,,,Quartzo,5.669,5.0,2.8,4.3,8.8,7.5,,6.875,Fase 4 (9º ano),-1,False,False,2.3,3.5,2.5,766.0,113.0,10.0,4.0,Não atendido,Melhorar: Melhorar a sua entrega de lições de casa.,Melhorar: Empenhar-se mais nas aulas e avaliações.,Melhorar: Integrar-se mais aos Princípios Passos Mágicos.,4.0,3.0,False,False,False,False,False,False,False,False,False,False,False,False,False,False
RA-204,2022,Aluno-204,3,B,Feminino,13.0,2019,Escola Pública,,,Ágata,6.943,10.0,7.4,6.7,7.9,4.4,,5.708,Fase 3 (7º e 8º ano),0,False,False,5.3,8.5,8.5,509.0,64.0,8.0,4.0,Requer avaliação,Melhorar: Melhorar a sua entrega de lições de casa.,Melhorar: Empenhar-se mais nas aulas e avaliações.,Melhorar: Integrar-se mais aos Princípios Passos Mágicos.,3.0,3.0,False,False,False,False,False,False,False,False,False,False,False,True,False,False
RA-205,2022,Aluno-205,3,B,Masculino,14.0,2020,Escola Pública,,,Quartzo,5.372,5.0,4.1,3.8,9.6,7.5,,4.833,Fase 4 (9º ano),-1,False,False,5.7,1.7,5.0,797.0,120.0,12.0,4.0,Não atendido,Melhorar: Melhorar a sua entrega de lições de casa.,Melhorar: Empenhar-se mais nas aulas e avaliações.,Melhorar: Integrar-se mais aos Princípios Passos Mágicos.,4.0,3.0,False,False,False,False,False,False,False,False,False,True,False,False,False,True
RA-206,2022,Aluno-206,3,B,Feminino,12.0,2022,Escola Pública,,,Ametista,7.101,10.0,5.0,8.8,8.3,7.5,,5.167,Fase 3 (7º e 8º ano),0,False,False,4.0,6.0,,455.0,56.0,6.0,4.0,Não atendido,Destaque: A sua boa entrega das lições de casa.,Melhorar: Empenhar-se mais nas aulas e avaliações.,Melhorar: Integrar-se mais aos Princípios Passos Mágicos.,3.0,3.0,False,False,False,False,False,False,False,False,False,False,False,False,False,False
RA-207,2022,Aluno-207,3,C,Masculino,16.0,2021,Escola Pública,,,Quartzo,4.936,2.5,5.8,4.8,0.0,7.5,,5.708,Fase 6 (2º EM),-3,False,False,5.3,4.0,8.0,827.0,129.0,5.0,4.0,Não atendido,Melhorar: Melhorar a sua entrega de lições de casa.,Melhorar: Empenhar-se mais nas aulas e avaliações.,Melhorar: Integrar-se mais aos Princípios Passos Mágicos.,6.0,3.0,True,False,False,False,False,False,False,False,False,False,True,False,False,False
RA-208,2022,Aluno-208,3,C,Masculino,14.0,2018,Escola Pública,,,Ágata,6.667,5.0,6.1,7.1,7.5,7.5,,6.417,Fase 4 (9º ano),-1,False,False,5.0,7.5,5.8,599.0,78.0,4.0,4.0,Não atendido,Melhorar: Melhorar a sua entrega de lições de casa.,Melhorar: Empenhar-se mais nas aulas e avaliações.,Melhorar: Integrar-se mais aos Princípios Passos Mágicos.,4.0,3.0,False,False,False,False,False,False,False,False,False,False,False,False,False,False
RA-209,2022,Aluno-209,3,C,Masculino,14.0,2019,Escola Pública,,,Quartzo,4.499,5.0,6.0,4.8,0.0,5.6,,3.75,Fase 4 (9º ano),-1,False,False,5.0,5.2,7.8,843.0,140.0,7.0,4.0,Requer avaliação,Melhorar: Melhorar a sua entrega de lições de casa.,Melhorar: Empenhar-se mais nas aulas e avaliações.,Melhorar: Integrar-se mais aos Princípios Passos Mágicos.,4.0,3.0,True,False,False,False,False,False,True,False,False,False,True,False,False,True
RA-210,2022,Aluno-210,3,C,Masculino,14.0,2022,Escola Pública,,,Quartzo,4.44,5.0,3.4,5.1,0.0,7.5,,4.417,Fase 4 (9º ano),-1,False,False,2.7,5.3,2.3,844.0,141.0,8.0,4.0,Não atendido,Melhorar: Melhorar a sua entrega de lições de casa.,Melhorar: Empenhar-se mais nas aulas e avaliações.,Melhorar: Integrar-se mais aos Princípios Passos Mágicos.,4.0,3.0,True,False,False,False,False,False,True,False,False,False,True,False,False,True
RA-211,2022,Aluno-211,3,C,Masculino,13.0,2021,Escola Pública,,,Topázio,8.465,10.0,7.6,8.8,9.2,7.5,,8.458,Fase 3 (7º e 8º ano),0,True,True,6.7,7.5,8.5,39.0,10.0,1.0,4.0,Não atendido,Destaque: A sua boa entrega das lições de casa.,Destaque: As suas boas notas na Passos Mágicos.,Destaque: A sua boa integração aos Princípios Passos Mágicos.,3.0,3.0,False,False,False,False,False,False,False,False,False,False,False,False,False,False
RA-212,2022,Aluno-212,3,C,Masculino,14.0,2022,Escola Pública,,,Ametista,7.268,5.0,6.2,8.4,9.6,7.5,,6.958,Fase 4 (9º ano),-1,False,False,4.8,5.8,7.8,407.0,49.0,2.0,4.0,Não atendido,Destaque: A sua boa entrega das lições de casa.,Melhorar: Empenhar-se mais nas aulas e avaliações.,Melhorar: Integrar-se mais aos Princípios Passos Mágicos.,4.0,3.0,False,False,False,False,False,False,False,False,False,False,False,False,False,False
RA-213,2022,Aluno-213,3,C,Masculino,13.0,2022,Escola Pública,,,Ametista,7.209,10.0,3.5,8.7,9.6,7.5,,6.833,Fase 3 (7º e 8º ano),0,False,False,5.0,2.0,,425.0,51.0,3.0,4.0,Não atendido,Destaque: A sua boa entrega das lições de casa.,Melhorar: Empenhar-se mais nas aulas e avaliações.,Melhorar: Integrar-se mais aos Princípios Passos Mágicos.,3.0,3.0,False,False,False,False,False,False,False,False,False,False,False,False,False,False
RA-214,2022,Aluno-214,3,C,Masculino,15.0,2022,Escola Pública,,,Quartzo,4.87,5.0,4.3,6.1,0.0,7.5,,5.125,Fase 5 (1º EM),-2,False,False,5.0,3.5,,832.0,133.0,6.0,4.0,Não atendido,Melhorar: Melhorar a sua entrega de lições de casa.,Melhorar: Empenhar-se mais nas aulas e avaliações.,Melhorar: Integrar-se mais aos Princípios Passos Mágicos.,5.0,3.0,True,False,False,False,False,False,False,False,False,False,True,False,False,False
RA-215,2022,Aluno-215,3,D,Feminino,13.0,2021,Escola Pública,,,Ametista,7.172,10.0,7.8,5.8,6.7,7.5,,6.542,Fase 3 (7º e 8º ano),0,False,False,5.7,7.7,10.0,442.0,53.0,3.0,4.0,Não atendido,Melhorar: Melhorar a sua entrega de lições de casa.,Destaque: As suas boas notas na Passos Mágicos.,Melhorar: Integrar-se mais aos Princípios Passos Mágicos.,3.0,3.0,False,False,False,False,False,False,False,False,False,False,False,False,False,False
RA-216,2022,Aluno-216,3,D,Feminino,13.0,2018,Escola Pública,,,Ametista,7.502,10.0,7.0,8.5,7.9,7.5,,5.583,Fase 3 (7º e 8º ano),0,False,False,5.3,6.5,9.2,310.0,35.0,1.0,4.0,Não atendido,Destaque: A sua boa entrega das lições de casa.,Melhorar: Empenhar-se mais nas aulas e avaliações.,Melhorar: Integrar-se mais aos Princípios Passos Mágicos.,3.0,3.0,False,False,False,False,False,False,False,False,False,False,False,False,False,False
RA-217,2022,Aluno-217,3,D,Feminino,15.0,2021,Escola Pública,,,Ametista,7.397,5.0,7.1,8.5,7.9,7.5,,7.292,Fase 5 (1º EM),-2,False,True,6.3,7.2,7.7,363.0,42.0,2.0,4.0,Não atendido,Destaque: A sua boa entrega das lições de casa.,Melhorar: Empenhar-se mais nas aulas e avaliações.,Melhorar: Integrar-se mais aos Princípios Passos Mágicos.,5.0,3.0,False,False,False,False,False,False,False,False,False,False,False,False,False,False
RA-218,2022,Aluno-218,3,D,Feminino,14.0,2022,Escola Pública,,,Ágata,6.1,5.0,4.0,7.3,6.3,7.5,,6.125,Fase 4 (9º ano),-1,False,False,5.0,7.0,0.0,709.0,99.0,6.0,4.0,Não atendido,Melhorar: Melhorar a sua entrega de lições de casa.,Melhorar: Empenhar-se mais nas aulas e avaliações.,Melhorar: Integrar-se mais aos Princípios Passos Mágicos.,4.0,3.0,False,False,False,False,False,False,False,False,False,False,False,False,False,False
RA-219,2022,Aluno-219,3,D,Masculino,16.0,2019,Escola Pública,,,Quartzo,5.942,2.5,3.5,6.9,8.8,7.5,,6.375,Fase 6 (2º EM),-3,False,False,4.0,4.8,1.7,733.0,105.0,7.0,4.0,Não atendido,Melhorar: Melhorar a sua entrega de lições de casa.,Melhorar: Empenhar-se mais nas aulas e avaliações.,Melhorar: Integrar-se mais aos Princípios Passos Mágicos.,6.0,3.0,False,False,False,False,False,False,False,False,False,False,False,False,False,False
RA-220,2022,Aluno-220,3,D,Feminino,13.0,2022,Escola Pública,,,Ágata,7.028,10.0,6.5,8.1,0.0,7.5,,7.833,Fase 3 (7º e 8º ano),0,False,True,6.8,6.8,5.8,479.0,60.0,4.0,4.0,Não atendido,Destaque: A sua boa entrega das lições de casa.,Melhorar: Empenhar-se mais nas aulas e avaliações.,Destaque: A sua boa integração aos Princípios Passos Mágicos.,3.0,3.0,True,False,False,False,False,False,False,False,False,False,True,False,False,False
RA-221,2022,Aluno-221,3,D,Masculino,14.0,2022,Escola Pública,,,Ágata,6.892,5.0,5.2,8.5,9.6,7.5,,6.0,Fase 4 (9º ano),-1,False,False,7.0,3.5,5.0,528.0,68.0,5.0,4.0,Não atendido,Destaque: A sua boa entrega das lições de casa.,Melhorar: Empenhar-se mais nas aulas e avaliações.,Melhorar: Integrar-se mais aos Princípios Passos Mágicos.,4.0,3.0,False,False,False,False,False,False,False,False,False,False,False,False,False,False
RA-222,2022,Aluno-222,3,D,Feminino,15.0,2019,Escola Pública,,,Quartzo,5.604,5.0,6.2,4.6,7.1,7.5,,4.917,Fase 5 (1º EM),-2,False,False,5.0,7.5,6.0,774.0,115.0,8.0,4.0,Não atendido,Melhorar: Melhorar a sua entrega de lições de casa.,Melhorar: Empenhar-se mais nas aulas e avaliações.,Melhorar: Integrar-se mais aos Princípios Passos Mágicos.,5.0,3.0,False,False,False,False,False,False,False,False,False,False,False,False,False,True
RA-223,2022,Aluno-223,3,E,Feminino,13.0,2022,Escola Pública,,,Quartzo,4.966,10.0,3.1,4.6,0.0,7.5,,5.583,Fase 3 (7º e 8º ano),0,False,False,4.3,4.7,0.2,823.0,128.0,12.0,4.0,Não atendido,Melhorar: Melhorar a sua entrega de lições de casa.,Melhorar: Empenhar-se mais nas aulas e avaliações.,Melhorar: Integrar-se mais aos Princípios Passos Mágicos.,3.0,3.0,True,False,False,False,False,False,False,False,False,False,True,False,False,False
RA-224,2022,Aluno-224,3,E,Masculino,13.0,2021,Escola Pública,,,Quartzo,5.671,10.0,2.6,4.3,9.6,7.5,,4.875,Fase 3 (7º e 8º ano),0,False,False,5.0,2.7,0.0,765.0,112.0,11.0,4.0,Não atendido,Melhorar: Melhorar a sua entrega de lições de casa.,Melhorar: Empenhar-se mais nas aulas e avaliações.,Melhorar: Integrar-se mais aos Princípios Passos Mágicos.,3.0,3.0,False,False,False,False,False,False,False,False,False,False,False,False,False,True
RA-225,2022,Aluno-225,3,E,Masculino,14.0,2022,Escola Pública,,,Quartzo,5.918,5.0,5.0,5.3,8.3,7.5,,5.708,Fase 4 (9º ano),-1,False,False,3.0,7.0,,736.0,107.0,10.0,4.0,Não atendido,Melhorar: Melhorar a sua entrega de lições de casa.,Melhorar: Empenhar-se mais nas aulas e avaliações.,Melhorar: Integrar-se mais aos Princípios Passos Mágicos.,4.0,3.0,False,False,False,False,False,False,False,False,False,False,False,False,False,False
RA-226,2022,Aluno-226,3,E,Feminino,14.0,2022,Escola Pública,,,Ágata,6.549,5.0,6.8,6.1,7.5,7.5,,6.208,Fase 4 (9º ano),-1,False,False,7.0,6.5,,638.0,82.0,4.0,4.0,Não atendido,Melhorar: Melhorar a sua entrega de lições de casa.,Melhorar: Empenhar-se mais nas aulas e avaliações.,Melhorar: Integrar-se mais aos Princípios Passos Mágicos.,4.0,3.0,False,False,False,False,False,False,False,False,False,False,False,False,False,False
RA-227,2022,Aluno-227,3,E,Masculino,12.0,2022,Escola Pública,,,Ágata,6.471,10.0,3.3,6.4,9.2,7.5,,5.833,Fase 3 (7º e 8º ano),0,False,False,4.7,4.3,1.0,647.0,84.0,5.0,4.0,Não atendido,Melhorar: Melhorar a sua entrega de lições de casa.,Melhorar: Empenhar-se mais nas aulas e avaliações.,Melhorar: Integrar-se mais aos Princípios Passos Mágicos.,3.0,3.0,False,False,False,False,False,False,False,False,False,False,False,False,False,False
RA-228,2022,Aluno-228,3,E,Feminino,15.0,2017,Escola Pública,,,Ágata,6.196,5.0,4.8,6.7,7.5,7.5,,6.417,Fase 5 (1º EM),-2,False,False,3.0,6.0,5.3,700.0,95.0,7.0,4.0,Não atendido,Melhorar: Melhorar a sua entrega de lições de casa.,Melhorar: Empenhar-se mais nas aulas e avaliações.,Melhorar: Integrar-se mais aos Princípios Passos Mágicos.,5.0,3.0,False,False,False,False,False,False,False,False,False,False,False,False,False,False
RA-229,2022,Aluno-229,3,E,Masculino,12.0,2022,Escola Pública,,,Topázio,8.62,10.0,6.9,9.4,10.0,7.5,,8.5,Fase 3 (7º e 8º ano),0,True,True,7.0,6.7,7.2,27.0,7.0,1.0,4.0,Não atendido,Destaque: A sua boa entrega das lições de casa.,Melhorar: Empenhar-se mais nas aulas e avaliações.,Destaque: A sua boa integração aos Princípios Passos Mágicos.,3.0,3.0,False,False,False,False,False,False,False,False,False,False,False,False,False,False
RA-230,2022,Aluno-230,3,E,Masculino,14.0,2022,Escola Pública,,,Ágata,6.328,5.0,5.7,5.1,7.9,7.5,,6.75,Fase 4 (9º ano),-1,False,True,3.7,4.3,9.0,676.0,92.0,6.0,4.0,Não atendido,Melhorar: Melhorar a sua entrega de lições de casa.,Melhorar: Empenhar-se mais nas aulas e avaliações.,Melhorar: Integrar-se mais aos Princípios Passos Mágicos.,4.0,3.0,False,False,False,False,False,False,False,False,False,False,False,False,False,False
RA-231,2022,Aluno-231,3,E,Masculino,14.0,2022,Escola Pública,,,Ágata,6.116,5.0,3.8,7.4,8.8,7.5,,5.333,Fase 4 (9º ano),-1,False,False,3.0,4.5,,705.0,97.0,8.0,4.0,Não atendido,Melhorar: Melhorar a sua entrega de lições de casa.,Melhorar: Empenhar-se mais nas aulas e avaliações.,Melhorar: Integrar-se mais aos Princípios Passos Mágicos.,4.0,3.0,False,False,False,False,False,False,False,False,False,False,False,False,False,False
RA-232,2022,Aluno-232,3,E,Masculino,12.0,2022,Escola Pública,,,Quartzo,4.245,10.0,0.0,4.9,0.0,7.5,,4.542,Fase 3 (7º e 8º ano),0,False,False,0.0,0.0,,852.0,145.0,13.0,4.0,Não atendido,Melhorar: Melhorar a sua entrega de lições de casa.,Melhorar: Empenhar-se mais nas aulas e avaliações.,Melhorar: Integrar-se mais aos Princípios Passos Mágicos.,3.0,3.0,True,False,False,True,False,False,True,False,True,False,True,False,False,True
RA-233,2022,Aluno-233,3,E,Masculino,14.0,2022,Escola Pública,,,Ágata,6.051,5.0,3.8,7.4,7.9,7.5,,5.5,Fase 4 (9º ano),-1,False,False,3.0,4.5,,718.0,101.0,9.0,4.0,Não atendido,Melhorar: Melhorar a sua entrega de lições de casa.,Melhorar: Empenhar-se mais nas aulas e avaliações.,Melhorar: Integrar-se mais aos Princípios Passos Mágicos.,4.0,3.0,False,False,False,False,False,False,False,False,False,False,False,False,False,False
RA-234,2022,Aluno-234,3,E,Masculino,13.0,2022,Escola Pública,,,Ágata,6.719,10.0,4.3,7.6,10.0,5.6,,5.583,Fase 3 (7º e 8º ano),0,False,False,3.7,6.3,2.8,583.0,75.0,3.0,4.0,Sem limitações,Destaque: A sua boa entrega das lições de casa.,Melhorar: Empenhar-se mais nas aulas e avaliações.,Melhorar: Integrar-se mais aos Princípios Passos Mágicos.,3.0,3.0,False,False,False,False,False,False,False,False,False,False,False,False,False,False
RA-235,2022,Aluno-235,3,E,Feminino,14.0,2022,Escola Pública,,,Ágata,6.79,5.0,6.3,7.3,8.3,7.5,,6.417,Fase 4 (9º ano),-1,False,False,7.0,5.5,,559.0,73.0,2.0,4.0,Não atendido,Melhorar: Melhorar a sua entrega de lições de casa.,Melhorar: Empenhar-se mais nas aulas e avaliações.,Melhorar: Integrar-se mais aos Princípios Passos Mágicos.,4.0,3.0,False,False,False,False,False,False,False,False,False,False,False,False,False,False
RA-236,2022,Aluno-236,3,F,Feminino,12.0,2022,Escola Pública,,,Ametista,7.11,10.0,3.7,7.5,9.6,7.5,,7.208,Fase 3 (7º e 8º ano),0,False,False,4.0,4.0,3.0,452.0,55.0,9.0,4.0,Não atendido,Melhorar: Melhorar a sua entrega de lições de casa.,Melhorar: Empenhar-se mais nas aulas e avaliações.,Melhorar: Integrar-se mais aos Princípios Passos Mágicos.,3.0,3.0,False,False,False,False,False,False,False,False,False,False,False,False,False,False
RA-237,2022,Aluno-237,3,F,Feminino,14.0,2022,Escola Pública,,,Topázio,8.084,5.0,7.8,9.0,10.0,7.5,,8.417,Fase 4 (9º ano),-1,True,True,6.8,7.7,8.8,121.0,19.0,6.0,4.0,Não atendido,Destaque: A sua boa entrega das lições de casa.,Destaque: As suas boas notas na Passos Mágicos.,Destaque: A sua boa integração aos Princípios Passos Mágicos.,4.0,3.0,False,False,False,False,False,False,False,False,False,False,False,False,False,False
RA-238,2022,Aluno-238,3,F,Feminino,14.0,2021,Escola Pública,,,Ágata,6.331,5.0,5.1,6.4,8.8,5.0,,7.208,Fase 4 (9º ano),-1,False,False,4.3,6.5,4.5,674.0,91.0,12.0,4.0,Requer avaliação,Melhorar: Melhorar a sua entrega de lições de casa.,Melhorar: Empenhar-se mais nas aulas e avaliações.,Melhorar: Integrar-se mais aos Princípios Passos Mágicos.,4.0,3.0,False,False,False,False,False,False,False,False,False,False,False,False,False,False
RA-239,2022,Aluno-239,3,F,Feminino,15.0,2021,Escola Pública,,,Quartzo,4.572,5.0,3.7,3.7,0.0,7.5,,5.958,Fase 5 (1º EM),-2,False,False,2.0,4.7,4.5,840.0,138.0,13.0,4.0,Não atendido,Melhorar: Melhorar a sua entrega de lições de casa.,Melhorar: Empenhar-se mais nas aulas e avaliações.,Melhorar: Integrar-se mais aos Princípios Passos Mágicos.,5.0,3.0,True,False,False,False,False,False,True,False,False,True,True,False,False,False
RA-240,2022,Aluno-240,3,F,Feminino,13.0,2017,Rede Decisão,,,Ágata,6.943,10.0,4.7,8.1,7.1,5.0,,7.042,Fase 3 (7º e 8º ano),0,False,False,6.3,5.0,2.8,510.0,65.0,11.0,4.0,Requer avaliação,Destaque: A sua boa entrega das lições de casa.,Melhorar: Empenhar-se mais nas aulas e avaliações.,Melhorar: Integrar-se mais aos Princípios Passos Mágicos.,3.0,3.0,False,False,False,False,False,False,False,False,False,False,False,False,False,False
RA-241,2022,Aluno-241,3,F,Masculino,14.0,2016,Rede Decisão,,,Topázio,8.468,5.0,7.7,10.0,10.0,7.5,,9.125,Fase 4 (9º ano),-1,True,False,8.2,7.5,7.3,38.0,9.0,5.0,4.0,Não atendido,Destaque: A sua boa entrega das lições de casa.,Destaque: As suas boas notas na Passos Mágicos.,Destaque: A sua boa integração aos Princípios Passos Mágicos.,4.0,3.0,False,False,False,False,False,False,False,False,False,False,False,False,False,False
RA-242,2022,Aluno-242,3,F,Masculino,13.0,2018,Rede Decisão,,,Topázio,8.673,10.0,8.2,9.7,9.6,5.6,,8.708,Fase 3 (7º e 8º ano),0,True,False,8.7,7.2,8.7,19.0,3.0,1.0,4.0,Requer avaliação,Destaque: A sua boa entrega das lições de casa.,Destaque: As suas boas notas na Passos Mágicos.,Destaque: A sua boa integração aos Princípios Passos Mágicos.,3.0,3.0,False,False,False,False,False,False,False,False,False,False,False,False,False,False
RA-243,2022,Aluno-243,3,F,Feminino,15.0,2022,Escola Pública,,,Ágata,6.982,5.0,6.0,8.7,7.1,5.0,,7.875,Fase 5 (1º EM),-2,False,False,5.0,5.3,7.7,493.0,63.0,10.0,4.0,Requer avaliação,Destaque: A sua boa entrega das lições de casa.,Melhorar: Empenhar-se mais nas aulas e avaliações.,Destaque: A sua boa integração aos Princípios Passos Mágicos.,5.0,3.0,False,False,False,False,False,False,False,False,False,False,False,False,False,False
RA-244,2022,Aluno-244,3,F,Feminino,12.0,2018,Rede Decisão,,,Topázio,8.51,10.0,7.8,9.4,7.5,6.3,,9.208,Fase 3 (7º e 8º ano),0,True,False,6.7,8.0,8.7,34.0,8.0,4.0,4.0,Requer avaliação,Destaque: A sua boa entrega das lições de casa.,Destaque: As suas boas notas na Passos Mágicos.,Destaque: A sua boa integração aos Princípios Passos Mágicos.,3.0,3.0,False,False,False,False,False,False,False,False,False,False,False,False,False,False
RA-245,2022,Aluno-245,3,F,Masculino,14.0,2016,Rede Decisão,,,Topázio,8.656,5.0,8.4,9.9,10.0,7.5,,9.25,Fase 4 (9º ano),-1,True,False,8.3,8.2,8.8,20.0,4.0,2.0,4.0,Não atendido,Destaque: A sua boa entrega das lições de casa.,Destaque: As suas boas notas na Passos Mágicos.,Destaque: A sua boa integração aos Princípios Passos Mágicos.,4.0,3.0,False,False,False,False,False,False,False,False,False,False,False,False,False,False
RA-246,2022,Aluno-246,3,F,Masculino,13.0,2022,Escola Pública,,,Topázio,8.639,10.0,7.6,9.4,8.3,7.5,,9.167,Fase 3 (7º e 8º ano),0,True,True,8.0,6.7,8.0,23.0,5.0,3.0,4.0,Não atendido,Destaque: A sua boa entrega das lições de casa.,Destaque: As suas boas notas na Passos Mágicos.,Destaque: A sua boa integração aos Princípios Passos Mágicos.,3.0,3.0,False,False,False,False,False,False,False,False,False,False,False,False,False,False
RA-247,2022,Aluno-247,3,F,Feminino,13.0,2021,Escola Pública,,,Ametista,7.72,10.0,5.8,8.2,8.3,7.5,,7.875,Fase 3 (7º e 8º ano),0,False,True,5.3,5.7,6.3,230.0,32.0,7.0,4.0,Não atendido,Destaque: A sua boa entrega das lições de casa.,Melhorar: Empenhar-se mais nas aulas e avaliações.,Destaque: A sua boa integração aos Princípios Passos Mágicos.,3.0,3.0,False,False,False,False,False,False,False,False,False,False,False,False,False,False
RA-248,2022,Aluno-248,3,F,Masculino,13.0,2022,Escola Pública,,,Ametista,7.429,10.0,5.2,7.6,9.2,7.5,,7.292,Fase 3 (7º e 8º ano),0,False,False,4.0,5.5,6.0,343.0,39.0,8.0,4.0,Não atendido,Destaque: A sua boa entrega das lições de casa.,Melhorar: Empenhar-se mais nas aulas e avaliações.,Melhorar: Integrar-se mais aos Princípios Passos Mágicos.,3.0,3.0,False,False,False,False,False,False,False,False,False,False,False,False,False,False
RA-249,2022,Aluno-249,3,G,Masculino,14.0,2017,Escola Pública,,,Quartzo,5.097,5.0,2.9,7.4,6.7,5.0,,4.292,Fase 4 (9º ano),-1,False,False,2.3,4.2,2.2,816.0,125.0,10.0,4.0,Não atendido,Melhorar: Melhorar a sua entrega de lições de casa.,Melhorar: Empenhar-se mais nas aulas e avaliações.,Melhorar: Integrar-se mais aos Princípios Passos Mágicos.,4.0,3.0,False,False,False,False,False,False,False,False,False,False,False,False,False,True
RA-250,2022,Aluno-250,3,G,Feminino,12.0,2022,Escola Pública,,,Ametista,7.958,10.0,6.6,8.6,8.3,7.5,,7.625,Fase 3 (7º e 8º ano),0,False,True,6.7,6.5,6.7,152.0,23.0,1.0,4.0,Não atendido,Destaque: A sua boa entrega das lições de casa.,Melhorar: Empenhar-se mais nas aulas e avaliações.,Destaque: A sua boa integração aos Princípios Passos Mágicos.,3.0,3.0,False,False,False,False,False,False,False,False,False,False,False,False,False,False
RA-251,2022,Aluno-251,3,G,Masculino,15.0,2018,Escola Pública,,,Ágata,7.022,5.0,6.3,8.1,10.0,5.6,,6.625,Fase 5 (1º EM),-2,False,False,5.3,6.3,7.2,482.0,62.0,4.0,4.0,Sem limitações,Destaque: A sua boa entrega das lições de casa.,Melhorar: Empenhar-se mais nas aulas e avaliações.,Melhorar: Integrar-se mais aos Princípios Passos Mágicos.,5.0,3.0,False,False,False,False,False,False,False,False,False,False,False,False,False,False
RA-252,2022,Aluno-252,3,G,Masculino,14.0,2018,Escola Pública,,,Quartzo,4.277,5.0,0.9,2.8,9.2,7.5,,3.875,Fase 4 (9º ano),-1,False,False,1.3,1.2,0.2,850.0,143.0,14.0,4.0,Não atendido,Melhorar: Melhorar a sua entrega de lições de casa.,Melhorar: Empenhar-se mais nas aulas e avaliações.,Melhorar: Integrar-se mais aos Princípios Passos Mágicos.,4.0,3.0,False,False,False,False,False,False,True,False,False,True,False,False,False,True
RA-253,2022,Aluno-253,3,G,Masculino,15.0,2019,Escola Pública,,,Quartzo,4.312,5.0,1.8,3.6,9.2,5.0,,3.75,Fase 5 (1º EM),-2,False,False,1.0,3.7,0.7,847.0,142.0,13.0,4.0,Requer avaliação,Melhorar: Melhorar a sua entrega de lições de casa.,Melhorar: Empenhar-se mais nas aulas e avaliações.,Melhorar: Integrar-se mais aos Princípios Passos Mágicos.,5.0,3.0,False,False,False,False,False,False,True,False,False,True,False,False,False,True
RA-254,2022,Aluno-254,3,G,Masculino,14.0,2019,Escola Pública,,,Ágata,6.715,5.0,5.3,7.4,10.0,5.6,,6.917,Fase 4 (9º ano),-1,False,False,5.0,6.8,4.0,584.0,76.0,7.0,4.0,Requer avaliação,Melhorar: Melhorar a sua entrega de lições de casa.,Melhorar: Empenhar-se mais nas aulas e avaliações.,Melhorar: Integrar-se mais aos Princípios Passos Mágicos.,4.0,3.0,False,False,False,False,False,False,False,False,False,False,False,False,False,False
RA-255,2022,Aluno-255,3,G,Masculino,14.0,2019,Escola Pública,,,Quartzo,4.563,5.0,1.3,3.8,7.5,5.0,,5.542,Fase 4 (9º ano),-1,False,False,1.0,2.3,0.5,841.0,139.0,12.0,4.0,Não indicado,Melhorar: Melhorar a sua entrega de lições de casa.,Melhorar: Empenhar-se mais nas aulas e avaliações.,Melhorar: Integrar-se mais aos Princípios Passos Mágicos.,4.0,3.0,False,False,False,False,False,False,True,False,False,True,False,False,False,False
RA-256,2022,Aluno-256,3,G,Feminino,12.0,2019,Escola Pública,,,Ametista,7.192,10.0,5.2,8.5,8.8,5.0,,6.708,Fase 3 (7º e 8º ano),0,False,False,5.3,6.7,3.5,433.0,52.0,3.0,4.0,Requer avaliação,Destaque: A sua boa entrega das lições de casa.,Melhorar: Empenhar-se mais nas aulas e avaliações.,Melhorar: Integrar-se mais aos Princípios Passos Mágicos.,3.0,3.0,False,False,False,False,False,False,False,False,False,False,False,False,False,False
RA-257,2022,Aluno-257,3,G,Feminino,14.0,2018,Escola Pública,,,Quartzo,5.149,5.0,3.6,6.4,0.0,5.6,,6.708,Fase 4 (9º ano),-1,False,False,4.0,5.2,1.5,815.0,124.0,9.0,4.0,Requer avaliação,Melhorar: Melhorar a sua entrega de lições de casa.,Melhorar: Empenhar-se mais nas aulas e avaliações.,Melhorar: Integrar-se mais aos Princípios Passos Mágicos.,4.0,3.0,True,False,False,False,False,False,False,False,False,False,True,False,False,False
RA-258,2022,Aluno-258,3,G,Feminino,12.0,2018,Escola Pública,,,Ágata,6.926,10.0,4.8,7.3,10.0,5.6,,6.125,Fase 3 (7º e 8º ano),0,False,False,2.7,6.2,5.5,517.0,67.0,5.0,4.0,Sem limitações,Melhorar: Melhorar a sua entrega de lições de casa.,Melhorar: Empenhar-se mais nas aulas e avaliações.,Melhorar: Integrar-se mais aos Princípios Passos Mágicos.,3.0,3.0,False,False,False,False,False,False,False,False,False,False,False,False,False,False
RA-259,2022,Aluno-259,3,G,Masculino,16.0,2017,Escola Pública,,,Quartzo,4.182,2.5,0.9,2.9,8.8,7.5,,4.625,Fase 6 (2º EM),-3,False,False,0.0,2.7,0.2,853.0,146.0,15.0,4.0,Não atendido,Melhorar: Melhorar a sua entrega de lições de casa.,Melhorar: Empenhar-se mais nas aulas e avaliações.,Melhorar: Integrar-se mais aos Princípios Passos Mágicos.,6.0,3.0,False,False,False,False,False,False,True,False,False,True,False,False,False,True
RA-260,2022,Aluno-260,3,G,Feminino,13.0,2019,Escola Pública,,,Ametista,7.44,10.0,5.0,8.2,10.0,7.5,,6.458,Fase 3 (7º e 8º ano),0,False,False,5.7,5.2,4.2,340.0,38.0,2.0,4.0,Não atendido,Destaque: A sua boa entrega das lições de casa.,Melhorar: Empenhar-se mais nas aulas e avaliações.,Melhorar: Integrar-se mais aos Princípios Passos Mágicos.,3.0,3.0,False,False,False,False,False,False,False,False,False,False,False,False,False,False
RA-261,2022,Aluno-261,3,G,Feminino,14.0,2019,Escola Pública,,,Ágata,6.763,5.0,5.8,7.2,8.8,5.6,,7.042,Fase 4 (9º ano),-1,False,True,6.2,5.8,5.5,566.0,74.0,6.0,4.0,Sem limitações,Melhorar: Melhorar a sua entrega de lições de casa.,Melhorar: Empenhar-se mais nas aulas e avaliações.,Melhorar: Integrar-se mais aos Princípios Passos Mágicos.,4.0,3.0,False,False,False,False,False,False,False,False,False,False,False,False,False,False
RA-262,2022,Aluno-262,3,G,Masculino,15.0,2021,Escola Pública,,,Quartzo,4.786,5.0,3.4,5.8,0.0,5.6,,5.625,Fase 5 (1º EM),-2,False,False,1.3,5.5,3.5,835.0,135.0,11.0,4.0,Sem limitações,Melhorar: Melhorar a sua entrega de lições de casa.,Melhorar: Empenhar-se mais nas aulas e avaliações.,Melhorar: Integrar-se mais aos Princípios Passos Mágicos.,5.0,3.0,True,False,False,False,False,False,False,False,False,False,True,False,False,False
RA-263,2022,Aluno-263,3,G,Feminino,15.0,2019,Escola Pública,,,Quartzo,5.319,5.0,3.7,5.6,5.8,7.5,,4.417,Fase 5 (1º EM),-2,False,False,3.0,2.8,5.4,800.0,121.0,8.0,4.0,Não atendido,Melhorar: Melhorar a sua entrega de lições de casa.,Melhorar: Empenhar-se mais nas aulas e avaliações.,Melhorar: Integrar-se mais aos Princípios Passos Mágicos.,5.0,3.0,False,False,False,False,False,False,False,False,False,False,False,False,False,True
RA-264,2022,Aluno-264,3,I,Feminino,15.0,2022,Escola Pública,,,Ametista,7.087,5.0,5.8,9.2,10.0,5.6,,6.625,Fase 5 (1º EM),-2,False,False,6.0,5.5,,460.0,57.0,2.0,4.0,Requer avaliação,Destaque: A sua boa entrega das lições de casa.,Melhorar: Empenhar-se mais nas aulas e avaliações.,Melhorar: Integrar-se mais aos Princípios Passos Mágicos.,5.0,3.0,False,False,False,False,False,False,False,False,False,False,False,False,False,False
RA-265,2022,Aluno-265,3,I,Masculino,13.0,2019,Escola Pública,,,Ametista,7.926,10.0,6.9,7.7,8.3,7.5,,7.917,Fase 3 (7º e 8º ano),0,False,True,5.3,7.0,8.5,162.0,26.0,1.0,4.0,Não atendido,Destaque: A sua boa entrega das lições de casa.,Melhorar: Empenhar-se mais nas aulas e avaliações.,Destaque: A sua boa integração aos Princípios Passos Mágicos.,3.0,3.0,False,False,False,False,False,False,False,False,False,False,False,False,False,False
RA-266,2022,Aluno-266,3,I,Feminino,16.0,2019,Escola Pública,,,Quartzo,5.987,2.5,6.0,5.8,7.5,5.6,,6.583,Fase 6 (2º EM),-3,False,False,5.0,6.7,6.3,730.0,104.0,4.0,4.0,Requer avaliação,Melhorar: Melhorar a sua entrega de lições de casa.,Melhorar: Empenhar-se mais nas aulas e avaliações.,Melhorar: Integrar-se mais aos Princípios Passos Mágicos.,6.0,3.0,False,False,False,False,False,False,False,False,False,False,False,False,False,False
RA-267,2022,Aluno-267,3,I,Feminino,15.0,2016,Escola Pública,,,Ágata,6.012,5.0,3.3,7.4,10.0,5.0,,6.292,Fase 5 (1º EM),-2,False,False,2.3,4.8,2.7,727.0,103.0,3.0,4.0,Não indicado,Melhorar: Melhorar a sua entrega de lições de casa.,Melhorar: Empenhar-se mais nas aulas e avaliações.,Melhorar: Integrar-se mais aos Princípios Passos Mágicos.,5.0,3.0,False,False,False,False,False,False,False,False,False,False,False,False,False,False
RA-268,2022,Aluno-268,3,K,Feminino,14.0,2021,Escola Pública,,,Ágata,6.695,5.0,5.7,6.7,9.2,6.3,,7.208,Fase 4 (9º ano),-1,False,True,7.0,6.8,3.2,590.0,77.0,11.0,4.0,Requer avaliação,Melhorar: Melhorar a sua entrega de lições de casa.,Melhorar: Empenhar-se mais nas aulas e avaliações.,Melhorar: Integrar-se mais aos Princípios Passos Mágicos.,4.0,3.0,False,False,False,False,False,False,False,False,False,False,False,False,False,False
RA-269,2022,Aluno-269,3,K,Masculino,13.0,2022,Escola Pública,,,Topázio,8.231,10.0,8.9,8.6,9.2,6.3,,7.25,Fase 3 (7º e 8º ano),0,False,False,8.7,9.5,8.5,76.0,13.0,2.0,4.0,Requer avaliação,Destaque: A sua boa entrega das lições de casa.,Destaque: As suas boas notas na Passos Mágicos.,Melhorar: Integrar-se mais aos Princípios Passos Mágicos.,3.0,3.0,False,False,False,False,False,False,False,False,False,False,False,False,False,False
RA-270,2022,Aluno-270,3,K,Feminino,13.0,2019,Rede Decisão,,,Topázio,8.226,10.0,7.9,8.4,8.3,6.9,,8.125,Fase 3 (7º e 8º ano),0,False,False,8.0,7.2,8.5,79.0,14.0,3.0,4.0,Não atendido,Destaque: A sua boa entrega das lições de casa.,Destaque: As suas boas notas na Passos Mágicos.,Destaque: A sua boa integração aos Princípios Passos Mágicos.,3.0,3.0,False,False,False,False,False,False,False,False,False,False,False,False,False,False
RA-271,2022,Aluno-271,3,K,Feminino,15.0,2022,Escola Pública,,,Ametista,7.255,5.0,7.1,8.5,9.2,5.6,,6.958,Fase 5 (1º EM),-2,False,True,6.3,6.5,8.3,411.0,50.0,8.0,4.0,Requer avaliação,Destaque: A sua boa entrega das lições de casa.,Melhorar: Empenhar-se mais nas aulas e avaliações.,Melhorar: Integrar-se mais aos Princípios Passos Mágicos.,5.0,3.0,False,False,False,False,False,False,False,False,False,False,False,False,False,False
RA-272,2022,Aluno-272,3,K,Masculino,14.0,2021,Escola Pública,,,Ágata,6.361,5.0,5.1,5.7,9.2,7.5,,6.417,Fase 4 (9º ano),-1,False,False,5.0,6.8,3.5,666.0,88.0,14.0,4.0,Não atendido,Melhorar: Melhorar a sua entrega de lições de casa.,Melhorar: Empenhar-se mais nas aulas e avaliações.,Melhorar: Integrar-se mais aos Princípios Passos Mágicos.,4.0,3.0,False,False,False,False,False,False,False,False,False,False,False,False,False,False
RA-273,2022,Aluno-273,3,K,Feminino,14.0,2018,Escola Pública,,,Quartzo,5.679,5.0,3.0,5.3,9.2,7.5,,5.833,Fase 4 (9º ano),-1,False,False,3.8,4.7,0.5,761.0,110.0,15.0,4.0,Não atendido,Melhorar: Melhorar a sua entrega de lições de casa.,Melhorar: Empenhar-se mais nas aulas e avaliações.,Melhorar: Integrar-se mais aos Princípios Passos Mágicos.,4.0,3.0,False,False,False,False,False,False,False,False,False,False,False,False,False,False
RA-274,2022,Aluno-274,3,K,Feminino,11.0,2019,Rede Decisão,,,Ametista,7.946,10.0,8.1,8.3,7.9,7.5,,7.0,Fase 2 (5º e 6º ano),1,False,False,8.1,9.3,7.0,157.0,24.0,5.0,4.0,Não atendido,Destaque: A sua boa entrega das lições de casa.,Destaque: As suas boas notas na Passos Mágicos.,Melhorar: Integrar-se mais aos Princípios Passos Mágicos.,2.0,3.0,False,False,False,False,False,False,False,False,False,False,False,False,False,False
RA-275,2022,Aluno-275,3,K,Masculino,15.0,2018,Escola Pública,,,Ágata,6.665,5.0,4.6,6.9,9.6,7.5,,6.667,Fase 5 (1º EM),-2,False,True,5.0,6.0,2.7,600.0,79.0,12.0,4.0,Não atendido,Melhorar: Melhorar a sua entrega de lições de casa.,Melhorar: Empenhar-se mais nas aulas e avaliações.,Melhorar: Integrar-se mais aos Princípios Passos Mágicos.,5.0,3.0,False,False,False,False,False,False,False,False,False,False,False,False,False,False
RA-276,2022,Aluno-276,3,K,Feminino,14.0,2017,Escola Pública,,,Quartzo,5.527,5.0,4.3,5.7,7.1,5.6,,5.125,Fase 4 (9º ano),-1,False,False,3.7,6.0,3.3,788.0,118.0,16.0,4.0,Não indicado,Melhorar: Melhorar a sua entrega de lições de casa.,Melhorar: Empenhar-se mais nas aulas e avaliações.,Melhorar: Integrar-se mais aos Princípios Passos Mágicos.,4.0,3.0,False,False,False,False,False,False,False,False,False,False,False,False,False,False
RA-277,2022,Aluno-277,3,K,Masculino,14.0,2021,Escola Pública,,,Ametista,7.411,5.0,7.4,8.8,7.1,7.5,,7.208,Fase 4 (9º ano),-1,False,True,7.2,7.0,8.2,354.0,41.0,7.0,4.0,Não atendido,Destaque: A sua boa entrega das lições de casa.,Melhorar: Empenhar-se mais nas aulas e avaliações.,Melhorar: Integrar-se mais aos Princípios Passos Mágicos.,4.0,3.0,False,False,False,False,False,False,False,False,False,False,False,False,False,False
RA-278,2022,Aluno-278,3,K,Masculino,12.0,2018,Rede Decisão,,,Ametista,7.741,10.0,6.0,9.2,8.8,5.6,,7.417,Fase 3 (7º e 8º ano),0,False,False,5.7,5.8,6.4,222.0,31.0,6.0,4.0,Requer avaliação,Destaque: A sua boa entrega das lições de casa.,Melhorar: Empenhar-se mais nas aulas e avaliações.,Melhorar: Integrar-se mais aos Princípios Passos Mágicos.,3.0,3.0,False,False,False,False,False,False,False,False,False,False,False,False,False,False
RA-279,2022,Aluno-279,3,K,Masculino,13.0,2019,Rede Decisão,,,Topázio,8.815,10.0,9.1,9.9,9.2,6.3,,8.208,Fase 3 (7º e 8º ano),0,False,False,9.7,8.3,9.3,10.0,1.0,1.0,4.0,Sem limitações,Destaque: A sua boa entrega das lições de casa.,Destaque: As suas boas notas na Passos Mágicos.,Destaque: A sua boa integração aos Princípios Passos Mágicos.,3.0,3.0,False,False,False,False,False,False,False,False,False,False,False,False,False,False
RA-280,2022,Aluno-280,3,K,Feminino,13.0,2021,Rede Decisão,,,Ametista,8.046,10.0,7.1,9.2,7.5,7.5,,7.333,Fase 3 (7º e 8º ano),0,False,False,5.7,7.0,8.7,133.0,20.0,4.0,4.0,Sem limitações,Destaque: A sua boa entrega das lições de casa.,Melhorar: Empenhar-se mais nas aulas e avaliações.,Melhorar: Integrar-se mais aos Princípios Passos Mágicos.,3.0,3.0,False,False,False,False,False,False,False,False,False,False,False,False,False,False
RA-281,2022,Aluno-281,3,K,Feminino,13.0,2019,Escola Pública,,,Ágata,6.806,10.0,5.9,6.9,6.7,7.5,,5.625,Fase 3 (7º e 8º ano),0,False,False,5.0,6.8,6.0,553.0,71.0,10.0,4.0,Sem limitações,Melhorar: Melhorar a sua entrega de lições de casa.,Melhorar: Empenhar-se mais nas aulas e avaliações.,Melhorar: Integrar-se mais aos Princípios Passos Mágicos.,3.0,3.0,False,False,False,False,False,False,False,False,False,False,False,False,False,False
RA-282,2022,Aluno-282,3,K,Feminino,13.0,2019,Escola Pública,,,Ágata,6.618,10.0,4.0,6.8,8.8,7.5,,5.625,Fase 3 (7º e 8º ano),0,False,False,4.7,6.3,1.0,620.0,80.0,13.0,4.0,Sem limitações,Melhorar: Melhorar a sua entrega de lições de casa.,Melhorar: Empenhar-se mais nas aulas e avaliações.,Melhorar: Integrar-se mais aos Princípios Passos Mágicos.,3.0,3.0,False,False,False,False,False,False,False,False,False,False,False,False,False,False
RA-283,2022,Aluno-283,3,K,Masculino,14.0,2020,Escola Pública,,,Ametista,7.131,5.0,5.6,8.8,9.6,7.5,,6.625,Fase 4 (9º ano),-1,False,False,4.5,5.8,6.6,448.0,54.0,9.0,4.0,Não atendido,Destaque: A sua boa entrega das lições de casa.,Melhorar: Empenhar-se mais nas aulas e avaliações.,Melhorar: Integrar-se mais aos Princípios Passos Mágicos.,4.0,3.0,False,False,False,False,False,False,False,False,False,False,False,False,False,False
RA-284,2022,Aluno-284,3,L,Masculino,13.0,2022,Escola Pública,,,Quartzo,5.939,10.0,3.8,5.1,6.7,5.6,,5.958,Fase 3 (7º e 8º ano),0,False,False,7.0,4.5,0.0,734.0,106.0,3.0,4.0,Sem limitações,Melhorar: Melhorar a sua entrega de lições de casa.,Melhorar: Empenhar-se mais nas aulas e avaliações.,Melhorar: Integrar-se mais aos Princípios Passos Mágicos.,3.0,3.0,False,False,False,False,False,False,False,False,False,False,False,False,False,False
RA-285,2022,Aluno-285,3,L,Feminino,16.0,2020,Escola Pública,,,Quartzo,5.063,2.5,2.8,4.1,9.2,7.5,,5.75,Fase 6 (2º EM),-3,False,False,4.0,3.2,1.2,817.0,126.0,5.0,4.0,Sem limitações,Melhorar: Melhorar a sua entrega de lições de casa.,Melhorar: Empenhar-se mais nas aulas e avaliações.,Melhorar: Integrar-se mais aos Princípios Passos Mágicos.,6.0,3.0,False,False,False,False,False,False,False,False,False,False,False,False,False,False
RA-286,2022,Aluno-286,3,L,Feminino,15.0,2022,Escola Pública,,,Quartzo,5.424,5.0,3.0,5.8,7.1,6.3,,5.625,Fase 5 (1º EM),-2,False,False,4.7,2.3,2.0,794.0,119.0,4.0,4.0,Sem limitações,Melhorar: Melhorar a sua entrega de lições de casa.,Melhorar: Empenhar-se mais nas aulas e avaliações.,Melhorar: Integrar-se mais aos Princípios Passos Mágicos.,5.0,3.0,False,False,False,False,False,False,False,False,False,False,False,False,False,False
RA-287,2022,Aluno-287,3,L,Feminino,17.0,2022,Escola Pública,,,Quartzo,3.7,2.5,1.1,3.4,7.9,5.0,,4.292,Fase 7 (3º EM),-4,False,False,0.7,2.5,0.2,859.0,148.0,11.0,4.0,Requer avaliação,Melhorar: Melhorar a sua entrega de lições de casa.,Melhorar: Empenhar-se mais nas aulas e avaliações.,Melhorar: Integrar-se mais aos Princípios Passos Mágicos.,7.0,3.0,False,False,False,False,False,False,True,False,False,True,False,False,False,True
RA-288,2022,Aluno-288,3,L,Feminino,16.0,2022,Escola Pública,,,Quartzo,4.097,2.5,0.0,5.6,0.0,6.3,,6.833,Fase 6 (2º EM),-3,False,False,,,,854.0,147.0,10.0,4.0,Sem limitações,Melhorar: Melhorar a sua entrega de lições de casa.,Melhorar: Empenhar-se mais nas aulas e avaliações.,Melhorar: Integrar-se mais aos Princípios Passos Mágicos.,6.0,3.0,True,False,False,True,False,False,True,False,True,False,True,False,False,False
RA-289,2022,Aluno-289,3,L,Feminino,14.0,2020,Escola Pública,,,Ágata,6.236,5.0,6.8,7.8,0.0,6.3,,7.25,Fase 4 (9º ano),-1,False,False,5.3,7.5,7.5,699.0,94.0,2.0,4.0,Sem limitações,Destaque: A sua boa entrega das lições de casa.,Melhorar: Empenhar-se mais nas aulas e avaliações.,Melhorar: Integrar-se mais aos Princípios Passos Mágicos.,4.0,3.0,True,False,False,False,False,False,False,False,False,False,True,False,False,False
RA-290,2022,Aluno-290,3,L,Feminino,17.0,2022,Escola Pública,,,Quartzo,4.929,2.5,1.7,3.9,10.0,6.3,,6.042,Fase 7 (3º EM),-4,False,False,1.0,2.3,1.8,830.0,131.0,7.0,4.0,Sem limitações,Melhorar: Melhorar a sua entrega de lições de casa.,Melhorar: Empenhar-se mais nas aulas e avaliações.,Melhorar: Integrar-se mais aos Princípios Passos Mágicos.,7.0,3.0,False,False,False,False,False,False,False,False,False,False,False,False,False,False
RA-291,2022,Aluno-291,3,L,Masculino,13.0,2022,Escola Pública,,,Topázio,8.122,10.0,8.0,8.2,8.3,6.9,,7.792,Fase 3 (7º e 8º ano),0,False,True,8.0,7.5,8.5,107.0,18.0,1.0,4.0,Sem limitações,Destaque: A sua boa entrega das lições de casa.,Destaque: As suas boas notas na Passos Mágicos.,Destaque: A sua boa integração aos Princípios Passos Mágicos.,3.0,3.0,False,False,False,False,False,False,False,False,False,False,False,False,False,False
RA-292,2022,Aluno-292,3,L,Masculino,16.0,2022,Escola Pública,,,Quartzo,4.837,2.5,1.8,3.7,7.9,7.5,,6.292,Fase 6 (2º EM),-3,False,False,0.0,5.0,0.5,833.0,134.0,9.0,4.0,Não atendido,Melhorar: Melhorar a sua entrega de lições de casa.,Melhorar: Empenhar-se mais nas aulas e avaliações.,Melhorar: Integrar-se mais aos Princípios Passos Mágicos.,6.0,3.0,False,False,False,False,False,False,False,False,False,True,False,False,False,False
RA-293,2022,Aluno-293,3,L,Masculino,13.0,2022,Escola Pública,,,Quartzo,4.875,10.0,2.3,2.9,8.8,7.5,,3.333,Fase 3 (7º e 8º ano),0,False,False,2.0,3.8,1.0,831.0,132.0,8.0,4.0,Não atendido,Melhorar: Melhorar a sua entrega de lições de casa.,Melhorar: Empenhar-se mais nas aulas e avaliações.,Melhorar: Integrar-se mais aos Princípios Passos Mágicos.,3.0,3.0,False,False,False,False,False,False,False,False,False,True,False,False,False,True
RA-294,2022,Aluno-294,3,L,Feminino,18.0,2022,Escola Pública,,,Quartzo,5.031,2.5,0.0,5.8,9.6,7.5,,5.917,Fase 8 (Universitários),-5,False,False,,,,819.0,127.0,6.0,4.0,Não atendido,Melhorar: Melhorar a sua entrega de lições de casa.,Melhorar: Empenhar-se mais nas aulas e avaliações.,Melhorar: Integrar-se mais aos Princípios Passos Mágicos.,8.0,3.0,False,False,False,True,False,False,False,False,True,False,False,False,False,False
RA-295,2022,Aluno-295,3,M,Feminino,14.0,2022,Escola Pública,,,Ametista,7.305,5.0,6.9,8.0,7.9,7.5,,7.375,Fase 4 (9º ano),-1,False,True,5.3,7.7,7.7,386.0,45.0,2.0,4.0,Não atendido,Destaque: A sua boa entrega das lições de casa.,Melhorar: Empenhar-se mais nas aulas e avaliações.,Melhorar: Integrar-se mais aos Princípios Passos Mágicos.,4.0,3.0,False,False,False,False,False,False,False,False,False,False,False,False,False,False
RA-296,2022,Aluno-296,3,M,Feminino,15.0,2022,Escola Pública,,,Quartzo,4.665,5.0,2.8,3.6,8.8,7.5,,3.833,Fase 5 (1º EM),-2,False,False,5.7,2.7,0.2,839.0,137.0,16.0,4.0,Não atendido,Melhorar: Melhorar a sua entrega de lições de casa.,Melhorar: Empenhar-se mais nas aulas e avaliações.,Melhorar: Integrar-se mais aos Princípios Passos Mágicos.,5.0,3.0,False,False,False,False,False,False,False,False,False,True,False,False,False,True
RA-297,2022,Aluno-297,3,M,Feminino,13.0,2022,Escola Pública,,,Ametista,7.478,10.0,6.6,7.9,7.1,6.3,,7.417,Fase 3 (7º e 8º ano),0,False,True,6.3,5.3,8.2,324.0,36.0,1.0,4.0,Sem limitações,Destaque: A sua boa entrega das lições de casa.,Melhorar: Empenhar-se mais nas aulas e avaliações.,Melhorar: Integrar-se mais aos Princípios Passos Mágicos.,3.0,3.0,False,False,False,False,False,False,False,False,False,False,False,False,False,False
RA-298,2022,Aluno-298,3,M,Masculino,13.0,2019,Escola Pública,,,Ágata,6.409,10.0,5.2,6.3,9.2,5.6,,5.417,Fase 3 (7º e 8º ano),0,False,False,5.5,4.8,,659.0,86.0,7.0,4.0,Sem limitações,Melhorar: Melhorar a sua entrega de lições de casa.,Melhorar: Empenhar-se mais nas aulas e avaliações.,Melhorar: Integrar-se mais aos Princípios Passos Mágicos.,3.0,3.0,False,False,False,False,False,False,False,False,False,False,False,False,False,False
RA-299,2022,Aluno-299,3,M,Feminino,13.0,2019,Rede Decisão,,,Ametista,7.278,10.0,6.8,8.2,7.1,5.0,,6.708,Fase 3 (7º e 8º ano),0,False,False,6.3,7.3,6.7,404.0,48.0,3.0,4.0,Requer avaliação,Destaque: A sua boa entrega das lições de casa.,Melhorar: Empenhar-se mais nas aulas e avaliações.,Melhorar: Integrar-se mais aos Princípios Passos Mágicos.,3.0,3.0,False,False,False,False,False,False,False,False,False,False,False,False,False,False
RA-300,2022,Aluno-300,3,M,Masculino,14.0,2022,Escola Pública,,,Quartzo,5.557,5.0,3.1,6.9,5.4,6.3,,5.875,Fase 4 (9º ano),-1,False,True,2.7,4.8,1.7,781.0,116.0,14.0,4.0,Sem limitações,Melhorar: Melhorar a sua entrega de lições de casa.,Melhorar: Empenhar-se mais nas aulas e avaliações.,Melhorar: Integrar-se mais aos Princípios Passos Mágicos.,4.0,3.0,False,False,False,False,False,False,False,False,False,False,True,False,False,False
RA-301,2022,Aluno-301,3,M,Feminino,13.0,2019,Escola Pública,,,Ágata,6.802,10.0,6.3,5.8,8.8,5.6,,6.042,Fase 3 (7º e 8º ano),0,False,True,6.5,7.2,5.4,554.0,72.0,5.0,4.0,Sem limitações,Melhorar: Melhorar a sua entrega de lições de casa.,Melhorar: Empenhar-se mais nas aulas e avaliações.,Melhorar: Integrar-se mais aos Princípios Passos Mágicos.,3.0,3.0,False,False,False,False,False,False,False,False,False,False,False,False,False,False
RA-302,2022,Aluno-302,3,M,Masculino,16.0,2022,Escola Pública,,,Ágata,6.334,2.5,4.8,7.7,9.2,6.9,,6.208,Fase 6 (2º EM),-3,False,False,4.3,5.0,5.0,673.0,90.0,10.0,4.0,Sem limitações,Destaque: A sua boa entrega das lições de casa.,Melhorar: Empenhar-se mais nas aulas e avaliações.,Melhorar: Integrar-se mais aos Princípios Passos Mágicos.,6.0,3.0,False,False,False,False,False,False,False,False,False,False,False,False,False,False
RA-303,2022,Aluno-303,3,M,Masculino,14.0,2019,Escola Pública,,,Ágata,6.03,5.0,3.9,7.2,7.5,7.5,,5.375,Fase 4 (9º ano),-1,False,False,3.8,4.0,,723.0,102.0,13.0,4.0,Não atendido,Melhorar: Melhorar a sua entrega de lições de casa.,Melhorar: Empenhar-se mais nas aulas e avaliações.,Melhorar: Integrar-se mais aos Princípios Passos Mágicos.,4.0,3.0,False,False,False,False,False,False,False,False,False,False,False,False,False,False
RA-304,2022,Aluno-304,3,M,Masculino,15.0,2020,Escola Pública,,,Ágata,6.355,5.0,4.3,7.7,8.8,7.5,,5.542,Fase 5 (1º EM),-2,False,True,3.0,5.5,,667.0,89.0,9.0,4.0,Não atendido,Destaque: A sua boa entrega das lições de casa.,Melhorar: Empenhar-se mais nas aulas e avaliações.,Melhorar: Integrar-se mais aos Princípios Passos Mágicos.,5.0,3.0,False,False,False,False,False,False,False,False,False,False,False,False,False,False
RA-305,2022,Aluno-305,3,M,Masculino,14.0,2019,Escola Pública,,,Ágata,6.058,5.0,4.8,6.6,7.9,7.5,,5.208,Fase 4 (9º ano),-1,False,False,2.8,6.7,,717.0,100.0,12.0,4.0,Não atendido,Melhorar: Melhorar a sua entrega de lições de casa.,Melhorar: Empenhar-se mais nas aulas e avaliações.,Melhorar: Integrar-se mais aos Princípios Passos Mágicos.,4.0,3.0,False,False,False,False,False,False,False,False,False,False,False,False,False,False
RA-306,2022,Aluno-306,3,M,Feminino,14.0,2021,Escola Pública,,,Ágata,6.427,5.0,5.2,6.8,8.3,7.5,,5.958,Fase 4 (9º ano),-1,False,False,4.7,5.8,5.0,656.0,85.0,6.0,4.0,Não atendido,Melhorar: Melhorar a sua entrega de lições de casa.,Melhorar: Empenhar-se mais nas aulas e avaliações.,Melhorar: Integrar-se mais aos Princípios Passos Mágicos.,4.0,3.0,False,False,False,False,False,False,False,False,False,False,False,False,False,False
RA-307,2022,Aluno-307,3,M,Masculino,14.0,2022,Escola Pública,,,Quartzo,4.733,5.0,2.5,4.5,5.4,7.5,,4.708,Fase 4 (9º ano),-1,False,False,5.0,0.0,,838.0,136.0,15.0,4.0,Não atendido,Melhorar: Melhorar a sua entrega de lições de casa.,Melhorar: Empenhar-se mais nas aulas e avaliações.,Melhorar: Integrar-se mais aos Princípios Passos Mágicos.,4.0,3.0,False,False,False,False,False,False,False,False,False,False,True,False,False,True
RA-308,2022,Aluno-308,3,M,Masculino,13.0,2019,Escola Pública,,,Ágata,6.93,10.0,5.0,7.4,7.9,6.9,,6.167,Fase 3 (7º e 8º ano),0,False,True,6.7,5.5,2.8,514.0,66.0,4.0,4.0,Sem limitações,Melhorar: Melhorar a sua entrega de lições de casa.,Melhorar: Empenhar-se mais nas aulas e avaliações.,Melhorar: Integrar-se mais aos Princípios Passos Mágicos.,3.0,3.0,False,False,False,False,False,False,False,False,False,False,False,False,False,False
RA-309,2022,Aluno-309,3,M,Feminino,14.0,2022,Escola Pública,,,Ágata,6.151,5.0,6.5,5.2,9.2,7.5,,5.083,Fase 4 (9º ano),-1,False,False,7.0,6.0,,702.0,96.0,11.0,4.0,Não atendido,Melhorar: Melhorar a sua entrega de lições de casa.,Melhorar: Empenhar-se mais nas aulas e avaliações.,Melhorar: Integrar-se mais aos Princípios Passos Mágicos.,4.0,3.0,False,False,False,False,False,False,False,False,False,False,False,False,False,False
RA-310,2022,Aluno-310,3,M,Feminino,15.0,2022,Escola Pública,,,Ágata,6.4,5.0,4.5,7.5,7.9,7.5,,6.0,Fase 5 (1º EM),-2,False,True,3.7,3.8,6.0,662.0,87.0,8.0,4.0,Não atendido,Destaque: A sua boa entrega das lições de casa.,Melhorar: Empenhar-se mais nas aulas e avaliações.,Melhorar: Integrar-se mais aos Princípios Passos Mágicos.,5.0,3.0,False,False,False,False,False,False,False,False,False,False,False,False,False,False
RA-311,2022,Aluno-311,3,N,Feminino,16.0,2022,Escola Pública,,,Quartzo,5.652,2.5,5.2,5.6,7.9,5.0,,6.222,Fase 6 (2º EM),-3,False,False,5.0,6.2,4.3,771.0,114.0,13.0,3.0,Requer avaliação,Melhorar: Melhorar a sua entrega de lições de casa.,Melhorar: Empenhar-se mais nas aulas e avaliações.,Melhorar: Integrar-se mais aos Princípios Passos Mágicos.,6.0,3.0,False,False,False,False,False,False,False,False,False,False,False,False,False,False
RA-312,2022,Aluno-312,3,N,Feminino,13.0,2022,Escola Pública,,,Ametista,7.339,10.0,5.2,8.1,9.6,7.5,,6.167,Fase 3 (7º e 8º ano),0,False,False,6.0,4.5,5.0,378.0,43.0,5.0,3.0,Não atendido,Destaque: A sua boa entrega das lições de casa.,Melhorar: Empenhar-se mais nas aulas e avaliações.,Melhorar: Integrar-se mais aos Princípios Passos Mágicos.,3.0,3.0,False,False,False,False,False,False,False,False,False,False,False,False,False,False
RA-313,2022,Aluno-313,3,N,Feminino,14.0,2022,Escola Pública,,,Quartzo,5.8,5.0,4.1,7.0,7.5,5.0,,5.889,Fase 4 (9º ano),-1,False,False,4.7,5.0,2.5,750.0,108.0,11.0,3.0,Requer avaliação,Melhorar: Melhorar a sua entrega de lições de casa.,Melhorar: Empenhar-se mais nas aulas e avaliações.,Melhorar: Integrar-se mais aos Princípios Passos Mágicos.,4.0,3.0,False,False,False,False,False,False,False,False,False,False,False,False,False,False
RA-314,2022,Aluno-314,3,N,Feminino,13.0,2022,Escola Pública,,,Ágata,6.1,10.0,5.3,5.4,5.4,5.0,,6.0,Fase 3 (7º e 8º ano),0,False,False,4.3,3.3,8.3,708.0,98.0,10.0,3.0,Requer avaliação,Melhorar: Melhorar a sua entrega de lições de casa.,Melhorar: Empenhar-se mais nas aulas e avaliações.,Melhorar: Integrar-se mais aos Princípios Passos Mágicos.,3.0,3.0,False,False,False,False,False,False,False,False,False,False,True,False,False,False
RA-315,2022,Aluno-315,3,N,Feminino,13.0,2022,Escola Pública,,,Quartzo,5.672,10.0,3.0,5.1,6.7,7.5,,5.056,Fase 3 (7º e 8º ano),0,False,False,3.0,4.2,1.8,764.0,111.0,12.0,3.0,Não atendido,Melhorar: Melhorar a sua entrega de lições de casa.,Melhorar: Empenhar-se mais nas aulas e avaliações.,Melhorar: Integrar-se mais aos Princípios Passos Mágicos.,3.0,3.0,False,False,False,False,False,False,False,False,False,False,False,False,False,False
RA-316,2022,Aluno-316,3,N,Feminino,14.0,2022,Escola Pública,,,Ametista,7.889,5.0,6.1,10.0,10.0,6.9,,8.389,Fase 4 (9º ano),-1,True,True,7.0,6.5,4.7,174.0,28.0,2.0,3.0,Não atendido,Destaque: A sua boa entrega das lições de casa.,Melhorar: Empenhar-se mais nas aulas e avaliações.,Destaque: A sua boa integração aos Princípios Passos Mágicos.,4.0,3.0,False,False,False,False,False,False,False,False,False,False,False,False,False,False
RA-317,2022,Aluno-317,3,N,Masculino,13.0,2021,Escola Pública,,,Ametista,7.04,10.0,6.8,5.6,8.8,7.5,,5.944,Fase 3 (7º e 8º ano),0,False,False,4.7,5.7,10.0,474.0,59.0,6.0,3.0,Não atendido,Melhorar: Melhorar a sua entrega de lições de casa.,Melhorar: Empenhar-se mais nas aulas e avaliações.,Melhorar: Integrar-se mais aos Princípios Passos Mágicos.,3.0,3.0,False,False,False,False,False,False,False,False,False,False,False,False,False,False
RA-318,2022,Aluno-318,3,N,Feminino,14.0,2019,Escola Pública,,,Ágata,6.527,5.0,5.8,6.9,8.3,6.9,,6.111,Fase 4 (9º ano),-1,False,False,4.3,5.8,7.3,640.0,83.0,9.0,3.0,Sem limitações,Melhorar: Melhorar a sua entrega de lições de casa.,Melhorar: Empenhar-se mais nas aulas e avaliações.,Melhorar: Integrar-se mais aos Princípios Passos Mágicos.,4.0,3.0,False,False,False,False,False,False,False,False,False,False,False,False,False,False
RA-319,2022,Aluno-319,3,N,Masculino,13.0,2022,Escola Pública,,,Ametista,7.448,10.0,5.2,7.7,9.2,7.5,,7.5,Fase 3 (7º e 8º ano),0,False,False,6.3,4.3,5.0,336.0,37.0,4.0,3.0,Não atendido,Destaque: A sua boa entrega das lições de casa.,Melhorar: Empenhar-se mais nas aulas e avaliações.,Destaque: A sua boa integração aos Princípios Passos Mágicos.,3.0,3.0,False,False,False,False,False,False,False,False,False,False,False,False,False,False
RA-320,2022,Aluno-320,3,N,Feminino,14.0,2022,Escola Pública,,,Ametista,7.897,5.0,6.4,10.0,8.8,6.9,,8.667,Fase 4 (9º ano),-1,True,True,7.3,6.3,5.7,170.0,27.0,1.0,3.0,Sem limitações,Destaque: A sua boa entrega das lições de casa.,Melhorar: Empenhar-se mais nas aulas e avaliações.,Destaque: A sua boa integração aos Princípios Passos Mágicos.,4.0,3.0,False,False,False,False,False,False,False,False,False,False,False,False,False,False
RA-321,2022,Aluno-321,3,N,Feminino,12.0,2022,Escola Pública,,,Ametista,7.792,10.0,5.2,9.1,9.2,5.6,,8.278,Fase 3 (7º e 8º ano),0,False,True,5.7,6.2,3.7,202.0,30.0,3.0,3.0,Sem limitações,Destaque: A sua boa entrega das lições de casa.,Melhorar: Empenhar-se mais nas aulas e avaliações.,Destaque: A sua boa integração aos Princípios Passos Mágicos.,3.0,3.0,False,False,False,False,False,False,False,False,False,False,False,False,False,False
RA-322,2022,Aluno-322,3,N,Feminino,13.0,2022,Escola Pública,,,Ágata,6.859,10.0,4.7,8.1,7.1,5.0,,6.778,Fase 3 (7º e 8º ano),0,False,False,4.3,5.7,4.0,536.0,70.0,8.0,3.0,Requer avaliação,Destaque: A sua boa entrega das lições de casa.,Melhorar: Empenhar-se mais nas aulas e avaliações.,Melhorar: Integrar-se mais aos Princípios Passos Mágicos.,3.0,3.0,False,False,False,False,False,False,False,False,False,False,False,False,False,False
RA-323,2022,Aluno-323,3,N,Masculino,13.0,2022,Escola Pública,,,Ágata,6.86,10.0,3.4,7.3,9.2,7.5,,6.611,Fase 3 (7º e 8º ano),0,False,False,7.3,2.5,0.5,535.0,69.0,7.0,3.0,Sem limitações,Melhorar: Melhorar a sua entrega de lições de casa.,Melhorar: Empenhar-se mais nas aulas e avaliações.,Melhorar: Integrar-se mais aos Princípios Passos Mágicos.,3.0,3.0,False,False,False,False,False,False,False,False,False,False,False,False,False,False
RA-324,2022,Aluno-324,2,A,Feminino,10.0,2022,Escola Pública,,,Topázio,8.27,10.0,6.8,9.3,10.0,6.9,,8.611,Fase 2 (5º e 6º ano),0,True,True,6.3,7.2,,66.0,6.0,1.0,3.0,Sem limitações,Destaque: A sua boa entrega das lições de casa.,Melhorar: Empenhar-se mais nas aulas e avaliações.,Destaque: A sua boa integração aos Princípios Passos Mágicos.,2.0,2.0,False,False,False,False,False,False,False,False,False,False,False,False,False,False
RA-325,2022,Aluno-325,2,A,Masculino,10.0,2022,Escola Pública,,,Ametista,7.619,10.0,6.0,6.8,9.5,7.5,,8.444,Fase 2 (5º e 6º ano),0,True,True,6.0,6.0,,265.0,42.0,6.0,3.0,Sem limitações,Melhorar: Melhorar a sua entrega de lições de casa.,Melhorar: Empenhar-se mais nas aulas e avaliações.,Destaque: A sua boa integração aos Princípios Passos Mágicos.,2.0,2.0,False,False,False,False,False,False,False,False,False,False,False,False,False,False
RA-326,2022,Aluno-326,2,A,Feminino,12.0,2022,Escola Pública,,,Topázio,8.22,5.0,9.0,9.7,10.0,5.0,,8.944,Fase 3 (7º e 8º ano),-1,True,True,8.7,9.3,,80.0,9.0,2.0,3.0,Requer avaliação,Destaque: A sua boa entrega das lições de casa.,Destaque: As suas boas notas na Passos Mágicos.,Destaque: A sua boa integração aos Princípios Passos Mágicos.,3.0,2.0,False,False,False,False,False,False,False,False,False,False,False,False,False,False
RA-327,2022,Aluno-327,2,A,Masculino,11.0,2021,Escola Pública,,,Ágata,6.986,10.0,2.8,8.8,8.5,7.5,,7.333,Fase 2 (5º e 6º ano),0,False,False,2.3,3.2,,491.0,72.0,7.0,3.0,Sem limitações,Destaque: A sua boa entrega das lições de casa.,Melhorar: Empenhar-se mais nas aulas e avaliações.,Melhorar: Integrar-se mais aos Princípios Passos Mágicos.,2.0,2.0,False,False,False,False,False,False,False,False,False,False,False,False,False,False
RA-328,2022,Aluno-328,2,A,Masculino,12.0,2020,Escola Pública,,,Ágata,6.823,5.0,5.3,7.0,10.0,7.5,,7.5,Fase 3 (7º e 8º ano),-1,False,False,4.0,6.5,,548.0,86.0,8.0,3.0,Sem limitações,Melhorar: Melhorar a sua entrega de lições de casa.,Melhorar: Empenhar-se mais nas aulas e avaliações.,Melhorar: Integrar-se mais aos Princípios Passos Mágicos.,3.0,2.0,False,False,False,False,False,False,False,False,False,False,False,False,False,False
RA-329,2022,Aluno-329,2,A,Masculino,11.0,2019,Escola Pública,,,Ágata,6.313,10.0,5.0,6.9,7.4,4.4,,5.778,Fase 2 (5º e 6º ano),0,False,False,3.0,7.0,,683.0,126.0,12.0,3.0,Requer avaliação,Melhorar: Melhorar a sua entrega de lições de casa.,Melhorar: Empenhar-se mais nas aulas e avaliações.,Melhorar: Integrar-se mais aos Princípios Passos Mágicos.,2.0,2.0,False,False,False,False,False,False,False,False,False,False,False,True,False,False
RA-330,2022,Aluno-330,2,A,Feminino,14.0,2018,Escola Pública,,,Ágata,6.446,5.0,2.5,8.8,9.5,7.5,,7.056,Fase 4 (9º ano),-2,False,False,2.3,2.7,,651.0,116.0,11.0,3.0,Sem limitações,Destaque: A sua boa entrega das lições de casa.,Melhorar: Empenhar-se mais nas aulas e avaliações.,Melhorar: Integrar-se mais aos Princípios Passos Mágicos.,4.0,2.0,False,False,False,False,False,False,False,False,False,False,False,False,False,False
RA-331,2022,Aluno-331,2,A,Feminino,12.0,2019,Escola Pública,,,Ágata,6.636,5.0,3.7,8.7,9.0,7.5,,6.944,Fase 3 (7º e 8º ano),-1,False,False,2.3,5.0,,613.0,105.0,10.0,3.0,Sem limitações,Destaque: A sua boa entrega das lições de casa.,Melhorar: Empenhar-se mais nas aulas e avaliações.,Melhorar: Integrar-se mais aos Princípios Passos Mágicos.,3.0,2.0,False,False,False,False,False,False,False,False,False,False,False,False,False,False
RA-332,2022,Aluno-332,2,A,Masculino,13.0,2017,Rede Decisão,,,Ametista,7.883,5.0,7.5,9.0,9.5,8.1,,8.5,Fase 3 (7º e 8º ano),-1,True,False,7.5,7.5,,176.0,27.0,5.0,3.0,Sem limitações,Destaque: A sua boa entrega das lições de casa.,Destaque: As suas boas notas na Passos Mágicos.,Destaque: A sua boa integração aos Princípios Passos Mágicos.,3.0,2.0,False,False,False,False,False,False,False,False,False,False,False,False,False,False
RA-333,2022,Aluno-333,2,A,Masculino,14.0,2018,Escola JP II,,,Quartzo,5.249,5.0,2.9,5.8,8.0,3.8,,6.722,Fase 4 (9º ano),-2,False,False,0.2,5.7,,807.0,153.0,13.0,3.0,Não indicado,Melhorar: Melhorar a sua entrega de lições de casa.,Melhorar: Empenhar-se mais nas aulas e avaliações.,Melhorar: Integrar-se mais aos Princípios Passos Mágicos.,4.0,2.0,False,False,False,False,False,False,False,False,False,False,False,True,False,False
RA-334,2022,Aluno-334,2,A,Feminino,11.0,2019,Rede Decisão,,,Ametista,7.961,10.0,8.0,9.2,6.9,4.4,,8.722,Fase 2 (5º e 6º ano),0,True,False,7.0,9.0,,151.0,20.0,3.0,3.0,Não indicado,Destaque: A sua boa entrega das lições de casa.,Destaque: As suas boas notas na Passos Mágicos.,Destaque: A sua boa integração aos Princípios Passos Mágicos.,2.0,2.0,False,False,False,False,False,False,False,False,False,False,False,True,False,False
RA-335,2022,Aluno-335,2,A,Masculino,10.0,2022,Escola Pública,,,Ametista,7.902,10.0,7.4,9.4,9.5,7.5,,6.833,Fase 2 (5º e 6º ano),0,False,False,5.8,9.0,,168.0,25.0,4.0,3.0,Sem limitações,Destaque: A sua boa entrega das lições de casa.,Melhorar: Empenhar-se mais nas aulas e avaliações.,Melhorar: Integrar-se mais aos Princípios Passos Mágicos.,2.0,2.0,False,False,False,False,False,False,False,False,False,False,False,False,False,False
RA-336,2022,Aluno-336,2,A,Masculino,13.0,2016,Escola Pública,,,Ágata,6.787,5.0,5.1,8.5,9.5,4.4,,7.889,Fase 3 (7º e 8º ano),-1,False,False,4.5,5.7,,560.0,87.0,9.0,3.0,Requer avaliação,Destaque: A sua boa entrega das lições de casa.,Melhorar: Empenhar-se mais nas aulas e avaliações.,Destaque: A sua boa integração aos Princípios Passos Mágicos.,3.0,2.0,False,False,False,False,False,False,False,False,False,False,False,True,False,False
RA-337,2022,Aluno-337,2,B,Masculino,11.0,2022,Escola Pública,,,Ametista,7.914,10.0,5.8,9.3,10.0,7.5,,7.611,Fase 2 (5º e 6º ano),0,False,False,7.5,4.0,,163.0,22.0,3.0,3.0,Não atendido,Destaque: A sua boa entrega das lições de casa.,Melhorar: Empenhar-se mais nas aulas e avaliações.,Destaque: A sua boa integração aos Princípios Passos Mágicos.,2.0,2.0,False,False,False,False,False,False,False,False,False,False,False,False,False,False
RA-338,2022,Aluno-338,2,B,Masculino,12.0,2019,Escola Pública,,,Ágata,6.837,5.0,5.8,7.3,8.5,7.5,,7.611,Fase 3 (7º e 8º ano),-1,False,False,5.3,6.2,,544.0,84.0,10.0,3.0,Não atendido,Melhorar: Melhorar a sua entrega de lições de casa.,Melhorar: Empenhar-se mais nas aulas e avaliações.,Destaque: A sua boa integração aos Princípios Passos Mágicos.,3.0,2.0,False,False,False,False,False,False,False,False,False,False,False,False,False,False
RA-339,2022,Aluno-339,2,B,Feminino,11.0,2019,Escola Pública,,,Topázio,8.488,10.0,8.1,9.9,6.9,7.5,,8.889,Fase 2 (5º e 6º ano),0,True,True,7.1,9.2,,36.0,3.0,1.0,3.0,Não atendido,Destaque: A sua boa entrega das lições de casa.,Destaque: As suas boas notas na Passos Mágicos.,Destaque: A sua boa integração aos Princípios Passos Mágicos.,2.0,2.0,False,False,False,False,False,False,False,False,False,False,False,False,False,False
RA-340,2022,Aluno-340,2,B,Masculino,11.0,2017,Escola Pública,,,Ametista,7.721,10.0,6.5,8.2,9.0,7.5,,7.667,Fase 2 (5º e 6º ano),0,False,False,6.0,7.0,,229.0,36.0,5.0,3.0,Não atendido,Destaque: A sua boa entrega das lições de casa.,Melhorar: Empenhar-se mais nas aulas e avaliações.,Destaque: A sua boa integração aos Princípios Passos Mágicos.,2.0,2.0,False,False,False,False,False,False,False,False,False,False,False,False,False,False
RA-341,2022,Aluno-341,2,B,Masculino,12.0,2022,Escola Pública,,,Ágata,6.854,5.0,5.8,7.7,8.0,7.5,,7.5,Fase 3 (7º e 8º ano),-1,False,False,5.0,6.5,,537.0,83.0,9.0,3.0,Não atendido,Destaque: A sua boa entrega das lições de casa.,Melhorar: Empenhar-se mais nas aulas e avaliações.,Destaque: A sua boa integração aos Princípios Passos Mágicos.,3.0,2.0,False,False,False,False,False,False,False,False,False,False,False,False,False,False
RA-342,2022,Aluno-342,2,B,Feminino,14.0,2021,Escola Pública,,,Ágata,6.941,5.0,6.6,6.7,9.0,7.5,,7.5,Fase 4 (9º ano),-2,False,False,5.5,7.7,,511.0,77.0,7.0,3.0,Não atendido,Melhorar: Melhorar a sua entrega de lições de casa.,Melhorar: Empenhar-se mais nas aulas e avaliações.,Destaque: A sua boa integração aos Princípios Passos Mágicos.,4.0,2.0,False,False,False,False,False,False,False,False,False,False,False,False,False,False
RA-343,2022,Aluno-343,2,B,Masculino,14.0,2020,Escola Pública,,,Ágata,6.9,5.0,5.9,7.4,9.5,7.5,,7.167,Fase 4 (9º ano),-2,False,False,4.2,7.7,,525.0,80.0,8.0,3.0,Não atendido,Melhorar: Melhorar a sua entrega de lições de casa.,Melhorar: Empenhar-se mais nas aulas e avaliações.,Melhorar: Integrar-se mais aos Princípios Passos Mágicos.,4.0,2.0,False,False,False,False,False,False,False,False,False,False,False,False,False,False
RA-344,2022,Aluno-344,2,B,Masculino,11.0,2019,Escola Pública,,,Ametista,7.263,10.0,4.5,8.3,8.5,7.5,,7.5,Fase 2 (5º e 6º ano),0,False,False,2.3,6.7,,409.0,60.0,6.0,3.0,Não atendido,Destaque: A sua boa entrega das lições de casa.,Melhorar: Empenhar-se mais nas aulas e avaliações.,Destaque: A sua boa integração aos Princípios Passos Mágicos.,2.0,2.0,False,False,False,False,False,False,False,False,False,False,False,False,False,False
RA-345,2022,Aluno-345,2,B,Masculino,13.0,2021,Escola Pública,,,Quartzo,5.75,5.0,3.6,5.4,9.5,5.6,,6.667,Fase 3 (7º e 8º ano),-1,False,False,1.3,5.8,,754.0,139.0,12.0,3.0,Requer avaliação,Melhorar: Melhorar a sua entrega de lições de casa.,Melhorar: Empenhar-se mais nas aulas e avaliações.,Melhorar: Integrar-se mais aos Princípios Passos Mágicos.,3.0,2.0,False,False,False,False,False,False,False,False,False,False,False,False,False,False
RA-346,2022,Aluno-346,2,B,Masculino,10.0,2022,Escola Pública,,,Topázio,8.143,10.0,7.0,9.1,10.0,7.5,,7.889,Fase 2 (5º e 6º ano),0,False,False,6.0,8.0,,102.0,14.0,2.0,3.0,Não atendido,Destaque: A sua boa entrega das lições de casa.,Melhorar: Empenhar-se mais nas aulas e avaliações.,Destaque: A sua boa integração aos Princípios Passos Mágicos.,2.0,2.0,False,False,False,False,False,False,False,False,False,False,False,False,False,False
RA-347,2022,Aluno-347,2,B,Feminino,12.0,2019,Escola Pública,,,Ametista,7.908,5.0,8.5,10.0,9.0,5.6,,8.0,Fase 3 (7º e 8º ano),-1,False,True,8.5,8.5,,167.0,24.0,4.0,3.0,Sem limitações,Destaque: A sua boa entrega das lições de casa.,Destaque: As suas boas notas na Passos Mágicos.,Destaque: A sua boa integração aos Princípios Passos Mágicos.,3.0,2.0,False,False,False,False,False,False,False,False,False,False,False,False,False,False
RA-348,2022,Aluno-348,2,B,Masculino,12.0,2022,Escola Pública,,,Quartzo,5.864,5.0,1.8,8.7,9.0,7.5,,5.833,Fase 3 (7º e 8º ano),-1,False,False,0.5,3.0,,741.0,135.0,11.0,3.0,Sem limitações,Destaque: A sua boa entrega das lições de casa.,Melhorar: Empenhar-se mais nas aulas e avaliações.,Melhorar: Integrar-se mais aos Princípios Passos Mágicos.,3.0,2.0,False,False,False,False,False,False,False,False,False,False,False,False,False,False
RA-349,2022,Aluno-349,2,B,Masculino,12.0,2021,Escola Pública,,,Quartzo,5.658,5.0,3.7,7.7,9.5,7.5,,3.944,Fase 3 (7º e 8º ano),-1,False,False,2.2,5.2,,770.0,143.0,13.0,3.0,Sem limitações,Destaque: A sua boa entrega das lições de casa.,Melhorar: Empenhar-se mais nas aulas e avaliações.,Melhorar: Integrar-se mais aos Princípios Passos Mágicos.,3.0,2.0,False,False,False,False,False,False,False,False,False,False,False,False,False,True
RA-350,2022,Aluno-350,2,D,Feminino,11.0,2022,Escola Pública,,,Topázio,8.206,10.0,6.5,8.8,10.0,7.5,,8.611,Fase 2 (5º e 6º ano),0,True,False,7.0,6.0,,84.0,10.0,2.0,3.0,Não atendido,Destaque: A sua boa entrega das lições de casa.,Melhorar: Empenhar-se mais nas aulas e avaliações.,Destaque: A sua boa integração aos Princípios Passos Mágicos.,2.0,2.0,False,False,False,False,False,False,False,False,False,False,False,False,False,False
RA-351,2022,Aluno-351,2,D,Masculino,14.0,2022,Escola Pública,,,Ágata,6.622,5.0,4.0,7.2,9.0,7.5,,8.111,Fase 4 (9º ano),-2,False,False,3.2,4.8,,618.0,107.0,7.0,3.0,Não atendido,Melhorar: Melhorar a sua entrega de lições de casa.,Melhorar: Empenhar-se mais nas aulas e avaliações.,Destaque: A sua boa integração aos Princípios Passos Mágicos.,4.0,2.0,False,False,False,False,False,False,False,False,False,False,False,False,False,False
RA-352,2022,Aluno-352,2,D,Masculino,11.0,2019,Escola Pública,,,Ametista,7.834,10.0,7.0,8.1,9.0,5.6,,8.389,Fase 2 (5º e 6º ano),0,True,False,7.3,6.7,,191.0,31.0,4.0,3.0,Requer avaliação,Destaque: A sua boa entrega das lições de casa.,Melhorar: Empenhar-se mais nas aulas e avaliações.,Destaque: A sua boa integração aos Princípios Passos Mágicos.,2.0,2.0,False,False,False,False,False,False,False,False,False,False,False,False,False,False
RA-353,2022,Aluno-353,2,D,Feminino,11.0,2022,Escola Pública,,,Topázio,8.264,10.0,7.5,10.0,7.0,7.5,,8.444,Fase 2 (5º e 6º ano),0,True,False,8.0,7.0,,69.0,7.0,1.0,3.0,Não atendido,Destaque: A sua boa entrega das lições de casa.,Destaque: As suas boas notas na Passos Mágicos.,Destaque: A sua boa integração aos Princípios Passos Mágicos.,2.0,2.0,False,False,False,False,False,False,False,False,False,False,False,False,False,False
RA-354,2022,Aluno-354,2,D,Feminino,13.0,2018,Escola Pública,,,Quartzo,5.858,5.0,4.5,4.3,8.5,7.5,,7.333,Fase 3 (7º e 8º ano),-1,False,False,2.8,6.2,,742.0,136.0,9.0,3.0,Não atendido,Melhorar: Melhorar a sua entrega de lições de casa.,Melhorar: Empenhar-se mais nas aulas e avaliações.,Melhorar: Integrar-se mais aos Princípios Passos Mágicos.,3.0,2.0,False,False,False,False,False,False,False,False,False,False,False,False,False,False
RA-355,2022,Aluno-355,2,D,Feminino,12.0,2018,Escola Pública,,,Quartzo,5.379,5.0,4.5,5.0,5.8,7.5,,6.056,Fase 3 (7º e 8º ano),-1,False,False,5.5,3.5,,796.0,151.0,11.0,3.0,Não atendido,Melhorar: Melhorar a sua entrega de lições de casa.,Melhorar: Empenhar-se mais nas aulas e avaliações.,Melhorar: Integrar-se mais aos Princípios Passos Mágicos.,3.0,2.0,False,False,False,False,False,False,False,False,False,False,False,False,False,False
RA-356,2022,Aluno-356,2,D,Masculino,12.0,2019,Escola Pública,,,Ágata,6.69,5.0,4.6,8.4,10.0,5.0,,8.278,Fase 3 (7º e 8º ano),-1,False,False,5.3,3.8,,591.0,97.0,6.0,3.0,Requer avaliação,Destaque: A sua boa entrega das lições de casa.,Melhorar: Empenhar-se mais nas aulas e avaliações.,Destaque: A sua boa integração aos Princípios Passos Mágicos.,3.0,2.0,False,False,False,False,False,False,False,False,False,False,False,False,False,False
RA-357,2022,Aluno-357,2,D,Masculino,12.0,2022,Escola Pública,,,Ametista,7.836,5.0,8.5,9.6,8.0,7.5,,7.778,Fase 3 (7º e 8º ano),-1,False,False,10.0,7.0,,190.0,30.0,3.0,3.0,Não atendido,Destaque: A sua boa entrega das lições de casa.,Destaque: As suas boas notas na Passos Mágicos.,Destaque: A sua boa integração aos Princípios Passos Mágicos.,3.0,2.0,False,False,False,False,False,False,False,False,False,False,False,False,False,False
RA-358,2022,Aluno-358,2,D,Masculino,13.0,2022,Escola Pública,,,Quartzo,5.412,5.0,0.0,6.5,7.5,7.5,,7.556,Fase 3 (7º e 8º ano),-1,False,False,0.0,0.0,,795.0,150.0,10.0,3.0,Não atendido,Melhorar: Melhorar a sua entrega de lições de casa.,Melhorar: Empenhar-se mais nas aulas e avaliações.,Destaque: A sua boa integração aos Princípios Passos Mágicos.,3.0,2.0,False,False,False,True,False,False,False,False,True,False,False,False,False,False
RA-359,2022,Aluno-359,2,D,Feminino,12.0,2019,Escola Pública,,,Ágata,6.606,5.0,4.6,7.0,9.0,7.5,,7.5,Fase 3 (7º e 8º ano),-1,False,False,3.3,5.8,,625.0,108.0,8.0,3.0,Não atendido,Melhorar: Melhorar a sua entrega de lições de casa.,Melhorar: Empenhar-se mais nas aulas e avaliações.,Melhorar: Integrar-se mais aos Princípios Passos Mágicos.,3.0,2.0,False,False,False,False,False,False,False,False,False,False,False,False,False,False
RA-360,2022,Aluno-360,2,D,Feminino,12.0,2019,Escola Pública,,,Ametista,7.075,5.0,5.2,8.5,9.5,7.5,,7.5,Fase 3 (7º e 8º ano),-1,False,False,4.7,5.7,,463.0,70.0,5.0,3.0,Não atendido,Destaque: A sua boa entrega das lições de casa.,Melhorar: Empenhar-se mais nas aulas e avaliações.,Melhorar: Integrar-se mais aos Princípios Passos Mágicos.,3.0,2.0,False,False,False,False,False,False,False,False,False,False,False,False,False,False
RA-361,2022,Aluno-361,2,F,Feminino,13.0,2022,Escola Pública,,,Ágata,6.731,5.0,5.0,9.2,7.9,6.3,,6.778,Fase 3 (7º e 8º ano),-1,False,False,4.0,6.0,,576.0,93.0,16.0,3.0,Sem limitações,Destaque: A sua boa entrega das lições de casa.,Melhorar: Empenhar-se mais nas aulas e avaliações.,Melhorar: Integrar-se mais aos Princípios Passos Mágicos.,3.0,2.0,False,False,False,False,False,False,False,False,False,False,False,False,False,False
RA-362,2022,Aluno-362,2,F,Feminino,12.0,2018,Escola Pública,,,Ametista,7.413,5.0,7.9,7.9,8.5,7.5,,7.5,Fase 3 (7º e 8º ano),-1,False,False,6.5,9.3,,350.0,51.0,7.0,3.0,Sem limitações,Destaque: A sua boa entrega das lições de casa.,Destaque: As suas boas notas na Passos Mágicos.,Destaque: A sua boa integração aos Princípios Passos Mágicos.,3.0,2.0,False,False,False,False,False,False,False,False,False,False,False,False,False,False
RA-363,2022,Aluno-363,2,F,Masculino,12.0,2022,Escola Pública,,,Ágata,6.644,5.0,2.0,10.0,10.0,6.9,,7.056,Fase 3 (7º e 8º ano),-1,False,False,1.0,3.0,,610.0,104.0,17.0,3.0,Sem limitações,Destaque: A sua boa entrega das lições de casa.,Melhorar: Empenhar-se mais nas aulas e avaliações.,Melhorar: Integrar-se mais aos Princípios Passos Mágicos.,3.0,2.0,False,False,False,False,False,False,False,False,False,False,False,False,False,False
RA-364,2022,Aluno-364,2,F,Masculino,11.0,2019,Escola Pública,,,Topázio,8.75,10.0,8.8,10.0,9.5,7.5,,8.167,Fase 2 (5º e 6º ano),0,False,False,9.5,8.0,,12.0,1.0,1.0,3.0,Sem limitações,Destaque: A sua boa entrega das lições de casa.,Destaque: As suas boas notas na Passos Mágicos.,Destaque: A sua boa integração aos Princípios Passos Mágicos.,2.0,2.0,False,False,False,False,False,False,False,False,False,False,False,False,False,False
RA-365,2022,Aluno-365,2,F,Feminino,10.0,2022,Escola Pública,,,Topázio,8.063,10.0,7.8,10.0,8.0,5.0,,7.833,Fase 2 (5º e 6º ano),0,False,False,6.0,9.5,,129.0,17.0,3.0,3.0,Sem limitações,Destaque: A sua boa entrega das lições de casa.,Destaque: As suas boas notas na Passos Mágicos.,Destaque: A sua boa integração aos Princípios Passos Mágicos.,2.0,2.0,False,False,False,False,False,False,False,False,False,False,False,False,False,False
RA-366,2022,Aluno-366,2,F,Masculino,12.0,2022,Escola Pública,,,Ametista,7.181,5.0,5.5,9.4,9.5,7.5,,6.833,Fase 3 (7º e 8º ano),-1,False,False,6.0,5.0,,437.0,67.0,9.0,3.0,Sem limitações,Destaque: A sua boa entrega das lições de casa.,Melhorar: Empenhar-se mais nas aulas e avaliações.,Melhorar: Integrar-se mais aos Princípios Passos Mágicos.,3.0,2.0,False,False,False,False,False,False,False,False,False,False,False,False,False,False
RA-367,2022,Aluno-367,2,F,Feminino,12.0,2018,Escola Pública,,,Ágata,6.95,5.0,6.7,7.4,8.5,6.3,,7.5,Fase 3 (7º e 8º ano),-1,False,False,5.2,8.2,,506.0,76.0,14.0,3.0,Sem limitações,Melhorar: Melhorar a sua entrega de lições de casa.,Melhorar: Empenhar-se mais nas aulas e avaliações.,Destaque: A sua boa integração aos Princípios Passos Mágicos.,3.0,2.0,False,False,False,False,False,False,False,False,False,False,False,False,False,False
RA-368,2022,Aluno-368,2,F,Masculino,13.0,2018,Rede Decisão,,,Ágata,6.969,5.0,7.3,7.9,8.0,5.0,,7.5,Fase 3 (7º e 8º ano),-1,False,False,5.5,9.0,,497.0,74.0,12.0,3.0,Requer avaliação,Destaque: A sua boa entrega das lições de casa.,Melhorar: Empenhar-se mais nas aulas e avaliações.,Destaque: A sua boa integração aos Princípios Passos Mágicos.,3.0,2.0,False,False,False,False,False,False,False,False,False,False,False,False,False,False
RA-369,2022,Aluno-369,2,F,Masculino,11.0,2022,Escola Pública,,,Ágata,6.973,10.0,4.8,6.9,9.0,7.5,,6.889,Fase 2 (5º e 6º ano),0,False,False,4.0,5.5,,496.0,73.0,11.0,3.0,Sem limitações,Melhorar: Melhorar a sua entrega de lições de casa.,Melhorar: Empenhar-se mais nas aulas e avaliações.,Melhorar: Integrar-se mais aos Princípios Passos Mágicos.,2.0,2.0,False,False,False,False,False,False,False,False,False,False,False,False,False,False
RA-370,2022,Aluno-370,2,F,Feminino,12.0,2018,Rede Decisão,,,Ametista,7.066,5.0,7.2,8.2,8.5,5.0,,7.611,Fase 3 (7º e 8º ano),-1,False,False,5.2,9.2,,465.0,71.0,10.0,3.0,Requer avaliação,Destaque: A sua boa entrega das lições de casa.,Melhorar: Empenhar-se mais nas aulas e avaliações.,Destaque: A sua boa integração aos Princípios Passos Mágicos.,3.0,2.0,False,False,False,False,False,False,False,False,False,False,False,False,False,False
RA-371,2022,Aluno-371,2,F,Feminino,10.0,2022,Escola Pública,,,Topázio,8.112,10.0,8.4,8.0,9.5,6.9,,7.667,Fase 2 (5º e 6º ano),0,False,False,7.8,9.0,,111.0,16.0,2.0,3.0,Sem limitações,Destaque: A sua boa entrega das lições de casa.,Destaque: As suas boas notas na Passos Mágicos.,Destaque: A sua boa integração aos Princípios Passos Mágicos.,2.0,2.0,False,False,False,False,False,False,False,False,False,False,False,False,False,False
RA-372,2022,Aluno-372,2,F,Masculino,10.0,2021,Escola Pública,,,Ametista,7.304,10.0,7.8,5.5,8.5,6.9,,7.389,Fase 2 (5º e 6º ano),0,False,False,8.3,7.2,,389.0,57.0,8.0,3.0,Sem limitações,Melhorar: Melhorar a sua entrega de lições de casa.,Destaque: As suas boas notas na Passos Mágicos.,Melhorar: Integrar-se mais aos Princípios Passos Mágicos.,2.0,2.0,False,False,False,False,False,False,False,False,False,False,False,False,False,False
RA-373,2022,Aluno-373,2,F,Masculino,11.0,2022,Escola Pública,,,Ametista,7.503,10.0,7.3,9.5,6.4,5.0,,6.944,Fase 2 (5º e 6º ano),0,False,False,6.5,8.0,,308.0,46.0,6.0,3.0,Requer avaliação,Destaque: A sua boa entrega das lições de casa.,Melhorar: Empenhar-se mais nas aulas e avaliações.,Melhorar: Integrar-se mais aos Princípios Passos Mágicos.,2.0,2.0,False,False,False,False,False,False,False,False,False,False,False,False,False,False
RA-374,2022,Aluno-374,2,F,Feminino,12.0,2021,Escola Pública,,,Ametista,7.747,5.0,6.9,9.8,9.0,7.5,,7.944,Fase 3 (7º e 8º ano),-1,False,False,5.3,8.5,,217.0,34.0,5.0,3.0,Sem limitações,Destaque: A sua boa entrega das lições de casa.,Melhorar: Empenhar-se mais nas aulas e avaliações.,Destaque: A sua boa integração aos Princípios Passos Mágicos.,3.0,2.0,False,False,False,False,False,False,False,False,False,False,False,False,False,False
RA-375,2022,Aluno-375,2,F,Masculino,11.0,2019,Escola Pública,,,Ametista,7.831,10.0,5.4,9.5,9.0,7.5,,7.667,Fase 2 (5º e 6º ano),0,False,False,3.3,7.5,,194.0,32.0,4.0,3.0,Sem limitações,Destaque: A sua boa entrega das lições de casa.,Melhorar: Empenhar-se mais nas aulas e avaliações.,Destaque: A sua boa integração aos Princípios Passos Mágicos.,2.0,2.0,False,False,False,False,False,False,False,False,False,False,False,False,False,False
RA-376,2022,Aluno-376,2,F,Feminino,12.0,2019,Escola Pública,,,Ágata,6.957,5.0,4.3,9.0,9.0,7.5,,7.5,Fase 3 (7º e 8º ano),-1,False,False,2.0,6.7,,500.0,75.0,13.0,3.0,Sem limitações,Destaque: A sua boa entrega das lições de casa.,Melhorar: Empenhar-se mais nas aulas e avaliações.,Destaque: A sua boa integração aos Princípios Passos Mágicos.,3.0,2.0,False,False,False,False,False,False,False,False,False,False,False,False,False,False
RA-377,2022,Aluno-377,2,F,Feminino,12.0,2021,Escola Pública,,,Ágata,6.743,5.0,6.2,7.7,9.0,5.6,,6.833,Fase 3 (7º e 8º ano),-1,False,False,4.3,8.0,,571.0,92.0,15.0,3.0,Requer avaliação,Destaque: A sua boa entrega das lições de casa.,Melhorar: Empenhar-se mais nas aulas e avaliações.,Melhorar: Integrar-se mais aos Princípios Passos Mágicos.,3.0,2.0,False,False,False,False,False,False,False,False,False,False,False,False,False,False
RA-378,2022,Aluno-378,2,I,Masculino,12.0,2021,Escola Pública,,,Ametista,7.203,5.0,8.1,6.8,9.0,5.6,,7.889,Fase 3 (7º e 8º ano),-1,False,True,8.7,7.5,,428.0,62.0,3.0,3.0,Requer avaliação,Melhorar: Melhorar a sua entrega de lições de casa.,Destaque: As suas boas notas na Passos Mágicos.,Destaque: A sua boa integração aos Princípios Passos Mágicos.,3.0,2.0,False,False,False,False,False,False,False,False,False,False,False,False,False,False
RA-379,2022,Aluno-379,2,I,Feminino,13.0,2022,Escola Pública,,,Ágata,6.722,5.0,5.0,8.1,8.5,7.5,,6.778,Fase 3 (7º e 8º ano),-1,False,False,5.0,5.0,,581.0,95.0,7.0,3.0,Sem limitações,Destaque: A sua boa entrega das lições de casa.,Melhorar: Empenhar-se mais nas aulas e avaliações.,Melhorar: Integrar-se mais aos Princípios Passos Mágicos.,3.0,2.0,False,False,False,False,False,False,False,False,False,False,False,False,False,False
RA-380,2022,Aluno-380,2,I,Masculino,13.0,2017,Escola Pública,,,Quartzo,4.556,5.0,2.5,4.4,7.9,5.0,,4.833,Fase 3 (7º e 8º ano),-1,False,False,2.3,2.7,,842.0,154.0,13.0,3.0,Requer avaliação,Melhorar: Melhorar a sua entrega de lições de casa.,Melhorar: Empenhar-se mais nas aulas e avaliações.,Melhorar: Integrar-se mais aos Princípios Passos Mágicos.,3.0,2.0,False,False,False,False,False,False,True,False,False,False,False,False,False,True
RA-381,2022,Aluno-381,2,I,Masculino,13.0,2018,Escola Pública,,,Ágata,6.454,5.0,3.3,8.3,9.0,6.9,,6.944,Fase 3 (7º e 8º ano),-1,False,False,1.5,5.2,,649.0,114.0,9.0,3.0,Sem limitações,Destaque: A sua boa entrega das lições de casa.,Melhorar: Empenhar-se mais nas aulas e avaliações.,Melhorar: Integrar-se mais aos Princípios Passos Mágicos.,3.0,2.0,False,False,False,False,False,False,False,False,False,False,False,False,False,False
RA-382,2022,Aluno-382,2,I,Masculino,14.0,2017,Escola Pública,,,Ágata,6.777,5.0,5.4,7.7,9.0,6.3,,7.333,Fase 4 (9º ano),-2,False,False,4.0,6.8,,561.0,88.0,5.0,3.0,Sem limitações,Destaque: A sua boa entrega das lições de casa.,Melhorar: Empenhar-se mais nas aulas e avaliações.,Melhorar: Integrar-se mais aos Princípios Passos Mágicos.,4.0,2.0,False,False,False,False,False,False,False,False,False,False,False,False,False,False
RA-383,2022,Aluno-383,2,I,Masculino,11.0,2019,Escola Pública,,,Topázio,8.4,10.0,8.1,9.6,9.0,7.5,,7.778,Fase 2 (5º e 6º ano),0,False,False,8.0,8.2,,47.0,5.0,1.0,3.0,Sem limitações,Destaque: A sua boa entrega das lições de casa.,Destaque: As suas boas notas na Passos Mágicos.,Destaque: A sua boa integração aos Princípios Passos Mágicos.,2.0,2.0,False,False,False,False,False,False,False,False,False,False,False,False,False,False
RA-384,2022,Aluno-384,2,I,Feminino,12.0,2017,Escola Pública,,,Ametista,7.558,5.0,8.1,8.4,9.0,6.3,,8.0,Fase 3 (7º e 8º ano),-1,False,False,8.0,8.2,,291.0,44.0,2.0,3.0,Requer avaliação,Destaque: A sua boa entrega das lições de casa.,Destaque: As suas boas notas na Passos Mágicos.,Destaque: A sua boa integração aos Princípios Passos Mágicos.,3.0,2.0,False,False,False,False,False,False,False,False,False,False,False,False,False,False
RA-385,2022,Aluno-385,2,I,Feminino,12.0,2022,Escola Pública,,,Ágata,6.083,5.0,4.9,7.5,7.4,5.0,,6.5,Fase 3 (7º e 8º ano),-1,False,False,2.7,7.2,,712.0,131.0,12.0,3.0,Sem limitações,Melhorar: Melhorar a sua entrega de lições de casa.,Melhorar: Empenhar-se mais nas aulas e avaliações.,Melhorar: Integrar-se mais aos Princípios Passos Mágicos.,3.0,2.0,False,False,False,False,False,False,False,False,False,False,False,False,False,False
RA-386,2022,Aluno-386,2,I,Masculino,13.0,2019,Escola Pública,,,Ágata,6.104,5.0,4.0,5.9,10.0,5.6,,7.222,Fase 3 (7º e 8º ano),-1,False,False,3.7,4.3,,707.0,130.0,11.0,3.0,Requer avaliação,Melhorar: Melhorar a sua entrega de lições de casa.,Melhorar: Empenhar-se mais nas aulas e avaliações.,Melhorar: Integrar-se mais aos Princípios Passos Mágicos.,3.0,2.0,False,False,False,False,False,False,False,False,False,False,False,False,False,False
RA-387,2022,Aluno-387,2,I,Masculino,13.0,2019,Escola Pública,,,Ágata,6.323,5.0,3.7,8.2,7.0,7.5,,6.833,Fase 3 (7º e 8º ano),-1,False,False,1.3,6.0,,680.0,124.0,10.0,3.0,Sem limitações,Destaque: A sua boa entrega das lições de casa.,Melhorar: Empenhar-se mais nas aulas e avaliações.,Melhorar: Integrar-se mais aos Princípios Passos Mágicos.,3.0,2.0,False,False,False,False,False,False,False,False,False,False,False,False,False,False
RA-388,2022,Aluno-388,2,I,Feminino,14.0,2019,Escola Pública,,,Ágata,6.654,5.0,4.5,8.5,7.9,5.6,,7.722,Fase 4 (9º ano),-2,False,False,3.5,5.5,,605.0,101.0,8.0,3.0,Requer avaliação,Destaque: A sua boa entrega das lições de casa.,Melhorar: Empenhar-se mais nas aulas e avaliações.,Destaque: A sua boa integração aos Princípios Passos Mágicos.,4.0,2.0,False,False,False,False,False,False,False,False,False,False,False,False,False,False
RA-389,2022,Aluno-389,2,I,Masculino,11.0,2019,Escola Pública,,,Ametista,7.184,10.0,3.5,8.9,8.0,7.5,,7.556,Fase 2 (5º e 6º ano),0,False,False,2.0,5.0,,435.0,66.0,4.0,3.0,Sem limitações,Destaque: A sua boa entrega das lições de casa.,Melhorar: Empenhar-se mais nas aulas e avaliações.,Destaque: A sua boa integração aos Princípios Passos Mágicos.,2.0,2.0,False,False,False,False,False,False,False,False,False,False,False,False,False,False
RA-390,2022,Aluno-390,2,I,Feminino,12.0,2022,Escola Pública,,,Ágata,6.776,5.0,4.7,8.8,7.4,6.3,,7.722,Fase 3 (7º e 8º ano),-1,False,False,4.0,5.3,,563.0,89.0,6.0,3.0,Requer avaliação,Destaque: A sua boa entrega das lições de casa.,Melhorar: Empenhar-se mais nas aulas e avaliações.,Destaque: A sua boa integração aos Princípios Passos Mágicos.,3.0,2.0,False,False,False,False,False,False,False,False,False,False,False,False,False,False
RA-391,2022,Aluno-391,2,J,Feminino,12.0,2022,Escola Pública,,,Ametista,7.117,5.0,5.1,8.1,10.0,7.5,,8.056,Fase 3 (7º e 8º ano),-1,False,False,5.0,5.2,,451.0,69.0,3.0,3.0,Sem limitações,Destaque: A sua boa entrega das lições de casa.,Melhorar: Empenhar-se mais nas aulas e avaliações.,Destaque: A sua boa integração aos Princípios Passos Mágicos.,3.0,2.0,False,False,False,False,False,False,False,False,False,False,False,False,False,False
RA-392,2022,Aluno-392,2,J,Masculino,14.0,2022,Escola Pública,,,Ágata,6.418,5.0,4.8,8.8,9.5,5.6,,6.778,Fase 4 (9º ano),-2,False,False,3.7,5.8,,657.0,118.0,5.0,3.0,Não indicado,Destaque: A sua boa entrega das lições de casa.,Melhorar: Empenhar-se mais nas aulas e avaliações.,Melhorar: Integrar-se mais aos Princípios Passos Mágicos.,4.0,2.0,False,False,False,False,False,False,False,False,False,False,False,False,False,False
RA-393,2022,Aluno-393,2,J,Feminino,16.0,2018,Escola Pública,,,Quartzo,5.518,2.5,4.6,5.4,10.0,5.0,,6.778,Fase 6 (2º EM),-4,False,False,4.7,4.5,,790.0,148.0,7.0,3.0,Não indicado,Melhorar: Melhorar a sua entrega de lições de casa.,Melhorar: Empenhar-se mais nas aulas e avaliações.,Melhorar: Integrar-se mais aos Princípios Passos Mágicos.,6.0,2.0,False,False,False,False,False,False,False,False,False,False,False,False,False,False
RA-394,2022,Aluno-394,2,J,Feminino,11.0,2022,Escola Pública,,,Ametista,7.897,10.0,5.9,8.6,9.5,7.5,,8.444,Fase 2 (5º e 6º ano),0,True,False,4.3,7.5,,171.0,26.0,1.0,3.0,Sem limitações,Destaque: A sua boa entrega das lições de casa.,Melhorar: Empenhar-se mais nas aulas e avaliações.,Destaque: A sua boa integração aos Princípios Passos Mágicos.,2.0,2.0,False,False,False,False,False,False,False,False,False,False,False,False,False,False
RA-395,2022,Aluno-395,2,J,Feminino,11.0,2018,Escola Pública,,,Ametista,7.683,10.0,4.9,8.9,9.0,7.5,,8.333,Fase 2 (5º e 6º ano),0,False,False,4.2,5.7,,239.0,39.0,2.0,3.0,Sem limitações,Destaque: A sua boa entrega das lições de casa.,Melhorar: Empenhar-se mais nas aulas e avaliações.,Destaque: A sua boa integração aos Princípios Passos Mágicos.,2.0,2.0,False,False,False,False,False,False,False,False,False,False,False,False,False,False
RA-396,2022,Aluno-396,2,J,Masculino,12.0,2022,Escola Pública,,,Ágata,6.556,5.0,5.6,8.0,9.0,6.3,,6.556,Fase 3 (7º e 8º ano),-1,False,False,4.7,6.5,,637.0,111.0,4.0,3.0,Requer avaliação,Destaque: A sua boa entrega das lições de casa.,Melhorar: Empenhar-se mais nas aulas e avaliações.,Melhorar: Integrar-se mais aos Princípios Passos Mágicos.,3.0,2.0,False,False,False,False,False,False,False,False,False,False,False,False,False,False
RA-397,2022,Aluno-397,2,J,Feminino,14.0,2017,Escola Pública,,,Quartzo,5.852,5.0,2.8,5.7,9.0,6.9,,7.167,Fase 4 (9º ano),-2,False,False,3.3,2.3,,744.0,137.0,6.0,3.0,Requer avaliação,Melhorar: Melhorar a sua entrega de lições de casa.,Melhorar: Empenhar-se mais nas aulas e avaliações.,Melhorar: Integrar-se mais aos Princípios Passos Mágicos.,4.0,2.0,False,False,False,False,False,False,False,False,False,False,False,False,False,False
RA-398,2022,Aluno-398,2,K,Feminino,10.0,2022,Escola Pública,,,Ametista,7.742,10.0,5.5,9.3,9.0,7.5,,7.5,Fase 2 (5º e 6º ano),0,False,False,3.0,8.0,,221.0,35.0,2.0,3.0,Sem limitações,Destaque: A sua boa entrega das lições de casa.,Melhorar: Empenhar-se mais nas aulas e avaliações.,Destaque: A sua boa integração aos Princípios Passos Mágicos.,2.0,2.0,False,False,False,False,False,False,False,False,False,False,False,False,False,False
RA-399,2022,Aluno-399,2,K,Feminino,12.0,2022,Escola Pública,,,Ágata,6.58,5.0,4.3,9.3,6.8,5.6,,7.5,Fase 3 (7º e 8º ano),-1,False,False,3.0,5.5,,633.0,110.0,9.0,3.0,Requer avaliação,Destaque: A sua boa entrega das lições de casa.,Melhorar: Empenhar-se mais nas aulas e avaliações.,Destaque: A sua boa integração aos Princípios Passos Mágicos.,3.0,2.0,False,False,False,False,False,False,False,False,False,False,False,False,False,False
RA-400,2022,Aluno-400,2,K,Masculino,14.0,2018,Escola Pública,,,Ágata,6.042,5.0,1.7,8.5,9.0,5.0,,7.444,Fase 4 (9º ano),-2,False,False,1.2,2.2,,720.0,132.0,10.0,3.0,Requer avaliação,Destaque: A sua boa entrega das lições de casa.,Melhorar: Empenhar-se mais nas aulas e avaliações.,Melhorar: Integrar-se mais aos Princípios Passos Mágicos.,4.0,2.0,False,False,False,False,False,False,False,False,False,False,False,False,False,False
RA-401,2022,Aluno-401,2,K,Feminino,12.0,2021,Escola Pública,,,Ágata,6.645,5.0,4.3,9.6,6.9,7.5,,6.722,Fase 3 (7º e 8º ano),-1,False,False,3.7,5.0,,609.0,103.0,8.0,3.0,Sem limitações,Destaque: A sua boa entrega das lições de casa.,Melhorar: Empenhar-se mais nas aulas e avaliações.,Melhorar: Integrar-se mais aos Princípios Passos Mágicos.,3.0,2.0,False,False,False,False,False,False,False,False,False,False,False,False,False,False
RA-402,2022,Aluno-402,2,K,Feminino,12.0,2019,Escola Pública,,,Quartzo,5.261,5.0,3.0,3.7,9.0,5.0,,7.222,Fase 3 (7º e 8º ano),-1,False,False,4.3,1.7,,806.0,152.0,13.0,3.0,Requer avaliação,Melhorar: Melhorar a sua entrega de lições de casa.,Melhorar: Empenhar-se mais nas aulas e avaliações.,Melhorar: Integrar-se mais aos Princípios Passos Mágicos.,3.0,2.0,False,False,False,False,False,False,False,False,False,True,False,False,False,False
RA-403,2022,Aluno-403,2,K,Masculino,12.0,2020,Escola Pública,,,Ametista,7.455,5.0,6.3,9.3,9.5,7.5,,7.5,Fase 3 (7º e 8º ano),-1,False,False,6.5,6.2,,334.0,50.0,4.0,3.0,Sem limitações,Destaque: A sua boa entrega das lições de casa.,Melhorar: Empenhar-se mais nas aulas e avaliações.,Destaque: A sua boa integração aos Princípios Passos Mágicos.,3.0,2.0,False,False,False,False,False,False,False,False,False,False,False,False,False,False
RA-404,2022,Aluno-404,2,K,Feminino,12.0,2020,Escola Pública,,,Ágata,6.658,5.0,5.3,7.3,9.0,7.5,,6.944,Fase 3 (7º e 8º ano),-1,False,False,4.0,6.5,,602.0,100.0,7.0,3.0,Sem limitações,Melhorar: Melhorar a sua entrega de lições de casa.,Melhorar: Empenhar-se mais nas aulas e avaliações.,Melhorar: Integrar-se mais aos Princípios Passos Mágicos.,3.0,2.0,False,False,False,False,False,False,False,False,False,False,False,False,False,False
RA-405,2022,Aluno-405,2,K,Masculino,13.0,2016,Escola Pública,,,Quartzo,5.661,5.0,3.3,6.2,9.5,5.0,,6.0,Fase 3 (7º e 8º ano),-1,False,False,2.7,3.8,,769.0,142.0,12.0,3.0,Requer avaliação,Melhorar: Melhorar a sua entrega de lições de casa.,Melhorar: Empenhar-se mais nas aulas e avaliações.,Melhorar: Integrar-se mais aos Princípios Passos Mágicos.,3.0,2.0,False,False,False,False,False,False,False,False,False,False,False,False,False,False
RA-406,2022,Aluno-406,2,K,Feminino,13.0,2019,Escola Pública,,,Ametista,7.496,5.0,6.6,9.5,9.5,7.5,,7.333,Fase 3 (7º e 8º ano),-1,False,False,5.4,7.8,,314.0,47.0,3.0,3.0,Sem limitações,Destaque: A sua boa entrega das lições de casa.,Melhorar: Empenhar-se mais nas aulas e avaliações.,Melhorar: Integrar-se mais aos Princípios Passos Mágicos.,3.0,2.0,False,False,False,False,False,False,False,False,False,False,False,False,False,False
RA-407,2022,Aluno-407,2,K,Masculino,13.0,2022,Escola Pública,,,Ametista,7.195,5.0,6.0,9.3,8.5,7.5,,7.056,Fase 3 (7º e 8º ano),-1,False,False,4.0,8.0,,431.0,64.0,5.0,3.0,Sem limitações,Destaque: A sua boa entrega das lições de casa.,Melhorar: Empenhar-se mais nas aulas e avaliações.,Melhorar: Integrar-se mais aos Princípios Passos Mágicos.,3.0,2.0,False,False,False,False,False,False,False,False,False,False,False,False,False,False
RA-408,2022,Aluno-408,2,K,Feminino,12.0,2022,Escola Pública,,,Ágata,6.725,5.0,3.3,9.7,8.0,7.5,,7.333,Fase 3 (7º e 8º ano),-1,False,False,1.0,5.5,,578.0,94.0,6.0,3.0,Sem limitações,Destaque: A sua boa entrega das lições de casa.,Melhorar: Empenhar-se mais nas aulas e avaliações.,Melhorar: Integrar-se mais aos Princípios Passos Mágicos.,3.0,2.0,False,False,False,False,False,False,False,False,False,False,False,False,False,False
RA-409,2022,Aluno-409,2,K,Feminino,11.0,2022,Escola Pública,,,Topázio,8.15,10.0,7.8,9.7,7.9,7.5,,7.5,Fase 2 (5º e 6º ano),0,False,False,6.0,9.5,,99.0,13.0,1.0,3.0,Sem limitações,Destaque: A sua boa entrega das lições de casa.,Destaque: As suas boas notas na Passos Mágicos.,Destaque: A sua boa integração aos Princípios Passos Mágicos.,2.0,2.0,False,False,False,False,False,False,False,False,False,False,False,False,False,False
RA-410,2022,Aluno-410,2,K,Masculino,14.0,2018,Escola Pública,,,Quartzo,5.675,5.0,2.0,6.5,7.4,6.3,,7.444,Fase 4 (9º ano),-2,False,False,2.0,2.0,,763.0,141.0,11.0,3.0,Requer avaliação,Melhorar: Melhorar a sua entrega de lições de casa.,Melhorar: Empenhar-se mais nas aulas e avaliações.,Melhorar: Integrar-se mais aos Princípios Passos Mágicos.,4.0,2.0,False,False,False,False,False,False,False,False,False,False,False,False,False,False
RA-411,2022,Aluno-411,2,L,Feminino,12.0,2019,Escola Pública,,,Ametista,7.232,5.0,7.1,8.6,6.4,7.5,,7.833,Fase 3 (7º e 8º ano),-1,False,False,6.7,7.5,,415.0,61.0,12.0,3.0,Não atendido,Destaque: A sua boa entrega das lições de casa.,Melhorar: Empenhar-se mais nas aulas e avaliações.,Destaque: A sua boa integração aos Princípios Passos Mágicos.,3.0,2.0,False,False,False,False,False,False,False,False,False,False,False,False,False,False
RA-412,2022,Aluno-412,2,L,Feminino,12.0,2018,Escola Pública,,,Ametista,7.556,5.0,7.3,9.0,8.5,7.5,,7.778,Fase 3 (7º e 8º ano),-1,False,False,6.5,8.2,,292.0,45.0,8.0,3.0,Não atendido,Destaque: A sua boa entrega das lições de casa.,Melhorar: Empenhar-se mais nas aulas e avaliações.,Destaque: A sua boa integração aos Princípios Passos Mágicos.,3.0,2.0,False,False,False,False,False,False,False,False,False,False,False,False,False,False
RA-413,2022,Aluno-413,2,L,Feminino,12.0,2022,Escola Pública,,,Ágata,6.408,5.0,4.7,8.7,6.4,5.6,,7.056,Fase 3 (7º e 8º ano),-1,False,False,4.2,5.2,,660.0,120.0,15.0,3.0,Requer avaliação,Destaque: A sua boa entrega das lições de casa.,Melhorar: Empenhar-se mais nas aulas e avaliações.,Melhorar: Integrar-se mais aos Princípios Passos Mágicos.,3.0,2.0,False,False,False,False,False,False,False,False,False,False,False,False,False,False
RA-414,2022,Aluno-414,2,L,Feminino,12.0,2021,Escola Pública,,,Ametista,7.284,5.0,5.9,9.3,8.0,7.5,,7.667,Fase 3 (7º e 8º ano),-1,False,False,5.7,6.2,,399.0,58.0,11.0,3.0,Não atendido,Destaque: A sua boa entrega das lições de casa.,Melhorar: Empenhar-se mais nas aulas e avaliações.,Destaque: A sua boa integração aos Princípios Passos Mágicos.,3.0,2.0,False,False,False,False,False,False,False,False,False,False,False,False,False,False
RA-415,2022,Aluno-415,2,L,Feminino,11.0,2019,Escola Pública,,,Ametista,7.695,10.0,6.2,8.3,8.0,7.5,,8.056,Fase 2 (5º e 6º ano),0,False,False,4.8,7.5,,235.0,37.0,7.0,3.0,Não atendido,Destaque: A sua boa entrega das lições de casa.,Melhorar: Empenhar-se mais nas aulas e avaliações.,Destaque: A sua boa integração aos Princípios Passos Mágicos.,2.0,2.0,False,False,False,False,False,False,False,False,False,False,False,False,False,False
RA-416,2022,Aluno-416,2,L,Masculino,12.0,2018,Rede Decisão,,,Ametista,7.913,5.0,7.2,9.3,9.5,8.8,,8.222,Fase 3 (7º e 8º ano),-1,False,False,6.7,7.7,,164.0,23.0,6.0,3.0,Sem limitações,Destaque: A sua boa entrega das lições de casa.,Melhorar: Empenhar-se mais nas aulas e avaliações.,Destaque: A sua boa integração aos Princípios Passos Mágicos.,3.0,2.0,False,False,False,False,False,False,False,False,False,False,False,False,False,False
RA-417,2022,Aluno-417,2,L,Feminino,13.0,2022,Escola Pública,,,Topázio,8.428,5.0,8.0,10.0,10.0,7.5,,9.556,Fase 3 (7º e 8º ano),-1,True,False,6.0,10.0,,43.0,4.0,2.0,3.0,Não atendido,Destaque: A sua boa entrega das lições de casa.,Destaque: As suas boas notas na Passos Mágicos.,Destaque: A sua boa integração aos Princípios Passos Mágicos.,3.0,2.0,False,False,False,False,False,False,False,False,False,False,False,False,False,False
RA-418,2022,Aluno-418,2,L,Feminino,10.0,2020,Rede Decisão,,,Topázio,8.175,10.0,7.5,9.4,8.0,7.5,,8.222,Fase 2 (5º e 6º ano),0,False,False,6.5,8.5,,93.0,12.0,3.0,3.0,Não atendido,Destaque: A sua boa entrega das lições de casa.,Destaque: As suas boas notas na Passos Mágicos.,Destaque: A sua boa integração aos Princípios Passos Mágicos.,2.0,2.0,False,False,False,False,False,False,False,False,False,False,False,False,False,False
RA-419,2022,Aluno-419,2,L,Feminino,12.0,2019,Rede Decisão,,,Ametista,7.359,5.0,6.9,9.2,7.5,5.6,,8.389,Fase 3 (7º e 8º ano),-1,True,False,5.3,8.5,,375.0,55.0,10.0,3.0,Requer avaliação,Destaque: A sua boa entrega das lições de casa.,Melhorar: Empenhar-se mais nas aulas e avaliações.,Destaque: A sua boa integração aos Princípios Passos Mágicos.,3.0,2.0,False,False,False,False,False,False,False,False,False,False,False,False,False,False
RA-420,2022,Aluno-420,2,L,Feminino,11.0,2019,Rede Decisão,,,Ametista,7.461,10.0,4.5,9.0,9.5,5.6,,8.0,Fase 2 (5º e 6º ano),0,False,False,1.3,7.7,,331.0,49.0,9.0,3.0,Requer avaliação,Destaque: A sua boa entrega das lições de casa.,Melhorar: Empenhar-se mais nas aulas e avaliações.,Destaque: A sua boa integração aos Princípios Passos Mágicos.,2.0,2.0,False,False,False,False,False,False,False,False,False,False,False,False,False,False
RA-421,2022,Aluno-421,2,L,Masculino,11.0,2021,Escola Pública,,,Topázio,8.717,10.0,8.8,9.3,8.5,7.5,,9.111,Fase 2 (5º e 6º ano),0,True,True,9.2,8.5,,14.0,2.0,1.0,3.0,Não atendido,Destaque: A sua boa entrega das lições de casa.,Destaque: As suas boas notas na Passos Mágicos.,Destaque: A sua boa integração aos Princípios Passos Mágicos.,2.0,2.0,False,False,False,False,False,False,False,False,False,False,False,False,False,False
RA-422,2022,Aluno-422,2,L,Masculino,12.0,2022,Escola Pública,,,Ágata,6.746,5.0,2.5,10.0,8.5,7.5,,7.5,Fase 3 (7º e 8º ano),-1,False,False,1.0,4.0,,569.0,90.0,13.0,3.0,Não atendido,Destaque: A sua boa entrega das lições de casa.,Melhorar: Empenhar-se mais nas aulas e avaliações.,Destaque: A sua boa integração aos Princípios Passos Mágicos.,3.0,2.0,False,False,False,False,False,False,False,False,False,False,False,False,False,False
RA-423,2022,Aluno-423,2,L,Feminino,12.0,2022,Escola Pública,,,Ágata,6.647,5.0,2.3,9.6,8.4,7.5,,7.667,Fase 3 (7º e 8º ano),-1,False,False,0.5,4.0,,607.0,102.0,14.0,3.0,Sem limitações,Destaque: A sua boa entrega das lições de casa.,Melhorar: Empenhar-se mais nas aulas e avaliações.,Destaque: A sua boa integração aos Princípios Passos Mágicos.,3.0,2.0,False,False,False,False,False,False,False,False,False,False,False,False,False,False
RA-424,2022,Aluno-424,2,L,Feminino,12.0,2022,Escola Pública,,,Ametista,7.94,5.0,7.5,10.0,9.0,7.5,,8.222,Fase 3 (7º e 8º ano),-1,False,False,10.0,5.0,,159.0,21.0,5.0,3.0,Não atendido,Destaque: A sua boa entrega das lições de casa.,Destaque: As suas boas notas na Passos Mágicos.,Destaque: A sua boa integração aos Princípios Passos Mágicos.,3.0,2.0,False,False,False,False,False,False,False,False,False,False,False,False,False,False
RA-425,2022,Aluno-425,2,L,Masculino,12.0,2022,Escola Pública,,,Topázio,8.117,5.0,9.0,10.0,9.0,7.5,,7.5,Fase 3 (7º e 8º ano),-1,False,False,9.0,9.0,,110.0,15.0,4.0,3.0,Não atendido,Destaque: A sua boa entrega das lições de casa.,Destaque: As suas boas notas na Passos Mágicos.,Destaque: A sua boa integração aos Princípios Passos Mágicos.,3.0,2.0,False,False,False,False,False,False,False,False,False,False,False,False,False,False
RA-426,2022,Aluno-426,2,M,Feminino,14.0,2022,Escola Pública,,,Ágata,6.35,5.0,4.6,6.5,9.0,7.5,,7.111,Fase 4 (9º ano),-2,False,False,2.3,6.8,,668.0,122.0,9.0,3.0,Não atendido,Melhorar: Melhorar a sua entrega de lições de casa.,Melhorar: Empenhar-se mais nas aulas e avaliações.,Melhorar: Integrar-se mais aos Princípios Passos Mágicos.,4.0,2.0,False,False,False,False,False,False,False,False,False,False,False,False,False,False
RA-427,2022,Aluno-427,2,M,Masculino,13.0,2022,Escola Pública,,,Ágata,6.245,5.0,2.5,8.5,8.0,7.5,,6.778,Fase 3 (7º e 8º ano),-1,False,False,3.0,2.0,,696.0,128.0,11.0,3.0,Não atendido,Destaque: A sua boa entrega das lições de casa.,Melhorar: Empenhar-se mais nas aulas e avaliações.,Melhorar: Integrar-se mais aos Princípios Passos Mágicos.,3.0,2.0,False,False,False,False,False,False,False,False,False,False,False,False,False,False
RA-428,2022,Aluno-428,2,M,Masculino,13.0,2022,Escola Pública,,,Ametista,7.683,5.0,9.5,8.7,6.8,7.5,,7.111,Fase 3 (7º e 8º ano),-1,False,False,10.0,9.0,,238.0,38.0,2.0,3.0,Não atendido,Destaque: A sua boa entrega das lições de casa.,Destaque: As suas boas notas na Passos Mágicos.,Melhorar: Integrar-se mais aos Princípios Passos Mágicos.,3.0,2.0,False,False,False,False,False,False,False,False,False,False,False,False,False,False
RA-429,2022,Aluno-429,2,M,Masculino,13.0,2019,Escola Pública,,,Quartzo,5.811,5.0,2.7,5.3,10.0,7.5,,6.611,Fase 3 (7º e 8º ano),-1,False,False,2.8,2.5,,749.0,138.0,12.0,3.0,Não atendido,Melhorar: Melhorar a sua entrega de lições de casa.,Melhorar: Empenhar-se mais nas aulas e avaliações.,Melhorar: Integrar-se mais aos Princípios Passos Mágicos.,3.0,2.0,False,False,False,False,False,False,False,False,False,False,False,False,False,False
RA-430,2022,Aluno-430,2,M,Masculino,13.0,2022,Escola Pública,,,Ametista,7.585,5.0,8.5,8.6,9.5,7.5,,6.611,Fase 3 (7º e 8º ano),-1,False,False,7.5,9.5,,281.0,43.0,3.0,3.0,Não atendido,Destaque: A sua boa entrega das lições de casa.,Destaque: As suas boas notas na Passos Mágicos.,Melhorar: Integrar-se mais aos Princípios Passos Mágicos.,3.0,2.0,False,False,False,False,False,False,False,False,False,False,False,False,False,False
RA-431,2022,Aluno-431,2,M,Masculino,11.0,2022,Escola Pública,,,Ametista,7.175,10.0,4.5,8.1,9.0,7.5,,6.778,Fase 2 (5º e 6º ano),0,False,False,5.0,4.0,,439.0,68.0,5.0,3.0,Não atendido,Destaque: A sua boa entrega das lições de casa.,Melhorar: Empenhar-se mais nas aulas e avaliações.,Melhorar: Integrar-se mais aos Princípios Passos Mágicos.,2.0,2.0,False,False,False,False,False,False,False,False,False,False,False,False,False,False
RA-432,2022,Aluno-432,2,M,Feminino,14.0,2019,Escola Pública,,,Ágata,6.34,5.0,5.1,6.8,10.0,5.0,,6.611,Fase 4 (9º ano),-2,False,False,5.7,4.5,,672.0,123.0,10.0,3.0,Requer avaliação,Melhorar: Melhorar a sua entrega de lições de casa.,Melhorar: Empenhar-se mais nas aulas e avaliações.,Melhorar: Integrar-se mais aos Princípios Passos Mágicos.,4.0,2.0,False,False,False,False,False,False,False,False,False,False,False,False,False,False
RA-433,2022,Aluno-433,2,M,Masculino,12.0,2022,Escola Pública,,,Quartzo,5.557,5.0,2.6,7.3,8.5,5.0,,5.778,Fase 3 (7º e 8º ano),-1,False,False,2.2,3.0,,780.0,146.0,13.0,3.0,Requer avaliação,Melhorar: Melhorar a sua entrega de lições de casa.,Melhorar: Empenhar-se mais nas aulas e avaliações.,Melhorar: Integrar-se mais aos Princípios Passos Mágicos.,3.0,2.0,False,False,False,False,False,False,False,False,False,False,False,False,False,False
RA-434,2022,Aluno-434,2,M,Masculino,11.0,2022,Escola Pública,,,Ametista,7.403,10.0,5.7,8.1,9.0,7.5,,6.778,Fase 2 (5º e 6º ano),0,False,False,4.8,6.5,,360.0,52.0,4.0,3.0,Sem limitações,Destaque: A sua boa entrega das lições de casa.,Melhorar: Empenhar-se mais nas aulas e avaliações.,Melhorar: Integrar-se mais aos Princípios Passos Mágicos.,2.0,2.0,False,False,False,False,False,False,False,False,False,False,False,False,False,False
RA-435,2022,Aluno-435,2,M,Feminino,10.0,2022,Escola Pública,,,Ágata,6.599,10.0,4.7,6.2,7.9,7.5,,6.444,Fase 2 (5º e 6º ano),0,False,False,3.7,5.7,,627.0,109.0,8.0,3.0,Sem limitações,Melhorar: Melhorar a sua entrega de lições de casa.,Melhorar: Empenhar-se mais nas aulas e avaliações.,Melhorar: Integrar-se mais aos Princípios Passos Mágicos.,2.0,2.0,False,False,False,False,False,False,False,False,False,False,False,False,False,False
RA-436,2022,Aluno-436,2,M,Masculino,11.0,2022,Escola Pública,,,Ágata,6.687,10.0,2.0,8.1,9.5,7.5,,6.611,Fase 2 (5º e 6º ano),0,False,False,4.0,0.0,,592.0,98.0,7.0,3.0,Sem limitações,Destaque: A sua boa entrega das lições de casa.,Melhorar: Empenhar-se mais nas aulas e avaliações.,Melhorar: Integrar-se mais aos Princípios Passos Mágicos.,2.0,2.0,False,False,False,False,False,False,False,False,False,False,False,False,False,False
RA-437,2022,Aluno-437,2,M,Masculino,13.0,2022,Escola Pública,,,Ágata,6.875,5.0,5.8,8.3,8.5,7.5,,6.611,Fase 3 (7º e 8º ano),-1,False,False,6.0,5.5,,531.0,82.0,6.0,3.0,Sem limitações,Destaque: A sua boa entrega das lições de casa.,Melhorar: Empenhar-se mais nas aulas e avaliações.,Melhorar: Integrar-se mais aos Princípios Passos Mágicos.,3.0,2.0,False,False,False,False,False,False,False,False,False,False,False,False,False,False
RA-438,2022,Aluno-438,2,M,Masculino,10.0,2022,Escola Pública,,,Ametista,7.764,10.0,7.3,8.7,8.0,7.5,,6.889,Fase 2 (5º e 6º ano),0,False,False,6.5,8.0,,213.0,33.0,1.0,3.0,Sem limitações,Destaque: A sua boa entrega das lições de casa.,Melhorar: Empenhar-se mais nas aulas e avaliações.,Melhorar: Integrar-se mais aos Princípios Passos Mágicos.,2.0,2.0,False,False,False,False,False,False,False,False,False,False,False,False,False,False
RA-439,2022,Aluno-439,2,M,Masculino,12.0,2022,Escola Pública,,,Quartzo,5.519,5.0,2.3,4.9,9.0,7.5,,6.5,Fase 3 (7º e 8º ano),-1,False,False,3.2,1.3,,789.0,147.0,14.0,3.0,Sem limitações,Melhorar: Melhorar a sua entrega de lições de casa.,Melhorar: Empenhar-se mais nas aulas e avaliações.,Melhorar: Integrar-se mais aos Princípios Passos Mágicos.,3.0,2.0,False,False,False,False,False,False,False,False,False,False,False,False,False,False
RA-440,2022,Aluno-440,2,P,Masculino,11.0,2022,Escola Pública,,,Ametista,7.329,10.0,5.5,9.0,9.5,6.9,,5.833,Fase 2 (5º e 6º ano),0,False,False,6.0,5.0,,382.0,56.0,6.0,3.0,Não atendido,Destaque: A sua boa entrega das lições de casa.,Melhorar: Empenhar-se mais nas aulas e avaliações.,Melhorar: Integrar-se mais aos Princípios Passos Mágicos.,2.0,2.0,False,False,False,False,False,False,False,False,False,False,False,False,False,False
RA-441,2022,Aluno-441,2,P,Feminino,11.0,2019,Escola Pública,,,Topázio,8.188,10.0,8.0,7.9,9.0,7.5,,8.333,Fase 2 (5º e 6º ano),0,False,False,8.0,8.0,,87.0,11.0,2.0,3.0,Não atendido,Destaque: A sua boa entrega das lições de casa.,Destaque: As suas boas notas na Passos Mágicos.,Destaque: A sua boa integração aos Princípios Passos Mágicos.,2.0,2.0,False,False,False,False,False,False,False,False,False,False,False,False,False,False
RA-442,2022,Aluno-442,2,P,Feminino,11.0,2022,Escola Pública,,,Topázio,8.226,10.0,7.5,8.2,10.0,7.5,,8.222,Fase 2 (5º e 6º ano),0,False,False,9.0,6.0,,78.0,8.0,1.0,3.0,Não atendido,Destaque: A sua boa entrega das lições de casa.,Destaque: As suas boas notas na Passos Mágicos.,Destaque: A sua boa integração aos Princípios Passos Mágicos.,2.0,2.0,False,False,False,False,False,False,False,False,False,False,False,False,False,False
RA-443,2022,Aluno-443,2,P,Feminino,13.0,2019,Escola Pública,,,Ametista,7.482,5.0,5.6,9.1,9.0,7.5,,8.5,Fase 3 (7º e 8º ano),-1,True,True,8.0,3.2,,321.0,48.0,4.0,3.0,Não atendido,Destaque: A sua boa entrega das lições de casa.,Melhorar: Empenhar-se mais nas aulas e avaliações.,Destaque: A sua boa integração aos Princípios Passos Mágicos.,3.0,2.0,False,False,False,False,False,False,False,False,False,False,False,False,False,False
RA-444,2022,Aluno-444,2,P,Masculino,11.0,2018,Escola Pública,,,Ágata,6.665,10.0,3.1,7.2,9.0,5.0,,7.778,Fase 2 (5º e 6º ano),0,False,False,1.5,4.7,,601.0,99.0,8.0,3.0,Requer avaliação,Melhorar: Melhorar a sua entrega de lições de casa.,Melhorar: Empenhar-se mais nas aulas e avaliações.,Destaque: A sua boa integração aos Princípios Passos Mágicos.,2.0,2.0,False,False,False,False,False,False,False,False,False,False,False,False,False,False
RA-445,2022,Aluno-445,2,P,Masculino,12.0,2022,Escola Pública,,,Ágata,6.924,5.0,3.8,9.4,9.0,7.5,,7.5,Fase 3 (7º e 8º ano),-1,False,False,0.0,7.5,,518.0,79.0,7.0,3.0,Não atendido,Destaque: A sua boa entrega das lições de casa.,Melhorar: Empenhar-se mais nas aulas e avaliações.,Destaque: A sua boa integração aos Princípios Passos Mágicos.,3.0,2.0,False,False,False,False,False,False,False,False,False,False,False,False,False,False
RA-446,2022,Aluno-446,2,P,Feminino,13.0,2018,Escola Pública,,,Ametista,7.367,5.0,6.9,8.9,9.5,5.0,,7.889,Fase 3 (7º e 8º ano),-1,False,False,6.3,7.5,,373.0,54.0,5.0,3.0,Requer avaliação,Destaque: A sua boa entrega das lições de casa.,Melhorar: Empenhar-se mais nas aulas e avaliações.,Destaque: A sua boa integração aos Princípios Passos Mágicos.,3.0,2.0,False,False,False,False,False,False,False,False,False,False,False,False,False,False
RA-447,2022,Aluno-447,2,P,Feminino,10.0,2022,Escola Pública,,,Quartzo,5.607,10.0,3.5,7.0,0.0,7.5,,5.556,Fase 2 (5º e 6º ano),0,False,False,7.0,0.0,,773.0,144.0,10.0,3.0,Não atendido,Melhorar: Melhorar a sua entrega de lições de casa.,Melhorar: Empenhar-se mais nas aulas e avaliações.,Melhorar: Integrar-se mais aos Princípios Passos Mágicos.,2.0,2.0,True,False,False,False,False,False,False,False,False,False,True,False,False,False
RA-448,2022,Aluno-448,2,P,Feminino,11.0,2022,Escola Pública,,,Ametista,7.972,10.0,5.5,9.7,9.0,7.5,,8.111,Fase 2 (5º e 6º ano),0,False,False,5.0,6.0,,150.0,19.0,3.0,3.0,Não atendido,Destaque: A sua boa entrega das lições de casa.,Melhorar: Empenhar-se mais nas aulas e avaliações.,Destaque: A sua boa integração aos Princípios Passos Mágicos.,2.0,2.0,False,False,False,False,False,False,False,False,False,False,False,False,False,False
RA-449,2022,Aluno-449,2,P,Feminino,12.0,2022,Escola Pública,,,Ágata,6.143,5.0,7.0,6.0,0.0,7.5,,8.111,Fase 3 (7º e 8º ano),-1,False,False,6.0,8.0,,703.0,129.0,9.0,3.0,Não atendido,Melhorar: Melhorar a sua entrega de lições de casa.,Melhorar: Empenhar-se mais nas aulas e avaliações.,Destaque: A sua boa integração aos Princípios Passos Mágicos.,3.0,2.0,True,False,False,False,False,False,False,False,False,False,True,False,False,False
RA-450,2022,Aluno-450,2,Q,Masculino,13.0,2021,Escola Pública,,,Ametista,7.843,5.0,7.5,9.1,10.0,7.5,,8.111,Fase 3 (7º e 8º ano),-1,False,False,6.8,8.2,,188.0,29.0,2.0,3.0,Não atendido,Destaque: A sua boa entrega das lições de casa.,Melhorar: Empenhar-se mais nas aulas e avaliações.,Destaque: A sua boa integração aos Princípios Passos Mágicos.,3.0,2.0,False,False,False,False,False,False,False,False,False,False,False,False,False,False
RA-451,2022,Aluno-451,2,Q,Feminino,13.0,2019,Escola Pública,,,Ágata,6.434,5.0,6.1,6.0,9.0,6.3,,6.889,Fase 3 (7º e 8º ano),-1,False,False,3.1,9.2,,654.0,117.0,9.0,3.0,Requer avaliação,Melhorar: Melhorar a sua entrega de lições de casa.,Melhorar: Empenhar-se mais nas aulas e avaliações.,Melhorar: Integrar-se mais aos Princípios Passos Mágicos.,3.0,2.0,False,False,False,False,False,False,False,False,False,False,False,False,False,False
RA-452,2022,Aluno-452,2,Q,Feminino,13.0,2021,Escola Pública,,,Ágata,6.287,5.0,4.8,5.6,9.0,7.5,,7.167,Fase 3 (7º e 8º ano),-1,False,False,5.0,4.5,,690.0,127.0,10.0,3.0,Não atendido,Melhorar: Melhorar a sua entrega de lições de casa.,Melhorar: Empenhar-se mais nas aulas e avaliações.,Melhorar: Integrar-se mais aos Princípios Passos Mágicos.,3.0,2.0,False,False,False,False,False,False,False,False,False,False,False,False,False,False
RA-453,2022,Aluno-453,2,Q,Feminino,13.0,2022,Escola Pública,,,Ametista,7.845,5.0,8.8,8.7,9.0,7.5,,7.778,Fase 3 (7º e 8º ano),-1,False,False,8.0,9.5,,187.0,28.0,1.0,3.0,Não atendido,Destaque: A sua boa entrega das lições de casa.,Destaque: As suas boas notas na Passos Mágicos.,Destaque: A sua boa integração aos Princípios Passos Mágicos.,3.0,2.0,False,False,False,False,False,False,False,False,False,False,False,False,False,False
RA-454,2022,Aluno-454,2,Q,Masculino,14.0,2018,Escola Pública,,,Quartzo,5.561,5.0,2.3,8.6,9.5,5.0,,5.444,Fase 4 (9º ano),-2,False,False,0.0,4.7,,779.0,145.0,12.0,3.0,Não indicado,Destaque: A sua boa entrega das lições de casa.,Melhorar: Empenhar-se mais nas aulas e avaliações.,Melhorar: Integrar-se mais aos Princípios Passos Mágicos.,4.0,2.0,False,False,False,False,False,False,False,False,False,False,False,False,False,False
RA-455,2022,Aluno-455,2,Q,Feminino,12.0,2022,Escola Pública,,,Ágata,6.876,5.0,6.3,7.9,7.0,7.5,,7.278,Fase 3 (7º e 8º ano),-1,False,False,6.0,6.5,,529.0,81.0,6.0,3.0,Não atendido,Destaque: A sua boa entrega das lições de casa.,Melhorar: Empenhar-se mais nas aulas e avaliações.,Melhorar: Integrar-se mais aos Princípios Passos Mágicos.,3.0,2.0,False,False,False,False,False,False,False,False,False,False,False,False,False,False
RA-456,2022,Aluno-456,2,Q,Feminino,12.0,2022,Escola Pública,,,Ametista,7.193,5.0,7.3,8.2,6.4,6.3,,8.389,Fase 3 (7º e 8º ano),-1,True,False,6.0,8.7,,432.0,65.0,5.0,3.0,Requer avaliação,Destaque: A sua boa entrega das lições de casa.,Melhorar: Empenhar-se mais nas aulas e avaliações.,Destaque: A sua boa integração aos Princípios Passos Mágicos.,3.0,2.0,False,False,False,False,False,False,False,False,False,False,False,False,False,False
RA-457,2022,Aluno-457,2,Q,Feminino,12.0,2022,Escola Pública,,,Ametista,7.68,5.0,8.5,8.8,8.0,7.5,,7.667,Fase 3 (7º e 8º ano),-1,False,False,7.0,10.0,,240.0,40.0,3.0,3.0,Não atendido,Destaque: A sua boa entrega das lições de casa.,Destaque: As suas boas notas na Passos Mágicos.,Destaque: A sua boa integração aos Princípios Passos Mágicos.,3.0,2.0,False,False,False,False,False,False,False,False,False,False,False,False,False,False
RA-458,2022,Aluno-458,2,Q,Masculino,13.0,2019,Escola Pública,,,Ágata,6.512,5.0,5.6,7.7,8.0,7.5,,5.833,Fase 3 (7º e 8º ano),-1,False,False,4.7,6.5,,642.0,113.0,8.0,3.0,Não atendido,Destaque: A sua boa entrega das lições de casa.,Melhorar: Empenhar-se mais nas aulas e avaliações.,Melhorar: Integrar-se mais aos Princípios Passos Mágicos.,3.0,2.0,False,False,False,False,False,False,False,False,False,False,False,False,False,False
RA-459,2022,Aluno-459,2,Q,Masculino,12.0,2019,Escola Pública,,,Ametista,7.28,5.0,7.3,9.1,7.0,8.1,,7.222,Fase 3 (7º e 8º ano),-1,False,False,5.3,9.2,,401.0,59.0,4.0,3.0,Sem limitações,Destaque: A sua boa entrega das lições de casa.,Melhorar: Empenhar-se mais nas aulas e avaliações.,Melhorar: Integrar-se mais aos Princípios Passos Mágicos.,3.0,2.0,False,False,False,False,False,False,False,False,False,False,False,False,False,False
RA-460,2022,Aluno-460,2,Q,Masculino,12.0,2022,Escola Pública,,,Quartzo,5.711,5.0,3.3,8.1,6.8,7.5,,5.056,Fase 3 (7º e 8º ano),-1,False,False,0.5,6.0,,758.0,140.0,11.0,3.0,Não atendido,Destaque: A sua boa entrega das lições de casa.,Melhorar: Empenhar-se mais nas aulas e avaliações.,Melhorar: Integrar-se mais aos Princípios Passos Mágicos.,3.0,2.0,False,False,False,False,False,False,False,False,False,False,False,False,False,False
RA-461,2022,Aluno-461,2,Q,Feminino,12.0,2018,Escola Pública,,,Quartzo,5.451,5.0,3.8,6.7,0.0,7.5,,7.222,Fase 3 (7º e 8º ano),-1,False,False,1.5,6.2,,792.0,149.0,13.0,3.0,Sem limitações,Melhorar: Melhorar a sua entrega de lições de casa.,Melhorar: Empenhar-se mais nas aulas e avaliações.,Melhorar: Integrar-se mais aos Princípios Passos Mágicos.,3.0,2.0,True,False,False,False,False,False,False,False,False,False,True,False,False,False
RA-462,2022,Aluno-462,2,Q,Masculino,14.0,2022,Escola Pública,,,Ágata,6.626,5.0,3.6,8.5,10.0,7.5,,6.778,Fase 4 (9º ano),-2,False,False,2.0,5.2,,616.0,106.0,7.0,3.0,Sem limitações,Destaque: A sua boa entrega das lições de casa.,Melhorar: Empenhar-se mais nas aulas e avaliações.,Melhorar: Integrar-se mais aos Princípios Passos Mágicos.,4.0,2.0,False,False,False,False,False,False,False,False,False,False,False,False,False,False
RA-463,2022,Aluno-463,2,U,Feminino,12.0,2020,Escola Pública,,,Ágata,6.41,5.0,2.5,7.8,10.0,7.5,,7.389,Fase 3 (7º e 8º ano),-1,False,False,2.0,3.0,,658.0,119.0,11.0,3.0,Não atendido,Destaque: A sua boa entrega das lições de casa.,Melhorar: Empenhar-se mais nas aulas e avaliações.,Melhorar: Integrar-se mais aos Princípios Passos Mágicos.,3.0,2.0,False,False,False,False,False,False,False,False,False,False,False,False,False,False
RA-464,2022,Aluno-464,2,U,Feminino,13.0,2022,Escola Pública,,,Ágata,6.745,5.0,4.8,8.0,7.5,7.5,,7.722,Fase 3 (7º e 8º ano),-1,False,False,2.7,7.0,,570.0,91.0,7.0,3.0,Não atendido,Destaque: A sua boa entrega das lições de casa.,Melhorar: Empenhar-se mais nas aulas e avaliações.,Destaque: A sua boa integração aos Princípios Passos Mágicos.,3.0,2.0,False,False,False,False,False,False,False,False,False,False,False,False,False,False
RA-465,2022,Aluno-465,2,U,Masculino,11.0,2019,Escola Pública,,,Ametista,8.012,10.0,7.8,7.9,8.0,7.5,,8.444,Fase 2 (5º e 6º ano),0,True,False,9.3,6.3,,139.0,18.0,1.0,3.0,Não atendido,Destaque: A sua boa entrega das lições de casa.,Destaque: As suas boas notas na Passos Mágicos.,Destaque: A sua boa integração aos Princípios Passos Mágicos.,2.0,2.0,False,False,False,False,False,False,False,False,False,False,False,False,False,False
RA-466,2022,Aluno-466,2,U,Masculino,13.0,2022,Escola Pública,,,Ágata,6.826,5.0,3.3,9.7,8.5,7.5,,7.556,Fase 3 (7º e 8º ano),-1,False,False,0.5,6.0,,546.0,85.0,6.0,3.0,Não atendido,Destaque: A sua boa entrega das lições de casa.,Melhorar: Empenhar-se mais nas aulas e avaliações.,Destaque: A sua boa integração aos Princípios Passos Mágicos.,3.0,2.0,False,False,False,False,False,False,False,False,False,False,False,False,False,False
RA-467,2022,Aluno-467,2,U,Feminino,13.0,2022,Escola Pública,,,Ágata,6.38,5.0,5.5,8.4,5.8,5.0,,7.111,Fase 3 (7º e 8º ano),-1,False,False,5.0,6.0,,664.0,121.0,12.0,3.0,Requer avaliação,Destaque: A sua boa entrega das lições de casa.,Melhorar: Empenhar-se mais nas aulas e avaliações.,Melhorar: Integrar-se mais aos Princípios Passos Mágicos.,3.0,2.0,False,False,False,False,False,False,False,False,False,False,False,False,False,False
RA-468,2022,Aluno-468,2,U,Masculino,13.0,2022,Escola Pública,,,Ágata,6.313,5.0,4.1,6.7,9.5,7.5,,6.722,Fase 3 (7º e 8º ano),-1,False,False,4.5,3.7,,682.0,125.0,13.0,3.0,Não atendido,Melhorar: Melhorar a sua entrega de lições de casa.,Melhorar: Empenhar-se mais nas aulas e avaliações.,Melhorar: Integrar-se mais aos Princípios Passos Mágicos.,3.0,2.0,False,False,False,False,False,False,False,False,False,False,False,False,False,False
RA-469,2022,Aluno-469,2,U,Feminino,11.0,2022,Escola Pública,,,Ametista,7.624,10.0,5.7,9.6,9.0,5.0,,7.833,Fase 2 (5º e 6º ano),0,False,False,6.2,5.2,,263.0,41.0,2.0,3.0,Requer avaliação,Destaque: A sua boa entrega das lições de casa.,Melhorar: Empenhar-se mais nas aulas e avaliações.,Destaque: A sua boa integração aos Princípios Passos Mágicos.,2.0,2.0,False,False,False,False,False,False,False,False,False,False,False,False,False,False
RA-470,2022,Aluno-470,2,U,Feminino,13.0,2019,Escola Pública,,,Ametista,7.378,5.0,6.3,9.7,8.0,7.5,,7.5,Fase 3 (7º e 8º ano),-1,False,False,5.3,7.3,,369.0,53.0,3.0,3.0,Não atendido,Destaque: A sua boa entrega das lições de casa.,Melhorar: Empenhar-se mais nas aulas e avaliações.,Destaque: A sua boa integração aos Princípios Passos Mágicos.,3.0,2.0,False,False,False,False,False,False,False,False,False,False,False,False,False,False
RA-471,2022,Aluno-471,2,U,Feminino,13.0,2020,Escola Pública,,,Ágata,6.535,5.0,6.3,8.5,3.5,5.0,,8.056,Fase 3 (7º e 8º ano),-1,False,False,5.7,6.8,,639.0,112.0,9.0,3.0,Requer avaliação,Destaque: A sua boa entrega das lições de casa.,Melhorar: Empenhar-se mais nas aulas e avaliações.,Destaque: A sua boa integração aos Princípios Passos Mágicos.,3.0,2.0,False,False,False,False,False,False,False,False,False,False,True,False,False,False
RA-472,2022,Aluno-472,2,U,Feminino,12.0,2022,Escola Pública,,,Quartzo,5.93,5.0,2.0,7.0,9.0,7.5,,7.056,Fase 3 (7º e 8º ano),-1,False,False,1.8,2.2,,735.0,133.0,14.0,3.0,Não atendido,Melhorar: Melhorar a sua entrega de lições de casa.,Melhorar: Empenhar-se mais nas aulas e avaliações.,Melhorar: Integrar-se mais aos Princípios Passos Mágicos.,3.0,2.0,False,False,False,False,False,False,False,False,False,False,False,False,False,False
RA-473,2022,Aluno-473,2,U,Masculino,12.0,2019,Escola Pública,,,Quartzo,5.915,5.0,4.3,6.1,8.0,7.5,,5.889,Fase 3 (7º e 8º ano),-1,False,False,4.5,4.0,,737.0,134.0,15.0,3.0,Não atendido,Melhorar: Melhorar a sua entrega de lições de casa.,Melhorar: Empenhar-se mais nas aulas e avaliações.,Melhorar: Integrar-se mais aos Princípios Passos Mágicos.,3.0,2.0,False,False,False,False,False,False,False,False,False,False,False,False,False,False
RA-474,2022,Aluno-474,2,U,Masculino,13.0,2019,Escola Pública,,,Ágata,6.446,5.0,3.0,9.1,9.5,7.5,,6.0,Fase 3 (7º e 8º ano),-1,False,False,1.3,4.7,,650.0,115.0,10.0,3.0,Não atendido,Destaque: A sua boa entrega das lições de casa.,Melhorar: Empenhar-se mais nas aulas e avaliações.,Melhorar: Integrar-se mais aos Princípios Passos Mágicos.,3.0,2.0,False,False,False,False,False,False,False,False,False,False,False,False,False,False
RA-475,2022,Aluno-475,2,U,Feminino,12.0,2022,Escola Pública,,,Ametista,7.199,5.0,5.8,9.2,8.5,7.5,,7.667,Fase 3 (7º e 8º ano),-1,False,False,3.3,8.3,,430.0,63.0,4.0,3.0,Não atendido,Destaque: A sua boa entrega das lições de casa.,Melhorar: Empenhar-se mais nas aulas e avaliações.,Destaque: A sua boa integração aos Princípios Passos Mágicos.,3.0,2.0,False,False,False,False,False,False,False,False,False,False,False,False,False,False
RA-476,2022,Aluno-476,2,U,Feminino,12.0,2019,Escola Pública,,,Ágata,6.931,5.0,5.5,9.3,9.0,4.4,,7.556,Fase 3 (7º e 8º ano),-1,False,False,5.0,6.0,,513.0,78.0,5.0,3.0,Requer avaliação,Destaque: A sua boa entrega das lições de casa.,Melhorar: Empenhar-se mais nas aulas e avaliações.,Destaque: A sua boa integração aos Princípios Passos Mágicos.,3.0,2.0,False,False,False,False,False,False,False,False,False,False,False,True,False,False
RA-477,2022,Aluno-477,2,U,Masculino,13.0,2022,Escola Pública,,,Quartzo,3.633,5.0,0.7,5.0,0.0,5.6,,4.5,Fase 3 (7º e 8º ano),-1,False,False,0.3,1.0,,860.0,155.0,16.0,3.0,Requer avaliação,Melhorar: Melhorar a sua entrega de lições de casa.,Melhorar: Empenhar-se mais nas aulas e avaliações.,Melhorar: Integrar-se mais aos Princípios Passos Mágicos.,3.0,2.0,True,False,False,False,False,False,True,False,False,False,True,False,False,True
RA-478,2022,Aluno-478,2,U,Feminino,12.0,2019,Escola Pública,,,Ágata,6.709,5.0,4.9,9.1,8.5,5.6,,7.056,Fase 3 (7º e 8º ano),-1,False,False,3.8,6.0,,588.0,96.0,8.0,3.0,Requer avaliação,Destaque: A sua boa entrega das lições de casa.,Melhorar: Empenhar-se mais nas aulas e avaliações.,Melhorar: Integrar-se mais aos Princípios Passos Mágicos.,3.0,2.0,False,False,False,False,False,False,False,False,False,False,False,False,False,False
RA-479,2022,Aluno-479,1,A,Masculino,10.0,2020,Rede Decisão,,,Topázio,8.465,5.0,9.8,9.2,8.0,7.5,,9.5,Fase 2 (5º e 6º ano),-1,True,False,10.0,9.7,,40.0,5.0,1.0,3.0,Sem limitações,Destaque: A sua boa entrega das lições de casa.,Destaque: As suas boas notas na Passos Mágicos.,Destaque: A sua boa integração aos Princípios Passos Mágicos.,2.0,1.0,False,False,False,False,False,False,False,False,False,False,False,False,False,False
RA-480,2022,Aluno-480,1,A,Feminino,10.0,2021,Escola Pública,,,Ametista,7.502,5.0,6.3,8.8,9.0,7.5,,8.444,Fase 2 (5º e 6º ano),-1,True,True,6.8,5.7,,309.0,81.0,6.0,3.0,Não atendido,Destaque: A sua boa entrega das lições de casa.,Melhorar: Empenhar-se mais nas aulas e avaliações.,Destaque: A sua boa integração aos Princípios Passos Mágicos.,2.0,1.0,False,False,False,False,False,False,False,False,False,False,False,False,False,False
RA-481,2022,Aluno-481,1,A,Masculino,9.0,2021,Escola Pública,,,Ametista,7.21,10.0,5.2,8.0,9.0,7.5,,6.889,Fase 1 (4º ano),0,False,False,5.7,4.7,,424.0,109.0,9.0,3.0,Não atendido,Destaque: A sua boa entrega das lições de casa.,Melhorar: Empenhar-se mais nas aulas e avaliações.,Melhorar: Integrar-se mais aos Princípios Passos Mágicos.,1.0,1.0,False,False,False,False,False,False,False,False,False,False,False,False,False,False
RA-482,2022,Aluno-482,1,A,Masculino,11.0,2021,Escola Pública,,,Ágata,6.866,5.0,5.5,7.9,10.0,7.5,,6.833,Fase 2 (5º e 6º ano),-1,False,False,4.3,6.7,,532.0,134.0,10.0,3.0,Não atendido,Destaque: A sua boa entrega das lições de casa.,Melhorar: Empenhar-se mais nas aulas e avaliações.,Melhorar: Integrar-se mais aos Princípios Passos Mágicos.,2.0,1.0,False,False,False,False,False,False,False,False,False,False,False,False,False,False
RA-483,2022,Aluno-483,1,A,Feminino,11.0,2019,Escola Pública,,,Quartzo,5.263,5.0,2.4,4.8,9.0,5.0,,6.833,Fase 2 (5º e 6º ano),-1,False,False,2.0,2.8,,805.0,185.0,13.0,3.0,Requer avaliação,Melhorar: Melhorar a sua entrega de lições de casa.,Melhorar: Empenhar-se mais nas aulas e avaliações.,Melhorar: Integrar-se mais aos Princípios Passos Mágicos.,2.0,1.0,False,False,False,False,False,False,False,False,False,False,False,False,False,False
RA-484,2022,Aluno-484,1,A,Masculino,11.0,2022,Escola Pública,,,Ágata,6.71,5.0,6.5,8.7,9.5,5.0,,6.389,Fase 2 (5º e 6º ano),-1,False,False,8.0,5.0,,587.0,144.0,11.0,3.0,Requer avaliação,Destaque: A sua boa entrega das lições de casa.,Melhorar: Empenhar-se mais nas aulas e avaliações.,Melhorar: Integrar-se mais aos Princípios Passos Mágicos.,2.0,1.0,False,False,False,False,False,False,False,False,False,False,False,False,False,False
RA-485,2022,Aluno-485,1,A,Masculino,10.0,2020,Escola Pública,,,Quartzo,4.742,5.0,1.2,4.0,9.5,7.5,,5.444,Fase 2 (5º e 6º ano),-1,False,False,1.0,1.3,,837.0,191.0,14.0,3.0,Não atendido,Melhorar: Melhorar a sua entrega de lições de casa.,Melhorar: Empenhar-se mais nas aulas e avaliações.,Melhorar: Integrar-se mais aos Princípios Passos Mágicos.,2.0,1.0,False,False,False,False,False,False,False,False,False,False,False,False,False,False
RA-486,2022,Aluno-486,1,A,Feminino,10.0,2020,Escola Pública,,,Ametista,7.621,5.0,7.3,9.9,10.0,7.5,,7.222,Fase 2 (5º e 6º ano),-1,False,False,6.7,7.8,,264.0,68.0,4.0,3.0,Não atendido,Destaque: A sua boa entrega das lições de casa.,Melhorar: Empenhar-se mais nas aulas e avaliações.,Melhorar: Integrar-se mais aos Princípios Passos Mágicos.,2.0,1.0,False,False,False,False,False,False,False,False,False,False,False,False,False,False
RA-487,2022,Aluno-487,1,A,Feminino,10.0,2019,Rede Decisão,,,Topázio,8.417,5.0,9.6,9.7,7.5,7.5,,9.333,Fase 2 (5º e 6º ano),-1,True,False,9.7,9.5,,45.0,6.0,2.0,3.0,Não atendido,Destaque: A sua boa entrega das lições de casa.,Destaque: As suas boas notas na Passos Mágicos.,Destaque: A sua boa integração aos Princípios Passos Mágicos.,2.0,1.0,False,False,False,False,False,False,False,False,False,False,False,False,False,False
RA-488,2022,Aluno-488,1,A,Feminino,10.0,2022,Escola Pública,,,Ametista,7.413,5.0,7.3,8.8,8.5,7.5,,7.722,Fase 2 (5º e 6º ano),-1,False,False,6.0,8.5,,351.0,92.0,8.0,3.0,Não atendido,Destaque: A sua boa entrega das lições de casa.,Melhorar: Empenhar-se mais nas aulas e avaliações.,Destaque: A sua boa integração aos Princípios Passos Mágicos.,2.0,1.0,False,False,False,False,False,False,False,False,False,False,False,False,False,False
RA-489,2022,Aluno-489,1,A,Feminino,9.0,2022,Escola Pública,,,Quartzo,5.853,10.0,0.0,7.2,9.0,7.5,,6.5,Fase 1 (4º ano),0,False,False,0.0,0.0,,743.0,176.0,12.0,3.0,Não atendido,Melhorar: Melhorar a sua entrega de lições de casa.,Melhorar: Empenhar-se mais nas aulas e avaliações.,Melhorar: Integrar-se mais aos Princípios Passos Mágicos.,1.0,1.0,False,False,False,True,False,False,False,False,True,False,False,False,False,False
RA-490,2022,Aluno-490,1,A,Feminino,10.0,2022,Escola Pública,,,Ametista,7.576,5.0,7.7,8.2,7.9,7.5,,8.722,Fase 2 (5º e 6º ano),-1,True,False,6.0,9.3,,283.0,77.0,5.0,3.0,Não atendido,Destaque: A sua boa entrega das lições de casa.,Destaque: As suas boas notas na Passos Mágicos.,Destaque: A sua boa integração aos Princípios Passos Mágicos.,2.0,1.0,False,False,False,False,False,False,False,False,False,False,False,False,False,False
RA-491,2022,Aluno-491,1,A,Masculino,11.0,2022,Escola Pública,,,Ametista,7.461,5.0,7.0,9.7,7.5,7.5,,7.722,Fase 2 (5º e 6º ano),-1,False,False,6.0,8.0,,329.0,86.0,7.0,3.0,Não atendido,Destaque: A sua boa entrega das lições de casa.,Melhorar: Empenhar-se mais nas aulas e avaliações.,Destaque: A sua boa integração aos Princípios Passos Mágicos.,2.0,1.0,False,False,False,False,False,False,False,False,False,False,False,False,False,False
RA-492,2022,Aluno-492,1,A,Feminino,11.0,2022,Escola Pública,,,Ametista,7.678,5.0,7.1,8.8,10.0,7.5,,8.278,Fase 2 (5º e 6º ano),-1,False,False,8.2,6.0,,242.0,63.0,3.0,3.0,Não atendido,Destaque: A sua boa entrega das lições de casa.,Melhorar: Empenhar-se mais nas aulas e avaliações.,Destaque: A sua boa integração aos Princípios Passos Mágicos.,2.0,1.0,False,False,False,False,False,False,False,False,False,False,False,False,False,False
RA-493,2022,Aluno-493,1,B,Feminino,9.0,2020,Escola Pública,,,Topázio,8.306,10.0,7.2,9.4,10.0,7.5,,8.278,Fase 1 (4º ano),0,False,False,7.3,7.0,,61.0,12.0,1.0,3.0,Sem limitações,Destaque: A sua boa entrega das lições de casa.,Melhorar: Empenhar-se mais nas aulas e avaliações.,Destaque: A sua boa integração aos Princípios Passos Mágicos.,1.0,1.0,False,False,False,False,False,False,False,False,False,False,False,False,False,False
RA-494,2022,Aluno-494,1,B,Feminino,11.0,2022,Escola Pública,,,Ágata,6.407,5.0,5.8,8.3,6.4,5.0,,6.944,Fase 2 (5º e 6º ano),-1,False,False,6.3,5.2,,661.0,159.0,13.0,3.0,Requer avaliação,Destaque: A sua boa entrega das lições de casa.,Melhorar: Empenhar-se mais nas aulas e avaliações.,Melhorar: Integrar-se mais aos Princípios Passos Mágicos.,2.0,1.0,False,False,False,False,False,False,False,False,False,False,False,False,False,False
RA-495,2022,Aluno-495,1,B,Masculino,11.0,2022,Escola Pública,,,Ametista,7.857,5.0,8.4,8.9,9.0,7.5,,8.056,Fase 2 (5º e 6º ano),-1,False,False,8.0,8.8,,184.0,42.0,6.0,3.0,Sem limitações,Destaque: A sua boa entrega das lições de casa.,Destaque: As suas boas notas na Passos Mágicos.,Destaque: A sua boa integração aos Princípios Passos Mágicos.,2.0,1.0,False,False,False,False,False,False,False,False,False,False,False,False,False,False
RA-496,2022,Aluno-496,1,B,Masculino,11.0,2018,Escola Pública,,,Ágata,6.683,5.0,5.7,6.8,8.5,7.5,,7.556,Fase 2 (5º e 6º ano),-1,False,False,5.8,5.5,,595.0,145.0,12.0,3.0,Requer avaliação,Melhorar: Melhorar a sua entrega de lições de casa.,Melhorar: Empenhar-se mais nas aulas e avaliações.,Destaque: A sua boa integração aos Princípios Passos Mágicos.,2.0,1.0,False,False,False,False,False,False,False,False,False,False,False,False,False,False
RA-497,2022,Aluno-497,1,B,Feminino,13.0,2016,Rede Decisão,,,Ágata,6.323,5.0,5.1,9.2,6.9,5.0,,5.833,Fase 3 (7º e 8º ano),-2,False,False,4.2,6.0,,678.0,163.0,14.0,3.0,Não indicado,Destaque: A sua boa entrega das lições de casa.,Melhorar: Empenhar-se mais nas aulas e avaliações.,Melhorar: Integrar-se mais aos Princípios Passos Mágicos.,3.0,1.0,False,False,False,False,False,False,False,False,False,False,False,False,False,False
RA-498,2022,Aluno-498,1,B,Feminino,11.0,2018,Escola Pública,,,Ametista,7.7,5.0,8.8,8.8,8.5,7.5,,7.556,Fase 2 (5º e 6º ano),-1,False,False,8.0,9.5,,234.0,61.0,9.0,3.0,Sem limitações,Destaque: A sua boa entrega das lições de casa.,Destaque: As suas boas notas na Passos Mágicos.,Destaque: A sua boa integração aos Princípios Passos Mágicos.,2.0,1.0,False,False,False,False,False,False,False,False,False,False,False,False,False,False
RA-499,2022,Aluno-499,1,B,Masculino,10.0,2020,Escola Pública,,,Ametista,7.826,5.0,8.2,10.0,8.5,7.5,,7.444,Fase 2 (5º e 6º ano),-1,False,False,8.2,8.2,,196.0,46.0,7.0,3.0,Sem limitações,Destaque: A sua boa entrega das lições de casa.,Destaque: As suas boas notas na Passos Mágicos.,Melhorar: Integrar-se mais aos Princípios Passos Mágicos.,2.0,1.0,False,False,False,False,False,False,False,False,False,False,False,False,False,False
RA-500,2022,Aluno-500,1,B,Feminino,10.0,2020,Escola Pública,,,Topázio,8.232,5.0,9.5,10.0,9.0,7.5,,7.889,Fase 2 (5º e 6º ano),-1,False,True,9.5,9.5,,75.0,16.0,3.0,3.0,Sem limitações,Destaque: A sua boa entrega das lições de casa.,Destaque: As suas boas notas na Passos Mágicos.,Destaque: A sua boa integração aos Princípios Passos Mágicos.,2.0,1.0,False,False,False,False,False,False,False,False,False,False,False,False,False,False
RA-501,2022,Aluno-501,1,B,Masculino,9.0,2021,Escola Pública,,,Ametista,7.794,10.0,6.8,8.8,8.5,7.5,,7.333,Fase 1 (4º ano),0,False,False,8.0,5.7,,201.0,48.0,8.0,3.0,Sem limitações,Destaque: A sua boa entrega das lições de casa.,Melhorar: Empenhar-se mais nas aulas e avaliações.,Melhorar: Integrar-se mais aos Princípios Passos Mágicos.,1.0,1.0,False,False,False,False,False,False,False,False,False,False,False,False,False,False
RA-502,2022,Aluno-502,1,B,Feminino,8.0,2021,Rede Decisão,,,Topázio,8.287,10.0,7.4,9.7,9.5,7.5,,7.778,ALFA  (2º e 3º ano),1,False,False,6.7,8.2,,62.0,13.0,2.0,3.0,Sem limitações,Destaque: A sua boa entrega das lições de casa.,Melhorar: Empenhar-se mais nas aulas e avaliações.,Destaque: A sua boa integração aos Princípios Passos Mágicos.,2.0,1.0,False,False,False,False,False,False,False,False,False,False,False,False,False,False
RA-503,2022,Aluno-503,1,B,Masculino,10.0,2020,Escola Pública,,,Ametista,7.95,5.0,8.8,10.0,8.5,7.5,,7.5,Fase 2 (5º e 6º ano),-1,False,False,8.7,9.0,,155.0,38.0,5.0,3.0,Sem limitações,Destaque: A sua boa entrega das lições de casa.,Destaque: As suas boas notas na Passos Mágicos.,Destaque: A sua boa integração aos Princípios Passos Mágicos.,2.0,1.0,False,False,False,False,False,False,False,False,False,False,False,False,False,False
RA-504,2022,Aluno-504,1,B,Feminino,9.0,2021,Escola Pública,,,Topázio,8.072,10.0,8.0,8.9,8.5,7.5,,7.556,Fase 1 (4º ano),0,False,False,7.8,8.2,,124.0,29.0,4.0,3.0,Sem limitações,Destaque: A sua boa entrega das lições de casa.,Destaque: As suas boas notas na Passos Mágicos.,Destaque: A sua boa integração aos Princípios Passos Mágicos.,1.0,1.0,False,False,False,False,False,False,False,False,False,False,False,False,False,False
RA-505,2022,Aluno-505,1,B,Feminino,11.0,2019,Escola Pública,,,Ametista,7.591,5.0,8.4,8.0,9.5,7.5,,7.556,Fase 2 (5º e 6º ano),-1,False,False,8.2,8.7,,276.0,73.0,10.0,3.0,Sem limitações,Destaque: A sua boa entrega das lições de casa.,Destaque: As suas boas notas na Passos Mágicos.,Destaque: A sua boa integração aos Princípios Passos Mágicos.,2.0,1.0,False,False,False,False,False,False,False,False,False,False,False,False,False,False
RA-506,2022,Aluno-506,1,B,Masculino,12.0,2020,Escola Pública,,,Ametista,7.132,5.0,7.2,7.3,9.5,7.5,,7.278,Fase 3 (7º e 8º ano),-2,False,False,8.3,6.0,,446.0,113.0,11.0,3.0,Sem limitações,Melhorar: Melhorar a sua entrega de lições de casa.,Melhorar: Empenhar-se mais nas aulas e avaliações.,Melhorar: Integrar-se mais aos Princípios Passos Mágicos.,3.0,1.0,False,False,False,False,False,False,False,False,False,False,False,False,False,False
RA-507,2022,Aluno-507,1,C,Feminino,11.0,2021,Escola Pública,,,Ametista,7.653,5.0,7.4,10.0,8.5,7.5,,7.222,Fase 2 (5º e 6º ano),-1,False,False,7.3,7.5,,254.0,66.0,4.0,3.0,Não atendido,Destaque: A sua boa entrega das lições de casa.,Melhorar: Empenhar-se mais nas aulas e avaliações.,Melhorar: Integrar-se mais aos Princípios Passos Mágicos.,2.0,1.0,False,False,False,False,False,False,False,False,False,False,False,False,False,False
RA-508,2022,Aluno-508,1,C,Masculino,10.0,2022,Escola Pública,,,Ágata,6.575,5.0,4.5,7.4,8.0,7.5,,7.556,Fase 2 (5º e 6º ano),-1,False,False,0.0,9.0,,636.0,155.0,10.0,3.0,Não atendido,Melhorar: Melhorar a sua entrega de lições de casa.,Melhorar: Empenhar-se mais nas aulas e avaliações.,Destaque: A sua boa integração aos Princípios Passos Mágicos.,2.0,1.0,False,False,False,False,False,False,False,False,False,False,False,False,False,False
RA-509,2022,Aluno-509,1,C,Feminino,12.0,2018,Escola Pública,,,Ametista,7.808,5.0,9.2,8.2,9.0,7.5,,7.833,Fase 3 (7º e 8º ano),-2,False,True,9.3,9.0,,199.0,47.0,3.0,3.0,Não atendido,Destaque: A sua boa entrega das lições de casa.,Destaque: As suas boas notas na Passos Mágicos.,Destaque: A sua boa integração aos Princípios Passos Mágicos.,3.0,1.0,False,False,False,False,False,False,False,False,False,False,False,False,False,False
RA-510,2022,Aluno-510,1,C,Masculino,12.0,2022,Escola Pública,,,Ametista,7.336,5.0,7.1,9.3,8.0,7.5,,7.056,Fase 3 (7º e 8º ano),-2,False,False,5.8,8.3,,379.0,98.0,6.0,3.0,Não atendido,Destaque: A sua boa entrega das lições de casa.,Melhorar: Empenhar-se mais nas aulas e avaliações.,Melhorar: Integrar-se mais aos Princípios Passos Mágicos.,3.0,1.0,False,False,False,False,False,False,False,False,False,False,False,False,False,False
RA-511,2022,Aluno-511,1,C,Feminino,10.0,2022,Escola Pública,,,Ametista,7.094,5.0,5.3,10.0,8.0,7.5,,7.056,Fase 2 (5º e 6º ano),-1,False,False,2.0,8.5,,458.0,117.0,7.0,3.0,Não atendido,Destaque: A sua boa entrega das lições de casa.,Melhorar: Empenhar-se mais nas aulas e avaliações.,Melhorar: Integrar-se mais aos Princípios Passos Mágicos.,2.0,1.0,False,False,False,False,False,False,False,False,False,False,False,False,False,False
RA-512,2022,Aluno-512,1,C,Feminino,10.0,2022,Escola Pública,,,Ametista,7.365,5.0,6.2,9.3,9.0,7.5,,7.722,Fase 2 (5º e 6º ano),-1,False,False,5.3,7.0,,374.0,97.0,5.0,3.0,Não atendido,Destaque: A sua boa entrega das lições de casa.,Melhorar: Empenhar-se mais nas aulas e avaliações.,Destaque: A sua boa integração aos Princípios Passos Mágicos.,2.0,1.0,False,False,False,False,False,False,False,False,False,False,False,False,False,False
RA-513,2022,Aluno-513,1,C,Masculino,9.0,2021,Escola Pública,,,Topázio,8.229,10.0,8.3,9.6,9.0,5.6,,7.778,Fase 1 (4º ano),0,False,False,8.2,8.5,,77.0,17.0,2.0,3.0,Requer avaliação,Destaque: A sua boa entrega das lições de casa.,Destaque: As suas boas notas na Passos Mágicos.,Destaque: A sua boa integração aos Princípios Passos Mágicos.,1.0,1.0,False,False,False,False,False,False,False,False,False,False,False,False,False,False
RA-514,2022,Aluno-514,1,C,Feminino,9.0,2022,Escola Pública,,,Ametista,7.039,10.0,4.8,9.7,8.0,7.5,,5.889,Fase 1 (4º ano),0,False,False,2.0,7.5,,476.0,123.0,8.0,3.0,Não atendido,Destaque: A sua boa entrega das lições de casa.,Melhorar: Empenhar-se mais nas aulas e avaliações.,Melhorar: Integrar-se mais aos Princípios Passos Mágicos.,1.0,1.0,False,False,False,False,False,False,False,False,False,False,False,False,False,False
RA-515,2022,Aluno-515,1,C,Masculino,12.0,2022,Escola Pública,,,Ágata,6.582,5.0,5.8,6.3,8.0,7.5,,7.556,Fase 3 (7º e 8º ano),-2,False,False,8.5,3.2,,631.0,154.0,9.0,3.0,Não atendido,Melhorar: Melhorar a sua entrega de lições de casa.,Melhorar: Empenhar-se mais nas aulas e avaliações.,Destaque: A sua boa integração aos Princípios Passos Mágicos.,3.0,1.0,False,False,False,False,False,False,False,False,False,False,False,False,False,False
RA-516,2022,Aluno-516,1,C,Masculino,9.0,2019,Rede Decisão,,,Topázio,8.903,10.0,9.9,9.7,10.0,7.5,,8.056,Fase 1 (4º ano),0,False,False,10.0,9.8,,8.0,2.0,1.0,3.0,Não atendido,Destaque: A sua boa entrega das lições de casa.,Destaque: As suas boas notas na Passos Mágicos.,Destaque: A sua boa integração aos Princípios Passos Mágicos.,1.0,1.0,False,False,False,False,False,False,False,False,False,False,False,False,False,False
RA-517,2022,Aluno-517,1,D,Feminino,12.0,2017,Escola Pública,,,Ametista,7.604,5.0,7.7,9.5,6.9,7.5,,7.833,Fase 3 (7º e 8º ano),-2,False,False,7.8,7.5,,271.0,70.0,8.0,3.0,Não atendido,Destaque: A sua boa entrega das lições de casa.,Destaque: As suas boas notas na Passos Mágicos.,Destaque: A sua boa integração aos Princípios Passos Mágicos.,3.0,1.0,False,False,False,False,False,False,False,False,False,False,False,False,False,False
RA-518,2022,Aluno-518,1,D,Masculino,10.0,2022,Escola Pública,,,Ametista,7.661,5.0,7.5,9.4,9.0,7.5,,7.5,Fase 2 (5º e 6º ano),-1,False,False,6.0,9.0,,251.0,65.0,7.0,3.0,Não atendido,Destaque: A sua boa entrega das lições de casa.,Destaque: As suas boas notas na Passos Mágicos.,Destaque: A sua boa integração aos Princípios Passos Mágicos.,2.0,1.0,False,False,False,False,False,False,False,False,False,False,False,False,False,False
RA-519,2022,Aluno-519,1,D,Masculino,9.0,2022,Escola Pública,,,Ametista,8.0,10.0,7.5,9.6,7.4,7.5,,7.333,Fase 1 (4º ano),0,False,False,7.0,8.0,,144.0,36.0,5.0,3.0,Não atendido,Destaque: A sua boa entrega das lições de casa.,Destaque: As suas boas notas na Passos Mágicos.,Melhorar: Integrar-se mais aos Princípios Passos Mágicos.,1.0,1.0,False,False,False,False,False,False,False,False,False,False,False,False,False,False
RA-520,2022,Aluno-520,1,D,Feminino,11.0,2022,Escola Pública,,,Ametista,7.035,5.0,6.8,6.8,10.0,7.5,,7.278,Fase 2 (5º e 6º ano),-1,False,False,5.0,8.5,,478.0,125.0,10.0,3.0,Não atendido,Melhorar: Melhorar a sua entrega de lições de casa.,Melhorar: Empenhar-se mais nas aulas e avaliações.,Melhorar: Integrar-se mais aos Princípios Passos Mágicos.,2.0,1.0,False,False,False,False,False,False,False,False,False,False,False,False,False,False
RA-521,2022,Aluno-521,1,D,Masculino,9.0,2022,Escola Pública,,,Ametista,7.725,10.0,6.0,10.0,9.0,5.0,,7.5,Fase 1 (4º ano),0,False,False,5.0,7.0,,228.0,59.0,6.0,3.0,Requer avaliação,Destaque: A sua boa entrega das lições de casa.,Melhorar: Empenhar-se mais nas aulas e avaliações.,Destaque: A sua boa integração aos Princípios Passos Mágicos.,1.0,1.0,False,False,False,False,False,False,False,False,False,False,False,False,False,False
RA-522,2022,Aluno-522,1,D,Masculino,9.0,2021,Escola Pública,,,Topázio,8.306,10.0,7.5,9.1,9.5,7.5,,8.167,Fase 1 (4º ano),0,False,False,7.0,8.0,,60.0,11.0,1.0,3.0,Não atendido,Destaque: A sua boa entrega das lições de casa.,Destaque: As suas boas notas na Passos Mágicos.,Destaque: A sua boa integração aos Princípios Passos Mágicos.,1.0,1.0,False,False,False,False,False,False,False,False,False,False,False,False,False,False
RA-523,2022,Aluno-523,1,D,Feminino,11.0,2022,Escola Pública,,,Ametista,7.591,5.0,6.5,9.5,10.0,7.5,,7.556,Fase 2 (5º e 6º ano),-1,False,False,5.0,8.0,,278.0,74.0,9.0,3.0,Não atendido,Destaque: A sua boa entrega das lições de casa.,Melhorar: Empenhar-se mais nas aulas e avaliações.,Destaque: A sua boa integração aos Princípios Passos Mágicos.,2.0,1.0,False,False,False,False,False,False,False,False,False,False,False,False,False,False
RA-524,2022,Aluno-524,1,D,Masculino,11.0,2019,Escola Pública,,,Ágata,6.947,5.0,9.1,9.4,0.0,5.0,,8.056,Fase 2 (5º e 6º ano),-1,False,True,9.0,9.2,,507.0,132.0,11.0,3.0,Requer avaliação,Destaque: A sua boa entrega das lições de casa.,Destaque: As suas boas notas na Passos Mágicos.,Destaque: A sua boa integração aos Princípios Passos Mágicos.,2.0,1.0,True,False,False,False,False,False,False,False,False,False,True,False,False,False
RA-525,2022,Aluno-525,1,D,Feminino,11.0,2021,Escola Pública,,,Ametista,8.013,5.0,8.6,9.3,9.0,7.5,,8.167,Fase 2 (5º e 6º ano),-1,False,False,8.3,8.8,,138.0,35.0,4.0,3.0,Não atendido,Destaque: A sua boa entrega das lições de casa.,Destaque: As suas boas notas na Passos Mágicos.,Destaque: A sua boa integração aos Princípios Passos Mágicos.,2.0,1.0,False,False,False,False,False,False,False,False,False,False,False,False,False,False
RA-526,2022,Aluno-526,1,D,Masculino,12.0,2022,Escola Pública,,,Topázio,8.079,5.0,8.0,9.9,10.0,7.5,,8.167,Fase 3 (7º e 8º ano),-2,False,False,7.7,8.3,,123.0,28.0,2.0,3.0,Não atendido,Destaque: A sua boa entrega das lições de casa.,Destaque: As suas boas notas na Passos Mágicos.,Destaque: A sua boa integração aos Princípios Passos Mágicos.,3.0,1.0,False,False,False,False,False,False,False,False,False,False,False,False,False,False
RA-527,2022,Aluno-527,1,D,Feminino,9.0,2022,Escola Pública,,,Ametista,8.025,10.0,6.5,10.0,8.5,7.5,,7.5,Fase 1 (4º ano),0,False,False,5.0,8.0,,135.0,33.0,3.0,3.0,Não atendido,Destaque: A sua boa entrega das lições de casa.,Melhorar: Empenhar-se mais nas aulas e avaliações.,Destaque: A sua boa integração aos Princípios Passos Mágicos.,1.0,1.0,False,False,False,False,False,False,False,False,False,False,False,False,False,False
RA-528,2022,Aluno-528,1,D,Masculino,11.0,2021,Escola Pública,,,Quartzo,5.335,5.0,4.0,6.2,0.0,7.5,,6.944,Fase 2 (5º e 6º ano),-1,False,False,5.3,2.7,,798.0,183.0,13.0,3.0,Não atendido,Melhorar: Melhorar a sua entrega de lições de casa.,Melhorar: Empenhar-se mais nas aulas e avaliações.,Melhorar: Integrar-se mais aos Princípios Passos Mágicos.,2.0,1.0,True,False,False,False,False,False,False,False,False,False,True,False,False,False
RA-529,2022,Aluno-529,1,D,Masculino,12.0,2020,Escola Pública,,,Ágata,6.51,5.0,5.2,8.9,8.5,5.0,,6.556,Fase 3 (7º e 8º ano),-2,False,False,3.3,7.0,,643.0,156.0,12.0,3.0,Requer avaliação,Destaque: A sua boa entrega das lições de casa.,Melhorar: Empenhar-se mais nas aulas e avaliações.,Melhorar: Integrar-se mais aos Princípios Passos Mágicos.,3.0,1.0,False,False,False,False,False,False,False,False,False,False,False,False,False,False
RA-530,2022,Aluno-530,1,E,Masculino,10.0,2019,Escola Pública,,,Topázio,8.338,5.0,8.9,9.0,10.0,7.5,,9.056,Fase 2 (5º e 6º ano),-1,True,True,9.0,8.8,,56.0,9.0,1.0,3.0,Não atendido,Destaque: A sua boa entrega das lições de casa.,Destaque: As suas boas notas na Passos Mágicos.,Destaque: A sua boa integração aos Princípios Passos Mágicos.,2.0,1.0,False,False,False,False,False,False,False,False,False,False,False,False,False,False
RA-531,2022,Aluno-531,1,E,Masculino,10.0,2022,Escola Pública,,,Ametista,8.057,5.0,7.8,9.8,9.5,7.5,,8.167,Fase 2 (5º e 6º ano),-1,False,True,8.7,7.0,,132.0,31.0,2.0,3.0,Não atendido,Destaque: A sua boa entrega das lições de casa.,Destaque: As suas boas notas na Passos Mágicos.,Destaque: A sua boa integração aos Princípios Passos Mágicos.,2.0,1.0,False,False,False,False,False,False,False,False,False,False,False,False,False,False
RA-532,2022,Aluno-532,1,E,Feminino,9.0,2022,Escola Pública,,,Ametista,7.792,10.0,5.5,9.7,9.5,7.5,,7.167,Fase 1 (4º ano),0,False,False,4.0,7.0,,203.0,49.0,3.0,3.0,Não atendido,Destaque: A sua boa entrega das lições de casa.,Melhorar: Empenhar-se mais nas aulas e avaliações.,Melhorar: Integrar-se mais aos Princípios Passos Mágicos.,1.0,1.0,False,False,False,False,False,False,False,False,False,False,False,False,False,False
RA-533,2022,Aluno-533,1,E,Masculino,10.0,2022,Escola Pública,,,Ágata,6.962,5.0,6.0,8.8,8.5,5.6,,7.333,Fase 2 (5º e 6º ano),-1,False,False,5.0,7.0,,499.0,130.0,5.0,3.0,Requer avaliação,Destaque: A sua boa entrega das lições de casa.,Melhorar: Empenhar-se mais nas aulas e avaliações.,Melhorar: Integrar-se mais aos Princípios Passos Mágicos.,2.0,1.0,False,False,False,False,False,False,False,False,False,False,False,False,False,False
RA-534,2022,Aluno-534,1,E,Feminino,12.0,2021,Escola Pública,,,Ametista,7.131,5.0,7.1,7.4,9.0,7.5,,7.333,Fase 3 (7º e 8º ano),-2,False,False,6.5,7.7,,447.0,114.0,4.0,3.0,Não atendido,Melhorar: Melhorar a sua entrega de lições de casa.,Melhorar: Empenhar-se mais nas aulas e avaliações.,Melhorar: Integrar-se mais aos Princípios Passos Mágicos.,3.0,1.0,False,False,False,False,False,False,False,False,False,False,False,False,False,False
RA-535,2022,Aluno-535,1,F,Feminino,10.0,2019,Escola Pública,,,Ágata,6.953,5.0,5.1,9.2,9.0,7.5,,6.917,Fase 2 (5º e 6º ano),-1,False,False,4.7,5.5,,504.0,131.0,6.0,2.0,Sem limitações,Destaque: A sua boa entrega das lições de casa.,Melhorar: Empenhar-se mais nas aulas e avaliações.,Melhorar: Integrar-se mais aos Princípios Passos Mágicos.,2.0,1.0,False,False,False,False,False,False,False,False,False,False,False,False,False,False
RA-536,2022,Aluno-536,1,F,Feminino,10.0,2020,Escola Pública,,,Ametista,7.106,5.0,6.0,8.9,9.5,5.6,,7.75,Fase 2 (5º e 6º ano),-1,False,False,6.3,5.7,,454.0,116.0,4.0,2.0,Sem limitações,Destaque: A sua boa entrega das lições de casa.,Melhorar: Empenhar-se mais nas aulas e avaliações.,Destaque: A sua boa integração aos Princípios Passos Mágicos.,2.0,1.0,False,False,False,False,False,False,False,False,False,False,False,False,False,False
RA-537,2022,Aluno-537,1,F,Masculino,10.0,2022,Escola Pública,,,Ágata,6.641,5.0,4.8,9.0,9.5,4.4,,7.167,Fase 2 (5º e 6º ano),-1,False,False,2.5,7.0,,612.0,147.0,7.0,2.0,Requer avaliação,Destaque: A sua boa entrega das lições de casa.,Melhorar: Empenhar-se mais nas aulas e avaliações.,Melhorar: Integrar-se mais aos Princípios Passos Mágicos.,2.0,1.0,False,False,False,False,False,False,False,False,False,False,False,True,False,False
RA-538,2022,Aluno-538,1,F,Masculino,13.0,2022,Escola Pública,,,Ágata,6.309,5.0,6.8,7.5,8.5,5.6,,5.583,Fase 3 (7º e 8º ano),-2,False,False,4.5,9.0,,684.0,164.0,8.0,2.0,Requer avaliação,Melhorar: Melhorar a sua entrega de lições de casa.,Melhorar: Empenhar-se mais nas aulas e avaliações.,Melhorar: Integrar-se mais aos Princípios Passos Mágicos.,3.0,1.0,False,False,False,False,False,False,False,False,False,False,False,False,False,False
RA-539,2022,Aluno-539,1,F,Feminino,11.0,2022,Escola Pública,,,Ametista,7.665,5.0,7.5,9.3,8.5,6.9,,8.417,Fase 2 (5º e 6º ano),-1,True,False,6.8,8.2,,249.0,64.0,1.0,2.0,Sem limitações,Destaque: A sua boa entrega das lições de casa.,Destaque: As suas boas notas na Passos Mágicos.,Destaque: A sua boa integração aos Princípios Passos Mágicos.,2.0,1.0,False,False,False,False,False,False,False,False,False,False,False,False,False,False
RA-540,2022,Aluno-540,1,F,Feminino,10.0,2019,Escola Pública,,,Ametista,7.303,5.0,7.0,9.5,8.5,5.6,,7.5,Fase 2 (5º e 6º ano),-1,False,False,6.8,7.2,,390.0,101.0,2.0,2.0,Sem limitações,Destaque: A sua boa entrega das lições de casa.,Melhorar: Empenhar-se mais nas aulas e avaliações.,Destaque: A sua boa integração aos Princípios Passos Mágicos.,2.0,1.0,False,False,False,False,False,False,False,False,False,False,False,False,False,False
RA-541,2022,Aluno-541,1,F,Masculino,14.0,2022,Escola Pública,,,Quartzo,5.427,2.5,2.5,7.8,10.0,6.9,,5.0,Fase 4 (9º ano),-3,False,False,0.0,5.0,,793.0,182.0,10.0,2.0,Sem limitações,Destaque: A sua boa entrega das lições de casa.,Melhorar: Empenhar-se mais nas aulas e avaliações.,Melhorar: Integrar-se mais aos Princípios Passos Mágicos.,4.0,1.0,False,False,False,False,False,False,False,False,False,False,False,False,False,False
RA-542,2022,Aluno-542,1,F,Feminino,11.0,2019,Escola Pública,,,Ametista,7.221,5.0,6.5,9.8,8.0,6.3,,7.417,Fase 2 (5º e 6º ano),-1,False,False,5.3,7.7,,419.0,107.0,3.0,2.0,Sem limitações,Destaque: A sua boa entrega das lições de casa.,Melhorar: Empenhar-se mais nas aulas e avaliações.,Melhorar: Integrar-se mais aos Princípios Passos Mágicos.,2.0,1.0,False,False,False,False,False,False,False,False,False,False,False,False,False,False
RA-543,2022,Aluno-543,1,F,Feminino,10.0,2022,Escola Pública,,,Ametista,7.05,5.0,6.5,9.8,8.5,4.4,,7.167,Fase 2 (5º e 6º ano),-1,False,False,5.0,8.0,,471.0,121.0,5.0,2.0,Sem limitações,Destaque: A sua boa entrega das lições de casa.,Melhorar: Empenhar-se mais nas aulas e avaliações.,Melhorar: Integrar-se mais aos Princípios Passos Mágicos.,2.0,1.0,False,False,False,False,False,False,False,False,False,False,False,True,False,False
RA-544,2022,Aluno-544,1,F,Masculino,10.0,2022,Escola Pública,,,Ágata,6.307,5.0,3.3,9.7,9.5,5.6,,6.0,Fase 2 (5º e 6º ano),-1,False,False,1.0,5.5,,686.0,165.0,9.0,2.0,Requer avaliação,Destaque: A sua boa entrega das lições de casa.,Melhorar: Empenhar-se mais nas aulas e avaliações.,Melhorar: Integrar-se mais aos Princípios Passos Mágicos.,2.0,1.0,False,False,False,False,False,False,False,False,False,False,False,False,False,False
RA-545,2022,Aluno-545,1,G,Masculino,13.0,2018,Escola Pública,,,Ágata,6.723,5.0,5.5,6.6,9.5,7.5,,7.5,Fase 3 (7º e 8º ano),-2,False,False,4.3,6.7,,580.0,142.0,6.0,2.0,Sem limitações,Melhorar: Melhorar a sua entrega de lições de casa.,Melhorar: Empenhar-se mais nas aulas e avaliações.,Destaque: A sua boa integração aos Princípios Passos Mágicos.,3.0,1.0,False,False,False,False,False,False,False,False,False,False,False,False,False,False
RA-546,2022,Aluno-546,1,G,Feminino,11.0,2021,Escola Pública,,,Ágata,6.77,5.0,5.6,7.9,9.0,5.0,,7.917,Fase 2 (5º e 6º ano),-1,False,False,3.3,7.8,,564.0,138.0,5.0,2.0,Não indicado,Destaque: A sua boa entrega das lições de casa.,Melhorar: Empenhar-se mais nas aulas e avaliações.,Destaque: A sua boa integração aos Princípios Passos Mágicos.,2.0,1.0,False,False,False,False,False,False,False,False,False,False,False,False,False,False
RA-547,2022,Aluno-547,1,G,Feminino,11.0,2019,Escola Pública,,,Ametista,7.745,5.0,7.6,9.7,9.5,5.0,,8.833,Fase 2 (5º e 6º ano),-1,True,False,7.3,7.8,,218.0,56.0,1.0,2.0,Não indicado,Destaque: A sua boa entrega das lições de casa.,Destaque: As suas boas notas na Passos Mágicos.,Destaque: A sua boa integração aos Princípios Passos Mágicos.,2.0,1.0,False,False,False,False,False,False,False,False,False,False,False,False,False,False
RA-548,2022,Aluno-548,1,G,Masculino,12.0,2019,Escola Pública,,,Ametista,7.292,5.0,7.2,9.1,8.0,6.9,,7.583,Fase 3 (7º e 8º ano),-2,False,False,5.7,8.7,,396.0,104.0,2.0,2.0,Sem limitações,Destaque: A sua boa entrega das lições de casa.,Melhorar: Empenhar-se mais nas aulas e avaliações.,Destaque: A sua boa integração aos Princípios Passos Mágicos.,3.0,1.0,False,False,False,False,False,False,False,False,False,False,False,False,False,False
RA-549,2022,Aluno-549,1,G,Masculino,10.0,2021,Escola Pública,,,Ágata,6.301,5.0,4.2,7.9,10.0,6.9,,6.167,Fase 2 (5º e 6º ano),-1,False,False,2.2,6.2,,688.0,166.0,9.0,2.0,Sem limitações,Destaque: A sua boa entrega das lições de casa.,Melhorar: Empenhar-se mais nas aulas e avaliações.,Melhorar: Integrar-se mais aos Princípios Passos Mágicos.,2.0,1.0,False,False,False,False,False,False,False,False,False,False,False,False,False,False
RA-550,2022,Aluno-550,1,G,Feminino,12.0,2022,Escola Pública,,,Ágata,6.026,5.0,1.9,9.0,9.0,6.9,,6.25,Fase 3 (7º e 8º ano),-2,False,False,2.0,1.8,,724.0,172.0,10.0,2.0,Sem limitações,Destaque: A sua boa entrega das lições de casa.,Melhorar: Empenhar-se mais nas aulas e avaliações.,Melhorar: Integrar-se mais aos Princípios Passos Mágicos.,3.0,1.0,False,False,False,False,False,False,False,False,False,False,False,False,False,False
RA-551,2022,Aluno-551,1,G,Feminino,12.0,2018,Escola Pública,,,Ágata,6.853,5.0,6.6,7.3,8.5,6.9,,7.333,Fase 3 (7º e 8º ano),-2,False,False,5.0,8.2,,539.0,136.0,4.0,2.0,Sem limitações,Melhorar: Melhorar a sua entrega de lições de casa.,Melhorar: Empenhar-se mais nas aulas e avaliações.,Melhorar: Integrar-se mais aos Princípios Passos Mágicos.,3.0,1.0,False,False,False,False,False,False,False,False,False,False,False,False,False,False
RA-552,2022,Aluno-552,1,G,Masculino,11.0,2022,Escola Pública,,,Ágata,6.625,5.0,5.5,8.8,9.5,5.0,,7.167,Fase 2 (5º e 6º ano),-1,False,False,6.0,5.0,,617.0,149.0,7.0,2.0,Não indicado,Destaque: A sua boa entrega das lições de casa.,Melhorar: Empenhar-se mais nas aulas e avaliações.,Melhorar: Integrar-se mais aos Princípios Passos Mágicos.,2.0,1.0,False,False,False,False,False,False,False,False,False,False,False,False,False,False
RA-553,2022,Aluno-553,1,G,Feminino,11.0,2019,Escola Pública,,,Ágata,6.39,5.0,3.3,6.9,9.5,6.9,,8.167,Fase 2 (5º e 6º ano),-1,False,False,1.0,5.7,,663.0,160.0,8.0,2.0,Sem limitações,Melhorar: Melhorar a sua entrega de lições de casa.,Melhorar: Empenhar-se mais nas aulas e avaliações.,Destaque: A sua boa integração aos Princípios Passos Mágicos.,2.0,1.0,False,False,False,False,False,False,False,False,False,False,False,False,False,False
RA-554,2022,Aluno-554,1,G,Masculino,12.0,2017,Escola Pública,,,Quartzo,5.588,5.0,4.0,6.0,7.9,6.9,,5.75,Fase 3 (7º e 8º ano),-2,False,False,1.7,6.3,,776.0,180.0,12.0,2.0,Sem limitações,Melhorar: Melhorar a sua entrega de lições de casa.,Melhorar: Empenhar-se mais nas aulas e avaliações.,Melhorar: Integrar-se mais aos Princípios Passos Mágicos.,3.0,1.0,False,False,False,False,False,False,False,False,False,False,False,False,False,False
RA-555,2022,Aluno-555,1,G,Masculino,12.0,2019,Escola Pública,,,Quartzo,5.949,5.0,4.4,8.1,9.5,5.0,,5.167,Fase 3 (7º e 8º ano),-2,False,False,1.8,7.0,,732.0,174.0,11.0,2.0,Não indicado,Destaque: A sua boa entrega das lições de casa.,Melhorar: Empenhar-se mais nas aulas e avaliações.,Melhorar: Integrar-se mais aos Princípios Passos Mágicos.,3.0,1.0,False,False,False,False,False,False,False,False,False,False,False,False,False,False
RA-556,2022,Aluno-556,1,G,Feminino,11.0,2018,Escola Pública,,,Ametista,7.181,5.0,6.4,8.8,9.0,5.0,,8.25,Fase 2 (5º e 6º ano),-1,False,False,4.8,8.0,,436.0,111.0,3.0,2.0,Não indicado,Destaque: A sua boa entrega das lições de casa.,Melhorar: Empenhar-se mais nas aulas e avaliações.,Destaque: A sua boa integração aos Princípios Passos Mágicos.,2.0,1.0,False,False,False,False,False,False,False,False,False,False,False,False,False,False
RA-557,2022,Aluno-557,1,H,Masculino,10.0,2019,Escola Pública,,,Topázio,8.334,5.0,9.4,8.4,10.0,7.5,,9.333,Fase 2 (5º e 6º ano),-1,True,True,10.0,8.8,,57.0,10.0,1.0,2.0,Sem limitações,Destaque: A sua boa entrega das lições de casa.,Destaque: As suas boas notas na Passos Mágicos.,Destaque: A sua boa integração aos Princípios Passos Mágicos.,2.0,1.0,False,False,False,False,False,False,False,False,False,False,False,False,False,False
RA-558,2022,Aluno-558,1,H,Masculino,14.0,2022,Escola Pública,,,Quartzo,5.539,2.5,4.3,8.5,9.0,5.0,,4.5,Fase 4 (9º ano),-3,False,False,0.5,8.0,,786.0,181.0,8.0,2.0,Não indicado,Destaque: A sua boa entrega das lições de casa.,Melhorar: Empenhar-se mais nas aulas e avaliações.,Melhorar: Integrar-se mais aos Princípios Passos Mágicos.,4.0,1.0,False,False,False,False,False,False,False,False,False,False,False,False,False,True
RA-559,2022,Aluno-559,1,H,Masculino,11.0,2021,Escola Pública,,,Ametista,7.634,5.0,7.1,9.2,9.5,7.5,,8.083,Fase 2 (5º e 6º ano),-1,False,False,7.2,7.0,,260.0,67.0,6.0,2.0,Sem limitações,Destaque: A sua boa entrega das lições de casa.,Melhorar: Empenhar-se mais nas aulas e avaliações.,Destaque: A sua boa integração aos Princípios Passos Mágicos.,2.0,1.0,False,False,False,False,False,False,False,False,False,False,False,False,False,False
RA-560,2022,Aluno-560,1,H,Masculino,11.0,2020,Escola Pública,,,Quartzo,4.949,5.0,3.8,7.2,6.9,5.0,,3.75,Fase 2 (5º e 6º ano),-1,False,False,3.2,4.3,,826.0,189.0,11.0,2.0,Não indicado,Melhorar: Melhorar a sua entrega de lições de casa.,Melhorar: Empenhar-se mais nas aulas e avaliações.,Melhorar: Integrar-se mais aos Princípios Passos Mágicos.,2.0,1.0,False,False,False,False,False,False,False,False,False,False,False,False,False,True
RA-561,2022,Aluno-561,1,H,Masculino,11.0,2022,Escola Pública,,,Ametista,7.856,5.0,7.4,9.0,9.0,7.5,,8.833,Fase 2 (5º e 6º ano),-1,True,True,9.5,5.3,,185.0,43.0,3.0,2.0,Sem limitações,Destaque: A sua boa entrega das lições de casa.,Melhorar: Empenhar-se mais nas aulas e avaliações.,Destaque: A sua boa integração aos Princípios Passos Mágicos.,2.0,1.0,False,False,False,False,False,False,False,False,False,False,False,False,False,False
RA-562,2022,Aluno-562,1,H,Feminino,11.0,2021,Escola Pública,,,Ametista,7.855,5.0,8.0,9.0,8.0,7.5,,8.75,Fase 2 (5º e 6º ano),-1,True,False,8.3,7.7,,186.0,44.0,4.0,2.0,Sem limitações,Destaque: A sua boa entrega das lições de casa.,Destaque: As suas boas notas na Passos Mágicos.,Destaque: A sua boa integração aos Princípios Passos Mágicos.,2.0,1.0,False,False,False,False,False,False,False,False,False,False,False,False,False,False
RA-563,2022,Aluno-563,1,H,Feminino,11.0,2020,Escola Pública,,,Topázio,8.22,5.0,8.5,9.2,10.0,7.5,,8.833,Fase 2 (5º e 6º ano),-1,True,True,9.0,8.0,,81.0,18.0,2.0,2.0,Sem limitações,Destaque: A sua boa entrega das lições de casa.,Destaque: As suas boas notas na Passos Mágicos.,Destaque: A sua boa integração aos Princípios Passos Mágicos.,2.0,1.0,False,False,False,False,False,False,False,False,False,False,False,False,False,False
RA-564,2022,Aluno-564,1,H,Masculino,13.0,2019,Escola Pública,,,Quartzo,4.972,5.0,2.3,3.8,9.5,5.0,,6.833,Fase 3 (7º e 8º ano),-2,False,False,2.5,2.0,,822.0,188.0,10.0,2.0,Não indicado,Melhorar: Melhorar a sua entrega de lições de casa.,Melhorar: Empenhar-se mais nas aulas e avaliações.,Melhorar: Integrar-se mais aos Princípios Passos Mágicos.,3.0,1.0,False,False,False,False,False,False,False,False,False,True,False,False,False,False
RA-565,2022,Aluno-565,1,H,Masculino,13.0,2022,Escola Pública,,,Quartzo,5.233,5.0,2.9,4.1,9.0,7.5,,5.917,Fase 3 (7º e 8º ano),-2,False,False,4.0,1.8,,809.0,186.0,9.0,2.0,Sem limitações,Melhorar: Melhorar a sua entrega de lições de casa.,Melhorar: Empenhar-se mais nas aulas e avaliações.,Melhorar: Integrar-se mais aos Princípios Passos Mágicos.,3.0,1.0,False,False,False,False,False,False,False,False,False,False,False,False,False,False
RA-566,2022,Aluno-566,1,H,Feminino,12.0,2022,Escola Pública,,,Ametista,7.729,5.0,8.5,8.4,9.5,7.5,,7.917,Fase 3 (7º e 8º ano),-2,False,False,9.5,7.5,,226.0,58.0,5.0,2.0,Sem limitações,Destaque: A sua boa entrega das lições de casa.,Destaque: As suas boas notas na Passos Mágicos.,Destaque: A sua boa integração aos Princípios Passos Mágicos.,3.0,1.0,False,False,False,False,False,False,False,False,False,False,False,False,False,False
RA-567,2022,Aluno-567,1,H,Masculino,11.0,2019,Escola Pública,,,Ágata,6.281,5.0,4.8,6.0,9.5,7.5,,6.833,Fase 2 (5º e 6º ano),-1,False,False,4.3,5.2,,691.0,167.0,7.0,2.0,Sem limitações,Melhorar: Melhorar a sua entrega de lições de casa.,Melhorar: Empenhar-se mais nas aulas e avaliações.,Melhorar: Integrar-se mais aos Princípios Passos Mágicos.,2.0,1.0,False,False,False,False,False,False,False,False,False,False,False,False,False,False
RA-568,2022,Aluno-568,1,J,Masculino,14.0,2018,Escola Pública,,,Ametista,7.306,2.5,8.3,8.6,8.0,6.9,,7.944,Fase 4 (9º ano),-3,False,False,8.0,8.5,,385.0,100.0,8.0,3.0,Não atendido,Destaque: A sua boa entrega das lições de casa.,Destaque: As suas boas notas na Passos Mágicos.,Destaque: A sua boa integração aos Princípios Passos Mágicos.,4.0,1.0,False,False,False,False,False,False,False,False,False,False,False,False,False,False
RA-569,2022,Aluno-569,1,J,Feminino,12.0,2020,Escola Pública,,,Ametista,7.074,5.0,6.8,8.7,9.5,5.0,,7.333,Fase 3 (7º e 8º ano),-2,False,False,6.3,7.3,,464.0,118.0,9.0,3.0,Requer avaliação,Destaque: A sua boa entrega das lições de casa.,Melhorar: Empenhar-se mais nas aulas e avaliações.,Melhorar: Integrar-se mais aos Princípios Passos Mágicos.,3.0,1.0,False,False,False,False,False,False,False,False,False,False,False,False,False,False
RA-570,2022,Aluno-570,1,J,Feminino,10.0,2019,Escola Pública,,,Quartzo,5.722,5.0,1.3,7.0,9.0,7.5,,6.778,Fase 2 (5º e 6º ano),-1,False,False,0.7,2.0,,755.0,179.0,17.0,3.0,Não atendido,Melhorar: Melhorar a sua entrega de lições de casa.,Melhorar: Empenhar-se mais nas aulas e avaliações.,Melhorar: Integrar-se mais aos Princípios Passos Mágicos.,2.0,1.0,False,False,False,False,False,False,False,False,False,False,False,False,False,False
RA-571,2022,Aluno-571,1,J,Feminino,11.0,2019,Escola Pública,,,Ágata,6.589,5.0,3.7,8.8,8.5,7.5,,6.944,Fase 2 (5º e 6º ano),-1,False,False,3.3,4.0,,630.0,153.0,13.0,3.0,Não atendido,Destaque: A sua boa entrega das lições de casa.,Melhorar: Empenhar-se mais nas aulas e avaliações.,Melhorar: Integrar-se mais aos Princípios Passos Mágicos.,2.0,1.0,False,False,False,False,False,False,False,False,False,False,False,False,False,False
RA-572,2022,Aluno-572,1,J,Masculino,9.0,2022,Escola Pública,,,Ametista,7.48,10.0,6.8,8.0,8.5,7.5,,6.833,Fase 1 (4º ano),0,False,False,4.5,9.0,,322.0,83.0,6.0,3.0,Não atendido,Destaque: A sua boa entrega das lições de casa.,Melhorar: Empenhar-se mais nas aulas e avaliações.,Melhorar: Integrar-se mais aos Princípios Passos Mágicos.,1.0,1.0,False,False,False,False,False,False,False,False,False,False,False,False,False,False
RA-573,2022,Aluno-573,1,J,Masculino,11.0,2020,Escola Pública,,,Topázio,8.261,5.0,8.2,9.9,9.5,7.5,,8.944,Fase 2 (5º e 6º ano),-1,True,True,8.3,8.0,,70.0,15.0,2.0,3.0,Não atendido,Destaque: A sua boa entrega das lições de casa.,Destaque: As suas boas notas na Passos Mágicos.,Destaque: A sua boa integração aos Princípios Passos Mágicos.,2.0,1.0,False,False,False,False,False,False,False,False,False,False,False,False,False,False
RA-574,2022,Aluno-574,1,J,Masculino,10.0,2022,Escola Pública,,,Ágata,6.86,5.0,7.5,7.2,9.5,5.0,,6.944,Fase 2 (5º e 6º ano),-1,False,False,5.5,9.5,,534.0,135.0,11.0,3.0,Requer avaliação,Melhorar: Melhorar a sua entrega de lições de casa.,Destaque: As suas boas notas na Passos Mágicos.,Melhorar: Integrar-se mais aos Princípios Passos Mágicos.,2.0,1.0,False,False,False,False,False,False,False,False,False,False,False,False,False,False
RA-575,2022,Aluno-575,1,J,Masculino,12.0,2019,Escola Pública,,,Quartzo,5.889,5.0,2.8,6.1,8.0,7.5,,7.0,Fase 3 (7º e 8º ano),-2,False,False,2.7,3.0,,739.0,175.0,16.0,3.0,Não atendido,Melhorar: Melhorar a sua entrega de lições de casa.,Melhorar: Empenhar-se mais nas aulas e avaliações.,Melhorar: Integrar-se mais aos Princípios Passos Mágicos.,3.0,1.0,False,False,False,False,False,False,False,False,False,False,False,False,False,False
RA-576,2022,Aluno-576,1,J,Feminino,10.0,2022,Escola Pública,,,Ametista,7.59,5.0,7.8,9.1,9.5,7.5,,7.111,Fase 2 (5º e 6º ano),-1,False,False,7.5,8.0,,279.0,75.0,4.0,3.0,Não atendido,Destaque: A sua boa entrega das lições de casa.,Destaque: As suas boas notas na Passos Mágicos.,Melhorar: Integrar-se mais aos Princípios Passos Mágicos.,2.0,1.0,False,False,False,False,False,False,False,False,False,False,False,False,False,False
RA-577,2022,Aluno-577,1,J,Feminino,10.0,2022,Escola Pública,,,Ametista,7.862,5.0,9.0,9.3,9.5,7.5,,7.111,Fase 2 (5º e 6º ano),-1,False,False,8.3,9.7,,182.0,41.0,3.0,3.0,Não atendido,Destaque: A sua boa entrega das lições de casa.,Destaque: As suas boas notas na Passos Mágicos.,Melhorar: Integrar-se mais aos Princípios Passos Mágicos.,2.0,1.0,False,False,False,False,False,False,False,False,False,False,False,False,False,False
RA-578,2022,Aluno-578,1,J,Masculino,10.0,2019,Escola Pública,,,Topázio,8.814,5.0,9.5,10.0,9.5,8.8,,9.611,Fase 2 (5º e 6º ano),-1,True,True,9.3,9.7,,11.0,3.0,1.0,3.0,Sem limitações,Destaque: A sua boa entrega das lições de casa.,Destaque: As suas boas notas na Passos Mágicos.,Destaque: A sua boa integração aos Princípios Passos Mágicos.,2.0,1.0,False,False,False,False,False,False,False,False,False,False,False,False,False,False
RA-579,2022,Aluno-579,1,J,Feminino,10.0,2022,Escola Pública,,,Ágata,6.067,5.0,3.8,5.8,8.5,7.5,,7.222,Fase 2 (5º e 6º ano),-1,False,False,0.0,7.5,,715.0,171.0,15.0,3.0,Não atendido,Melhorar: Melhorar a sua entrega de lições de casa.,Melhorar: Empenhar-se mais nas aulas e avaliações.,Melhorar: Integrar-se mais aos Princípios Passos Mágicos.,2.0,1.0,False,False,False,False,False,False,False,False,False,False,False,False,False,False
RA-580,2022,Aluno-580,1,J,Feminino,10.0,2020,Escola Pública,,,Ametista,7.525,5.0,7.6,9.6,8.0,7.5,,7.167,Fase 2 (5º e 6º ano),-1,False,False,6.3,8.8,,299.0,78.0,5.0,3.0,Não atendido,Destaque: A sua boa entrega das lições de casa.,Destaque: As suas boas notas na Passos Mágicos.,Melhorar: Integrar-se mais aos Princípios Passos Mágicos.,2.0,1.0,False,False,False,False,False,False,False,False,False,False,False,False,False,False
RA-581,2022,Aluno-581,1,J,Masculino,10.0,2019,Escola Pública,,,Ágata,6.464,5.0,5.0,8.9,7.5,7.5,,5.889,Fase 2 (5º e 6º ano),-1,False,False,5.3,4.7,,648.0,157.0,14.0,3.0,Não atendido,Destaque: A sua boa entrega das lições de casa.,Melhorar: Empenhar-se mais nas aulas e avaliações.,Melhorar: Integrar-se mais aos Princípios Passos Mágicos.,2.0,1.0,False,False,False,False,False,False,False,False,False,False,False,False,False,False
RA-582,2022,Aluno-582,1,J,Feminino,10.0,2022,Escola Pública,,,Ametista,7.064,5.0,4.9,9.0,10.0,7.5,,7.222,Fase 2 (5º e 6º ano),-1,False,False,4.3,5.5,,466.0,119.0,10.0,3.0,Não atendido,Destaque: A sua boa entrega das lições de casa.,Melhorar: Empenhar-se mais nas aulas e avaliações.,Melhorar: Integrar-se mais aos Princípios Passos Mágicos.,2.0,1.0,False,False,False,False,False,False,False,False,False,False,False,False,False,False
RA-583,2022,Aluno-583,1,J,Feminino,12.0,2019,Escola Pública,,,Ametista,7.456,5.0,7.1,9.4,8.5,7.5,,7.333,Fase 3 (7º e 8º ano),-2,False,False,6.2,8.0,,333.0,87.0,7.0,3.0,Não atendido,Destaque: A sua boa entrega das lições de casa.,Melhorar: Empenhar-se mais nas aulas e avaliações.,Melhorar: Integrar-se mais aos Princípios Passos Mágicos.,3.0,1.0,False,False,False,False,False,False,False,False,False,False,False,False,False,False
RA-584,2022,Aluno-584,1,J,Feminino,10.0,2019,Escola Pública,,,Ágata,6.714,5.0,4.6,8.5,8.0,7.5,,7.333,Fase 2 (5º e 6º ano),-1,False,False,4.5,4.7,,585.0,143.0,12.0,3.0,Não atendido,Destaque: A sua boa entrega das lições de casa.,Melhorar: Empenhar-se mais nas aulas e avaliações.,Melhorar: Integrar-se mais aos Princípios Passos Mágicos.,2.0,1.0,False,False,False,False,False,False,False,False,False,False,False,False,False,False
RA-585,2022,Aluno-585,1,K,Feminino,9.0,2020,Escola Pública,,,Ametista,7.398,10.0,5.0,9.1,8.5,7.5,,6.889,Fase 1 (4º ano),0,False,False,3.7,6.3,,362.0,94.0,7.0,3.0,Não atendido,Destaque: A sua boa entrega das lições de casa.,Melhorar: Empenhar-se mais nas aulas e avaliações.,Melhorar: Integrar-se mais aos Princípios Passos Mágicos.,1.0,1.0,False,False,False,False,False,False,False,False,False,False,False,False,False,False
RA-586,2022,Aluno-586,1,K,Feminino,10.0,2021,Rede Decisão,,,Ametista,7.988,5.0,8.2,9.6,10.0,5.6,,8.778,Fase 2 (5º e 6º ano),-1,True,False,8.2,8.2,,146.0,37.0,3.0,3.0,Requer avaliação,Destaque: A sua boa entrega das lições de casa.,Destaque: As suas boas notas na Passos Mágicos.,Destaque: A sua boa integração aos Princípios Passos Mágicos.,2.0,1.0,False,False,False,False,False,False,False,False,False,False,False,False,False,False
RA-587,2022,Aluno-587,1,K,Masculino,10.0,2022,Escola Pública,,,Ágata,6.632,5.0,3.8,9.3,9.5,7.5,,6.167,Fase 2 (5º e 6º ano),-1,False,False,1.0,6.5,,615.0,148.0,10.0,3.0,Não atendido,Destaque: A sua boa entrega das lições de casa.,Melhorar: Empenhar-se mais nas aulas e avaliações.,Melhorar: Integrar-se mais aos Princípios Passos Mágicos.,2.0,1.0,False,False,False,False,False,False,False,False,False,False,False,False,False,False
RA-588,2022,Aluno-588,1,K,Feminino,9.0,2021,Rede Decisão,,,Topázio,8.622,10.0,9.3,10.0,9.5,5.6,,8.278,Fase 1 (4º ano),0,False,False,9.3,9.2,,26.0,4.0,2.0,3.0,Sem limitações,Destaque: A sua boa entrega das lições de casa.,Destaque: As suas boas notas na Passos Mágicos.,Destaque: A sua boa integração aos Princípios Passos Mágicos.,1.0,1.0,False,False,False,False,False,False,False,False,False,False,False,False,False,False
RA-589,2022,Aluno-589,1,K,Feminino,9.0,2022,Escola Pública,,,Ametista,7.744,10.0,5.8,9.4,9.5,7.5,,7.056,Fase 1 (4º ano),0,False,False,3.0,8.5,,219.0,57.0,4.0,3.0,Não atendido,Destaque: A sua boa entrega das lições de casa.,Melhorar: Empenhar-se mais nas aulas e avaliações.,Melhorar: Integrar-se mais aos Princípios Passos Mágicos.,1.0,1.0,False,False,False,False,False,False,False,False,False,False,False,False,False,False
RA-590,2022,Aluno-590,1,K,Feminino,10.0,2020,Escola Pública,,,Ametista,7.435,5.0,7.4,8.6,8.5,7.5,,7.611,Fase 2 (5º e 6º ano),-1,False,False,5.7,9.2,,341.0,90.0,6.0,3.0,Não atendido,Destaque: A sua boa entrega das lições de casa.,Melhorar: Empenhar-se mais nas aulas e avaliações.,Destaque: A sua boa integração aos Princípios Passos Mágicos.,2.0,1.0,False,False,False,False,False,False,False,False,False,False,False,False,False,False
RA-591,2022,Aluno-591,1,K,Masculino,11.0,2021,Escola Pública,,,Ametista,7.507,5.0,7.1,9.3,9.5,7.5,,7.389,Fase 2 (5º e 6º ano),-1,False,False,7.8,6.3,,305.0,80.0,5.0,3.0,Não atendido,Destaque: A sua boa entrega das lições de casa.,Melhorar: Empenhar-se mais nas aulas e avaliações.,Melhorar: Integrar-se mais aos Princípios Passos Mágicos.,2.0,1.0,False,False,False,False,False,False,False,False,False,False,False,False,False,False
RA-592,2022,Aluno-592,1,K,Feminino,10.0,2020,Escola Pública,,,Ametista,7.381,5.0,8.4,8.5,8.0,5.6,,7.778,Fase 2 (5º e 6º ano),-1,False,False,7.2,9.7,,368.0,96.0,9.0,3.0,Requer avaliação,Destaque: A sua boa entrega das lições de casa.,Destaque: As suas boas notas na Passos Mágicos.,Destaque: A sua boa integração aos Princípios Passos Mágicos.,2.0,1.0,False,False,False,False,False,False,False,False,False,False,False,False,False,False
RA-593,2022,Aluno-593,1,K,Feminino,10.0,2021,Escola Pública,,,Ágata,6.254,5.0,4.6,7.4,7.5,7.5,,6.278,Fase 2 (5º e 6º ano),-1,False,False,3.0,6.2,,694.0,168.0,11.0,3.0,Não atendido,Melhorar: Melhorar a sua entrega de lições de casa.,Melhorar: Empenhar-se mais nas aulas e avaliações.,Melhorar: Integrar-se mais aos Princípios Passos Mágicos.,2.0,1.0,False,False,False,False,False,False,False,False,False,False,False,False,False,False
RA-594,2022,Aluno-594,1,K,Masculino,10.0,2022,Escola Pública,,,Ametista,7.392,5.0,7.8,9.4,8.0,7.5,,6.889,Fase 2 (5º e 6º ano),-1,False,False,6.0,9.5,,364.0,95.0,8.0,3.0,Não atendido,Destaque: A sua boa entrega das lições de casa.,Destaque: As suas boas notas na Passos Mágicos.,Melhorar: Integrar-se mais aos Princípios Passos Mágicos.,2.0,1.0,False,False,False,False,False,False,False,False,False,False,False,False,False,False
RA-595,2022,Aluno-595,1,K,Masculino,12.0,2018,Escola Pública,,,Quartzo,5.18,5.0,1.0,5.5,8.5,7.5,,6.0,Fase 3 (7º e 8º ano),-2,False,False,2.0,0.0,,813.0,187.0,12.0,3.0,Não atendido,Melhorar: Melhorar a sua entrega de lições de casa.,Melhorar: Empenhar-se mais nas aulas e avaliações.,Melhorar: Integrar-se mais aos Princípios Passos Mágicos.,3.0,1.0,False,False,False,False,False,False,False,False,False,False,False,False,False,False
RA-596,2022,Aluno-596,1,K,Feminino,9.0,2021,Escola Pública,,,Topázio,8.971,10.0,9.3,10.0,9.5,7.5,,9.0,Fase 1 (4º ano),0,True,True,8.8,9.8,,4.0,1.0,1.0,3.0,Sem limitações,Destaque: A sua boa entrega das lições de casa.,Destaque: As suas boas notas na Passos Mágicos.,Destaque: A sua boa integração aos Princípios Passos Mágicos.,1.0,1.0,False,False,False,False,False,False,False,False,False,False,False,False,False,False
RA-597,2022,Aluno-597,1,L,Masculino,9.0,2022,Escola Pública,,,Topázio,8.265,10.0,8.0,10.0,9.0,7.5,,7.056,Fase 1 (4º ano),0,False,False,6.5,9.5,,67.0,14.0,1.0,3.0,Sem limitações,Destaque: A sua boa entrega das lições de casa.,Destaque: As suas boas notas na Passos Mágicos.,Melhorar: Integrar-se mais aos Princípios Passos Mágicos.,1.0,1.0,False,False,False,False,False,False,False,False,False,False,False,False,False,False
RA-598,2022,Aluno-598,1,L,Feminino,11.0,2022,Escola Pública,,,Ágata,6.35,5.0,3.7,7.2,9.5,7.5,,6.944,Fase 2 (5º e 6º ano),-1,False,False,4.7,2.7,,669.0,162.0,13.0,3.0,Sem limitações,Melhorar: Melhorar a sua entrega de lições de casa.,Melhorar: Empenhar-se mais nas aulas e avaliações.,Melhorar: Integrar-se mais aos Princípios Passos Mágicos.,2.0,1.0,False,False,False,False,False,False,False,False,False,False,False,False,False,False
RA-599,2022,Aluno-599,1,L,Masculino,10.0,2022,Escola Pública,,,Topázio,8.2,5.0,9.1,9.2,9.5,7.5,,8.556,Fase 2 (5º e 6º ano),-1,True,True,8.3,9.8,,85.0,19.0,2.0,3.0,Sem limitações,Destaque: A sua boa entrega das lições de casa.,Destaque: As suas boas notas na Passos Mágicos.,Destaque: A sua boa integração aos Princípios Passos Mágicos.,2.0,1.0,False,False,False,False,False,False,False,False,False,False,False,False,False,False
RA-600,2022,Aluno-600,1,L,Feminino,9.0,2021,Escola Pública,,,Ágata,7.011,10.0,3.9,8.4,8.5,7.5,,6.833,Fase 1 (4º ano),0,False,False,2.8,5.0,,483.0,126.0,10.0,3.0,Sem limitações,Destaque: A sua boa entrega das lições de casa.,Melhorar: Empenhar-se mais nas aulas e avaliações.,Melhorar: Integrar-se mais aos Princípios Passos Mágicos.,1.0,1.0,False,False,False,False,False,False,False,False,False,False,False,False,False,False
RA-601,2022,Aluno-601,1,L,Masculino,8.0,2021,Escola Pública,,,Ametista,7.713,10.0,5.7,9.7,9.0,7.5,,7.167,ALFA  (2º e 3º ano),1,False,False,5.3,6.0,,231.0,60.0,7.0,3.0,Sem limitações,Destaque: A sua boa entrega das lições de casa.,Melhorar: Empenhar-se mais nas aulas e avaliações.,Melhorar: Integrar-se mais aos Princípios Passos Mágicos.,2.0,1.0,False,False,False,False,False,False,False,False,False,False,False,False,False,False
RA-602,2022,Aluno-602,1,L,Masculino,11.0,2019,Escola Pública,,,Ametista,8.041,5.0,8.6,9.7,10.0,7.5,,7.667,Fase 2 (5º e 6º ano),-1,False,True,8.3,8.8,,134.0,32.0,4.0,3.0,Sem limitações,Destaque: A sua boa entrega das lições de casa.,Destaque: As suas boas notas na Passos Mágicos.,Destaque: A sua boa integração aos Princípios Passos Mágicos.,2.0,1.0,False,False,False,False,False,False,False,False,False,False,False,False,False,False
RA-603,2022,Aluno-603,1,L,Feminino,11.0,2022,Escola Pública,,,Ametista,7.78,5.0,7.5,9.5,9.0,7.5,,8.0,Fase 2 (5º e 6º ano),-1,False,False,6.7,8.3,,209.0,52.0,6.0,3.0,Sem limitações,Destaque: A sua boa entrega das lições de casa.,Destaque: As suas boas notas na Passos Mágicos.,Destaque: A sua boa integração aos Princípios Passos Mágicos.,2.0,1.0,False,False,False,False,False,False,False,False,False,False,False,False,False,False
RA-604,2022,Aluno-604,1,L,Feminino,10.0,2021,Escola Pública,,,Ametista,8.018,5.0,8.8,9.0,9.0,7.5,,8.333,Fase 2 (5º e 6º ano),-1,False,True,8.0,9.7,,136.0,34.0,5.0,3.0,Sem limitações,Destaque: A sua boa entrega das lições de casa.,Destaque: As suas boas notas na Passos Mágicos.,Destaque: A sua boa integração aos Princípios Passos Mágicos.,2.0,1.0,False,False,False,False,False,False,False,False,False,False,False,False,False,False
RA-605,2022,Aluno-605,1,L,Feminino,12.0,2021,Escola Pública,,,Ametista,7.276,5.0,7.1,9.3,6.9,6.9,,7.556,Fase 3 (7º e 8º ano),-2,False,False,6.2,8.0,,406.0,106.0,8.0,3.0,Sem limitações,Destaque: A sua boa entrega das lições de casa.,Melhorar: Empenhar-se mais nas aulas e avaliações.,Destaque: A sua boa integração aos Princípios Passos Mágicos.,3.0,1.0,False,False,False,False,False,False,False,False,False,False,False,False,False,False
RA-606,2022,Aluno-606,1,L,Masculino,10.0,2022,Escola Pública,,,Ágata,6.127,5.0,1.8,9.0,9.5,7.5,,6.111,Fase 2 (5º e 6º ano),-1,False,False,2.0,1.5,,704.0,169.0,14.0,3.0,Sem limitações,Destaque: A sua boa entrega das lições de casa.,Melhorar: Empenhar-se mais nas aulas e avaliações.,Melhorar: Integrar-se mais aos Princípios Passos Mágicos.,2.0,1.0,False,False,False,False,False,False,False,False,False,False,False,False,False,False
RA-607,2022,Aluno-607,1,L,Masculino,10.0,2022,Escola Pública,,,Ágata,6.44,5.0,4.0,8.1,6.8,7.5,,7.444,Fase 2 (5º e 6º ano),-1,False,False,3.0,5.0,,652.0,158.0,12.0,3.0,Sem limitações,Destaque: A sua boa entrega das lições de casa.,Melhorar: Empenhar-se mais nas aulas e avaliações.,Melhorar: Integrar-se mais aos Princípios Passos Mágicos.,2.0,1.0,False,False,False,False,False,False,False,False,False,False,False,False,False,False
RA-608,2022,Aluno-608,1,L,Masculino,10.0,2022,Escola Pública,,,Ametista,7.216,5.0,6.3,9.6,7.8,7.5,,7.222,Fase 2 (5º e 6º ano),-1,False,False,3.0,9.5,,422.0,108.0,9.0,3.0,Sem limitações,Destaque: A sua boa entrega das lições de casa.,Melhorar: Empenhar-se mais nas aulas e avaliações.,Melhorar: Integrar-se mais aos Princípios Passos Mágicos.,2.0,1.0,False,False,False,False,False,False,False,False,False,False,False,False,False,False
RA-609,2022,Aluno-609,1,L,Masculino,11.0,2019,Escola Pública,,,Ágata,6.794,5.0,6.0,7.6,8.5,7.5,,7.056,Fase 2 (5º e 6º ano),-1,False,False,6.5,5.5,,557.0,137.0,11.0,3.0,Sem limitações,Destaque: A sua boa entrega das lições de casa.,Melhorar: Empenhar-se mais nas aulas e avaliações.,Melhorar: Integrar-se mais aos Princípios Passos Mágicos.,2.0,1.0,False,False,False,False,False,False,False,False,False,False,False,False,False,False
RA-610,2022,Aluno-610,1,L,Feminino,9.0,2022,Escola Pública,,,Topázio,8.18,10.0,6.5,9.6,9.0,7.5,,8.5,Fase 1 (4º ano),0,True,False,6.0,7.0,,91.0,21.0,3.0,3.0,Sem limitações,Destaque: A sua boa entrega das lições de casa.,Melhorar: Empenhar-se mais nas aulas e avaliações.,Destaque: A sua boa integração aos Princípios Passos Mágicos.,1.0,1.0,False,False,False,False,False,False,False,False,False,False,False,False,False,False
RA-611,2022,Aluno-611,1,M,Masculino,12.0,2021,Escola Pública,,,Ametista,7.756,5.0,9.5,7.6,9.5,7.5,,7.556,Fase 3 (7º e 8º ano),-2,False,True,10.0,9.0,,214.0,54.0,4.0,3.0,Não atendido,Destaque: A sua boa entrega das lições de casa.,Destaque: As suas boas notas na Passos Mágicos.,Destaque: A sua boa integração aos Princípios Passos Mágicos.,3.0,1.0,False,False,False,False,False,False,False,False,False,False,False,False,False,False
RA-612,2022,Aluno-612,1,M,Feminino,10.0,2021,Escola Pública,,,Ametista,7.594,5.0,7.9,9.2,9.0,7.5,,7.167,Fase 2 (5º e 6º ano),-1,False,False,9.7,6.2,,273.0,71.0,6.0,3.0,Não atendido,Destaque: A sua boa entrega das lições de casa.,Destaque: As suas boas notas na Passos Mágicos.,Melhorar: Integrar-se mais aos Princípios Passos Mágicos.,2.0,1.0,False,False,False,False,False,False,False,False,False,False,False,False,False,False
RA-613,2022,Aluno-613,1,M,Masculino,13.0,2020,Escola Pública,,,Topázio,8.121,5.0,9.2,9.2,9.0,7.5,,8.556,Fase 3 (7º e 8º ano),-2,True,True,9.2,9.2,,108.0,23.0,2.0,3.0,Não atendido,Destaque: A sua boa entrega das lições de casa.,Destaque: As suas boas notas na Passos Mágicos.,Destaque: A sua boa integração aos Princípios Passos Mágicos.,3.0,1.0,False,False,False,False,False,False,False,False,False,False,False,False,False,False
RA-614,2022,Aluno-614,1,M,Masculino,12.0,2021,Escola Pública,,,Topázio,8.339,5.0,9.6,9.7,9.5,7.5,,8.278,Fase 3 (7º e 8º ano),-2,False,True,9.8,9.3,,55.0,8.0,1.0,3.0,Não atendido,Destaque: A sua boa entrega das lições de casa.,Destaque: As suas boas notas na Passos Mágicos.,Destaque: A sua boa integração aos Princípios Passos Mágicos.,3.0,1.0,False,False,False,False,False,False,False,False,False,False,False,False,False,False
RA-615,2022,Aluno-615,1,M,Feminino,9.0,2020,Escola Pública,,,Topázio,8.086,10.0,7.3,9.7,9.5,7.5,,6.889,Fase 1 (4º ano),0,False,False,7.8,6.7,,120.0,27.0,3.0,3.0,Não atendido,Destaque: A sua boa entrega das lições de casa.,Melhorar: Empenhar-se mais nas aulas e avaliações.,Melhorar: Integrar-se mais aos Princípios Passos Mágicos.,1.0,1.0,False,False,False,False,False,False,False,False,False,False,False,False,False,False
RA-616,2022,Aluno-616,1,M,Masculino,12.0,2019,Escola Pública,,,Ametista,7.303,5.0,8.8,7.4,7.4,7.5,,7.278,Fase 3 (7º e 8º ano),-2,False,False,9.2,8.5,,391.0,102.0,8.0,3.0,Não atendido,Melhorar: Melhorar a sua entrega de lições de casa.,Destaque: As suas boas notas na Passos Mágicos.,Melhorar: Integrar-se mais aos Princípios Passos Mágicos.,3.0,1.0,False,False,False,False,False,False,False,False,False,False,False,False,False,False
RA-617,2022,Aluno-617,1,M,Feminino,11.0,2021,Escola Pública,,,Ametista,7.107,5.0,6.3,8.9,8.5,7.5,,6.778,Fase 2 (5º e 6º ano),-1,False,False,4.5,8.0,,453.0,115.0,10.0,3.0,Não atendido,Destaque: A sua boa entrega das lições de casa.,Melhorar: Empenhar-se mais nas aulas e avaliações.,Melhorar: Integrar-se mais aos Princípios Passos Mágicos.,2.0,1.0,False,False,False,False,False,False,False,False,False,False,False,False,False,False
RA-618,2022,Aluno-618,1,M,Masculino,13.0,2020,Escola Pública,,,Ametista,7.18,5.0,6.7,8.3,8.9,7.5,,7.333,Fase 3 (7º e 8º ano),-2,False,False,6.8,6.5,,438.0,112.0,9.0,3.0,Não atendido,Destaque: A sua boa entrega das lições de casa.,Melhorar: Empenhar-se mais nas aulas e avaliações.,Melhorar: Integrar-se mais aos Princípios Passos Mágicos.,3.0,1.0,False,False,False,False,False,False,False,False,False,False,False,False,False,False
RA-619,2022,Aluno-619,1,M,Feminino,11.0,2021,Escola Pública,,,Ametista,7.693,5.0,9.0,8.0,9.5,7.5,,7.333,Fase 2 (5º e 6º ano),-1,False,False,9.2,8.8,,236.0,62.0,5.0,3.0,Não atendido,Destaque: A sua boa entrega das lições de casa.,Destaque: As suas boas notas na Passos Mágicos.,Melhorar: Integrar-se mais aos Princípios Passos Mágicos.,2.0,1.0,False,False,False,False,False,False,False,False,False,False,False,False,False,False
RA-620,2022,Aluno-620,1,M,Masculino,12.0,2021,Escola Pública,,,Ágata,6.018,5.0,6.8,7.5,0.0,7.5,,6.833,Fase 3 (7º e 8º ano),-2,False,False,8.5,5.0,,726.0,173.0,11.0,3.0,Não atendido,Destaque: A sua boa entrega das lições de casa.,Melhorar: Empenhar-se mais nas aulas e avaliações.,Melhorar: Integrar-se mais aos Princípios Passos Mágicos.,3.0,1.0,True,False,False,False,False,False,False,False,False,False,True,False,False,False
RA-621,2022,Aluno-621,1,M,Masculino,10.0,2020,Escola Pública,,,Ametista,7.448,5.0,7.5,7.7,9.5,7.5,,8.222,Fase 2 (5º e 6º ano),-1,False,False,6.8,8.2,,337.0,89.0,7.0,3.0,Não atendido,Destaque: A sua boa entrega das lições de casa.,Destaque: As suas boas notas na Passos Mágicos.,Destaque: A sua boa integração aos Princípios Passos Mágicos.,2.0,1.0,False,False,False,False,False,False,False,False,False,False,False,False,False,False
RA-622,2022,Aluno-622,1,N,Feminino,12.0,2019,Escola Pública,,,Quartzo,4.934,5.0,3.8,3.8,3.5,7.5,,6.0,Fase 3 (7º e 8º ano),-2,False,False,4.8,2.7,,828.0,190.0,10.0,3.0,Não atendido,Melhorar: Melhorar a sua entrega de lições de casa.,Melhorar: Empenhar-se mais nas aulas e avaliações.,Melhorar: Integrar-se mais aos Princípios Passos Mágicos.,3.0,1.0,False,False,False,False,False,False,False,False,False,True,True,False,False,False
RA-623,2022,Aluno-623,1,N,Masculino,13.0,2022,Escola Pública,,,Ametista,7.524,5.0,8.3,9.0,7.5,7.5,,7.389,Fase 3 (7º e 8º ano),-2,False,False,9.3,7.2,,300.0,79.0,4.0,3.0,Não atendido,Destaque: A sua boa entrega das lições de casa.,Destaque: As suas boas notas na Passos Mágicos.,Melhorar: Integrar-se mais aos Princípios Passos Mágicos.,3.0,1.0,False,False,False,False,False,False,False,False,False,False,False,False,False,False
RA-624,2022,Aluno-624,1,N,Masculino,10.0,2022,Escola Pública,,,Ametista,7.425,5.0,6.8,8.9,9.0,7.5,,7.722,Fase 2 (5º e 6º ano),-1,False,False,8.0,5.5,,346.0,91.0,6.0,3.0,Não atendido,Destaque: A sua boa entrega das lições de casa.,Melhorar: Empenhar-se mais nas aulas e avaliações.,Destaque: A sua boa integração aos Princípios Passos Mágicos.,2.0,1.0,False,False,False,False,False,False,False,False,False,False,False,False,False,False
RA-625,2022,Aluno-625,1,N,Masculino,11.0,2022,Escola Pública,,,Ametista,7.483,5.0,7.8,9.2,8.0,7.5,,7.333,Fase 2 (5º e 6º ano),-1,False,False,8.5,7.0,,319.0,82.0,5.0,3.0,Não atendido,Destaque: A sua boa entrega das lições de casa.,Destaque: As suas boas notas na Passos Mágicos.,Melhorar: Integrar-se mais aos Princípios Passos Mágicos.,2.0,1.0,False,False,False,False,False,False,False,False,False,False,False,False,False,False
RA-626,2022,Aluno-626,1,N,Masculino,11.0,2021,Escola Pública,,,Quartzo,5.818,5.0,1.3,7.6,7.4,7.5,,7.278,Fase 2 (5º e 6º ano),-1,False,False,2.5,0.0,,748.0,178.0,9.0,3.0,Não atendido,Destaque: A sua boa entrega das lições de casa.,Melhorar: Empenhar-se mais nas aulas e avaliações.,Melhorar: Integrar-se mais aos Princípios Passos Mágicos.,2.0,1.0,False,False,False,False,False,False,False,False,False,False,False,False,False,False
RA-627,2022,Aluno-627,1,N,Feminino,10.0,2022,Escola Pública,,,Ágata,6.621,5.0,6.5,6.7,7.0,7.5,,7.0,Fase 2 (5º e 6º ano),-1,False,False,6.2,6.8,,619.0,150.0,8.0,3.0,Não atendido,Melhorar: Melhorar a sua entrega de lições de casa.,Melhorar: Empenhar-se mais nas aulas e avaliações.,Melhorar: Integrar-se mais aos Princípios Passos Mágicos.,2.0,1.0,False,False,False,False,False,False,False,False,False,False,False,False,False,False
RA-628,2022,Aluno-628,1,N,Masculino,11.0,2022,Escola Pública,,,Ametista,7.577,5.0,9.2,7.6,9.5,7.5,,7.333,Fase 2 (5º e 6º ano),-1,False,False,9.3,9.0,,282.0,76.0,3.0,3.0,Não atendido,Destaque: A sua boa entrega das lições de casa.,Destaque: As suas boas notas na Passos Mágicos.,Melhorar: Integrar-se mais aos Princípios Passos Mágicos.,2.0,1.0,False,False,False,False,False,False,False,False,False,False,False,False,False,False
RA-629,2022,Aluno-629,1,N,Masculino,9.0,2022,Escola Pública,,,Topázio,8.11,10.0,7.0,10.0,9.0,7.5,,7.278,Fase 1 (4º ano),0,False,False,5.0,9.0,,112.0,24.0,1.0,3.0,Não atendido,Destaque: A sua boa entrega das lições de casa.,Melhorar: Empenhar-se mais nas aulas e avaliações.,Melhorar: Integrar-se mais aos Princípios Passos Mágicos.,1.0,1.0,False,False,False,False,False,False,False,False,False,False,False,False,False,False
RA-630,2022,Aluno-630,1,N,Masculino,9.0,2022,Escola Pública,,,Topázio,8.064,10.0,7.3,9.2,9.5,7.5,,7.278,Fase 1 (4º ano),0,False,False,6.5,8.0,,127.0,30.0,2.0,3.0,Não atendido,Destaque: A sua boa entrega das lições de casa.,Melhorar: Empenhar-se mais nas aulas e avaliações.,Melhorar: Integrar-se mais aos Princípios Passos Mágicos.,1.0,1.0,False,False,False,False,False,False,False,False,False,False,False,False,False,False
RA-631,2022,Aluno-631,1,N,Masculino,12.0,2022,Escola Pública,,,Ágata,6.928,5.0,7.0,6.8,8.5,7.5,,7.222,Fase 3 (7º e 8º ano),-2,False,False,7.3,6.7,,515.0,133.0,7.0,3.0,Não atendido,Melhorar: Melhorar a sua entrega de lições de casa.,Melhorar: Empenhar-se mais nas aulas e avaliações.,Melhorar: Integrar-se mais aos Princípios Passos Mágicos.,3.0,1.0,False,False,False,False,False,False,False,False,False,False,False,False,False,False
RA-632,2022,Aluno-632,1,P,Feminino,10.0,2022,Escola Pública,,,Ágata,6.996,5.0,6.3,9.3,8.5,6.9,,6.722,Fase 2 (5º e 6º ano),-1,False,False,5.5,7.2,,489.0,129.0,9.0,3.0,Sem limitações,Destaque: A sua boa entrega das lições de casa.,Melhorar: Empenhar-se mais nas aulas e avaliações.,Melhorar: Integrar-se mais aos Princípios Passos Mágicos.,2.0,1.0,False,False,False,False,False,False,False,False,False,False,False,False,False,False
RA-633,2022,Aluno-633,1,P,Feminino,11.0,2020,Escola Pública,,,Ametista,7.476,5.0,7.7,8.9,7.3,7.5,,7.833,Fase 2 (5º e 6º ano),-1,False,False,6.8,8.5,,325.0,84.0,5.0,3.0,Não atendido,Destaque: A sua boa entrega das lições de casa.,Destaque: As suas boas notas na Passos Mágicos.,Destaque: A sua boa integração aos Princípios Passos Mágicos.,2.0,1.0,False,False,False,False,False,False,False,False,False,False,False,False,False,False
RA-634,2022,Aluno-634,1,P,Feminino,11.0,2022,Escola Pública,,,Ametista,7.619,5.0,6.5,9.4,9.5,7.5,,8.222,Fase 2 (5º e 6º ano),-1,False,False,8.0,5.0,,267.0,69.0,4.0,3.0,Não atendido,Destaque: A sua boa entrega das lições de casa.,Melhorar: Empenhar-se mais nas aulas e avaliações.,Destaque: A sua boa integração aos Princípios Passos Mágicos.,2.0,1.0,False,False,False,False,False,False,False,False,False,False,False,False,False,False
RA-635,2022,Aluno-635,1,P,Masculino,10.0,2022,Escola Pública,,,Quartzo,5.313,5.0,1.5,4.9,10.0,6.9,,6.444,Fase 2 (5º e 6º ano),-1,False,False,0.5,2.5,,802.0,184.0,14.0,3.0,Requer avaliação,Melhorar: Melhorar a sua entrega de lições de casa.,Melhorar: Empenhar-se mais nas aulas e avaliações.,Melhorar: Integrar-se mais aos Princípios Passos Mágicos.,2.0,1.0,False,False,False,False,False,False,False,False,False,False,False,False,False,False
RA-636,2022,Aluno-636,1,P,Masculino,10.0,2022,Escola Pública,,,Ametista,7.189,5.0,7.3,8.0,8.5,6.9,,7.389,Fase 2 (5º e 6º ano),-1,False,True,7.3,7.3,,434.0,110.0,6.0,3.0,Requer avaliação,Destaque: A sua boa entrega das lições de casa.,Melhorar: Empenhar-se mais nas aulas e avaliações.,Melhorar: Integrar-se mais aos Princípios Passos Mágicos.,2.0,1.0,False,False,False,False,False,False,False,False,False,False,False,False,False,False
RA-637,2022,Aluno-637,1,P,Feminino,10.0,2021,Escola Pública,,,Ametista,7.039,5.0,5.8,9.0,8.5,7.5,,7.0,Fase 2 (5º e 6º ano),-1,False,False,4.8,6.8,,477.0,124.0,8.0,3.0,Não atendido,Destaque: A sua boa entrega das lições de casa.,Melhorar: Empenhar-se mais nas aulas e avaliações.,Melhorar: Integrar-se mais aos Princípios Passos Mágicos.,2.0,1.0,False,False,False,False,False,False,False,False,False,False,False,False,False,False
RA-638,2022,Aluno-638,1,P,Feminino,9.0,2020,Escola Pública,,,Ametista,7.059,10.0,3.9,9.3,8.5,7.5,,6.278,Fase 1 (4º ano),0,False,False,2.0,5.8,,467.0,120.0,7.0,3.0,Não atendido,Destaque: A sua boa entrega das lições de casa.,Melhorar: Empenhar-se mais nas aulas e avaliações.,Melhorar: Integrar-se mais aos Princípios Passos Mágicos.,1.0,1.0,False,False,False,False,False,False,False,False,False,False,False,False,False,False
RA-639,2022,Aluno-639,1,P,Feminino,10.0,2021,Escola Pública,,,Ágata,6.613,5.0,5.5,7.4,8.5,7.5,,6.611,Fase 2 (5º e 6º ano),-1,False,False,3.2,7.8,,622.0,151.0,12.0,3.0,Não atendido,Melhorar: Melhorar a sua entrega de lições de casa.,Melhorar: Empenhar-se mais nas aulas e avaliações.,Melhorar: Integrar-se mais aos Princípios Passos Mágicos.,2.0,1.0,False,False,False,False,False,False,False,False,False,False,False,False,False,False
RA-640,2022,Aluno-640,1,P,Feminino,11.0,2022,Escola Pública,,,Ágata,6.73,5.0,4.8,8.4,9.0,7.5,,6.778,Fase 2 (5º e 6º ano),-1,False,False,2.5,7.0,,577.0,141.0,11.0,3.0,Não atendido,Destaque: A sua boa entrega das lições de casa.,Melhorar: Empenhar-se mais nas aulas e avaliações.,Melhorar: Integrar-se mais aos Princípios Passos Mágicos.,2.0,1.0,False,False,False,False,False,False,False,False,False,False,False,False,False,False
RA-641,2022,Aluno-641,1,P,Feminino,9.0,2022,Escola Pública,,,Ametista,7.776,10.0,6.5,9.3,9.0,7.5,,6.778,Fase 1 (4º ano),0,False,False,4.5,8.5,,210.0,53.0,2.0,3.0,Não atendido,Destaque: A sua boa entrega das lições de casa.,Melhorar: Empenhar-se mais nas aulas e avaliações.,Melhorar: Integrar-se mais aos Princípios Passos Mágicos.,1.0,1.0,False,False,False,False,False,False,False,False,False,False,False,False,False,False
RA-642,2022,Aluno-642,1,P,Feminino,10.0,2021,Escola Pública,,,Ametista,7.75,5.0,7.3,9.7,10.0,6.9,,7.778,Fase 2 (5º e 6º ano),-1,False,False,7.0,7.7,,216.0,55.0,3.0,3.0,Sem limitações,Destaque: A sua boa entrega das lições de casa.,Melhorar: Empenhar-se mais nas aulas e avaliações.,Destaque: A sua boa integração aos Princípios Passos Mágicos.,2.0,1.0,False,False,False,False,False,False,False,False,False,False,False,False,False,False
RA-643,2022,Aluno-643,1,P,Masculino,10.0,2022,Escola Pública,,,Ágata,6.763,5.0,6.2,8.0,9.0,7.5,,6.722,Fase 2 (5º e 6º ano),-1,False,False,6.3,6.0,,565.0,139.0,10.0,3.0,Não atendido,Destaque: A sua boa entrega das lições de casa.,Melhorar: Empenhar-se mais nas aulas e avaliações.,Melhorar: Integrar-se mais aos Princípios Passos Mágicos.,2.0,1.0,False,False,False,False,False,False,False,False,False,False,False,False,False,False
RA-644,2022,Aluno-644,1,P,Feminino,11.0,2021,Escola Pública,,,Ametista,7.83,5.0,8.8,8.0,9.5,7.5,,8.278,Fase 2 (5º e 6º ano),-1,False,True,9.7,8.0,,195.0,45.0,1.0,3.0,Não atendido,Destaque: A sua boa entrega das lições de casa.,Destaque: As suas boas notas na Passos Mágicos.,Destaque: A sua boa integração aos Princípios Passos Mágicos.,2.0,1.0,False,False,False,False,False,False,False,False,False,False,False,False,False,False
RA-645,2022,Aluno-645,1,P,Feminino,10.0,2022,Escola Pública,,,Ágata,6.086,5.0,2.0,8.1,8.5,7.5,,6.833,Fase 2 (5º e 6º ano),-1,False,False,4.0,0.0,,711.0,170.0,13.0,3.0,Requer avaliação,Destaque: A sua boa entrega das lições de casa.,Melhorar: Empenhar-se mais nas aulas e avaliações.,Melhorar: Integrar-se mais aos Princípios Passos Mágicos.,2.0,1.0,False,False,False,False,False,False,False,False,False,False,False,False,False,False
RA-646,2022,Aluno-646,1,R,Masculino,13.0,2019,Escola Pública,,,Topázio,8.181,5.0,8.4,9.8,8.5,8.1,,8.389,Fase 3 (7º e 8º ano),-2,True,True,8.8,8.0,,90.0,20.0,1.0,3.0,Não atendido,Destaque: A sua boa entrega das lições de casa.,Destaque: As suas boas notas na Passos Mágicos.,Destaque: A sua boa integração aos Princípios Passos Mágicos.,3.0,1.0,False,False,False,False,False,False,False,False,False,False,False,False,False,False
RA-647,2022,Aluno-647,1,R,Masculino,10.0,2022,Escola Pública,,,Ágata,6.606,5.0,3.3,8.6,9.5,7.5,,7.278,Fase 2 (5º e 6º ano),-1,False,False,1.5,5.2,,624.0,152.0,12.0,3.0,Não atendido,Destaque: A sua boa entrega das lições de casa.,Melhorar: Empenhar-se mais nas aulas e avaliações.,Melhorar: Integrar-se mais aos Princípios Passos Mágicos.,2.0,1.0,False,False,False,False,False,False,False,False,False,False,False,False,False,False
RA-648,2022,Aluno-648,1,R,Masculino,12.0,2019,Escola Pública,,,Ágata,6.736,5.0,5.3,7.5,9.0,6.9,,7.5,Fase 3 (7º e 8º ano),-2,False,False,5.0,5.5,,574.0,140.0,10.0,3.0,Sem limitações,Melhorar: Melhorar a sua entrega de lições de casa.,Melhorar: Empenhar-se mais nas aulas e avaliações.,Destaque: A sua boa integração aos Princípios Passos Mágicos.,3.0,1.0,False,False,False,False,False,False,False,False,False,False,False,False,False,False
RA-649,2022,Aluno-649,1,R,Feminino,12.0,2019,Escola Pública,,,Ametista,7.302,5.0,7.4,8.9,8.5,5.6,,7.611,Fase 3 (7º e 8º ano),-2,False,False,6.3,8.5,,393.0,103.0,8.0,3.0,Requer avaliação,Destaque: A sua boa entrega das lições de casa.,Melhorar: Empenhar-se mais nas aulas e avaliações.,Destaque: A sua boa integração aos Princípios Passos Mágicos.,3.0,1.0,False,False,False,False,False,False,False,False,False,False,False,False,False,False
RA-650,2022,Aluno-650,1,R,Feminino,11.0,2021,Escola Pública,,,Ágata,7.004,5.0,6.9,8.7,6.9,5.6,,7.5,Fase 2 (5º e 6º ano),-1,False,False,5.5,8.3,,486.0,127.0,9.0,3.0,Sem limitações,Destaque: A sua boa entrega das lições de casa.,Melhorar: Empenhar-se mais nas aulas e avaliações.,Destaque: A sua boa integração aos Princípios Passos Mágicos.,2.0,1.0,False,False,False,False,False,False,False,False,False,False,False,False,False,False
RA-651,2022,Aluno-651,1,R,Feminino,10.0,2022,Escola Pública,,,Ametista,7.866,5.0,7.8,9.3,8.5,7.5,,8.333,Fase 2 (5º e 6º ano),-1,False,True,7.7,7.8,,180.0,40.0,5.0,3.0,Não atendido,Destaque: A sua boa entrega das lições de casa.,Destaque: As suas boas notas na Passos Mágicos.,Destaque: A sua boa integração aos Princípios Passos Mágicos.,2.0,1.0,False,False,False,False,False,False,False,False,False,False,False,False,False,False
RA-652,2022,Aluno-652,1,R,Feminino,9.0,2022,Escola Pública,,,Topázio,8.151,10.0,7.8,9.6,8.0,7.5,,7.5,Fase 1 (4º ano),0,False,False,7.0,8.5,,98.0,22.0,2.0,3.0,Não atendido,Destaque: A sua boa entrega das lições de casa.,Destaque: As suas boas notas na Passos Mágicos.,Destaque: A sua boa integração aos Princípios Passos Mágicos.,1.0,1.0,False,False,False,False,False,False,False,False,False,False,False,False,False,False
RA-653,2022,Aluno-653,1,R,Feminino,11.0,2022,Escola Pública,,,Topázio,8.101,5.0,9.3,9.6,9.5,7.5,,7.5,Fase 2 (5º e 6º ano),-1,False,False,9.5,9.0,,115.0,25.0,3.0,3.0,Não atendido,Destaque: A sua boa entrega das lições de casa.,Destaque: As suas boas notas na Passos Mágicos.,Destaque: A sua boa integração aos Princípios Passos Mágicos.,2.0,1.0,False,False,False,False,False,False,False,False,False,False,False,False,False,False
RA-654,2022,Aluno-654,1,R,Feminino,12.0,2022,Escola Pública,,,Ametista,7.308,5.0,6.8,8.6,8.5,7.5,,7.556,Fase 3 (7º e 8º ano),-2,False,False,5.5,8.0,,384.0,99.0,7.0,3.0,Não atendido,Destaque: A sua boa entrega das lições de casa.,Melhorar: Empenhar-se mais nas aulas e avaliações.,Destaque: A sua boa integração aos Princípios Passos Mágicos.,3.0,1.0,False,False,False,False,False,False,False,False,False,False,False,False,False,False
RA-655,2022,Aluno-655,1,R,Feminino,12.0,2019,Escola Pública,,,Ametista,7.785,5.0,8.3,9.2,7.5,7.5,,8.389,Fase 3 (7º e 8º ano),-2,True,True,8.3,8.2,,206.0,50.0,6.0,3.0,Não atendido,Destaque: A sua boa entrega das lições de casa.,Destaque: As suas boas notas na Passos Mágicos.,Destaque: A sua boa integração aos Princípios Passos Mágicos.,3.0,1.0,False,False,False,False,False,False,False,False,False,False,False,False,False,False
RA-656,2022,Aluno-656,1,R,Feminino,11.0,2020,Escola Pública,,,Ágata,6.652,5.0,6.3,7.5,7.4,5.6,,7.5,Fase 2 (5º e 6º ano),-1,False,False,5.0,7.5,,606.0,146.0,11.0,3.0,Requer avaliação,Melhorar: Melhorar a sua entrega de lições de casa.,Melhorar: Empenhar-se mais nas aulas e avaliações.,Destaque: A sua boa integração aos Princípios Passos Mágicos.,2.0,1.0,False,False,False,False,False,False,False,False,False,False,False,False,False,False
RA-657,2022,Aluno-657,1,R,Feminino,12.0,2021,Escola Pública,,,Topázio,8.093,5.0,9.0,9.8,9.5,7.5,,7.5,Fase 3 (7º e 8º ano),-2,False,False,9.0,9.0,,117.0,26.0,4.0,3.0,Não atendido,Destaque: A sua boa entrega das lições de casa.,Destaque: As suas boas notas na Passos Mágicos.,Destaque: A sua boa integração aos Princípios Passos Mágicos.,3.0,1.0,False,False,False,False,False,False,False,False,False,False,False,False,False,False
RA-658,2022,Aluno-658,1,U,Feminino,10.0,2022,Escola Pública,,,Ametista,7.407,5.0,5.6,9.3,10.0,7.5,,7.917,Fase 2 (5º e 6º ano),-1,False,False,4.7,6.5,,357.0,93.0,7.0,2.0,Não atendido,Destaque: A sua boa entrega das lições de casa.,Melhorar: Empenhar-se mais nas aulas e avaliações.,Destaque: A sua boa integração aos Princípios Passos Mágicos.,2.0,1.0,False,False,False,False,False,False,False,False,False,False,False,False,False,False
RA-659,2022,Aluno-659,1,U,Feminino,10.0,2022,Escola Pública,,,Ametista,7.783,5.0,9.3,7.8,8.0,7.5,,8.333,Fase 2 (5º e 6º ano),-1,False,False,9.5,9.0,,208.0,51.0,3.0,2.0,Não atendido,Destaque: A sua boa entrega das lições de casa.,Destaque: As suas boas notas na Passos Mágicos.,Destaque: A sua boa integração aos Princípios Passos Mágicos.,2.0,1.0,False,False,False,False,False,False,False,False,False,False,False,False,False,False
RA-660,2022,Aluno-660,1,U,Feminino,9.0,2021,Escola Pública,,,Topázio,8.363,10.0,6.9,9.0,9.5,7.5,,9.083,Fase 1 (4º ano),0,True,False,5.8,8.0,,50.0,7.0,1.0,2.0,Não atendido,Destaque: A sua boa entrega das lições de casa.,Melhorar: Empenhar-se mais nas aulas e avaliações.,Destaque: A sua boa integração aos Princípios Passos Mágicos.,1.0,1.0,False,False,False,False,False,False,False,False,False,False,False,False,False,False
RA-661,2022,Aluno-661,1,U,Masculino,11.0,2022,Escola Pública,,,Ametista,7.593,5.0,7.8,8.3,9.0,7.5,,7.917,Fase 2 (5º e 6º ano),-1,False,False,8.3,7.3,,274.0,72.0,4.0,2.0,Não atendido,Destaque: A sua boa entrega das lições de casa.,Destaque: As suas boas notas na Passos Mágicos.,Destaque: A sua boa integração aos Princípios Passos Mágicos.,2.0,1.0,False,False,False,False,False,False,False,False,False,False,False,False,False,False
RA-662,2022,Aluno-662,1,U,Feminino,11.0,2022,Escola Pública,,,Ametista,7.044,5.0,6.8,8.8,9.0,7.5,,6.083,Fase 2 (5º e 6º ano),-1,False,False,5.7,7.8,,473.0,122.0,9.0,2.0,Não atendido,Destaque: A sua boa entrega das lições de casa.,Melhorar: Empenhar-se mais nas aulas e avaliações.,Melhorar: Integrar-se mais aos Princípios Passos Mágicos.,2.0,1.0,False,False,False,False,False,False,False,False,False,False,False,False,False,False
RA-663,2022,Aluno-663,1,U,Masculino,10.0,2022,Escola Pública,,,Ágata,6.376,5.0,5.8,8.7,6.9,7.5,,5.25,Fase 2 (5º e 6º ano),-1,False,False,5.0,6.5,,665.0,161.0,11.0,2.0,Não atendido,Destaque: A sua boa entrega das lições de casa.,Melhorar: Empenhar-se mais nas aulas e avaliações.,Melhorar: Integrar-se mais aos Princípios Passos Mágicos.,2.0,1.0,False,False,False,False,False,False,False,False,False,False,False,False,False,False
RA-664,2022,Aluno-664,1,U,Feminino,10.0,2022,Escola Pública,,,Ametista,7.277,5.0,6.3,8.8,9.5,7.5,,7.167,Fase 2 (5º e 6º ano),-1,False,False,5.0,7.5,,405.0,105.0,8.0,2.0,Não atendido,Destaque: A sua boa entrega das lições de casa.,Melhorar: Empenhar-se mais nas aulas e avaliações.,Melhorar: Integrar-se mais aos Princípios Passos Mágicos.,2.0,1.0,False,False,False,False,False,False,False,False,False,False,False,False,False,False
RA-665,2022,Aluno-665,1,U,Feminino,11.0,2022,Escola Pública,,,Ágata,6.996,5.0,6.8,7.4,9.0,7.5,,7.25,Fase 2 (5º e 6º ano),-1,False,False,6.5,7.0,,488.0,128.0,10.0,2.0,Não atendido,Melhorar: Melhorar a sua entrega de lições de casa.,Melhorar: Empenhar-se mais nas aulas e avaliações.,Melhorar: Integrar-se mais aos Princípios Passos Mágicos.,2.0,1.0,False,False,False,False,False,False,False,False,False,False,False,False,False,False
RA-666,2022,Aluno-666,1,U,Masculino,10.0,2022,Escola Pública,,,Ametista,7.929,5.0,7.8,9.1,9.5,7.5,,8.833,Fase 2 (5º e 6º ano),-1,True,False,8.0,7.5,,160.0,39.0,2.0,2.0,Não atendido,Destaque: A sua boa entrega das lições de casa.,Destaque: As suas boas notas na Passos Mágicos.,Destaque: A sua boa integração aos Princípios Passos Mágicos.,2.0,1.0,False,False,False,False,False,False,False,False,False,False,False,False,False,False
RA-667,2022,Aluno-667,1,U,Masculino,11.0,2021,Escola Pública,,,Quartzo,5.844,5.0,4.5,5.6,8.5,7.5,,5.833,Fase 2 (5º e 6º ano),-1,False,False,3.7,5.3,,747.0,177.0,12.0,2.0,Não atendido,Melhorar: Melhorar a sua entrega de lições de casa.,Melhorar: Empenhar-se mais nas aulas e avaliações.,Melhorar: Integrar-se mais aos Princípios Passos Mágicos.,2.0,1.0,False,False,False,False,False,False,False,False,False,False,False,False,False,False
RA-668,2022,Aluno-668,1,U,Masculino,11.0,2022,Escola Pública,,,Quartzo,4.365,5.0,2.8,3.3,6.9,7.5,,3.75,Fase 2 (5º e 6º ano),-1,False,False,2.8,2.8,,845.0,192.0,13.0,2.0,Não atendido,Melhorar: Melhorar a sua entrega de lições de casa.,Melhorar: Empenhar-se mais nas aulas e avaliações.,Melhorar: Integrar-se mais aos Princípios Passos Mágicos.,2.0,1.0,False,False,False,False,False,False,True,False,False,True,False,False,False,True
RA-669,2022,Aluno-669,1,U,Masculino,11.0,2022,Escola Pública,,,Ametista,7.475,5.0,6.0,9.7,9.0,7.5,,7.833,Fase 2 (5º e 6º ano),-1,False,False,5.0,7.0,,326.0,85.0,5.0,2.0,Não atendido,Destaque: A sua boa entrega das lições de casa.,Melhorar: Empenhar-se mais nas aulas e avaliações.,Destaque: A sua boa integração aos Princípios Passos Mágicos.,2.0,1.0,False,False,False,False,False,False,False,False,False,False,False,False,False,False
RA-670,2022,Aluno-670,1,U,Feminino,10.0,2022,Escola Pública,,,Ametista,7.451,5.0,6.9,8.8,8.0,7.5,,8.167,Fase 2 (5º e 6º ano),-1,False,False,6.5,7.3,,335.0,88.0,6.0,2.0,Não atendido,Destaque: A sua boa entrega das lições de casa.,Melhorar: Empenhar-se mais nas aulas e avaliações.,Destaque: A sua boa integração aos Princípios Passos Mágicos.,2.0,1.0,False,False,False,False,False,False,False,False,False,False,False,False,False,False
RA-671,2022,Aluno-671,0,A,Masculino,9.0,2021,Escola Pública,,,Ametista,7.617,5.0,8.8,8.2,8.5,8.1,,7.417,Fase 1 (4º ano),-1,False,False,8.8,8.8,,269.0,75.0,4.0,2.0,Sem limitações,Destaque: A sua boa entrega das lições de casa.,Destaque: As suas boas notas na Passos Mágicos.,Melhorar: Integrar-se mais aos Princípios Passos Mágicos.,1.0,0.0,False,False,False,False,False,False,False,False,False,False,False,False,False,False
RA-672,2022,Aluno-672,0,A,Feminino,9.0,2021,Escola Pública,,,Ametista,7.48,5.0,8.8,8.5,8.5,8.1,,6.75,Fase 1 (4º ano),-1,False,False,8.5,9.1,,323.0,96.0,6.0,2.0,Não atendido,Destaque: A sua boa entrega das lições de casa.,Destaque: As suas boas notas na Passos Mágicos.,Melhorar: Integrar-se mais aos Princípios Passos Mágicos.,1.0,0.0,False,False,False,False,False,False,False,False,False,False,False,False,False,False
RA-673,2022,Aluno-673,0,A,Feminino,8.0,2022,Escola Pública,,,Topázio,8.65,10.0,9.2,9.2,8.5,8.1,,8.583,ALFA  (2º e 3º ano),0,True,True,9.4,8.9,,21.0,2.0,1.0,2.0,Não atendido,Destaque: A sua boa entrega das lições de casa.,Destaque: As suas boas notas na Passos Mágicos.,Destaque: A sua boa integração aos Princípios Passos Mágicos.,2.0,0.0,False,False,False,False,False,False,False,False,False,False,False,False,False,False
RA-674,2022,Aluno-674,0,A,Masculino,8.0,2022,Escola Pública,,,Ametista,7.862,10.0,8.0,8.7,9.5,8.1,,6.333,ALFA  (2º e 3º ano),0,False,False,8.9,7.0,,181.0,50.0,3.0,2.0,Sem limitações,Destaque: A sua boa entrega das lições de casa.,Destaque: As suas boas notas na Passos Mágicos.,Melhorar: Integrar-se mais aos Princípios Passos Mágicos.,2.0,0.0,False,False,False,False,False,False,False,False,False,False,False,False,False,False
RA-675,2022,Aluno-675,0,A,Masculino,8.0,2022,Escola Pública,,,Ametista,7.576,10.0,7.4,6.6,10.0,8.1,,7.083,ALFA  (2º e 3º ano),0,False,True,8.8,5.9,,284.0,79.0,5.0,2.0,Não atendido,Melhorar: Melhorar a sua entrega de lições de casa.,Melhorar: Empenhar-se mais nas aulas e avaliações.,Melhorar: Integrar-se mais aos Princípios Passos Mágicos.,2.0,0.0,False,False,False,False,False,False,False,False,False,False,False,False,False,False
RA-676,2022,Aluno-676,0,A,Masculino,9.0,2021,Escola Pública,,,Ametista,7.911,5.0,9.3,8.6,8.5,8.1,,8.167,Fase 1 (4º ano),-1,False,True,9.5,9.1,,165.0,44.0,2.0,2.0,Não atendido,Destaque: A sua boa entrega das lições de casa.,Destaque: As suas boas notas na Passos Mágicos.,Destaque: A sua boa integração aos Princípios Passos Mágicos.,1.0,0.0,False,False,False,False,False,False,False,False,False,False,False,False,False,False
RA-677,2022,Aluno-677,0,B,Feminino,8.0,2021,Escola Pública,,,Topázio,8.358,10.0,7.3,9.4,10.0,7.5,,8.583,ALFA  (2º e 3º ano),0,True,False,7.7,6.8,,52.0,13.0,1.0,2.0,Não atendido,Destaque: A sua boa entrega das lições de casa.,Melhorar: Empenhar-se mais nas aulas e avaliações.,Destaque: A sua boa integração aos Princípios Passos Mágicos.,2.0,0.0,False,False,False,False,False,False,False,False,False,False,False,False,False,False
RA-678,2022,Aluno-678,0,B,Masculino,9.0,2022,Escola Pública,,,Ametista,8.0,5.0,7.3,10.0,9.0,6.9,,9.5,Fase 1 (4º ano),-1,True,False,7.5,7.0,,143.0,40.0,2.0,2.0,Sem limitações,Destaque: A sua boa entrega das lições de casa.,Melhorar: Empenhar-se mais nas aulas e avaliações.,Destaque: A sua boa integração aos Princípios Passos Mágicos.,1.0,0.0,False,False,False,False,False,False,False,False,False,False,False,False,False,False
RA-679,2022,Aluno-679,0,B,Masculino,10.0,2020,Escola Pública,,,Ametista,7.172,5.0,6.3,8.2,9.0,7.5,,7.833,Fase 2 (5º e 6º ano),-2,False,False,6.7,5.8,,441.0,129.0,6.0,2.0,Sem limitações,Destaque: A sua boa entrega das lições de casa.,Melhorar: Empenhar-se mais nas aulas e avaliações.,Destaque: A sua boa integração aos Princípios Passos Mágicos.,2.0,0.0,False,False,False,False,False,False,False,False,False,False,False,False,False,False
RA-680,2022,Aluno-680,0,B,Feminino,10.0,2019,Escola Pública,,,Ametista,7.518,5.0,7.4,8.8,9.5,7.5,,7.75,Fase 2 (5º e 6º ano),-2,False,False,8.0,6.8,,302.0,85.0,4.0,2.0,Não atendido,Destaque: A sua boa entrega das lições de casa.,Melhorar: Empenhar-se mais nas aulas e avaliações.,Destaque: A sua boa integração aos Princípios Passos Mágicos.,2.0,0.0,False,False,False,False,False,False,False,False,False,False,False,False,False,False
RA-681,2022,Aluno-681,0,B,Masculino,10.0,2022,Escola Pública,,,Ametista,7.204,5.0,6.5,8.5,8.5,6.9,,8.0,Fase 2 (5º e 6º ano),-2,False,False,6.5,6.5,,427.0,128.0,5.0,2.0,Requer avaliação,Destaque: A sua boa entrega das lições de casa.,Melhorar: Empenhar-se mais nas aulas e avaliações.,Destaque: A sua boa integração aos Princípios Passos Mágicos.,2.0,0.0,False,False,False,False,False,False,False,False,False,False,False,False,False,False
RA-682,2022,Aluno-682,0,B,Masculino,11.0,2022,Escola Pública,,,Ametista,7.625,5.0,7.0,9.1,9.5,7.5,,8.083,Fase 2 (5º e 6º ano),-2,False,False,7.0,7.0,,262.0,74.0,3.0,2.0,Não atendido,Destaque: A sua boa entrega das lições de casa.,Melhorar: Empenhar-se mais nas aulas e avaliações.,Destaque: A sua boa integração aos Princípios Passos Mágicos.,2.0,0.0,False,False,False,False,False,False,False,False,False,False,False,False,False,False
RA-683,2022,Aluno-683,0,C,Masculino,10.0,2022,Escola Pública,,,Ágata,6.011,5.0,4.0,5.0,7.9,7.5,,8.083,Fase 2 (5º e 6º ano),-2,False,False,8.0,0.0,,728.0,180.0,3.0,2.0,Não atendido,Melhorar: Melhorar a sua entrega de lições de casa.,Melhorar: Empenhar-se mais nas aulas e avaliações.,Destaque: A sua boa integração aos Princípios Passos Mágicos.,2.0,0.0,False,False,False,False,False,False,False,False,False,False,False,False,False,False
RA-684,2022,Aluno-684,0,C,Masculino,7.0,2022,Escola Pública,,,Topázio,8.26,10.0,9.3,7.5,9.5,8.1,,7.917,ALFA  (2º e 3º ano),0,False,False,9.0,9.6,,72.0,19.0,1.0,2.0,Não atendido,Melhorar: Melhorar a sua entrega de lições de casa.,Destaque: As suas boas notas na Passos Mágicos.,Destaque: A sua boa integração aos Princípios Passos Mágicos.,2.0,0.0,False,False,False,False,False,False,False,False,False,False,False,False,False,False
RA-685,2022,Aluno-685,0,C,Masculino,9.0,2022,Escola Pública,,,Ágata,6.864,5.0,8.0,6.2,9.0,5.0,,7.833,Fase 1 (4º ano),-1,False,False,8.0,8.0,,533.0,152.0,2.0,2.0,Não indicado,Melhorar: Melhorar a sua entrega de lições de casa.,Destaque: As suas boas notas na Passos Mágicos.,Destaque: A sua boa integração aos Princípios Passos Mágicos.,1.0,0.0,False,False,False,False,False,False,False,False,False,False,False,False,False,False
RA-686,2022,Aluno-686,0,D,Feminino,9.0,2022,Escola Pública,,,Ametista,7.729,5.0,8.8,8.6,7.5,8.1,,8.083,Fase 1 (4º ano),-1,False,False,9.2,8.5,,227.0,62.0,5.0,2.0,Sem limitações,Destaque: A sua boa entrega das lições de casa.,Destaque: As suas boas notas na Passos Mágicos.,Destaque: A sua boa integração aos Princípios Passos Mágicos.,1.0,0.0,False,False,False,False,False,False,False,False,False,False,False,False,False,False
RA-687,2022,Aluno-687,0,D,Masculino,9.0,2022,Escola Pública,,,Ametista,7.703,5.0,8.3,9.0,8.5,8.1,,8.0,Fase 1 (4º ano),-1,False,False,9.0,7.5,,233.0,63.0,6.0,2.0,Sem limitações,Destaque: A sua boa entrega das lições de casa.,Destaque: As suas boas notas na Passos Mágicos.,Destaque: A sua boa integração aos Princípios Passos Mágicos.,1.0,0.0,False,False,False,False,False,False,False,False,False,False,False,False,False,False
RA-688,2022,Aluno-688,0,D,Masculino,9.0,2022,Escola Pública,,,Ametista,7.771,5.0,7.9,9.7,8.5,7.5,,7.917,Fase 1 (4º ano),-1,False,False,8.0,7.8,,212.0,56.0,4.0,2.0,Sem limitações,Destaque: A sua boa entrega das lições de casa.,Destaque: As suas boas notas na Passos Mágicos.,Destaque: A sua boa integração aos Princípios Passos Mágicos.,1.0,0.0,False,False,False,False,False,False,False,False,False,False,False,False,False,False
RA-689,2022,Aluno-689,0,D,Feminino,9.0,2022,Escola Pública,,,Ágata,6.433,5.0,5.8,7.9,7.4,5.6,,6.667,Fase 1 (4º ano),-1,False,False,6.0,5.5,,655.0,172.0,9.0,2.0,Requer avaliação,Destaque: A sua boa entrega das lições de casa.,Melhorar: Empenhar-se mais nas aulas e avaliações.,Melhorar: Integrar-se mais aos Princípios Passos Mágicos.,1.0,0.0,False,False,False,False,False,False,False,False,False,False,False,False,False,False
RA-690,2022,Aluno-690,0,D,Feminino,9.0,2022,Escola Pública,,,Ametista,7.541,5.0,7.0,9.5,9.5,7.5,,7.417,Fase 1 (4º ano),-1,False,False,7.2,6.8,,294.0,83.0,8.0,2.0,Requer avaliação,Destaque: A sua boa entrega das lições de casa.,Melhorar: Empenhar-se mais nas aulas e avaliações.,Melhorar: Integrar-se mais aos Princípios Passos Mágicos.,1.0,0.0,False,False,False,False,False,False,False,False,False,False,False,False,False,False
RA-691,2022,Aluno-691,0,D,Feminino,8.0,2022,Escola Pública,,,Topázio,8.68,10.0,9.4,9.2,10.0,8.1,,7.917,ALFA  (2º e 3º ano),0,False,False,9.6,9.3,,16.0,1.0,1.0,2.0,Sem limitações,Destaque: A sua boa entrega das lições de casa.,Destaque: As suas boas notas na Passos Mágicos.,Destaque: A sua boa integração aos Princípios Passos Mágicos.,2.0,0.0,False,False,False,False,False,False,False,False,False,False,False,False,False,False
RA-692,2022,Aluno-692,0,D,Feminino,9.0,2021,Escola Pública,,,Ametista,7.569,5.0,6.9,8.9,9.5,8.1,,7.917,Fase 1 (4º ano),-1,False,False,7.0,6.8,,285.0,80.0,7.0,2.0,Sem limitações,Destaque: A sua boa entrega das lições de casa.,Melhorar: Empenhar-se mais nas aulas e avaliações.,Destaque: A sua boa integração aos Princípios Passos Mágicos.,1.0,0.0,False,False,False,False,False,False,False,False,False,False,False,False,False,False
RA-693,2022,Aluno-693,0,D,Feminino,7.0,2022,Escola Pública,,,Ametista,7.944,10.0,5.7,9.8,9.5,8.1,,7.667,ALFA  (2º e 3º ano),0,False,False,5.0,6.3,,158.0,43.0,3.0,2.0,Sem limitações,Destaque: A sua boa entrega das lições de casa.,Melhorar: Empenhar-se mais nas aulas e avaliações.,Destaque: A sua boa integração aos Princípios Passos Mágicos.,2.0,0.0,False,False,False,False,False,False,False,False,False,False,False,False,False,False
RA-694,2022,Aluno-694,0,D,Masculino,8.0,2022,Escola Pública,,,Topázio,8.378,10.0,8.1,9.0,10.0,8.1,,7.917,ALFA  (2º e 3º ano),0,False,False,8.2,8.0,,49.0,11.0,2.0,2.0,Sem limitações,Destaque: A sua boa entrega das lições de casa.,Destaque: As suas boas notas na Passos Mágicos.,Destaque: A sua boa integração aos Princípios Passos Mágicos.,2.0,0.0,False,False,False,False,False,False,False,False,False,False,False,False,False,False
RA-695,2022,Aluno-695,0,E,Feminino,8.0,2021,Escola Pública,,,Quartzo,4.28,10.0,2.5,3.1,9.0,7.5,,2.5,ALFA  (2º e 3º ano),0,False,False,2.2,2.8,,849.0,189.0,5.0,2.0,Sem limitações,Melhorar: Melhorar a sua entrega de lições de casa.,Melhorar: Empenhar-se mais nas aulas e avaliações.,Melhorar: Integrar-se mais aos Princípios Passos Mágicos.,2.0,0.0,False,False,False,False,False,False,True,False,False,True,False,False,False,True
RA-696,2022,Aluno-696,0,E,Feminino,9.0,2021,Escola Pública,,,Ametista,7.441,5.0,6.6,9.0,8.5,7.5,,8.167,Fase 1 (4º ano),-1,False,False,6.5,6.7,,338.0,98.0,2.0,2.0,Sem limitações,Destaque: A sua boa entrega das lições de casa.,Melhorar: Empenhar-se mais nas aulas e avaliações.,Destaque: A sua boa integração aos Princípios Passos Mágicos.,1.0,0.0,False,False,False,False,False,False,False,False,False,False,False,False,False,False
RA-697,2022,Aluno-697,0,E,Masculino,11.0,2021,Escola Pública,,,Ametista,7.675,5.0,8.4,9.3,7.0,7.5,,8.083,Fase 2 (5º e 6º ano),-2,False,False,8.8,8.0,,246.0,67.0,1.0,2.0,Sem limitações,Destaque: A sua boa entrega das lições de casa.,Destaque: As suas boas notas na Passos Mágicos.,Destaque: A sua boa integração aos Princípios Passos Mágicos.,2.0,0.0,False,False,False,False,False,False,False,False,False,False,False,False,False,False
RA-698,2022,Aluno-698,0,E,Masculino,9.0,2021,Escola Pública,,,Ametista,7.44,5.0,8.1,9.8,9.0,2.5,,8.083,Fase 1 (4º ano),-1,False,False,8.0,8.2,,339.0,99.0,3.0,2.0,Requer avaliação,Destaque: A sua boa entrega das lições de casa.,Destaque: As suas boas notas na Passos Mágicos.,Destaque: A sua boa integração aos Princípios Passos Mágicos.,1.0,0.0,False,False,False,False,False,False,False,False,False,False,False,True,False,False
RA-699,2022,Aluno-699,0,E,Masculino,9.0,2022,Escola Pública,,,Ágata,6.658,5.0,7.1,9.2,5.2,7.5,,6.0,Fase 1 (4º ano),-1,False,False,7.5,6.7,,603.0,165.0,4.0,2.0,Sem limitações,Destaque: A sua boa entrega das lições de casa.,Melhorar: Empenhar-se mais nas aulas e avaliações.,Melhorar: Integrar-se mais aos Princípios Passos Mágicos.,1.0,0.0,False,False,False,False,False,False,False,False,False,False,True,False,False,False
RA-700,2022,Aluno-700,0,F,Feminino,9.0,2022,Escola Pública,,,Ametista,7.738,5.0,9.2,8.7,9.0,7.5,,7.083,Fase 1 (4º ano),-1,False,False,9.2,9.2,,224.0,60.0,2.0,2.0,Não atendido,Destaque: A sua boa entrega das lições de casa.,Destaque: As suas boas notas na Passos Mágicos.,Melhorar: Integrar-se mais aos Princípios Passos Mágicos.,1.0,0.0,False,False,False,False,False,False,False,False,False,False,False,False,False,False
RA-701,2022,Aluno-701,0,F,Masculino,10.0,2021,Escola Pública,,,Ametista,7.755,5.0,8.7,9.3,9.0,7.5,,7.417,Fase 2 (5º e 6º ano),-2,False,False,8.7,8.7,,215.0,57.0,1.0,2.0,Não indicado,Destaque: A sua boa entrega das lições de casa.,Destaque: As suas boas notas na Passos Mágicos.,Melhorar: Integrar-se mais aos Princípios Passos Mágicos.,2.0,0.0,False,False,False,False,False,False,False,False,False,False,False,False,False,False
RA-702,2022,Aluno-702,0,F,Feminino,8.0,2022,Escola Pública,,,Ametista,7.387,10.0,6.8,8.6,10.0,5.0,,7.0,ALFA  (2º e 3º ano),0,False,False,7.0,6.7,,366.0,110.0,5.0,2.0,Não indicado,Destaque: A sua boa entrega das lições de casa.,Melhorar: Empenhar-se mais nas aulas e avaliações.,Melhorar: Integrar-se mais aos Princípios Passos Mágicos.,2.0,0.0,False,False,False,False,False,False,False,False,False,False,False,False,False,False
RA-703,2022,Aluno-703,0,F,Masculino,10.0,2021,Escola Pública,,,Ágata,6.099,5.0,5.1,7.4,7.5,5.0,,6.833,Fase 2 (5º e 6º ano),-2,False,False,5.3,4.8,,710.0,177.0,9.0,2.0,Não indicado,Melhorar: Melhorar a sua entrega de lições de casa.,Melhorar: Empenhar-se mais nas aulas e avaliações.,Melhorar: Integrar-se mais aos Princípios Passos Mágicos.,2.0,0.0,False,False,False,False,False,False,False,False,False,False,False,False,False,False
RA-704,2022,Aluno-704,0,F,Masculino,10.0,2022,Escola Pública,,,Ágata,6.741,5.0,7.2,8.6,9.0,5.0,,6.583,Fase 2 (5º e 6º ano),-2,False,False,7.7,6.6,,572.0,160.0,7.0,2.0,Não atendido,Destaque: A sua boa entrega das lições de casa.,Melhorar: Empenhar-se mais nas aulas e avaliações.,Melhorar: Integrar-se mais aos Princípios Passos Mágicos.,2.0,0.0,False,False,False,False,False,False,False,False,False,False,False,False,False,False
RA-705,2022,Aluno-705,0,F,Masculino,10.0,2022,Escola Pública,,,Ágata,6.634,5.0,7.1,6.2,9.5,7.5,,6.333,Fase 2 (5º e 6º ano),-2,False,False,7.0,7.2,,614.0,168.0,8.0,2.0,Não atendido,Melhorar: Melhorar a sua entrega de lições de casa.,Melhorar: Empenhar-se mais nas aulas e avaliações.,Melhorar: Integrar-se mais aos Princípios Passos Mágicos.,2.0,0.0,False,False,False,False,False,False,False,False,False,False,False,False,False,False
RA-706,2022,Aluno-706,0,F,Feminino,10.0,2021,Escola Pública,,,Ametista,7.659,5.0,9.1,6.7,9.5,7.5,,8.417,Fase 2 (5º e 6º ano),-2,True,False,9.1,9.1,,252.0,69.0,4.0,2.0,Não atendido,Melhorar: Melhorar a sua entrega de lições de casa.,Destaque: As suas boas notas na Passos Mágicos.,Destaque: A sua boa integração aos Princípios Passos Mágicos.,2.0,0.0,False,False,False,False,False,False,False,False,False,False,False,False,False,False
RA-707,2022,Aluno-707,0,F,Feminino,10.0,2020,Escola Pública,,,Ametista,7.679,5.0,8.5,8.1,10.0,6.9,,8.083,Fase 2 (5º e 6º ano),-2,False,False,8.8,8.2,,241.0,64.0,3.0,2.0,Não atendido,Destaque: A sua boa entrega das lições de casa.,Destaque: As suas boas notas na Passos Mágicos.,Destaque: A sua boa integração aos Princípios Passos Mágicos.,2.0,0.0,False,False,False,False,False,False,False,False,False,False,False,False,False,False
RA-708,2022,Aluno-708,0,F,Masculino,9.0,2022,Escola Pública,,,Ametista,7.282,5.0,7.3,8.4,8.0,7.5,,7.583,Fase 1 (4º ano),-1,False,False,7.1,7.6,,400.0,117.0,6.0,2.0,Não atendido,Destaque: A sua boa entrega das lições de casa.,Melhorar: Empenhar-se mais nas aulas e avaliações.,Destaque: A sua boa integração aos Princípios Passos Mágicos.,1.0,0.0,False,False,False,False,False,False,False,False,False,False,False,False,False,False
RA-709,2022,Aluno-709,0,F,Feminino,10.0,2022,Escola Pública,,,Quartzo,5.313,5.0,2.3,3.5,9.5,7.5,,7.083,Fase 2 (5º e 6º ano),-2,False,False,2.3,2.3,,801.0,186.0,10.0,2.0,Não atendido,Melhorar: Melhorar a sua entrega de lições de casa.,Melhorar: Empenhar-se mais nas aulas e avaliações.,Melhorar: Integrar-se mais aos Princípios Passos Mágicos.,2.0,0.0,False,False,False,False,False,False,False,False,False,True,False,False,False,False
RA-710,2022,Aluno-710,0,G,Masculino,10.0,2020,Escola Pública,,,Ametista,7.285,5.0,6.9,8.9,9.5,5.0,,8.0,Fase 2 (5º e 6º ano),-2,False,False,7.0,6.8,,398.0,116.0,5.0,2.0,Não atendido,Destaque: A sua boa entrega das lições de casa.,Melhorar: Empenhar-se mais nas aulas e avaliações.,Destaque: A sua boa integração aos Princípios Passos Mágicos.,2.0,0.0,False,False,False,False,False,False,False,False,False,False,False,False,False,False
RA-711,2022,Aluno-711,0,G,Masculino,9.0,2022,Escola Pública,,,Ágata,6.04,5.0,3.5,7.9,9.0,6.3,,6.0,Fase 1 (4º ano),-1,False,False,4.0,3.0,,721.0,178.0,11.0,2.0,Não atendido,Destaque: A sua boa entrega das lições de casa.,Melhorar: Empenhar-se mais nas aulas e avaliações.,Melhorar: Integrar-se mais aos Princípios Passos Mágicos.,1.0,0.0,False,False,False,False,False,False,False,False,False,False,False,False,False,False
RA-712,2022,Aluno-712,0,G,Masculino,11.0,2019,Escola Pública,,,Ágata,6.026,5.0,8.0,5.1,8.0,5.0,,5.833,Fase 2 (5º e 6º ano),-2,False,False,8.7,7.3,,725.0,179.0,12.0,2.0,Não indicado,Melhorar: Melhorar a sua entrega de lições de casa.,Destaque: As suas boas notas na Passos Mágicos.,Melhorar: Integrar-se mais aos Princípios Passos Mágicos.,2.0,0.0,False,False,False,False,False,False,False,False,False,False,False,False,False,False
RA-713,2022,Aluno-713,0,G,Masculino,9.0,2021,Escola Pública,,,Ametista,7.42,5.0,7.8,8.7,10.0,7.5,,7.25,Fase 1 (4º ano),-1,False,False,8.0,7.7,,348.0,102.0,3.0,2.0,Não atendido,Destaque: A sua boa entrega das lições de casa.,Destaque: As suas boas notas na Passos Mágicos.,Melhorar: Integrar-se mais aos Princípios Passos Mágicos.,1.0,0.0,False,False,False,False,False,False,False,False,False,False,False,False,False,False
RA-714,2022,Aluno-714,0,G,Masculino,11.0,2019,Escola Pública,,,Ágata,6.953,5.0,8.0,6.9,9.0,5.6,,7.25,Fase 2 (5º e 6º ano),-2,False,False,8.5,7.5,,503.0,144.0,6.0,2.0,Não indicado,Melhorar: Melhorar a sua entrega de lições de casa.,Destaque: As suas boas notas na Passos Mágicos.,Melhorar: Integrar-se mais aos Princípios Passos Mágicos.,2.0,0.0,False,False,False,False,False,False,False,False,False,False,False,False,False,False
RA-715,2022,Aluno-715,0,G,Feminino,9.0,2022,Escola Pública,,,Ágata,6.656,5.0,4.9,8.7,8.5,4.4,,7.917,Fase 1 (4º ano),-1,False,False,4.8,5.0,,604.0,166.0,9.0,2.0,Não indicado,Destaque: A sua boa entrega das lições de casa.,Melhorar: Empenhar-se mais nas aulas e avaliações.,Destaque: A sua boa integração aos Princípios Passos Mágicos.,1.0,0.0,False,False,False,False,False,False,False,False,False,False,False,True,False,False
RA-716,2022,Aluno-716,0,G,Masculino,9.0,2022,Escola Pública,,,Ágata,6.525,5.0,6.7,8.1,8.9,7.5,,5.417,Fase 1 (4º ano),-1,False,False,7.3,6.0,,641.0,171.0,10.0,2.0,Não atendido,Destaque: A sua boa entrega das lições de casa.,Melhorar: Empenhar-se mais nas aulas e avaliações.,Melhorar: Integrar-se mais aos Princípios Passos Mágicos.,1.0,0.0,False,False,False,False,False,False,False,False,False,False,False,False,False,False
RA-717,2022,Aluno-717,0,G,Feminino,10.0,2021,Escola Pública,,,Ágata,6.832,5.0,5.4,7.3,9.0,7.5,,7.917,Fase 2 (5º e 6º ano),-2,False,False,5.0,5.8,,545.0,155.0,7.0,2.0,Não atendido,Melhorar: Melhorar a sua entrega de lições de casa.,Melhorar: Empenhar-se mais nas aulas e avaliações.,Destaque: A sua boa integração aos Princípios Passos Mágicos.,2.0,0.0,False,False,False,False,False,False,False,False,False,False,False,False,False,False
RA-718,2022,Aluno-718,0,G,Feminino,8.0,2022,Escola Pública,,,Topázio,8.093,10.0,9.2,8.9,8.0,6.3,,7.417,ALFA  (2º e 3º ano),0,False,False,9.2,9.2,,118.0,33.0,1.0,2.0,Sem limitações,Destaque: A sua boa entrega das lições de casa.,Destaque: As suas boas notas na Passos Mágicos.,Melhorar: Integrar-se mais aos Princípios Passos Mágicos.,2.0,0.0,False,False,False,False,False,False,False,False,False,False,False,False,False,False
RA-719,2022,Aluno-719,0,G,Feminino,10.0,2021,Escola Pública,,,Quartzo,5.552,5.0,4.2,4.6,9.0,7.5,,6.083,Fase 2 (5º e 6º ano),-2,False,False,5.0,3.3,,783.0,185.0,13.0,2.0,Não atendido,Melhorar: Melhorar a sua entrega de lições de casa.,Melhorar: Empenhar-se mais nas aulas e avaliações.,Melhorar: Integrar-se mais aos Princípios Passos Mágicos.,2.0,0.0,False,False,False,False,False,False,False,False,False,False,False,False,False,False
RA-720,2022,Aluno-720,0,G,Feminino,9.0,2021,Escola Pública,,,Ágata,6.731,5.0,7.6,5.9,8.0,7.5,,7.083,Fase 1 (4º ano),-1,False,False,7.3,7.8,,575.0,161.0,8.0,2.0,Não atendido,Melhorar: Melhorar a sua entrega de lições de casa.,Destaque: As suas boas notas na Passos Mágicos.,Melhorar: Integrar-se mais aos Princípios Passos Mágicos.,1.0,0.0,False,False,False,False,False,False,False,False,False,False,False,False,False,False
RA-721,2022,Aluno-721,0,G,Feminino,8.0,2021,Escola Pública,,,Ametista,7.973,10.0,7.6,8.1,9.5,7.5,,7.917,ALFA  (2º e 3º ano),0,False,False,8.2,7.0,,149.0,41.0,2.0,2.0,Não atendido,Destaque: A sua boa entrega das lições de casa.,Destaque: As suas boas notas na Passos Mágicos.,Destaque: A sua boa integração aos Princípios Passos Mágicos.,2.0,0.0,False,False,False,False,False,False,False,False,False,False,False,False,False,False
RA-722,2022,Aluno-722,0,G,Feminino,9.0,2021,Escola Pública,,,Ametista,7.41,5.0,8.1,8.1,10.0,4.4,,8.333,Fase 1 (4º ano),-1,False,False,7.8,8.3,,355.0,106.0,4.0,2.0,Sem limitações,Destaque: A sua boa entrega das lições de casa.,Destaque: As suas boas notas na Passos Mágicos.,Destaque: A sua boa integração aos Princípios Passos Mágicos.,1.0,0.0,False,False,False,False,False,False,False,False,False,False,False,True,False,False
RA-723,2022,Aluno-723,0,H,Feminino,8.0,2022,Escola Pública,,,Ametista,7.426,10.0,5.5,6.6,10.0,8.1,,8.167,ALFA  (2º e 3º ano),0,False,False,5.3,5.7,,345.0,101.0,4.0,2.0,Não atendido,Melhorar: Melhorar a sua entrega de lições de casa.,Melhorar: Empenhar-se mais nas aulas e avaliações.,Destaque: A sua boa integração aos Princípios Passos Mágicos.,2.0,0.0,False,False,False,False,False,False,False,False,False,False,False,False,False,False
RA-724,2022,Aluno-724,0,H,Feminino,8.0,2022,Escola Pública,,,Ágata,6.931,10.0,5.6,5.9,9.5,5.6,,8.0,ALFA  (2º e 3º ano),0,False,False,2.9,8.3,,512.0,146.0,6.0,2.0,Sem limitações,Melhorar: Melhorar a sua entrega de lições de casa.,Melhorar: Empenhar-se mais nas aulas e avaliações.,Destaque: A sua boa integração aos Princípios Passos Mágicos.,2.0,0.0,False,False,False,False,False,False,False,False,False,False,False,False,False,False
RA-725,2022,Aluno-725,0,H,Masculino,8.0,2022,Escola Pública,,,Ágata,6.33,10.0,5.0,5.9,8.0,8.1,,5.5,ALFA  (2º e 3º ano),0,False,False,4.0,6.0,,675.0,175.0,7.0,2.0,Não atendido,Melhorar: Melhorar a sua entrega de lições de casa.,Melhorar: Empenhar-se mais nas aulas e avaliações.,Melhorar: Integrar-se mais aos Princípios Passos Mágicos.,2.0,0.0,False,False,False,False,False,False,False,False,False,False,False,False,False,False
RA-726,2022,Aluno-726,0,H,Feminino,7.0,2022,Escola Pública,,,Ágata,6.985,10.0,4.4,7.5,10.0,7.5,,6.583,ALFA  (2º e 3º ano),0,False,False,5.8,3.0,,492.0,140.0,5.0,2.0,Não atendido,Destaque: A sua boa entrega das lições de casa.,Melhorar: Empenhar-se mais nas aulas e avaliações.,Melhorar: Integrar-se mais aos Princípios Passos Mágicos.,2.0,0.0,False,False,False,False,False,False,False,False,False,False,False,False,False,False
RA-727,2022,Aluno-727,0,H,Masculino,8.0,2022,Escola Pública,,,Ametista,7.736,10.0,8.4,7.7,9.0,8.1,,6.75,ALFA  (2º e 3º ano),0,False,False,9.3,7.4,,225.0,61.0,3.0,2.0,Não atendido,Destaque: A sua boa entrega das lições de casa.,Destaque: As suas boas notas na Passos Mágicos.,Melhorar: Integrar-se mais aos Princípios Passos Mágicos.,2.0,0.0,False,False,False,False,False,False,False,False,False,False,False,False,False,False
RA-728,2022,Aluno-728,0,H,Feminino,8.0,2022,Escola Pública,,,Topázio,8.244,10.0,9.1,7.3,9.5,8.1,,8.167,ALFA  (2º e 3º ano),0,False,False,9.3,8.9,,74.0,20.0,1.0,2.0,Não atendido,Melhorar: Melhorar a sua entrega de lições de casa.,Destaque: As suas boas notas na Passos Mágicos.,Destaque: A sua boa integração aos Princípios Passos Mágicos.,2.0,0.0,False,False,False,False,False,False,False,False,False,False,False,False,False,False
RA-729,2022,Aluno-729,0,H,Feminino,8.0,2022,Escola Pública,,,Topázio,8.155,10.0,8.1,8.7,10.0,8.1,,7.25,ALFA  (2º e 3º ano),0,False,False,8.5,7.8,,96.0,26.0,2.0,2.0,Não atendido,Destaque: A sua boa entrega das lições de casa.,Destaque: As suas boas notas na Passos Mágicos.,Melhorar: Integrar-se mais aos Princípios Passos Mágicos.,2.0,0.0,False,False,False,False,False,False,False,False,False,False,False,False,False,False
RA-730,2022,Aluno-730,0,I,Feminino,10.0,2021,Escola Pública,,,Ametista,7.902,5.0,8.3,8.2,10.0,8.8,,8.25,Fase 2 (5º e 6º ano),-2,False,False,8.7,8.0,,169.0,46.0,1.0,2.0,Não atendido,Destaque: A sua boa entrega das lições de casa.,Destaque: As suas boas notas na Passos Mágicos.,Destaque: A sua boa integração aos Princípios Passos Mágicos.,2.0,0.0,False,False,False,False,False,False,False,False,False,False,False,False,False,False
RA-731,2022,Aluno-731,0,I,Feminino,10.0,2019,Escola Pública,,,Ametista,7.151,5.0,7.3,8.5,9.0,6.9,,7.083,Fase 2 (5º e 6º ano),-2,False,False,7.3,7.2,,443.0,130.0,3.0,2.0,Requer avaliação,Destaque: A sua boa entrega das lições de casa.,Melhorar: Empenhar-se mais nas aulas e avaliações.,Melhorar: Integrar-se mais aos Princípios Passos Mágicos.,2.0,0.0,False,False,False,False,False,False,False,False,False,False,False,False,False,False
RA-732,2022,Aluno-732,0,I,Masculino,9.0,2022,Escola Pública,,,Ametista,7.347,5.0,7.2,7.9,9.0,8.8,,7.5,Fase 1 (4º ano),-1,False,False,7.5,6.8,,377.0,113.0,2.0,2.0,Não atendido,Destaque: A sua boa entrega das lições de casa.,Melhorar: Empenhar-se mais nas aulas e avaliações.,Destaque: A sua boa integração aos Princípios Passos Mágicos.,1.0,0.0,False,False,False,False,False,False,False,False,False,False,False,False,False,False
RA-733,2022,Aluno-733,0,J,Feminino,9.0,2022,Escola Pública,,,Ágata,6.684,5.0,5.1,8.5,9.5,5.6,,6.917,Fase 1 (4º ano),-1,False,False,6.0,4.2,,594.0,163.0,13.0,2.0,Sem limitações,Destaque: A sua boa entrega das lições de casa.,Melhorar: Empenhar-se mais nas aulas e avaliações.,Melhorar: Integrar-se mais aos Princípios Passos Mágicos.,1.0,0.0,False,False,False,False,False,False,False,False,False,False,False,False,False,False
RA-734,2022,Aluno-734,0,J,Feminino,10.0,2022,Escola Pública,,,Ágata,6.952,5.0,7.3,7.2,9.5,5.6,,7.417,Fase 2 (5º e 6º ano),-2,False,False,8.0,6.5,,505.0,145.0,9.0,2.0,Sem limitações,Melhorar: Melhorar a sua entrega de lições de casa.,Melhorar: Empenhar-se mais nas aulas e avaliações.,Melhorar: Integrar-se mais aos Princípios Passos Mágicos.,2.0,0.0,False,False,False,False,False,False,False,False,False,False,False,False,False,False
RA-735,2022,Aluno-735,0,J,Feminino,10.0,2021,Escola Pública,,,Ametista,7.485,5.0,7.3,9.0,9.0,5.6,,8.583,Fase 2 (5º e 6º ano),-2,True,False,7.8,6.7,,316.0,92.0,4.0,2.0,Sem limitações,Destaque: A sua boa entrega das lições de casa.,Melhorar: Empenhar-se mais nas aulas e avaliações.,Destaque: A sua boa integração aos Princípios Passos Mágicos.,2.0,0.0,False,False,False,False,False,False,False,False,False,False,False,False,False,False
RA-736,2022,Aluno-736,0,J,Masculino,10.0,2022,Escola Pública,,,Ágata,6.707,5.0,5.4,8.5,9.0,5.6,,7.0,Fase 2 (5º e 6º ano),-2,False,False,4.7,6.2,,589.0,162.0,12.0,2.0,Sem limitações,Destaque: A sua boa entrega das lições de casa.,Melhorar: Empenhar-se mais nas aulas e avaliações.,Melhorar: Integrar-se mais aos Princípios Passos Mágicos.,2.0,0.0,False,False,False,False,False,False,False,False,False,False,False,False,False,False
RA-737,2022,Aluno-737,0,J,Feminino,9.0,2022,Escola Pública,,,Ametista,8.058,5.0,9.0,9.2,9.5,5.6,,9.167,Fase 1 (4º ano),-1,True,False,8.5,9.5,,131.0,37.0,1.0,2.0,Sem limitações,Destaque: A sua boa entrega das lições de casa.,Destaque: As suas boas notas na Passos Mágicos.,Destaque: A sua boa integração aos Princípios Passos Mágicos.,1.0,0.0,False,False,False,False,False,False,False,False,False,False,False,False,False,False
RA-738,2022,Aluno-738,0,J,Feminino,8.0,2022,Escola Pública,,,Ametista,7.227,10.0,5.7,8.1,8.5,5.6,,7.5,ALFA  (2º e 3º ano),0,False,False,7.7,3.7,,417.0,124.0,6.0,2.0,Sem limitações,Destaque: A sua boa entrega das lições de casa.,Melhorar: Empenhar-se mais nas aulas e avaliações.,Melhorar: Integrar-se mais aos Princípios Passos Mágicos.,2.0,0.0,False,False,False,False,False,False,False,False,False,False,False,False,False,False
RA-739,2022,Aluno-739,0,J,Masculino,8.0,2022,Escola Pública,,,Ágata,6.82,10.0,5.9,7.3,6.4,5.6,,7.083,ALFA  (2º e 3º ano),0,False,False,6.0,5.8,,549.0,156.0,11.0,2.0,Sem limitações,Melhorar: Melhorar a sua entrega de lições de casa.,Melhorar: Empenhar-se mais nas aulas e avaliações.,Melhorar: Integrar-se mais aos Princípios Passos Mágicos.,2.0,0.0,False,False,False,False,False,False,False,False,False,False,False,False,False,False
RA-740,2022,Aluno-740,0,J,Feminino,9.0,2022,Escola Pública,,,Ametista,7.218,5.0,7.2,9.0,8.5,5.6,,7.5,Fase 1 (4º ano),-1,False,False,7.3,7.0,,420.0,125.0,7.0,2.0,Sem limitações,Destaque: A sua boa entrega das lições de casa.,Melhorar: Empenhar-se mais nas aulas e avaliações.,Melhorar: Integrar-se mais aos Princípios Passos Mágicos.,1.0,0.0,False,False,False,False,False,False,False,False,False,False,False,False,False,False
RA-741,2022,Aluno-741,0,J,Feminino,10.0,2022,Escola Pública,,,Ágata,6.896,5.0,6.3,8.4,9.5,5.6,,7.417,Fase 2 (5º e 6º ano),-2,False,False,7.3,5.2,,526.0,150.0,10.0,2.0,Sem limitações,Destaque: A sua boa entrega das lições de casa.,Melhorar: Empenhar-se mais nas aulas e avaliações.,Melhorar: Integrar-se mais aos Princípios Passos Mágicos.,2.0,0.0,False,False,False,False,False,False,False,False,False,False,False,False,False,False
RA-742,2022,Aluno-742,0,J,Feminino,9.0,2022,Escola Pública,,,Ametista,7.097,5.0,7.3,8.7,8.5,5.0,,7.5,Fase 1 (4º ano),-1,False,False,8.3,6.2,,456.0,132.0,8.0,2.0,Sem limitações,Destaque: A sua boa entrega das lições de casa.,Melhorar: Empenhar-se mais nas aulas e avaliações.,Melhorar: Integrar-se mais aos Princípios Passos Mágicos.,1.0,0.0,False,False,False,False,False,False,False,False,False,False,False,False,False,False
RA-743,2022,Aluno-743,0,J,Feminino,9.0,2022,Escola Pública,,,Ágata,6.672,5.0,4.8,7.9,10.0,5.6,,7.5,Fase 1 (4º ano),-1,False,False,4.8,4.8,,597.0,164.0,14.0,2.0,Sem limitações,Destaque: A sua boa entrega das lições de casa.,Melhorar: Empenhar-se mais nas aulas e avaliações.,Melhorar: Integrar-se mais aos Princípios Passos Mágicos.,1.0,0.0,False,False,False,False,False,False,False,False,False,False,False,False,False,False
RA-744,2022,Aluno-744,0,J,Feminino,8.0,2022,Escola Pública,,,Ametista,7.742,10.0,6.2,9.7,9.5,5.6,,7.5,ALFA  (2º e 3º ano),0,False,False,6.0,6.3,,220.0,58.0,2.0,2.0,Sem limitações,Destaque: A sua boa entrega das lições de casa.,Melhorar: Empenhar-se mais nas aulas e avaliações.,Melhorar: Integrar-se mais aos Princípios Passos Mágicos.,2.0,0.0,False,False,False,False,False,False,False,False,False,False,False,False,False,False
RA-745,2022,Aluno-745,0,J,Masculino,9.0,2021,Rede Decisão,,,Ametista,7.382,5.0,8.1,8.5,9.0,5.6,,7.75,Fase 1 (4º ano),-1,False,False,8.5,7.7,,367.0,111.0,5.0,2.0,Sem limitações,Destaque: A sua boa entrega das lições de casa.,Destaque: As suas boas notas na Passos Mágicos.,Destaque: A sua boa integração aos Princípios Passos Mágicos.,1.0,0.0,False,False,False,False,False,False,False,False,False,False,False,False,False,False
RA-746,2022,Aluno-746,0,J,Masculino,8.0,2022,Escola Pública,,,Ametista,7.656,10.0,7.2,9.1,8.0,5.6,,7.417,ALFA  (2º e 3º ano),0,False,False,7.7,6.7,,253.0,70.0,3.0,2.0,Sem limitações,Destaque: A sua boa entrega das lições de casa.,Melhorar: Empenhar-se mais nas aulas e avaliações.,Melhorar: Integrar-se mais aos Princípios Passos Mágicos.,2.0,0.0,False,False,False,False,False,False,False,False,False,False,False,False,False,False
RA-747,2022,Aluno-747,0,K,Feminino,11.0,2022,Escola Pública,,,Ametista,7.676,5.0,8.8,7.6,10.0,7.5,,7.917,Fase 2 (5º e 6º ano),-2,False,True,8.2,9.4,,245.0,66.0,6.0,2.0,Não atendido,Destaque: A sua boa entrega das lições de casa.,Destaque: As suas boas notas na Passos Mágicos.,Destaque: A sua boa integração aos Princípios Passos Mágicos.,2.0,0.0,False,False,False,False,False,False,False,False,False,False,False,False,False,False
RA-748,2022,Aluno-748,0,K,Masculino,9.0,2022,Escola Pública,,,Topázio,8.084,5.0,9.1,9.0,10.0,7.5,,8.25,Fase 1 (4º ano),-1,False,True,9.6,8.6,,122.0,34.0,5.0,2.0,Não atendido,Destaque: A sua boa entrega das lições de casa.,Destaque: As suas boas notas na Passos Mágicos.,Destaque: A sua boa integração aos Princípios Passos Mágicos.,1.0,0.0,False,False,False,False,False,False,False,False,False,False,False,False,False,False
RA-749,2022,Aluno-749,0,K,Masculino,9.0,2022,Escola Pública,,,Ametista,7.484,5.0,8.8,7.7,9.5,7.5,,7.25,Fase 1 (4º ano),-1,False,False,9.5,8.1,,318.0,94.0,7.0,2.0,Não atendido,Destaque: A sua boa entrega das lições de casa.,Destaque: As suas boas notas na Passos Mágicos.,Melhorar: Integrar-se mais aos Princípios Passos Mágicos.,1.0,0.0,False,False,False,False,False,False,False,False,False,False,False,False,False,False
RA-750,2022,Aluno-750,0,K,Masculino,10.0,2019,Escola Pública,,,Ágata,6.344,5.0,6.8,8.9,9.5,4.4,,5.167,Fase 2 (5º e 6º ano),-2,False,False,7.1,6.4,,670.0,173.0,10.0,2.0,Não indicado,Destaque: A sua boa entrega das lições de casa.,Melhorar: Empenhar-se mais nas aulas e avaliações.,Melhorar: Integrar-se mais aos Princípios Passos Mágicos.,2.0,0.0,False,False,False,False,False,False,False,False,False,False,False,True,False,False
RA-751,2022,Aluno-751,0,K,Masculino,11.0,2022,Escola Pública,,,Quartzo,5.246,5.0,3.8,5.8,8.5,7.5,,6.167,Fase 2 (5º e 6º ano),-2,False,False,2.7,4.9,,808.0,187.0,11.0,2.0,Não atendido,Melhorar: Melhorar a sua entrega de lições de casa.,Melhorar: Empenhar-se mais nas aulas e avaliações.,Melhorar: Integrar-se mais aos Princípios Passos Mágicos.,2.0,0.0,False,False,False,False,False,False,False,False,False,False,False,False,False,False
RA-752,2022,Aluno-752,0,K,Feminino,11.0,2022,Escola Pública,,,Topázio,8.197,5.0,9.5,9.0,10.0,7.5,,8.417,Fase 2 (5º e 6º ano),-2,True,True,9.6,9.4,,86.0,22.0,4.0,2.0,Não atendido,Destaque: A sua boa entrega das lições de casa.,Destaque: As suas boas notas na Passos Mágicos.,Destaque: A sua boa integração aos Princípios Passos Mágicos.,2.0,0.0,False,False,False,False,False,False,False,False,False,False,False,False,False,False
RA-753,2022,Aluno-753,0,K,Feminino,8.0,2022,Escola Pública,,,Topázio,8.481,10.0,9.1,8.6,9.5,7.5,,8.417,ALFA  (2º e 3º ano),0,True,True,9.4,8.8,,37.0,8.0,2.0,2.0,Não atendido,Destaque: A sua boa entrega das lições de casa.,Destaque: As suas boas notas na Passos Mágicos.,Destaque: A sua boa integração aos Princípios Passos Mágicos.,2.0,0.0,False,False,False,False,False,False,False,False,False,False,False,False,False,False
RA-754,2022,Aluno-754,0,K,Masculino,9.0,2022,Escola Pública,,,Ágata,6.602,5.0,7.9,5.8,10.0,4.4,,6.917,Fase 1 (4º ano),-1,False,False,7.8,8.1,,626.0,169.0,9.0,2.0,Não indicado,Melhorar: Melhorar a sua entrega de lições de casa.,Destaque: As suas boas notas na Passos Mágicos.,Melhorar: Integrar-se mais aos Princípios Passos Mágicos.,1.0,0.0,False,False,False,False,False,False,False,False,False,False,False,True,False,False
RA-755,2022,Aluno-755,0,K,Masculino,8.0,2022,Escola Pública,,,Topázio,8.566,10.0,9.5,9.2,9.5,6.9,,8.083,ALFA  (2º e 3º ano),0,False,True,9.8,9.3,,29.0,4.0,1.0,2.0,Não atendido,Destaque: A sua boa entrega das lições de casa.,Destaque: As suas boas notas na Passos Mágicos.,Destaque: A sua boa integração aos Princípios Passos Mágicos.,2.0,0.0,False,False,False,False,False,False,False,False,False,False,False,False,False,False
RA-756,2022,Aluno-756,0,K,Masculino,9.0,2022,Escola Pública,,,Ágata,6.976,5.0,5.7,7.9,10.0,7.5,,7.25,Fase 1 (4º ano),-1,False,False,5.6,5.8,,495.0,142.0,8.0,2.0,Não atendido,Destaque: A sua boa entrega das lições de casa.,Melhorar: Empenhar-se mais nas aulas e avaliações.,Melhorar: Integrar-se mais aos Princípios Passos Mágicos.,1.0,0.0,False,False,False,False,False,False,False,False,False,False,False,False,False,False
RA-757,2022,Aluno-757,0,K,Feminino,9.0,2022,Escola Pública,,,Topázio,8.26,5.0,9.7,9.3,9.5,7.5,,8.5,Fase 1 (4º ano),-1,True,True,9.9,9.6,,71.0,18.0,3.0,2.0,Não atendido,Destaque: A sua boa entrega das lições de casa.,Destaque: As suas boas notas na Passos Mágicos.,Destaque: A sua boa integração aos Princípios Passos Mágicos.,1.0,0.0,False,False,False,False,False,False,False,False,False,False,False,False,False,False
RA-758,2022,Aluno-758,0,L,Masculino,9.0,2022,Escola Pública,,,Ametista,7.911,5.0,8.1,9.1,9.0,7.5,,8.333,Fase 1 (4º ano),-1,False,False,8.0,8.2,,166.0,45.0,5.0,2.0,Não atendido,Destaque: A sua boa entrega das lições de casa.,Destaque: As suas boas notas na Passos Mágicos.,Destaque: A sua boa integração aos Princípios Passos Mágicos.,1.0,0.0,False,False,False,False,False,False,False,False,False,False,False,False,False,False
RA-759,2022,Aluno-759,0,L,Feminino,10.0,2021,Escola Pública,,,Ametista,7.563,5.0,7.5,8.6,9.0,7.5,,7.833,Fase 2 (5º e 6º ano),-2,False,False,8.3,6.7,,288.0,81.0,7.0,2.0,Não atendido,Destaque: A sua boa entrega das lições de casa.,Destaque: As suas boas notas na Passos Mágicos.,Destaque: A sua boa integração aos Princípios Passos Mágicos.,2.0,0.0,False,False,False,False,False,False,False,False,False,False,False,False,False,False
RA-760,2022,Aluno-760,0,L,Masculino,11.0,2021,Escola Pública,,,Topázio,8.172,5.0,8.8,9.2,9.0,7.5,,8.917,Fase 2 (5º e 6º ano),-2,True,False,9.3,8.2,,94.0,25.0,2.0,2.0,Não atendido,Destaque: A sua boa entrega das lições de casa.,Destaque: As suas boas notas na Passos Mágicos.,Destaque: A sua boa integração aos Princípios Passos Mágicos.,2.0,0.0,False,False,False,False,False,False,False,False,False,False,False,False,False,False
RA-761,2022,Aluno-761,0,L,Masculino,9.0,2022,Escola Pública,,,Topázio,8.06,5.0,8.2,9.4,10.0,7.5,,8.25,Fase 1 (4º ano),-1,False,False,8.8,7.5,,130.0,36.0,3.0,2.0,Não atendido,Destaque: A sua boa entrega das lições de casa.,Destaque: As suas boas notas na Passos Mágicos.,Destaque: A sua boa integração aos Princípios Passos Mágicos.,1.0,0.0,False,False,False,False,False,False,False,False,False,False,False,False,False,False
RA-762,2022,Aluno-762,0,L,Masculino,12.0,2022,Escola Pública,,,Ametista,7.28,2.5,6.7,9.7,10.0,7.5,,7.083,Fase 3 (7º e 8º ano),-3,False,False,7.3,6.0,,402.0,118.0,10.0,2.0,Não atendido,Destaque: A sua boa entrega das lições de casa.,Melhorar: Empenhar-se mais nas aulas e avaliações.,Melhorar: Integrar-se mais aos Princípios Passos Mágicos.,3.0,0.0,False,False,False,False,False,False,False,False,False,False,False,False,False,False
RA-763,2022,Aluno-763,0,L,Feminino,10.0,2021,Escola Pública,,,Ametista,7.402,5.0,6.5,9.7,9.5,7.5,,7.167,Fase 2 (5º e 6º ano),-2,False,False,6.3,6.7,,361.0,109.0,9.0,2.0,Não atendido,Destaque: A sua boa entrega das lições de casa.,Melhorar: Empenhar-se mais nas aulas e avaliações.,Melhorar: Integrar-se mais aos Princípios Passos Mágicos.,2.0,0.0,False,False,False,False,False,False,False,False,False,False,False,False,False,False
RA-764,2022,Aluno-764,0,L,Masculino,8.0,2022,Escola Pública,,,Ametista,8.004,10.0,7.5,8.8,9.0,7.5,,7.667,ALFA  (2º e 3º ano),0,False,False,7.2,7.8,,141.0,38.0,4.0,2.0,Não atendido,Destaque: A sua boa entrega das lições de casa.,Destaque: As suas boas notas na Passos Mágicos.,Destaque: A sua boa integração aos Princípios Passos Mágicos.,2.0,0.0,False,False,False,False,False,False,False,False,False,False,False,False,False,False
RA-765,2022,Aluno-765,0,L,Masculino,9.0,2022,Escola Pública,,,Ágata,6.902,5.0,4.3,9.3,8.5,7.5,,7.417,Fase 1 (4º ano),-1,False,False,5.0,3.7,,523.0,149.0,11.0,2.0,Não atendido,Destaque: A sua boa entrega das lições de casa.,Melhorar: Empenhar-se mais nas aulas e avaliações.,Melhorar: Integrar-se mais aos Princípios Passos Mágicos.,1.0,0.0,False,False,False,False,False,False,False,False,False,False,False,False,False,False
RA-766,2022,Aluno-766,0,L,Feminino,11.0,2020,Escola Pública,,,Topázio,8.185,5.0,8.7,9.5,10.0,7.5,,8.333,Fase 2 (5º e 6º ano),-2,False,False,8.5,8.8,,88.0,23.0,1.0,2.0,Não atendido,Destaque: A sua boa entrega das lições de casa.,Destaque: As suas boas notas na Passos Mágicos.,Destaque: A sua boa integração aos Princípios Passos Mágicos.,2.0,0.0,False,False,False,False,False,False,False,False,False,False,False,False,False,False
RA-767,2022,Aluno-767,0,L,Masculino,10.0,2021,Escola Pública,,,Ametista,7.511,5.0,7.0,9.0,9.5,7.5,,7.583,Fase 2 (5º e 6º ano),-2,False,False,7.3,6.7,,304.0,87.0,8.0,2.0,Não atendido,Destaque: A sua boa entrega das lições de casa.,Melhorar: Empenhar-se mais nas aulas e avaliações.,Destaque: A sua boa integração aos Princípios Passos Mágicos.,2.0,0.0,False,False,False,False,False,False,False,False,False,False,False,False,False,False
RA-768,2022,Aluno-768,0,L,Feminino,10.0,2021,Escola Pública,,,Ametista,7.646,5.0,7.1,10.0,9.0,7.5,,7.583,Fase 2 (5º e 6º ano),-2,False,False,7.0,7.2,,255.0,71.0,6.0,2.0,Não atendido,Destaque: A sua boa entrega das lições de casa.,Melhorar: Empenhar-se mais nas aulas e avaliações.,Destaque: A sua boa integração aos Princípios Passos Mágicos.,2.0,0.0,False,False,False,False,False,False,False,False,False,False,False,False,False,False
RA-769,2022,Aluno-769,0,M,Feminino,9.0,2022,Escola Pública,,,Ametista,7.598,5.0,7.9,7.5,10.0,7.5,,8.5,Fase 1 (4º ano),-1,True,True,9.6,6.2,,272.0,76.0,3.0,2.0,Não avaliado,Destaque: A sua boa entrega das lições de casa.,Destaque: As suas boas notas na Passos Mágicos.,Destaque: A sua boa integração aos Princípios Passos Mágicos.,1.0,0.0,False,False,False,False,False,False,False,False,False,False,False,False,False,False
RA-770,2022,Aluno-770,0,M,Masculino,7.0,2022,Escola Pública,,,Topázio,8.143,10.0,8.3,8.9,9.5,7.5,,7.333,ALFA  (2º e 3º ano),0,False,False,8.5,8.1,,101.0,28.0,1.0,2.0,Não avaliado,Destaque: A sua boa entrega das lições de casa.,Destaque: As suas boas notas na Passos Mágicos.,Melhorar: Integrar-se mais aos Princípios Passos Mágicos.,2.0,0.0,False,False,False,False,False,False,False,False,False,False,False,False,False,False
RA-771,2022,Aluno-771,0,M,Feminino,7.0,2022,Escola Pública,,,Ametista,7.873,10.0,7.0,8.3,10.0,7.5,,7.5,ALFA  (2º e 3º ano),0,False,False,7.2,6.9,,179.0,49.0,2.0,2.0,Não avaliado,Destaque: A sua boa entrega das lições de casa.,Melhorar: Empenhar-se mais nas aulas e avaliações.,Destaque: A sua boa integração aos Princípios Passos Mágicos.,2.0,0.0,False,False,False,False,False,False,False,False,False,False,False,False,False,False
RA-772,2022,Aluno-772,0,M,Masculino,11.0,2021,Escola Pública,,,Ágata,6.994,5.0,9.2,5.4,9.0,7.5,,7.25,Fase 2 (5º e 6º ano),-2,False,False,9.3,9.2,,490.0,139.0,5.0,2.0,Não avaliado,Melhorar: Melhorar a sua entrega de lições de casa.,Destaque: As suas boas notas na Passos Mágicos.,Melhorar: Integrar-se mais aos Princípios Passos Mágicos.,2.0,0.0,False,False,False,False,False,False,False,False,False,False,False,False,False,False
RA-773,2022,Aluno-773,0,M,Feminino,9.0,2022,Escola Pública,,,Ágata,6.922,5.0,8.1,6.8,10.0,5.0,,7.083,Fase 1 (4º ano),-1,False,False,9.3,6.8,,520.0,147.0,6.0,2.0,Não indicado,Melhorar: Melhorar a sua entrega de lições de casa.,Destaque: As suas boas notas na Passos Mágicos.,Melhorar: Integrar-se mais aos Princípios Passos Mágicos.,1.0,0.0,False,False,False,False,False,False,False,False,False,False,False,False,False,False
RA-774,2022,Aluno-774,0,M,Feminino,8.0,2022,Escola Pública,,,Ametista,7.587,10.0,6.1,7.8,10.0,7.5,,7.417,ALFA  (2º e 3º ano),0,False,False,7.8,4.4,,280.0,78.0,4.0,2.0,Não avaliado,Destaque: A sua boa entrega das lições de casa.,Melhorar: Empenhar-se mais nas aulas e avaliações.,Melhorar: Integrar-se mais aos Princípios Passos Mágicos.,2.0,0.0,False,False,False,False,False,False,False,False,False,False,False,False,False,False
RA-775,2022,Aluno-775,0,N,Masculino,10.0,2021,Escola Pública,,,Quartzo,5.79,5.0,5.7,5.7,7.9,4.4,,6.417,Fase 2 (5º e 6º ano),-2,False,False,5.5,5.8,,751.0,182.0,7.0,2.0,Não indicado,Melhorar: Melhorar a sua entrega de lições de casa.,Melhorar: Empenhar-se mais nas aulas e avaliações.,Melhorar: Integrar-se mais aos Princípios Passos Mágicos.,2.0,0.0,False,False,False,False,False,False,False,False,False,False,False,True,False,False
RA-776,2022,Aluno-776,0,N,Feminino,9.0,2022,Escola Pública,,,Quartzo,3.898,5.0,1.7,4.3,0.0,4.4,,6.333,Fase 1 (4º ano),-1,False,False,0.0,3.3,,856.0,190.0,9.0,2.0,Requer avaliação,Melhorar: Melhorar a sua entrega de lições de casa.,Melhorar: Empenhar-se mais nas aulas e avaliações.,Melhorar: Integrar-se mais aos Princípios Passos Mágicos.,1.0,0.0,True,False,False,False,False,False,True,False,False,False,True,True,False,False
RA-777,2022,Aluno-777,0,N,Masculino,8.0,2022,Escola Pública,,,Ametista,7.096,10.0,5.3,7.7,8.0,7.5,,7.0,ALFA  (2º e 3º ano),0,False,False,6.5,4.0,,457.0,133.0,4.0,2.0,Não atendido,Destaque: A sua boa entrega das lições de casa.,Melhorar: Empenhar-se mais nas aulas e avaliações.,Melhorar: Integrar-se mais aos Princípios Passos Mágicos.,2.0,0.0,False,False,False,False,False,False,False,False,False,False,False,False,False,False
RA-778,2022,Aluno-778,0,N,Feminino,9.0,2021,Escola Pública,,,Ametista,7.432,5.0,7.1,6.7,10.0,7.5,,8.833,Fase 1 (4º ano),-1,True,False,6.0,8.2,,342.0,100.0,3.0,2.0,Não atendido,Melhorar: Melhorar a sua entrega de lições de casa.,Melhorar: Empenhar-se mais nas aulas e avaliações.,Destaque: A sua boa integração aos Princípios Passos Mágicos.,1.0,0.0,False,False,False,False,False,False,False,False,False,False,False,False,False,False
RA-779,2022,Aluno-779,0,N,Masculino,10.0,2022,Escola Pública,,,Quartzo,5.702,5.0,2.6,5.0,9.5,7.5,,7.083,Fase 2 (5º e 6º ano),-2,False,False,2.2,3.0,,760.0,183.0,8.0,2.0,Não atendido,Melhorar: Melhorar a sua entrega de lições de casa.,Melhorar: Empenhar-se mais nas aulas e avaliações.,Melhorar: Integrar-se mais aos Princípios Passos Mágicos.,2.0,0.0,False,False,False,False,False,False,False,False,False,False,False,False,False,False
RA-780,2022,Aluno-780,0,N,Feminino,9.0,2022,Escola Pública,,,Ágata,6.955,5.0,6.9,7.6,8.0,7.5,,7.167,Fase 1 (4º ano),-1,False,False,6.3,7.5,,502.0,143.0,6.0,2.0,Não atendido,Destaque: A sua boa entrega das lições de casa.,Melhorar: Empenhar-se mais nas aulas e avaliações.,Melhorar: Integrar-se mais aos Princípios Passos Mágicos.,1.0,0.0,False,False,False,False,False,False,False,False,False,False,False,False,False,False
RA-781,2022,Aluno-781,0,N,Feminino,9.0,2021,Escola Pública,,,Ametista,7.786,5.0,8.3,8.9,10.0,7.5,,7.75,Fase 1 (4º ano),-1,False,False,8.0,8.5,,205.0,54.0,1.0,2.0,Não atendido,Destaque: A sua boa entrega das lições de casa.,Destaque: As suas boas notas na Passos Mágicos.,Destaque: A sua boa integração aos Princípios Passos Mágicos.,1.0,0.0,False,False,False,False,False,False,False,False,False,False,False,False,False,False
RA-782,2022,Aluno-782,0,N,Masculino,8.0,2022,Escola Pública,,,Ametista,7.485,10.0,6.0,8.4,9.5,7.5,,7.0,ALFA  (2º e 3º ano),0,False,False,5.7,6.3,,317.0,93.0,2.0,2.0,Não atendido,Destaque: A sua boa entrega das lições de casa.,Melhorar: Empenhar-se mais nas aulas e avaliações.,Melhorar: Integrar-se mais aos Princípios Passos Mágicos.,2.0,0.0,False,False,False,False,False,False,False,False,False,False,False,False,False,False
RA-783,2022,Aluno-783,0,N,Masculino,8.0,2021,Escola Pública,,,Ágata,6.996,10.0,6.0,5.8,9.5,7.5,,6.917,ALFA  (2º e 3º ano),0,False,False,4.7,7.3,,487.0,138.0,5.0,2.0,Não atendido,Melhorar: Melhorar a sua entrega de lições de casa.,Melhorar: Empenhar-se mais nas aulas e avaliações.,Melhorar: Integrar-se mais aos Princípios Passos Mágicos.,2.0,0.0,False,False,False,False,False,False,False,False,False,False,False,False,False,False
RA-784,2022,Aluno-784,0,O,Masculino,9.0,2022,Escola Pública,,,Topázio,8.34,5.0,8.2,10.0,9.5,7.5,,9.25,Fase 1 (4º ano),-1,True,False,7.8,8.5,,54.0,14.0,1.0,2.0,Não atendido,Destaque: A sua boa entrega das lições de casa.,Destaque: As suas boas notas na Passos Mágicos.,Destaque: A sua boa integração aos Princípios Passos Mágicos.,1.0,0.0,False,False,False,False,False,False,False,False,False,False,False,False,False,False
RA-785,2022,Aluno-785,0,O,Feminino,9.0,2022,Escola Pública,,,Ametista,7.642,5.0,8.4,8.6,9.0,7.5,,7.667,Fase 1 (4º ano),-1,False,False,8.8,8.0,,256.0,72.0,4.0,2.0,Não atendido,Destaque: A sua boa entrega das lições de casa.,Destaque: As suas boas notas na Passos Mágicos.,Destaque: A sua boa integração aos Princípios Passos Mágicos.,1.0,0.0,False,False,False,False,False,False,False,False,False,False,False,False,False,False
RA-786,2022,Aluno-786,0,O,Masculino,11.0,2019,Escola Pública,,,Ágata,7.004,5.0,6.1,9.5,9.0,5.6,,7.167,Fase 2 (5º e 6º ano),-2,False,False,6.3,5.8,,485.0,137.0,11.0,2.0,Não indicado,Destaque: A sua boa entrega das lições de casa.,Melhorar: Empenhar-se mais nas aulas e avaliações.,Melhorar: Integrar-se mais aos Princípios Passos Mágicos.,2.0,0.0,False,False,False,False,False,False,False,False,False,False,False,False,False,False
RA-787,2022,Aluno-787,0,O,Masculino,8.0,2022,Escola Pública,,,Ametista,7.205,10.0,3.4,9.5,8.5,7.5,,7.25,ALFA  (2º e 3º ano),0,False,False,4.2,2.7,,426.0,127.0,9.0,2.0,Não atendido,Destaque: A sua boa entrega das lições de casa.,Melhorar: Empenhar-se mais nas aulas e avaliações.,Melhorar: Integrar-se mais aos Princípios Passos Mágicos.,2.0,0.0,False,False,False,False,False,False,False,False,False,False,False,False,False,False
RA-788,2022,Aluno-788,0,O,Masculino,8.0,2021,Rede Decisão,,,Topázio,8.264,10.0,8.0,9.3,10.0,5.6,,8.667,ALFA  (2º e 3º ano),0,True,False,7.8,8.2,,68.0,17.0,2.0,2.0,Requer avaliação,Destaque: A sua boa entrega das lições de casa.,Destaque: As suas boas notas na Passos Mágicos.,Destaque: A sua boa integração aos Princípios Passos Mágicos.,2.0,0.0,False,False,False,False,False,False,False,False,False,False,False,False,False,False
RA-789,2022,Aluno-789,0,O,Feminino,7.0,2022,Escola Pública,,,Ametista,7.405,10.0,4.2,9.4,9.0,7.5,,7.417,ALFA  (2º e 3º ano),0,False,False,3.7,4.7,,359.0,108.0,7.0,2.0,Não atendido,Destaque: A sua boa entrega das lições de casa.,Melhorar: Empenhar-se mais nas aulas e avaliações.,Melhorar: Integrar-se mais aos Princípios Passos Mágicos.,2.0,0.0,False,False,False,False,False,False,False,False,False,False,False,False,False,False
RA-790,2022,Aluno-790,0,O,Feminino,11.0,2022,Escola Pública,,,Ametista,7.504,5.0,7.8,8.9,9.0,7.5,,7.417,Fase 2 (5º e 6º ano),-2,False,False,8.5,7.2,,307.0,89.0,6.0,2.0,Não atendido,Destaque: A sua boa entrega das lições de casa.,Destaque: As suas boas notas na Passos Mágicos.,Melhorar: Integrar-se mais aos Princípios Passos Mágicos.,2.0,0.0,False,False,False,False,False,False,False,False,False,False,False,False,False,False
RA-791,2022,Aluno-791,0,O,Feminino,11.0,2022,Escola Pública,,,Ametista,7.507,5.0,6.5,8.7,9.5,7.5,,8.5,Fase 2 (5º e 6º ano),-2,True,False,6.3,6.7,,306.0,88.0,5.0,2.0,Não atendido,Destaque: A sua boa entrega das lições de casa.,Melhorar: Empenhar-se mais nas aulas e avaliações.,Destaque: A sua boa integração aos Princípios Passos Mágicos.,2.0,0.0,False,False,False,False,False,False,False,False,False,False,False,False,False,False
RA-792,2022,Aluno-792,0,O,Feminino,9.0,2022,Escola Pública,,,Ágata,7.025,5.0,6.2,8.0,9.5,7.5,,7.167,Fase 1 (4º ano),-1,False,False,6.5,5.8,,480.0,136.0,10.0,2.0,Não atendido,Destaque: A sua boa entrega das lições de casa.,Melhorar: Empenhar-se mais nas aulas e avaliações.,Melhorar: Integrar-se mais aos Princípios Passos Mágicos.,1.0,0.0,False,False,False,False,False,False,False,False,False,False,False,False,False,False
RA-793,2022,Aluno-793,0,O,Masculino,10.0,2022,Escola Pública,,,Ágata,6.894,5.0,6.0,7.6,9.5,7.5,,7.333,Fase 2 (5º e 6º ano),-2,False,False,6.0,6.0,,527.0,151.0,12.0,2.0,Não atendido,Destaque: A sua boa entrega das lições de casa.,Melhorar: Empenhar-se mais nas aulas e avaliações.,Melhorar: Integrar-se mais aos Princípios Passos Mágicos.,2.0,0.0,False,False,False,False,False,False,False,False,False,False,False,False,False,False
RA-794,2022,Aluno-794,0,O,Feminino,8.0,2022,Escola Pública,,,Ametista,7.335,10.0,4.1,8.9,9.5,7.5,,7.333,ALFA  (2º e 3º ano),0,False,False,3.7,4.5,,381.0,114.0,8.0,2.0,Não atendido,Destaque: A sua boa entrega das lições de casa.,Melhorar: Empenhar-se mais nas aulas e avaliações.,Melhorar: Integrar-se mais aos Princípios Passos Mágicos.,2.0,0.0,False,False,False,False,False,False,False,False,False,False,False,False,False,False
RA-795,2022,Aluno-795,0,O,Feminino,8.0,2022,Escola Pública,,,Topázio,8.064,10.0,7.3,9.7,9.0,7.5,,7.333,ALFA  (2º e 3º ano),0,False,False,8.0,6.5,,126.0,35.0,3.0,2.0,Não atendido,Destaque: A sua boa entrega das lições de casa.,Melhorar: Empenhar-se mais nas aulas e avaliações.,Melhorar: Integrar-se mais aos Princípios Passos Mágicos.,2.0,0.0,False,False,False,False,False,False,False,False,False,False,False,False,False,False
RA-796,2022,Aluno-796,0,Q,Feminino,10.0,2022,Escola Pública,,,Ametista,7.232,5.0,5.4,9.3,9.5,7.5,,7.667,Fase 2 (5º e 6º ano),-2,False,False,5.8,5.0,,416.0,123.0,3.0,2.0,Não atendido,Destaque: A sua boa entrega das lições de casa.,Melhorar: Empenhar-se mais nas aulas e avaliações.,Destaque: A sua boa integração aos Princípios Passos Mágicos.,2.0,0.0,False,False,False,False,False,False,False,False,False,False,False,False,False,False
RA-797,2022,Aluno-797,0,Q,Masculino,10.0,2021,Escola Pública,,,Ametista,7.217,5.0,7.3,8.5,9.0,7.5,,7.5,Fase 2 (5º e 6º ano),-2,False,False,8.2,6.5,,421.0,126.0,4.0,2.0,Não atendido,Destaque: A sua boa entrega das lições de casa.,Melhorar: Empenhar-se mais nas aulas e avaliações.,Destaque: A sua boa integração aos Princípios Passos Mágicos.,2.0,0.0,False,False,False,False,False,False,False,False,False,False,False,False,False,False
RA-798,2022,Aluno-798,0,Q,Masculino,10.0,2022,Escola Pública,,,Ametista,7.049,5.0,6.3,8.3,8.0,7.5,,7.667,Fase 2 (5º e 6º ano),-2,False,False,7.0,5.7,,472.0,135.0,5.0,2.0,Não atendido,Destaque: A sua boa entrega das lições de casa.,Melhorar: Empenhar-se mais nas aulas e avaliações.,Destaque: A sua boa integração aos Princípios Passos Mágicos.,2.0,0.0,False,False,False,False,False,False,False,False,False,False,False,False,False,False
RA-799,2022,Aluno-799,0,Q,Feminino,10.0,2022,Escola Pública,,,Ametista,7.676,5.0,7.8,9.6,8.0,7.5,,7.917,Fase 2 (5º e 6º ano),-2,False,False,8.5,7.2,,244.0,65.0,2.0,2.0,Não atendido,Destaque: A sua boa entrega das lições de casa.,Destaque: As suas boas notas na Passos Mágicos.,Destaque: A sua boa integração aos Princípios Passos Mágicos.,2.0,0.0,False,False,False,False,False,False,False,False,False,False,False,False,False,False
RA-800,2022,Aluno-800,0,Q,Masculino,8.0,2022,Escola Pública,,,Ágata,6.818,10.0,6.1,5.4,8.0,7.5,,7.5,ALFA  (2º e 3º ano),0,False,False,6.3,5.8,,551.0,157.0,8.0,2.0,Não atendido,Melhorar: Melhorar a sua entrega de lições de casa.,Melhorar: Empenhar-se mais nas aulas e avaliações.,Melhorar: Integrar-se mais aos Princípios Passos Mágicos.,2.0,0.0,False,False,False,False,False,False,False,False,False,False,False,False,False,False
RA-801,2022,Aluno-801,0,Q,Masculino,9.0,2022,Escola Pública,,,Ágata,6.644,5.0,6.8,6.6,7.0,7.5,,7.5,Fase 1 (4º ano),-1,False,False,7.2,6.3,,611.0,167.0,9.0,2.0,Não atendido,Melhorar: Melhorar a sua entrega de lições de casa.,Melhorar: Empenhar-se mais nas aulas e avaliações.,Melhorar: Integrar-se mais aos Princípios Passos Mágicos.,1.0,0.0,False,False,False,False,False,False,False,False,False,False,False,False,False,False
RA-802,2022,Aluno-802,0,Q,Masculino,9.0,2021,Escola Pública,,,Ametista,7.831,5.0,8.3,9.0,9.0,7.5,,8.333,Fase 1 (4º ano),-1,False,False,9.0,7.5,,193.0,51.0,1.0,2.0,Não atendido,Destaque: A sua boa entrega das lições de casa.,Destaque: As suas boas notas na Passos Mágicos.,Destaque: A sua boa integração aos Princípios Passos Mágicos.,1.0,0.0,False,False,False,False,False,False,False,False,False,False,False,False,False,False
RA-803,2022,Aluno-803,0,Q,Feminino,10.0,2022,Escola Pública,,,Ágata,6.98,5.0,6.3,7.2,10.0,7.5,,7.417,Fase 2 (5º e 6º ano),-2,False,False,6.5,6.0,,494.0,141.0,6.0,2.0,Sem limitações,Melhorar: Melhorar a sua entrega de lições de casa.,Melhorar: Empenhar-se mais nas aulas e avaliações.,Melhorar: Integrar-se mais aos Princípios Passos Mágicos.,2.0,0.0,False,False,False,False,False,False,False,False,False,False,False,False,False,False
RA-804,2022,Aluno-804,0,Q,Masculino,10.0,2022,Escola Pública,,,Ágata,6.848,5.0,4.8,8.4,10.0,6.3,,7.667,Fase 2 (5º e 6º ano),-2,False,False,5.5,4.0,,540.0,153.0,7.0,2.0,Não atendido,Destaque: A sua boa entrega das lições de casa.,Melhorar: Empenhar-se mais nas aulas e avaliações.,Destaque: A sua boa integração aos Princípios Passos Mágicos.,2.0,0.0,False,False,False,False,False,False,False,False,False,False,False,False,False,False
RA-805,2022,Aluno-805,0,R,Masculino,8.0,2021,Escola Pública,,,Topázio,8.279,10.0,8.8,9.0,9.5,7.5,,7.333,ALFA  (2º e 3º ano),0,False,False,8.7,8.9,,65.0,16.0,2.0,2.0,Sem limitações,Destaque: A sua boa entrega das lições de casa.,Destaque: As suas boas notas na Passos Mágicos.,Melhorar: Integrar-se mais aos Princípios Passos Mágicos.,2.0,0.0,False,False,False,False,False,False,False,False,False,False,False,False,False,False
RA-806,2022,Aluno-806,0,R,Masculino,8.0,2022,Escola Pública,,,Ametista,7.561,10.0,6.6,7.3,9.5,7.5,,7.917,ALFA  (2º e 3º ano),0,False,False,5.0,8.2,,290.0,82.0,5.0,2.0,Sem limitações,Melhorar: Melhorar a sua entrega de lições de casa.,Melhorar: Empenhar-se mais nas aulas e avaliações.,Destaque: A sua boa integração aos Princípios Passos Mágicos.,2.0,0.0,False,False,False,False,False,False,False,False,False,False,False,False,False,False
RA-807,2022,Aluno-807,0,R,Masculino,8.0,2022,Escola Pública,,,Topázio,8.121,10.0,9.0,8.7,9.5,6.3,,7.5,ALFA  (2º e 3º ano),0,False,False,9.5,8.6,,109.0,31.0,3.0,2.0,Sem limitações,Destaque: A sua boa entrega das lições de casa.,Destaque: As suas boas notas na Passos Mágicos.,Destaque: A sua boa integração aos Princípios Passos Mágicos.,2.0,0.0,False,False,False,False,False,False,False,False,False,False,False,False,False,False
RA-808,2022,Aluno-808,0,R,Masculino,8.0,2022,Escola Pública,,,Topázio,8.361,10.0,9.3,9.1,10.0,6.3,,8.0,ALFA  (2º e 3º ano),0,False,False,9.7,8.8,,51.0,12.0,1.0,2.0,Sem limitações,Destaque: A sua boa entrega das lições de casa.,Destaque: As suas boas notas na Passos Mágicos.,Destaque: A sua boa integração aos Princípios Passos Mágicos.,2.0,0.0,False,False,False,False,False,False,False,False,False,False,False,False,False,False
RA-809,2022,Aluno-809,0,R,Masculino,7.0,2022,Escola Pública,,,Ametista,7.259,10.0,6.3,6.6,10.0,6.3,,7.417,ALFA  (2º e 3º ano),0,False,False,5.5,7.1,,410.0,120.0,7.0,2.0,Sem limitações,Melhorar: Melhorar a sua entrega de lições de casa.,Melhorar: Empenhar-se mais nas aulas e avaliações.,Melhorar: Integrar-se mais aos Princípios Passos Mágicos.,2.0,0.0,False,False,False,False,False,False,False,False,False,False,False,False,False,False
RA-810,2022,Aluno-810,0,R,Masculino,8.0,2021,Escola Pública,,,Ametista,7.887,10.0,9.6,9.1,8.5,5.0,,7.25,ALFA  (2º e 3º ano),0,False,False,9.7,9.5,,175.0,47.0,4.0,2.0,Não indicado,Destaque: A sua boa entrega das lições de casa.,Destaque: As suas boas notas na Passos Mágicos.,Melhorar: Integrar-se mais aos Princípios Passos Mágicos.,2.0,0.0,False,False,False,False,False,False,False,False,False,False,False,False,False,False
RA-811,2022,Aluno-811,0,R,Feminino,9.0,2021,Escola Pública,,,Ágata,6.575,5.0,7.3,5.7,8.9,5.6,,7.667,Fase 1 (4º ano),-1,False,False,8.9,5.7,,635.0,170.0,8.0,2.0,Sem limitações,Melhorar: Melhorar a sua entrega de lições de casa.,Melhorar: Empenhar-se mais nas aulas e avaliações.,Destaque: A sua boa integração aos Princípios Passos Mágicos.,1.0,0.0,False,False,False,False,False,False,False,False,False,False,False,False,False,False
RA-812,2022,Aluno-812,0,R,Masculino,8.0,2022,Escola Pública,,,Ametista,7.497,10.0,7.4,8.1,9.0,5.6,,7.333,ALFA  (2º e 3º ano),0,False,False,8.3,6.6,,313.0,90.0,6.0,2.0,Sem limitações,Destaque: A sua boa entrega das lições de casa.,Melhorar: Empenhar-se mais nas aulas e avaliações.,Melhorar: Integrar-se mais aos Princípios Passos Mágicos.,2.0,0.0,False,False,False,False,False,False,False,False,False,False,False,False,False,False
RA-813,2022,Aluno-813,0,S,Masculino,8.0,2022,Escola Pública,,,Ametista,7.093,10.0,6.0,6.5,9.5,6.9,,7.417,ALFA  (2º e 3º ano),0,False,False,6.7,5.3,,459.0,134.0,6.0,2.0,Sem limitações,Melhorar: Melhorar a sua entrega de lições de casa.,Melhorar: Empenhar-se mais nas aulas e avaliações.,Melhorar: Integrar-se mais aos Princípios Passos Mágicos.,2.0,0.0,False,False,False,False,False,False,False,False,False,False,False,False,False,False
RA-814,2022,Aluno-814,0,S,Masculino,9.0,2022,Escola Pública,,,Ametista,7.592,5.0,7.5,9.0,8.9,6.9,,8.417,Fase 1 (4º ano),-1,True,False,7.8,7.2,,275.0,77.0,4.0,2.0,Requer avaliação,Destaque: A sua boa entrega das lições de casa.,Destaque: As suas boas notas na Passos Mágicos.,Destaque: A sua boa integração aos Princípios Passos Mágicos.,1.0,0.0,False,False,False,False,False,False,False,False,False,False,False,False,False,False
RA-815,2022,Aluno-815,0,S,Masculino,9.0,2022,Escola Pública,,,Ágata,6.81,5.0,6.5,7.9,10.0,5.6,,7.0,Fase 1 (4º ano),-1,False,False,7.7,5.3,,552.0,158.0,7.0,2.0,Requer avaliação,Destaque: A sua boa entrega das lições de casa.,Melhorar: Empenhar-se mais nas aulas e avaliações.,Melhorar: Integrar-se mais aos Princípios Passos Mágicos.,1.0,0.0,False,False,False,False,False,False,False,False,False,False,False,False,False,False
RA-816,2022,Aluno-816,0,S,Feminino,9.0,2022,Escola Pública,,,Topázio,8.513,5.0,9.6,9.3,10.0,7.5,,9.417,Fase 1 (4º ano),-1,True,True,9.5,9.7,,32.0,6.0,1.0,2.0,Sem limitações,Destaque: A sua boa entrega das lições de casa.,Destaque: As suas boas notas na Passos Mágicos.,Destaque: A sua boa integração aos Princípios Passos Mágicos.,1.0,0.0,False,False,False,False,False,False,False,False,False,False,False,False,False,False
RA-817,2022,Aluno-817,0,S,Feminino,8.0,2022,Escola Pública,,,Ametista,7.819,10.0,7.1,8.7,10.0,6.3,,7.417,ALFA  (2º e 3º ano),0,False,False,7.7,6.5,,197.0,52.0,2.0,2.0,Requer avaliação,Destaque: A sua boa entrega das lições de casa.,Melhorar: Empenhar-se mais nas aulas e avaliações.,Melhorar: Integrar-se mais aos Princípios Passos Mágicos.,2.0,0.0,False,False,False,False,False,False,False,False,False,False,False,False,False,False
RA-818,2022,Aluno-818,0,S,Masculino,7.0,2022,Escola Pública,,,Ametista,7.483,10.0,6.2,7.3,9.5,7.5,,7.5,ALFA  (2º e 3º ano),0,False,False,6.5,5.8,,320.0,95.0,5.0,2.0,Sem limitações,Melhorar: Melhorar a sua entrega de lições de casa.,Melhorar: Empenhar-se mais nas aulas e avaliações.,Melhorar: Integrar-se mais aos Princípios Passos Mágicos.,2.0,0.0,False,False,False,False,False,False,False,False,False,False,False,False,False,False
RA-819,2022,Aluno-819,0,S,Masculino,8.0,2022,Escola Pública,,,Ametista,7.741,10.0,7.3,7.9,10.0,7.5,,7.333,ALFA  (2º e 3º ano),0,False,False,8.0,6.5,,223.0,59.0,3.0,2.0,Sem limitações,Destaque: A sua boa entrega das lições de casa.,Melhorar: Empenhar-se mais nas aulas e avaliações.,Melhorar: Integrar-se mais aos Princípios Passos Mágicos.,2.0,0.0,False,False,False,False,False,False,False,False,False,False,False,False,False,False
RA-820,2022,Aluno-820,0,T,Masculino,9.0,2022,Escola Pública,,,Ametista,7.417,5.0,6.0,10.0,9.5,6.9,,7.583,Fase 1 (4º ano),-1,False,False,7.7,4.3,,349.0,103.0,1.0,2.0,Sem limitações,Destaque: A sua boa entrega das lições de casa.,Melhorar: Empenhar-se mais nas aulas e avaliações.,Destaque: A sua boa integração aos Princípios Passos Mágicos.,1.0,0.0,False,False,False,False,False,False,False,False,False,False,False,False,False,False
RA-821,2022,Aluno-821,0,T,Masculino,10.0,2022,Escola Pública,,,Ágata,6.342,5.0,4.6,7.0,9.0,7.5,,6.917,Fase 2 (5º e 6º ano),-2,False,False,5.2,4.0,,671.0,174.0,5.0,2.0,Não atendido,Melhorar: Melhorar a sua entrega de lições de casa.,Melhorar: Empenhar-se mais nas aulas e avaliações.,Melhorar: Integrar-se mais aos Princípios Passos Mágicos.,2.0,0.0,False,False,False,False,False,False,False,False,False,False,False,False,False,False
RA-822,2022,Aluno-822,0,T,Masculino,10.0,2022,Escola Pública,,,Ágata,6.922,5.0,6.1,8.4,8.0,7.5,,7.083,Fase 2 (5º e 6º ano),-2,False,False,6.5,5.7,,521.0,148.0,3.0,2.0,Não atendido,Destaque: A sua boa entrega das lições de casa.,Melhorar: Empenhar-se mais nas aulas e avaliações.,Melhorar: Integrar-se mais aos Princípios Passos Mágicos.,2.0,0.0,False,False,False,False,False,False,False,False,False,False,False,False,False,False
RA-823,2022,Aluno-823,0,T,Feminino,10.0,2021,Escola Pública,,,Quartzo,5.989,5.0,2.8,6.0,10.0,7.5,,7.167,Fase 2 (5º e 6º ano),-2,False,False,4.0,1.7,,729.0,181.0,6.0,2.0,Não atendido,Melhorar: Melhorar a sua entrega de lições de casa.,Melhorar: Empenhar-se mais nas aulas e avaliações.,Melhorar: Integrar-se mais aos Princípios Passos Mágicos.,2.0,0.0,False,False,False,False,False,False,False,False,False,False,False,False,False,False
RA-824,2022,Aluno-824,0,T,Masculino,8.0,2022,Escola Pública,,,Ágata,6.799,10.0,6.0,4.4,10.0,6.9,,7.333,ALFA  (2º e 3º ano),0,False,False,7.0,5.0,,555.0,159.0,4.0,2.0,Sem limitações,Melhorar: Melhorar a sua entrega de lições de casa.,Melhorar: Empenhar-se mais nas aulas e avaliações.,Melhorar: Integrar-se mais aos Princípios Passos Mágicos.,2.0,0.0,False,False,False,False,False,False,False,False,False,False,False,False,False,False
RA-825,2022,Aluno-825,0,T,Feminino,9.0,2021,Escola Pública,,,Ametista,7.25,5.0,7.6,8.2,7.5,6.9,,7.917,Fase 1 (4º ano),-1,False,False,8.3,6.8,,412.0,121.0,2.0,2.0,Sem limitações,Destaque: A sua boa entrega das lições de casa.,Destaque: As suas boas notas na Passos Mágicos.,Destaque: A sua boa integração aos Princípios Passos Mágicos.,1.0,0.0,False,False,False,False,False,False,False,False,False,False,False,False,False,False
RA-826,2022,Aluno-826,0,U,Masculino,8.0,2022,Escola Pública,,,Ametista,7.776,10.0,5.4,9.6,9.5,7.5,,7.5,ALFA  (2º e 3º ano),0,False,False,4.3,6.5,,211.0,55.0,5.0,2.0,Não atendido,Destaque: A sua boa entrega das lições de casa.,Melhorar: Empenhar-se mais nas aulas e avaliações.,Melhorar: Integrar-se mais aos Princípios Passos Mágicos.,2.0,0.0,False,False,False,False,False,False,False,False,False,False,False,False,False,False
RA-827,2022,Aluno-827,0,U,Feminino,10.0,2022,Escola Pública,,,Ametista,7.412,5.0,7.6,7.0,9.5,7.5,,8.667,Fase 2 (5º e 6º ano),-2,True,False,7.7,7.5,,352.0,104.0,6.0,2.0,Não atendido,Melhorar: Melhorar a sua entrega de lições de casa.,Destaque: As suas boas notas na Passos Mágicos.,Destaque: A sua boa integração aos Princípios Passos Mágicos.,2.0,0.0,False,False,False,False,False,False,False,False,False,False,False,False,False,False
RA-828,2022,Aluno-828,0,U,Feminino,9.0,2022,Escola Pública,,,Ametista,7.139,5.0,6.9,7.1,9.5,7.5,,7.833,Fase 1 (4º ano),-1,False,False,7.3,6.5,,444.0,131.0,9.0,2.0,Não atendido,Melhorar: Melhorar a sua entrega de lições de casa.,Melhorar: Empenhar-se mais nas aulas e avaliações.,Destaque: A sua boa integração aos Princípios Passos Mágicos.,1.0,0.0,False,False,False,False,False,False,False,False,False,False,False,False,False,False
RA-829,2022,Aluno-829,0,U,Feminino,8.0,2022,Escola Pública,,,Ametista,8.003,10.0,7.8,8.6,9.0,7.5,,7.5,ALFA  (2º e 3º ano),0,False,False,8.2,7.5,,142.0,39.0,3.0,2.0,Não atendido,Destaque: A sua boa entrega das lições de casa.,Destaque: As suas boas notas na Passos Mágicos.,Melhorar: Integrar-se mais aos Princípios Passos Mágicos.,2.0,0.0,False,False,False,False,False,False,False,False,False,False,False,False,False,False
RA-830,2022,Aluno-830,0,U,Feminino,9.0,2022,Escola Pública,,,Ametista,7.234,5.0,6.0,8.6,10.0,7.5,,7.5,Fase 1 (4º ano),-1,False,False,5.8,6.2,,414.0,122.0,8.0,2.0,Não atendido,Destaque: A sua boa entrega das lições de casa.,Melhorar: Empenhar-se mais nas aulas e avaliações.,Melhorar: Integrar-se mais aos Princípios Passos Mágicos.,1.0,0.0,False,False,False,False,False,False,False,False,False,False,False,False,False,False
RA-831,2022,Aluno-831,0,U,Masculino,9.0,2022,Escola Pública,,,Ametista,7.41,5.0,7.2,9.2,9.5,7.5,,7.167,Fase 1 (4º ano),-1,False,False,7.3,7.0,,356.0,107.0,7.0,2.0,Não atendido,Destaque: A sua boa entrega das lições de casa.,Melhorar: Empenhar-se mais nas aulas e avaliações.,Melhorar: Integrar-se mais aos Princípios Passos Mágicos.,1.0,0.0,False,False,False,False,False,False,False,False,False,False,False,False,False,False
RA-832,2022,Aluno-832,0,U,Masculino,9.0,2022,Escola Pública,,,Topázio,8.179,5.0,8.8,9.2,10.0,7.5,,8.833,Fase 1 (4º ano),-1,True,False,8.8,8.8,,92.0,24.0,1.0,2.0,Não atendido,Destaque: A sua boa entrega das lições de casa.,Destaque: As suas boas notas na Passos Mágicos.,Destaque: A sua boa integração aos Princípios Passos Mágicos.,1.0,0.0,False,False,False,False,False,False,False,False,False,False,False,False,False,False
RA-833,2022,Aluno-833,0,U,Masculino,9.0,2022,Escola Pública,,,Ametista,7.791,5.0,7.8,9.5,10.0,7.5,,7.583,Fase 1 (4º ano),-1,False,False,8.2,7.5,,204.0,53.0,4.0,2.0,Não atendido,Destaque: A sua boa entrega das lições de casa.,Destaque: As suas boas notas na Passos Mágicos.,Destaque: A sua boa integração aos Princípios Passos Mágicos.,1.0,0.0,False,False,False,False,False,False,False,False,False,False,False,False,False,False
RA-834,2022,Aluno-834,0,U,Masculino,9.0,2022,Escola Pública,,,Topázio,8.136,5.0,9.0,9.0,9.0,7.5,,9.083,Fase 1 (4º ano),-1,True,False,9.2,8.8,,105.0,30.0,2.0,2.0,Não atendido,Destaque: A sua boa entrega das lições de casa.,Destaque: As suas boas notas na Passos Mágicos.,Destaque: A sua boa integração aos Princípios Passos Mágicos.,1.0,0.0,False,False,False,False,False,False,False,False,False,False,False,False,False,False
RA-835,2022,Aluno-835,0,V,Masculino,8.0,2022,Escola Pública,,,Ametista,7.263,10.0,7.5,7.3,6.9,7.5,,6.667,ALFA  (2º e 3º ano),0,False,False,7.6,7.3,,408.0,119.0,6.0,2.0,Não atendido,Melhorar: Melhorar a sua entrega de lições de casa.,Melhorar: Empenhar-se mais nas aulas e avaliações.,Melhorar: Integrar-se mais aos Princípios Passos Mágicos.,2.0,0.0,False,False,False,False,False,False,False,False,False,False,False,False,False,False
RA-836,2022,Aluno-836,0,V,Masculino,9.0,2022,Escola Pública,,,Ametista,7.665,5.0,9.2,8.3,8.5,7.5,,7.583,Fase 1 (4º ano),-1,False,False,9.0,9.3,,250.0,68.0,3.0,2.0,Não atendido,Destaque: A sua boa entrega das lições de casa.,Destaque: As suas boas notas na Passos Mágicos.,Destaque: A sua boa integração aos Princípios Passos Mágicos.,1.0,0.0,False,False,False,False,False,False,False,False,False,False,False,False,False,False
RA-837,2022,Aluno-837,0,V,Masculino,8.0,2022,Escola Pública,,,Topázio,8.207,10.0,8.8,9.0,8.5,7.5,,7.5,ALFA  (2º e 3º ano),0,False,False,9.2,8.3,,83.0,21.0,1.0,2.0,Não atendido,Destaque: A sua boa entrega das lições de casa.,Destaque: As suas boas notas na Passos Mágicos.,Destaque: A sua boa integração aos Princípios Passos Mágicos.,2.0,0.0,False,False,False,False,False,False,False,False,False,False,False,False,False,False
RA-838,2022,Aluno-838,0,V,Masculino,9.0,2022,Escola Pública,,,Ametista,7.461,5.0,6.3,7.4,10.0,7.5,,9.417,Fase 1 (4º ano),-1,True,True,6.6,5.9,,330.0,97.0,4.0,2.0,Não atendido,Melhorar: Melhorar a sua entrega de lições de casa.,Melhorar: Empenhar-se mais nas aulas e avaliações.,Destaque: A sua boa integração aos Princípios Passos Mágicos.,1.0,0.0,False,False,False,False,False,False,False,False,False,False,False,False,False,False
RA-839,2022,Aluno-839,0,V,Feminino,9.0,2022,Escola Pública,,,Quartzo,5.198,5.0,5.4,5.1,0.0,7.5,,6.583,Fase 1 (4º ano),-1,False,False,5.8,5.0,,811.0,188.0,7.0,2.0,Não atendido,Melhorar: Melhorar a sua entrega de lições de casa.,Melhorar: Empenhar-se mais nas aulas e avaliações.,Melhorar: Integrar-se mais aos Princípios Passos Mágicos.,1.0,0.0,True,False,False,False,False,False,False,False,False,False,True,False,False,False
RA-840,2022,Aluno-840,0,V,Masculino,8.0,2022,Escola Pública,,,Ametista,7.875,10.0,7.8,8.2,9.0,7.5,,7.5,ALFA  (2º e 3º ano),0,False,False,9.6,5.9,,178.0,48.0,2.0,2.0,Não atendido,Destaque: A sua boa entrega das lições de casa.,Destaque: As suas boas notas na Passos Mágicos.,Destaque: A sua boa integração aos Princípios Passos Mágicos.,2.0,0.0,False,False,False,False,False,False,False,False,False,False,False,False,False,False
RA-841,2022,Aluno-841,0,V,Masculino,11.0,2022,Escola Pública,,,Ametista,7.3,5.0,7.2,8.5,8.5,7.5,,7.5,Fase 2 (5º e 6º ano),-2,False,False,8.6,5.8,,395.0,115.0,5.0,2.0,Não atendido,Destaque: A sua boa entrega das lições de casa.,Melhorar: Empenhar-se mais nas aulas e avaliações.,Destaque: A sua boa integração aos Princípios Passos Mágicos.,2.0,0.0,False,False,False,False,False,False,False,False,False,False,False,False,False,False
RA-842,2022,Aluno-842,0,Y,Feminino,8.0,2022,Escola Pública,,,Ametista,7.952,10.0,9.1,8.3,7.5,7.5,,8.25,ALFA  (2º e 3º ano),0,False,False,9.1,9.1,,154.0,42.0,3.0,2.0,Não atendido,Destaque: A sua boa entrega das lições de casa.,Destaque: As suas boas notas na Passos Mágicos.,Destaque: A sua boa integração aos Princípios Passos Mágicos.,2.0,0.0,False,False,False,False,False,False,False,False,False,False,False,False,False,False
RA-843,2022,Aluno-843,0,Y,Feminino,8.0,2022,Escola Pública,,,Topázio,8.538,10.0,9.2,9.0,8.5,7.5,,8.417,ALFA  (2º e 3º ano),0,True,True,9.8,8.5,,30.0,5.0,1.0,2.0,Não atendido,Destaque: A sua boa entrega das lições de casa.,Destaque: As suas boas notas na Passos Mágicos.,Destaque: A sua boa integração aos Princípios Passos Mágicos.,2.0,0.0,False,False,False,False,False,False,False,False,False,False,False,False,False,False
RA-844,2022,Aluno-844,0,Y,Masculino,8.0,2022,Escola Pública,,,Ágata,6.253,10.0,5.9,5.0,0.0,8.1,,8.333,ALFA  (2º e 3º ano),0,False,True,6.0,5.8,,695.0,176.0,10.0,2.0,Não atendido,Melhorar: Melhorar a sua entrega de lições de casa.,Melhorar: Empenhar-se mais nas aulas e avaliações.,Destaque: A sua boa integração aos Princípios Passos Mágicos.,2.0,0.0,True,False,False,False,False,False,False,False,False,False,True,False,False,False
RA-845,2022,Aluno-845,0,Y,Feminino,8.0,2022,Escola Pública,,,Topázio,8.491,10.0,8.7,8.8,10.0,7.5,,8.417,ALFA  (2º e 3º ano),0,True,False,9.1,8.3,,35.0,7.0,2.0,2.0,Não atendido,Destaque: A sua boa entrega das lições de casa.,Destaque: As suas boas notas na Passos Mágicos.,Destaque: A sua boa integração aos Princípios Passos Mágicos.,2.0,0.0,False,False,False,False,False,False,False,False,False,False,False,False,False,False
RA-846,2022,Aluno-846,0,Y,Feminino,7.0,2022,Escola Pública,,,Ametista,7.412,10.0,5.9,7.2,9.0,7.5,,7.917,ALFA  (2º e 3º ano),0,False,False,7.7,4.0,,353.0,105.0,7.0,2.0,Não atendido,Melhorar: Melhorar a sua entrega de lições de casa.,Melhorar: Empenhar-se mais nas aulas e avaliações.,Destaque: A sua boa integração aos Princípios Passos Mágicos.,2.0,0.0,False,False,False,False,False,False,False,False,False,False,False,False,False,False
RA-847,2022,Aluno-847,0,Y,Masculino,9.0,2022,Escola Pública,,,Ágata,6.839,5.0,7.7,8.2,7.9,4.4,,7.417,Fase 1 (4º ano),-1,False,False,7.8,7.6,,543.0,154.0,9.0,2.0,Sem limitações,Destaque: A sua boa entrega das lições de casa.,Destaque: As suas boas notas na Passos Mágicos.,Melhorar: Integrar-se mais aos Princípios Passos Mágicos.,1.0,0.0,False,False,False,False,False,False,False,False,False,False,False,True,False,False
RA-848,2022,Aluno-848,0,Y,Masculino,9.0,2022,Escola Pública,,,Ametista,7.488,5.0,9.0,7.0,9.5,7.5,,7.833,Fase 1 (4º ano),-1,False,False,9.8,8.1,,315.0,91.0,6.0,2.0,Não atendido,Melhorar: Melhorar a sua entrega de lições de casa.,Destaque: As suas boas notas na Passos Mágicos.,Destaque: A sua boa integração aos Princípios Passos Mágicos.,1.0,0.0,False,False,False,False,False,False,False,False,False,False,False,False,False,False
RA-849,2022,Aluno-849,0,Y,Masculino,9.0,2022,Escola Pública,,,Ametista,7.369,5.0,9.1,8.3,8.5,7.5,,7.417,Fase 1 (4º ano),-1,False,False,9.8,8.3,,371.0,112.0,8.0,2.0,Não atendido,Destaque: A sua boa entrega das lições de casa.,Destaque: As suas boas notas na Passos Mágicos.,Melhorar: Integrar-se mais aos Princípios Passos Mágicos.,1.0,0.0,False,False,False,False,False,False,False,False,False,False,False,False,False,False
RA-850,2022,Aluno-850,0,Y,Masculino,8.0,2022,Escola Pública,,,Ametista,7.641,10.0,8.5,7.3,10.0,7.5,,7.167,ALFA  (2º e 3º ano),0,False,False,8.1,8.8,,258.0,73.0,4.0,2.0,Não atendido,Melhorar: Melhorar a sua entrega de lições de casa.,Destaque: As suas boas notas na Passos Mágicos.,Melhorar: Integrar-se mais aos Princípios Passos Mágicos.,2.0,0.0,False,False,False,False,False,False,False,False,False,False,False,False,False,False
RA-851,2022,Aluno-851,0,Y,Masculino,8.0,2022,Escola Pública,,,Ametista,7.515,10.0,8.3,7.9,9.0,7.5,,6.583,ALFA  (2º e 3º ano),0,False,False,7.9,8.7,,303.0,86.0,5.0,2.0,Não atendido,Destaque: A sua boa entrega das lições de casa.,Destaque: As suas boas notas na Passos Mágicos.,Melhorar: Integrar-se mais aos Princípios Passos Mágicos.,2.0,0.0,False,False,False,False,False,False,False,False,False,False,False,False,False,False
RA-852,2022,Aluno-852,0,Z,Feminino,7.0,2022,Escola Pública,,,Quartzo,5.666,10.0,2.1,6.8,9.0,5.0,,5.5,ALFA  (2º e 3º ano),0,False,False,2.5,1.8,,767.0,184.0,9.0,2.0,Não indicado,Melhorar: Melhorar a sua entrega de lições de casa.,Melhorar: Empenhar-se mais nas aulas e avaliações.,Melhorar: Integrar-se mais aos Princípios Passos Mágicos.,2.0,0.0,False,False,False,False,False,False,False,False,False,False,False,False,False,False
RA-853,2022,Aluno-853,0,Z,Feminino,8.0,2022,Escola Pública,,,Topázio,8.616,10.0,8.5,9.6,10.0,7.5,,8.5,ALFA  (2º e 3º ano),0,True,False,8.8,8.2,,28.0,3.0,1.0,2.0,Não atendido,Destaque: A sua boa entrega das lições de casa.,Destaque: As suas boas notas na Passos Mágicos.,Destaque: A sua boa integração aos Princípios Passos Mágicos.,2.0,0.0,False,False,False,False,False,False,False,False,False,False,False,False,False,False
RA-854,2022,Aluno-854,0,Z,Feminino,8.0,2022,Escola Pública,,,Topázio,8.098,10.0,9.3,9.0,8.0,7.5,,7.167,ALFA  (2º e 3º ano),0,False,False,9.5,9.0,,116.0,32.0,7.0,2.0,Não atendido,Destaque: A sua boa entrega das lições de casa.,Destaque: As suas boas notas na Passos Mágicos.,Melhorar: Integrar-se mais aos Princípios Passos Mágicos.,2.0,0.0,False,False,False,False,False,False,False,False,False,False,False,False,False,False
RA-855,2022,Aluno-855,0,Z,Feminino,9.0,2022,Escola Pública,,,Topázio,8.453,5.0,9.7,9.6,10.0,7.5,,9.0,Fase 1 (4º ano),-1,True,False,9.7,9.6,,41.0,9.0,2.0,2.0,Não atendido,Destaque: A sua boa entrega das lições de casa.,Destaque: As suas boas notas na Passos Mágicos.,Destaque: A sua boa integração aos Princípios Passos Mágicos.,1.0,0.0,False,False,False,False,False,False,False,False,False,False,False,False,False,False
RA-856,2022,Aluno-856,0,Z,Masculino,7.0,2022,Escola Pública,,,Topázio,8.398,10.0,8.4,9.1,10.0,7.5,,8.0,ALFA  (2º e 3º ano),0,False,False,8.5,8.2,,48.0,10.0,3.0,2.0,Não atendido,Destaque: A sua boa entrega das lições de casa.,Destaque: As suas boas notas na Passos Mágicos.,Destaque: A sua boa integração aos Princípios Passos Mágicos.,2.0,0.0,False,False,False,False,False,False,False,False,False,False,False,False,False,False
RA-857,2022,Aluno-857,0,Z,Feminino,9.0,2022,Escola Pública,,,Topázio,8.154,5.0,9.5,8.9,8.5,7.5,,9.083,Fase 1 (4º ano),-1,True,False,9.6,9.3,,97.0,27.0,5.0,2.0,Não atendido,Destaque: A sua boa entrega das lições de casa.,Destaque: As suas boas notas na Passos Mágicos.,Destaque: A sua boa integração aos Princípios Passos Mágicos.,1.0,0.0,False,False,False,False,False,False,False,False,False,False,False,False,False,False
RA-858,2022,Aluno-858,0,Z,Masculino,7.0,2022,Escola Pública,,,Ametista,7.523,10.0,7.7,7.1,10.0,5.6,,7.333,ALFA  (2º e 3º ano),0,False,False,8.4,6.9,,301.0,84.0,8.0,2.0,Requer avaliação,Melhorar: Melhorar a sua entrega de lições de casa.,Destaque: As suas boas notas na Passos Mágicos.,Melhorar: Integrar-se mais aos Princípios Passos Mágicos.,2.0,0.0,False,False,False,False,False,False,False,False,False,False,False,False,False,False
RA-859,2022,Aluno-859,0,Z,Feminino,7.0,2022,Escola Pública,,,Topázio,8.325,10.0,8.9,8.7,8.5,7.5,,8.25,ALFA  (2º e 3º ano),0,False,False,9.4,8.4,,58.0,15.0,4.0,2.0,Não atendido,Destaque: A sua boa entrega das lições de casa.,Destaque: As suas boas notas na Passos Mágicos.,Destaque: A sua boa integração aos Princípios Passos Mágicos.,2.0,0.0,False,False,False,False,False,False,False,False,False,False,False,False,False,False
RA-860,2022,Aluno-860,0,Z,Masculino,7.0,2022,Escola Pública,,,Topázio,8.136,10.0,8.1,8.5,9.5,7.5,,7.75,ALFA  (2º e 3º ano),0,False,False,8.9,7.2,,104.0,29.0,6.0,2.0,Não atendido,Destaque: A sua boa entrega das lições de casa.,Destaque: As suas boas notas na Passos Mágicos.,Destaque: A sua boa integração aos Princípios Passos Mágicos.,2.0,0.0,False,False,False,False,False,False,False,False,False,False,False,False,False,False
RA-861,2023,Aluno-861,ALFA,ALFA A - G0/G1,Feminino,8.0,2023,Pública,,,Topázio,9.31095,10.0,9.6,10.0,9.5,8.13,8.4375,8.92,ALFA (1° e 2° ano),0,,,9.8,9.4,,,,,2.0,,,,,1.0,,False,False,False,False,False,False,False,False,False,False,False,False,False,False
RA-862,2023,Aluno-862,ALFA,ALFA A - G0/G1,Masculino,9.0,2023,Pública,,,Topázio,8.2212,5.0,8.9,9.1,8.5,8.14,7.5,8.585,Fase 1 (3° e 4° ano),-1,,,8.5,9.2,,,,,2.0,,,,,1.0,,False,False,False,False,False,False,False,False,False,False,False,False,False,False
RA-863,2023,Aluno-863,ALFA,ALFA A - G0/G1,Masculino,7.0,2023,Pública,,,Quartzo,5.92975,10.0,6.3,7.6,0.0,3.14,5.9375,6.26,ALFA (1° e 2° ano),0,,,7.0,5.5,,,,,2.0,,,,,1.0,,True,False,False,False,False,False,False,False,False,False,True,False,False,False
RA-864,2023,Aluno-864,ALFA,ALFA A - G0/G1,Feminino,,2023,Pública,,,Ametista,7.034,10.0,6.3,7.6,0.0,8.14,7.5,8.5,ALFA (1° e 2° ano),0,,,7.0,5.5,,,,,2.0,,,,,1.0,,True,False,False,False,False,False,False,False,False,False,True,False,False,False
RA-865,2023,Aluno-865,ALFA,ALFA A - G0/G1,Masculino,8.0,2023,Pública,,,Topázio,8.1552,10.0,7.4,8.7,8.5,7.52,7.5,7.915,ALFA (1° e 2° ano),0,,,7.3,7.5,,,,,2.0,,,,,1.0,,False,False,False,False,False,False,False,False,False,False,False,False,False,False
RA-866,2023,Aluno-866,ALFA,ALFA A - G0/G1,Feminino,,2023,Pública,,,Ametista,7.679,10.0,8.6,8.3,0.0,8.76,7.5,8.415,ALFA (1° e 2° ano),0,,,8.2,8.9,,,,,2.0,,,,,1.0,,True,False,False,False,False,False,False,False,False,False,True,False,False,False
RA-867,2023,Aluno-867,ALFA,ALFA A - G0/G1,Masculino,8.0,2023,Pública,,,Topázio,8.6992,10.0,8.9,8.6,9.0,8.76,7.5,8.415,ALFA (1° e 2° ano),0,,,8.7,9.0,,,,,2.0,,,,,1.0,,False,False,False,False,False,False,False,False,False,False,False,False,False,False
RA-868,2023,Aluno-868,ALFA,ALFA A - G0/G1,Masculino,,2023,Pública,,,Topázio,8.63895,10.0,7.1,9.5,10.0,8.76,7.1875,8.67,ALFA (1° e 2° ano),0,,,7.8,6.3,,,,,2.0,,,,,1.0,,False,False,False,False,False,False,False,False,False,False,False,False,False,False
RA-869,2023,Aluno-869,ALFA,ALFA A - G0/G1,Feminino,8.0,2023,Pública,,,Topázio,9.2587,10.0,9.6,10.0,9.0,8.76,8.125,8.75,ALFA (1° e 2° ano),0,,,9.8,9.4,,,,,2.0,,,,,1.0,,False,False,False,False,False,False,False,False,False,False,False,False,False,False
RA-870,2023,Aluno-870,ALFA,ALFA A - G0/G1,Feminino,9.0,2023,Pública,,,Quartzo,4.909,5.0,1.5,8.5,0.0,8.76,5.0,5.165,Fase 1 (3° e 4° ano),-1,,,2.0,1.0,,,,,2.0,,,,,1.0,,True,False,False,False,False,False,False,False,True,False,True,False,True,True
RA-871,2023,Aluno-871,ALFA,ALFA B - G2/G3,Masculino,9.0,2023,Pública,,,Ágata,6.8617,5.0,6.9,9.5,9.0,3.76,4.375,6.84,Fase 1 (3° e 4° ano),-1,,,6.8,7.0,,,,,2.0,,,,,1.0,,False,False,False,False,False,False,False,False,False,False,False,False,True,False
RA-872,2023,Aluno-872,ALFA,ALFA B - G2/G3,Feminino,10.0,2023,Pública,,,Quartzo,5.267,5.0,4.3,6.7,0.0,2.52,6.25,8.5,Fase 2 (5° e 6° ano),-2,,,5.5,3.0,,,,,2.0,,,,,2.0,,True,False,False,False,False,False,False,False,False,False,True,False,False,False
RA-873,2023,Aluno-873,ALFA,ALFA B - G2/G3,Feminino,,2023,Pública,,,Ametista,7.8012,5.0,7.0,9.7,8.5,7.52,6.25,8.67,Fase 2 (5° e 6° ano),-2,,,7.2,6.8,,,,,2.0,,,,,2.0,,False,False,False,False,False,False,False,False,False,False,False,False,False,False
RA-874,2023,Aluno-874,ALFA,ALFA B - G2/G3,Masculino,9.0,2023,Pública,,,Quartzo,5.811,5.0,4.8,8.2,0.0,7.52,6.25,6.67,Fase 1 (3° e 4° ano),-1,,,6.3,3.3,,,,,2.0,,,,,1.0,,True,False,False,False,False,False,False,False,False,False,True,False,False,False
RA-875,2023,Aluno-875,ALFA,ALFA B - G2/G3,Masculino,9.0,2023,Pública,,,Topázio,8.2712,5.0,7.3,9.5,9.5,7.52,7.5,9.845,Fase 1 (3° e 4° ano),-1,,,7.0,7.5,,,,,2.0,,,,,1.0,,False,False,False,False,False,False,False,False,False,False,False,False,False,False
RA-876,2023,Aluno-876,ALFA,ALFA B - G2/G3,Masculino,,2023,Pública,,,Topázio,8.6492,10.0,7.5,9.4,10.0,7.52,7.5,8.835,ALFA (1° e 2° ano),0,,,7.3,7.7,,,,,2.0,,,,,1.0,,False,False,False,False,False,False,False,False,False,False,False,False,False,False
RA-877,2023,Aluno-877,ALFA,ALFA B - G2/G3,Masculino,9.0,2023,Pública,,,Ametista,7.4722,5.0,6.9,9.5,9.5,7.52,5.0,7.5,Fase 1 (3° e 4° ano),-1,,,7.5,6.2,,,,,2.0,,,,,1.0,,False,False,False,False,False,False,False,False,False,False,False,False,True,False
RA-878,2023,Aluno-878,ALFA,ALFA B - G2/G3,Masculino,10.0,2023,Pública,,,Ágata,6.24,5.0,8.1,9.5,0.0,2.52,5.0,7.34,Fase 2 (5° e 6° ano),-2,,,8.0,8.2,,,,,2.0,,,,,2.0,,True,False,False,False,False,False,False,False,False,False,True,False,True,False
RA-879,2023,Aluno-879,ALFA,ALFA B - G2/G3,Feminino,,2023,Pública,,,Ágata,6.8225,5.0,8.2,9.8,0.0,2.52,6.875,8.915,Fase 1 (3° e 4° ano),-1,,,8.2,8.2,,,,,2.0,,,,,1.0,,True,False,False,False,False,False,False,False,False,False,True,False,False,False
RA-880,2023,Aluno-880,ALFA,ALFA B - G2/G3,Feminino,7.0,2023,Pública,,,Ágata,6.724,10.0,6.3,9.4,0.0,2.52,6.25,8.585,ALFA (1° e 2° ano),0,,,6.3,6.2,,,,,2.0,,,,,1.0,,True,False,False,False,False,False,False,False,False,False,True,False,False,False
RA-881,2023,Aluno-881,ALFA,ALFA B - G2/G3,Masculino,8.0,2023,Pública,,,Ametista,7.7322,10.0,7.3,8.9,10.0,7.52,5.0,6.25,ALFA (1° e 2° ano),0,,,7.5,7.0,,,,,2.0,,,,,1.0,,False,False,False,False,False,False,False,False,False,False,False,False,True,False
RA-882,2023,Aluno-882,ALFA,ALFA C - G0/G1,Feminino,8.0,2023,Pública,,,Ágata,6.0092,10.0,4.7,8.6,9.0,2.52,3.75,4.16,ALFA (1° e 2° ano),0,,,4.8,4.5,,,,,2.0,,,,,1.0,,False,False,False,False,False,False,False,False,False,False,False,False,True,True
RA-883,2023,Aluno-883,ALFA,ALFA C - G0/G1,Feminino,,2023,Pública,,,Topázio,8.5082,10.0,8.4,9.7,9.5,6.89,6.25,8.17,ALFA (1° e 2° ano),0,,,8.0,8.7,,,,,2.0,,,,,1.0,,False,False,False,False,False,False,False,False,False,False,False,False,False,False
RA-884,2023,Aluno-884,ALFA,ALFA C - G0/G1,Feminino,,2023,Pública,,,Topázio,8.4587,10.0,8.8,9.7,9.0,4.39,6.875,8.66,ALFA (1° e 2° ano),0,,,8.4,9.2,,,,,2.0,,,,,1.0,,False,False,False,False,False,False,False,False,False,False,False,False,False,False
RA-885,2023,Aluno-885,ALFA,ALFA C - G0/G1,Masculino,7.0,2023,Pública,,,Topázio,8.8252,10.0,8.7,9.8,9.0,7.52,7.5,8.665,ALFA (1° e 2° ano),0,,,8.5,8.8,,,,,2.0,,,,,1.0,,False,False,False,False,False,False,False,False,False,False,False,False,False,False
RA-886,2023,Aluno-886,ALFA,ALFA C - G0/G1,Feminino,,2023,Pública,,,Topázio,8.6422,10.0,8.1,9.4,8.5,7.52,7.5,9.0,ALFA (1° e 2° ano),0,,,7.6,8.5,,,,,2.0,,,,,1.0,,False,False,False,False,False,False,False,False,False,False,False,False,False,False
RA-887,2023,Aluno-887,ALFA,ALFA C - G0/G1,Masculino,8.0,2023,Pública,,,Topázio,8.6718,10.0,8.4,8.9,8.9,7.52,7.5,9.09,ALFA (1° e 2° ano),0,,,7.8,9.0,,,,,2.0,,,,,1.0,,False,False,False,False,False,False,False,False,False,False,False,False,False,False
RA-888,2023,Aluno-888,ALFA,ALFA C - G0/G1,Masculino,,2023,Pública,,,Topázio,8.9182,10.0,8.8,10.0,9.0,7.52,7.5,8.83,ALFA (1° e 2° ano),0,,,8.2,9.3,,,,,2.0,,,,,1.0,,False,False,False,False,False,False,False,False,False,False,False,False,False,False
RA-889,2023,Aluno-889,ALFA,ALFA C - G0/G1,Masculino,,2023,Pública,,,Topázio,8.8092,10.0,9.1,9.5,8.5,6.89,7.5,9.0,ALFA (1° e 2° ano),0,,,8.7,9.5,,,,,2.0,,,,,1.0,,False,False,False,False,False,False,False,False,False,False,False,False,False,False
RA-890,2023,Aluno-890,ALFA,ALFA C - G0/G1,Masculino,8.0,2023,Pública,,,Ágata,6.989,10.0,8.3,9.1,0.0,2.52,6.25,8.16,ALFA (1° e 2° ano),0,,,8.0,8.6,,,,,2.0,,,,,1.0,,True,False,False,False,False,False,False,False,False,False,True,False,False,False
RA-891,2023,Aluno-891,ALFA,ALFA C - G0/G1,Feminino,,2023,Pública,,,Ametista,7.8882,5.0,7.5,9.5,9.5,6.89,7.5,7.995,Fase 1 (3° e 4° ano),-1,,,6.2,8.8,,,,,2.0,,,,,1.0,,False,False,False,False,False,False,False,False,False,False,False,False,False,False
RA-684,2023,Aluno-684,ALFA,ALFA D - G2/G3,Masculino,8.0,2022,Privada,,,Ametista,7.4277,10.0,6.5,8.1,9.0,7.52,6.875,5.84,ALFA (1° e 2° ano),0,,,8.3,4.7,,,,,2.0,,,,,1.0,,False,False,False,False,False,False,False,False,False,False,False,False,False,False
RA-892,2023,Aluno-892,ALFA,ALFA D - G2/G3,Masculino,8.0,2023,Pública,,,Topázio,8.8112,10.0,8.3,9.6,8.0,6.89,7.5,10.01,ALFA (1° e 2° ano),0,,,8.5,8.0,,,,,2.0,,,,,1.0,,False,False,False,False,False,False,False,False,False,False,False,False,False,False
RA-857,2023,Aluno-857,ALFA,ALFA D - G2/G3,Feminino,9.0,2022,Pública,,,Topázio,8.1442,5.0,8.5,9.0,8.5,7.52,7.5,9.01,Fase 1 (3° e 4° ano),-1,,,8.7,8.2,,,,,2.0,,,,,1.0,,False,False,False,False,False,False,False,False,False,False,False,False,False,False
RA-893,2023,Aluno-893,ALFA,ALFA D - G2/G3,Masculino,,2023,Pública,,,Topázio,8.8042,5.0,9.3,10.0,9.5,7.52,7.5,10.01,Fase 1 (3° e 4° ano),-1,,,9.5,9.0,,,,,2.0,,,,,1.0,,False,False,False,False,False,False,False,False,False,False,False,False,False,False
RA-894,2023,Aluno-894,ALFA,ALFA D - G2/G3,Feminino,9.0,2023,Pública,,,Topázio,8.8142,5.0,9.4,9.9,9.5,7.52,7.5,10.01,Fase 1 (3° e 4° ano),-1,,,9.3,9.5,,,,,2.0,,,,,1.0,,False,False,False,False,False,False,False,False,False,False,False,False,False,False
RA-690,2023,Aluno-690,ALFA,ALFA D - G2/G3,Feminino,,2022,Pública,,,Topázio,8.6112,5.0,9.1,9.8,9.0,6.89,7.5,10.01,Fase 2 (5° e 6° ano),-2,,,9.3,8.8,,,,,2.0,,,,,2.0,,False,False,False,False,False,False,False,False,False,False,False,False,False,False
RA-895,2023,Aluno-895,ALFA,ALFA D - G2/G3,Feminino,8.0,2023,Pública,,,Topázio,8.5397,10.0,6.8,9.5,9.5,7.52,6.875,9.5,ALFA (1° e 2° ano),0,,,6.8,6.7,,,,,2.0,,,,,1.0,,False,False,False,False,False,False,False,False,False,False,False,False,False,False
RA-896,2023,Aluno-896,ALFA,ALFA D - G2/G3,Masculino,7.0,2023,Pública,,,Topázio,9.0912,10.0,8.5,10.0,9.5,6.89,7.5,10.01,ALFA (1° e 2° ano),0,,,9.0,8.0,,,,,2.0,,,,,1.0,,False,False,False,False,False,False,False,False,False,False,False,False,False,False
RA-693,2023,Aluno-693,ALFA,ALFA D - G2/G3,Feminino,,2022,Pública,,,Topázio,9.0112,10.0,8.5,9.4,10.0,6.89,7.5,10.01,ALFA (1° e 2° ano),0,,,8.2,8.7,,,,,2.0,,,,,1.0,,False,False,False,False,False,False,False,False,False,False,False,False,False,False
RA-675,2023,Aluno-675,ALFA,ALFA D - G2/G3,Masculino,,2022,Pública,,,Topázio,8.3577,10.0,8.3,8.0,10.0,7.52,6.875,8.34,ALFA (1° e 2° ano),0,,,8.5,8.0,,,,,2.0,,,,,1.0,,False,False,False,False,False,False,False,False,False,False,False,False,False,False
RA-850,2023,Aluno-850,ALFA,ALFA D - G2/G3,Masculino,9.0,2022,Pública,,,Ágata,6.06525,5.0,7.3,7.9,0.0,6.26,6.5625,6.265,Fase 1 (3° e 4° ano),-1,,,6.8,7.7,,,,,2.0,,,,,1.0,,True,False,False,False,False,False,False,False,False,False,True,False,False,False
RA-897,2023,Aluno-897,ALFA,ALFA D - G2/G3,Masculino,,2023,Pública,,,Quartzo,5.48225,5.0,6.5,8.1,0.0,7.52,6.5625,3.32,Fase 1 (3° e 4° ano),-1,,,7.2,5.7,,,,,2.0,,,,,1.0,,True,False,False,False,False,False,False,False,False,False,True,False,False,True
RA-842,2023,Aluno-842,ALFA,ALFA E - G2/G3,Feminino,9.0,2022,Pública,,,Ametista,7.2117,5.0,7.9,8.5,9.0,3.77,5.625,8.01,Fase 1 (3° e 4° ano),-1,,,8.2,7.5,,,,,2.0,,,,,1.0,,False,False,False,False,False,False,False,False,False,False,False,False,False,False
RA-898,2023,Aluno-898,ALFA,ALFA E - G2/G3,Masculino,,2023,Pública,,,Topázio,8.4217,5.0,9.4,9.8,9.0,3.77,8.125,10.01,Fase 1 (3° e 4° ano),-1,,,9.7,9.0,,,,,2.0,,,,,1.0,,False,False,False,False,False,False,False,False,False,False,False,False,False,False
RA-899,2023,Aluno-899,ALFA,ALFA E - G2/G3,Masculino,8.0,2023,Pública,,,Topázio,8.8452,10.0,9.5,9.8,10.0,3.77,7.5,9.34,ALFA (1° e 2° ano),0,,,9.3,9.6,,,,,2.0,,,,,1.0,,False,False,False,False,False,False,False,False,False,False,False,False,False,False
RA-900,2023,Aluno-900,ALFA,ALFA E - G2/G3,Feminino,8.0,2023,Pública,,,Topázio,8.8947,10.0,7.8,9.8,9.0,9.38,8.125,8.67,ALFA (1° e 2° ano),0,,,8.0,7.5,,,,,2.0,,,,,1.0,,False,False,False,False,False,False,False,False,False,False,False,False,False,False
RA-846,2023,Aluno-846,ALFA,ALFA E - G2/G3,Feminino,8.0,2022,Pública,,,Ametista,7.4637,10.0,6.0,8.2,9.5,3.77,5.625,8.67,ALFA (1° e 2° ano),0,,,6.3,5.7,,,,,2.0,,,,,1.0,,False,False,False,False,False,False,False,False,False,False,False,False,False,False
RA-901,2023,Aluno-901,ALFA,ALFA E - G2/G3,Masculino,10.0,2023,Pública,,,Ametista,7.3112,5.0,7.5,8.7,8.5,3.77,6.25,8.595,Fase 2 (5° e 6° ano),-2,,,7.7,7.3,,,,,2.0,,,,,2.0,,False,False,False,False,False,False,False,False,False,False,False,False,False,False
RA-743,2023,Aluno-743,ALFA,ALFA E - G2/G3,Feminino,10.0,2022,Pública,,,Ágata,6.659,5.0,7.1,9.1,0.0,3.77,7.5,9.01,Fase 2 (5° e 6° ano),-2,,,7.3,6.8,,,,,2.0,,,,,2.0,,True,False,False,False,False,False,False,False,False,False,True,False,False,False
RA-681,2023,Aluno-681,ALFA,ALFA E - G2/G3,Masculino,10.0,2022,Pública,,,Ágata,6.2955,5.0,8.3,7.8,0.0,3.77,5.625,8.18,Fase 2 (5° e 6° ano),-2,,,8.8,7.8,,,,,2.0,,,,,2.0,,True,False,False,False,False,False,False,False,False,False,True,False,False,False
RA-902,2023,Aluno-902,ALFA,ALFA E - G2/G3,Masculino,12.0,2023,Pública,,,Quartzo,5.97345,2.5,3.9,9.3,10.0,2.52,5.3125,6.5,Fase 3 (7° e 8° ano),-3,,,4.5,3.3,,,,,2.0,,,,,3.0,,False,False,False,False,False,False,False,False,False,False,False,False,True,False
RA-903,2023,Aluno-903,ALFA,ALFA E - G2/G3,Feminino,,2023,Pública,,,Topázio,8.5242,10.0,7.8,9.6,10.0,5.02,7.5,9.01,ALFA (1° e 2° ano),0,,,7.7,7.8,,,,,2.0,,,,,1.0,,False,False,False,False,False,False,False,False,False,False,False,False,False,False
RA-851,2023,Aluno-851,ALFA,ALFA E - G2/G3,Masculino,,2022,Pública,,,Ágata,6.1683,5.0,6.6,7.5,8.4,2.52,5.625,6.01,Fase 1 (3° e 4° ano),-1,,,6.8,6.3,,,,,2.0,,,,,1.0,,False,False,False,False,False,False,False,False,False,False,False,False,False,False
RA-847,2023,Aluno-847,ALFA,ALFA E - G2/G3,Masculino,10.0,2022,Pública,,,Ágata,6.5418,5.0,7.6,9.1,7.9,2.52,5.0,5.84,Fase 2 (5° e 6° ano),-2,,,7.5,7.6,,,,,2.0,,,,,2.0,,False,False,False,False,False,False,False,False,False,False,False,False,True,False
RA-904,2023,Aluno-904,ALFA,ALFA F - G0/G1,Feminino,,2023,Pública,,,Topázio,8.140783333,10.0,6.4,9.3,9.0,7.52,7.8125,7.836666667,ALFA (1° e 2° ano),0,,,6.0,6.8,,,,,2.0,,,,,1.0,,False,False,False,False,False,False,False,False,False,False,False,False,False,False
RA-858,2023,Aluno-858,ALFA,ALFA F - G0/G1,Masculino,,2022,Pública,,,Ametista,7.248833333,10.0,9.3,8.1,0.0,3.77,8.125,7.946666667,ALFA (1° e 2° ano),0,,,9.3,9.2,,,,,2.0,,,,,1.0,,True,False,False,False,False,False,False,False,False,False,True,False,False,False
RA-905,2023,Aluno-905,ALFA,ALFA F - G0/G1,Masculino,9.0,2023,Pública,,,Ametista,7.831033333,5.0,8.3,9.4,9.5,7.52,6.875,7.056666667,Fase 1 (3° e 4° ano),-1,,,7.5,9.0,,,,,2.0,,,,,1.0,,False,False,False,False,False,False,False,False,False,False,False,False,False,False
RA-702,2023,Aluno-702,ALFA,ALFA F - G0/G1,Feminino,,2022,Pública,,,Topázio,8.239866667,5.0,9.3,10.0,10.0,5.63,7.5,7.833333333,Fase 1 (3° e 4° ano),-1,,,9.3,9.3,,,,,2.0,,,,,1.0,,False,False,False,False,False,False,False,False,False,False,False,False,False,False
RA-725,2023,Aluno-725,ALFA,ALFA F - G0/G1,Masculino,9.0,2022,Pública,,,Topázio,8.117366667,5.0,8.4,9.0,9.5,7.52,8.125,8.113333333,Fase 1 (3° e 4° ano),-1,,,8.1,8.7,,,,,2.0,,,,,1.0,,False,False,False,False,False,False,False,False,False,False,False,False,False,False
RA-906,2023,Aluno-906,ALFA,ALFA F - G0/G1,Masculino,,2023,Pública,,,Topázio,8.1922,10.0,8.6,9.2,7.5,7.52,7.5,6.95,ALFA (1° e 2° ano),0,,,7.7,9.4,,,,,2.0,,,,,1.0,,False,False,False,False,False,False,False,False,False,False,False,False,False,False
RA-907,2023,Aluno-907,ALFA,ALFA F - G0/G1,Feminino,8.0,2023,Privada,,,Topázio,8.962033333,10.0,9.3,9.6,9.5,7.52,8.125,8.336666667,ALFA (1° e 2° ano),0,,,9.2,9.4,,,,,2.0,,,,,1.0,,False,False,False,False,False,False,False,False,False,False,False,False,False,False
RA-908,2023,Aluno-908,ALFA,ALFA F - G0/G1,Feminino,,2023,Pública,,,Topázio,8.479366667,10.0,7.9,9.0,9.0,7.52,8.125,8.223333333,ALFA (1° e 2° ano),0,,,6.7,9.0,,,,,2.0,,,,,1.0,,False,False,False,False,False,False,False,False,False,False,False,False,False,False
RA-909,2023,Aluno-909,ALFA,ALFA F - G0/G1,Feminino,10.0,2023,Pública,,,Topázio,8.486033333,5.0,9.2,9.9,10.0,7.52,8.125,8.056666667,Fase 2 (5° e 6° ano),-2,,,9.1,9.2,,,,,2.0,,,,,2.0,,False,False,False,False,False,False,False,False,False,False,False,False,False,False
RA-708,2023,Aluno-708,ALFA,ALFA F - G0/G1,Masculino,9.0,2022,Pública,,,Ametista,7.5105,5.0,9.2,9.8,0.0,7.52,8.125,8.28,Fase 1 (3° e 4° ano),-1,,,8.8,9.5,,,,,2.0,,,,,1.0,,True,False,False,False,False,False,False,False,False,False,True,False,False,False
RA-910,2023,Aluno-910,ALFA,ALFA F - G0/G1,Masculino,8.0,2023,Pública,,,Ametista,7.801,10.0,8.9,8.8,0.0,7.52,8.75,8.17,ALFA (1° e 2° ano),0,,,8.8,9.0,,,,,2.0,,,,,1.0,,True,False,False,False,False,False,False,False,False,False,True,False,False,False
RA-671,2023,Aluno-671,ALFA,ALFA G - G2/G3,Masculino,,2021,Pública,,,Ágata,6.5143,5.0,7.8,8.3,7.9,3.14,5.625,5.68,Fase 2 (5° e 6° ano),-2,,,8.0,7.5,,,,,2.0,,,,,2.0,,False,False,False,False,False,False,False,False,False,False,False,False,False,False
RA-836,2023,Aluno-836,ALFA,ALFA G - G2/G3,Masculino,,2022,Pública,,,Ametista,7.6417,5.0,6.7,9.6,9.5,6.27,6.875,8.085,Fase 2 (5° e 6° ano),-2,,,6.7,6.7,,,,,2.0,,,,,2.0,,False,False,False,False,False,False,False,False,False,False,False,False,False,False
RA-911,2023,Aluno-911,ALFA,ALFA G - G2/G3,Masculino,11.0,2023,Pública,,,Quartzo,5.59545,5.0,3.4,6.7,9.0,2.52,5.3125,7.01,Fase 2 (5° e 6° ano),-2,,,3.7,3.0,,,,,2.0,,,,,2.0,,False,False,False,False,False,False,False,False,False,False,False,False,True,False
RA-860,2023,Aluno-860,ALFA,ALFA G - G2/G3,Masculino,,2022,Pública,,,Topázio,8.2372,10.0,7.4,9.8,7.0,6.89,7.5,8.34,ALFA (1° e 2° ano),0,,,7.2,7.5,,,,,2.0,,,,,1.0,,False,False,False,False,False,False,False,False,False,False,False,False,False,False
RA-727,2023,Aluno-727,ALFA,ALFA G - G2/G3,Masculino,,2022,Pública,,,Ametista,7.6802,5.0,8.0,8.8,9.5,2.52,7.5,9.34,Fase 1 (3° e 4° ano),-1,,,8.3,7.7,,,,,2.0,,,,,1.0,,False,False,False,False,False,False,False,False,False,False,False,False,False,False
RA-739,2023,Aluno-739,ALFA,ALFA G - G2/G3,Masculino,9.0,2022,Pública,,,Ametista,7.5972,5.0,7.6,8.3,9.0,7.52,6.25,8.25,Fase 1 (3° e 4° ano),-1,,,7.3,7.8,,,,,2.0,,,,,1.0,,False,False,False,False,False,False,False,False,False,False,False,False,False,False
RA-740,2023,Aluno-740,ALFA,ALFA G - G2/G3,Feminino,10.0,2022,Privada,,,Ametista,7.2845,5.0,9.1,8.7,0.0,7.52,6.875,8.925,Fase 2 (5° e 6° ano),-2,,,9.0,9.2,,,,,2.0,,,,,2.0,,True,False,False,False,False,False,False,False,False,False,True,False,False,False
RA-912,2023,Aluno-912,ALFA,ALFA G - G2/G3,Feminino,9.0,2023,Pública,,,Ametista,7.0797,5.0,6.3,9.4,7.0,7.52,5.625,7.175,Fase 1 (3° e 4° ano),-1,,,6.2,6.3,,,,,2.0,,,,,1.0,,False,False,False,False,False,False,False,False,False,False,False,False,False,False
RA-706,2023,Aluno-706,ALFA,ALFA G - G2/G3,Feminino,,2021,Pública,,,Ametista,7.1527,5.0,7.3,7.8,9.0,4.39,6.875,8.08,Fase 2 (5° e 6° ano),-2,,,6.7,7.8,,,,,2.0,,,,,2.0,,False,False,False,False,False,False,False,False,False,False,False,False,False,False
RA-840,2023,Aluno-840,ALFA,ALFA G - G2/G3,Masculino,,2022,Pública,,,Ametista,7.7862,5.0,8.2,9.0,9.5,4.38,7.5,8.59,Fase 1 (3° e 4° ano),-1,,,8.3,8.0,,,,,2.0,,,,,1.0,,False,False,False,False,False,False,False,False,False,False,False,False,False,False
RA-841,2023,Aluno-841,ALFA,ALFA G - G2/G3,Masculino,11.0,2022,Pública,,,Ágata,6.78,5.0,6.9,7.2,0.0,7.52,7.5,9.84,Fase 2 (5° e 6° ano),-2,,,6.7,7.0,,,,,2.0,,,,,2.0,,True,False,False,False,False,False,False,False,False,False,True,False,False,False
RA-709,2023,Aluno-709,ALFA,ALFA G - G2/G3,Feminino,11.0,2022,Pública,,,Ágata,6.6927,5.0,4.9,7.9,10.0,7.52,5.625,6.59,Fase 2 (5° e 6° ano),-2,,,5.5,4.3,,,,,2.0,,,,,2.0,,False,False,False,False,False,False,False,False,False,False,False,False,False,False
RA-913,2023,Aluno-913,ALFA,ALFA H - G0/G1,Feminino,,2023,Pública,,,Ametista,7.7432,5.0,7.9,8.5,8.0,6.89,6.25,9.245,Fase 2 (5° e 6° ano),-2,,,9.5,6.3,,,,,2.0,,,,,2.0,,False,False,False,False,False,False,False,False,False,False,False,False,False,False
RA-726,2023,Aluno-726,ALFA,ALFA H - G0/G1,Feminino,8.0,2022,Pública,,,Ametista,7.3687,10.0,6.0,6.1,10.0,7.52,5.625,8.17,ALFA (1° e 2° ano),0,,,6.2,5.8,,,,,2.0,,,,,1.0,,False,False,False,False,False,False,False,False,False,False,False,False,False,False
RA-914,2023,Aluno-914,ALFA,ALFA H - G0/G1,Feminino,8.0,2023,Pública,,,Topázio,8.6912,10.0,8.7,9.2,10.0,7.52,6.25,8.67,ALFA (1° e 2° ano),0,,,9.0,8.4,,,,,2.0,,,,,1.0,,False,False,False,False,False,False,False,False,False,False,False,False,False,False
RA-915,2023,Aluno-915,ALFA,ALFA H - G0/G1,Feminino,,2023,Pública,,,Topázio,8.5962,10.0,8.4,8.4,10.0,7.52,7.5,8.67,ALFA (1° e 2° ano),0,,,8.1,8.7,,,,,2.0,,,,,1.0,,False,False,False,False,False,False,False,False,False,False,False,False,False,False
RA-916,2023,Aluno-916,ALFA,ALFA H - G0/G1,Feminino,9.0,2023,Pública,,,Ametista,7.3882,5.0,6.6,9.7,9.5,2.52,6.25,9.005,Fase 1 (3° e 4° ano),-1,,,7.7,5.5,,,,,2.0,,,,,1.0,,False,False,False,False,False,False,False,False,False,False,False,False,False,False
RA-917,2023,Aluno-917,ALFA,ALFA H - G0/G1,Feminino,7.0,2023,Pública,,,Quartzo,5.987,10.0,7.0,7.2,0.0,2.52,6.25,6.35,ALFA (1° e 2° ano),0,,,5.3,8.7,,,,,2.0,,,,,1.0,,True,False,False,False,False,False,False,False,False,False,True,False,False,False
RA-918,2023,Aluno-918,ALFA,ALFA H - G0/G1,Feminino,7.0,2023,Pública,,,Ametista,7.4967,10.0,7.7,8.7,10.0,2.52,5.625,7.01,ALFA (1° e 2° ano),0,,,7.1,8.3,,,,,2.0,,,,,1.0,,False,False,False,False,False,False,False,False,False,False,False,False,False,False
RA-919,2023,Aluno-919,ALFA,ALFA H - G0/G1,Masculino,9.0,2023,Pública,,,Ágata,6.225,5.0,5.3,8.4,0.0,7.52,6.25,8.09,Fase 1 (3° e 4° ano),-1,,,5.5,5.0,,,,,2.0,,,,,1.0,,True,False,False,False,False,False,False,False,False,False,True,False,False,False
RA-920,2023,Aluno-920,ALFA,ALFA H - G0/G1,Feminino,8.0,2023,Pública,,,Ágata,6.9647,10.0,6.1,6.3,9.0,7.52,5.625,6.35,ALFA (1° e 2° ano),0,,,6.0,6.2,,,,,2.0,,,,,1.0,,False,False,False,False,False,False,False,False,False,False,False,False,False,False
RA-921,2023,Aluno-921,ALFA,ALFA I - G2/G3,Feminino,7.0,2023,Pública,,,Ametista,7.7407,10.0,6.3,9.7,9.0,7.52,5.625,6.68,ALFA (1° e 2° ano),0,,,6.5,6.0,,,,,2.0,,,,,1.0,,False,False,False,False,False,False,False,False,False,False,False,False,False,False
RA-922,2023,Aluno-922,ALFA,ALFA I - G2/G3,Feminino,,2023,Pública,,,Topázio,8.5262,10.0,8.4,9.7,8.5,3.14,7.5,10.01,ALFA (1° e 2° ano),0,,,8.5,8.2,,,,,2.0,,,,,1.0,,False,False,False,False,False,False,False,False,False,False,False,False,False,False
RA-715,2023,Aluno-715,ALFA,ALFA I - G2/G3,Feminino,,2022,Pública,,,Quartzo,5.8915,5.0,5.4,9.5,0.0,3.14,5.625,7.675,Fase 2 (5° e 6° ano),-2,,,4.5,6.3,,,,,2.0,,,,,2.0,,True,False,False,False,False,False,False,False,False,False,True,False,False,False
RA-822,2023,Aluno-822,ALFA,ALFA I - G2/G3,Masculino,,2022,Pública,,,Ágata,6.4497,5.0,7.1,8.4,8.5,2.52,5.625,5.925,Fase 2 (5° e 6° ano),-2,,,8.0,6.2,,,,,2.0,,,,,2.0,,False,False,False,False,False,False,False,False,False,False,False,False,False,False
RA-923,2023,Aluno-923,ALFA,ALFA I - G2/G3,Feminino,,2023,Pública,,,Topázio,8.8842,10.0,7.3,9.9,9.5,7.52,7.5,10.01,ALFA (1° e 2° ano),0,,,7.5,7.0,,,,,2.0,,,,,1.0,,False,False,False,False,False,False,False,False,False,False,False,False,False,False
RA-742,2023,Aluno-742,ALFA,ALFA I - G2/G3,Feminino,10.0,2022,Pública,,,Ametista,7.024,5.0,7.5,7.6,0.0,7.52,7.5,10.01,Fase 2 (5° e 6° ano),-2,,,6.2,8.8,,,,,2.0,,,,,2.0,,True,False,False,False,False,False,False,False,False,False,True,False,False,False
RA-924,2023,Aluno-924,ALFA,ALFA I - G2/G3,Masculino,,2023,Pública,,,Ágata,6.5207,10.0,5.0,5.6,9.0,7.52,5.625,5.93,ALFA (1° e 2° ano),0,,,5.0,5.0,,,,,2.0,,,,,1.0,,False,False,False,False,False,False,False,False,False,True,False,False,False,False
RA-925,2023,Aluno-925,ALFA,ALFA I - G2/G3,Masculino,,2023,Pública,,,Ametista,7.1837,10.0,5.4,8.9,9.0,7.52,5.625,5.595,ALFA (1° e 2° ano),0,,,5.2,5.5,,,,,2.0,,,,,1.0,,False,False,False,False,False,False,False,False,False,False,False,False,False,True
RA-853,2023,Aluno-853,ALFA,ALFA J - G2/G3,Feminino,9.0,2022,Pública,,,Ametista,7.8402,5.0,7.4,9.5,10.0,3.77,6.25,9.84,Fase 1 (3° e 4° ano),-1,,,7.2,7.5,,,,,2.0,,,,,1.0,,False,False,False,False,False,False,False,False,False,False,False,False,False,False
RA-854,2023,Aluno-854,ALFA,ALFA J - G2/G3,Feminino,,2022,Pública,,,Ágata,6.6415,10.0,6.0,9.5,0.0,3.77,5.625,8.01,ALFA (1° e 2° ano),0,,,7.5,4.5,,,,,2.0,,,,,1.0,,True,False,False,False,False,False,False,False,False,False,True,False,False,False
RA-700,2023,Aluno-700,ALFA,ALFA J - G2/G3,Feminino,9.0,2022,Pública,,,Topázio,8.2852,5.0,7.8,9.7,9.5,7.52,6.25,9.84,Fase 1 (3° e 4° ano),-1,,,7.5,8.0,,,,,2.0,,,,,1.0,,False,False,False,False,False,False,False,False,False,False,False,False,False,False
RA-701,2023,Aluno-701,ALFA,ALFA J - G2/G3,Masculino,,2021,Pública,,,Ametista,7.3982,5.0,7.2,9.9,9.5,3.77,6.25,7.68,Fase 2 (5° e 6° ano),-2,,,7.3,7.0,,,,,2.0,,,,,2.0,,False,False,False,False,False,False,False,False,False,False,False,False,False,False
RA-856,2023,Aluno-856,ALFA,ALFA J - G2/G3,Masculino,,2022,Pública,,,Ametista,7.3355,10.0,7.3,9.6,0.0,7.52,5.625,8.255,ALFA (1° e 2° ano),0,,,7.5,7.0,,,,,2.0,,,,,1.0,,True,False,False,False,False,False,False,False,False,False,True,False,False,False
RA-672,2023,Aluno-672,ALFA,ALFA J - G2/G3,Feminino,10.0,2021,Pública,,,Ágata,6.5623,5.0,6.4,9.5,7.9,2.52,5.625,6.43,Fase 2 (5° e 6° ano),-2,,,6.0,6.7,,,,,2.0,,,,,2.0,,False,False,False,False,False,False,False,False,False,False,False,False,False,False
RA-859,2023,Aluno-859,ALFA,ALFA J - G2/G3,Feminino,8.0,2022,Pública,,,Topázio,8.6042,10.0,7.3,9.2,8.0,7.52,7.5,10.01,ALFA (1° e 2° ano),0,,,6.8,7.8,,,,,2.0,,,,,1.0,,False,False,False,False,False,False,False,False,False,False,False,False,False,False
RA-704,2023,Aluno-704,ALFA,ALFA J - G2/G3,Masculino,,2022,Pública,,,Ágata,6.8297,5.0,6.1,9.9,10.0,3.14,5.625,6.265,Fase 2 (5° e 6° ano),-2,,,6.5,5.7,,,,,2.0,,,,,2.0,,False,False,False,False,False,False,False,False,False,False,False,False,False,False
RA-741,2023,Aluno-741,ALFA,ALFA J - G2/G3,Feminino,11.0,2022,Pública,,,Ágata,6.2707,5.0,5.1,6.9,9.5,4.39,5.625,7.095,Fase 2 (5° e 6° ano),-2,,,4.2,6.0,,,,,2.0,,,,,2.0,,False,False,False,False,False,False,False,False,False,False,False,False,False,False
RA-719,2023,Aluno-719,ALFA,ALFA J - G2/G3,Masculino,,2021,Pública,,,Ágata,6.4137,5.0,5.9,5.3,9.5,7.52,5.625,7.095,Fase 2 (5° e 6° ano),-2,,,7.0,4.7,,,,,2.0,,,,,2.0,,False,False,False,False,False,False,False,False,False,True,False,False,False,False
RA-926,2023,Aluno-926,ALFA,ALFA J - G2/G3,Feminino,9.0,2023,Pública,,,Ametista,7.7792,5.0,6.8,10.0,9.0,3.77,7.5,9.51,Fase 1 (3° e 4° ano),-1,,,6.5,7.0,,,,,2.0,,,,,1.0,,False,False,False,False,False,False,False,False,False,False,False,False,False,False
RA-927,2023,Aluno-927,ALFA,ALFA J - G2/G3,Feminino,,2023,Pública,,,Ametista,7.5982,5.0,6.4,9.7,9.0,3.77,7.5,9.255,Fase 1 (3° e 4° ano),-1,,,7.0,5.8,,,,,2.0,,,,,1.0,,False,False,False,False,False,False,False,False,False,False,False,False,False,False
RA-928,2023,Aluno-928,ALFA,ALFA K - G0/G1,Feminino,8.0,2023,Pública,,,Topázio,9.3712,10.0,9.8,10.0,8.5,7.52,8.75,9.67,ALFA (1° e 2° ano),0,,,9.8,9.8,,,,,2.0,,,,,1.0,,False,False,False,False,False,False,False,False,False,False,False,False,False,False
RA-929,2023,Aluno-929,ALFA,ALFA K - G0/G1,Feminino,8.0,2023,Pública,,,Topázio,9.1312,10.0,8.8,9.8,8.5,7.52,8.75,9.67,ALFA (1° e 2° ano),0,,,8.7,8.9,,,,,2.0,,,,,1.0,,False,False,False,False,False,False,False,False,False,False,False,False,False,False
RA-930,2023,Aluno-930,ALFA,ALFA K - G0/G1,Masculino,8.0,2023,Pública,,,Topázio,8.8872,10.0,9.0,8.8,9.0,7.52,8.75,9.0,ALFA (1° e 2° ano),0,,,8.7,9.3,,,,,2.0,,,,,1.0,,False,False,False,False,False,False,False,False,False,False,False,False,False,False
RA-931,2023,Aluno-931,ALFA,ALFA K - G0/G1,Masculino,,2023,Pública,,,Ametista,7.3747,10.0,7.8,8.2,8.5,2.52,5.625,7.6,ALFA (1° e 2° ano),0,,,7.0,8.5,,,,,2.0,,,,,1.0,,False,False,False,False,False,False,False,False,False,False,False,False,False,False
RA-932,2023,Aluno-932,ALFA,ALFA K - G0/G1,Feminino,7.0,2023,Pública,,,Topázio,8.3847,10.0,7.5,7.9,9.5,7.52,8.125,9.0,ALFA (1° e 2° ano),0,,,6.5,8.4,,,,,2.0,,,,,1.0,,False,False,False,False,False,False,False,False,False,False,False,False,False,False
RA-933,2023,Aluno-933,ALFA,ALFA K - G0/G1,Feminino,8.0,2023,Pública,,,Topázio,8.6712,10.0,7.7,8.4,9.0,7.52,8.75,9.67,ALFA (1° e 2° ano),0,,,8.0,7.3,,,,,2.0,,,,,1.0,,False,False,False,False,False,False,False,False,False,False,False,False,False,False
RA-934,2023,Aluno-934,ALFA,ALFA K - G0/G1,Feminino,8.0,2023,Pública,,,Topázio,9.1737,10.0,8.7,9.6,9.0,7.52,9.375,9.67,ALFA (1° e 2° ano),0,,,8.3,9.0,,,,,2.0,,,,,1.0,,False,False,False,False,False,False,False,False,False,False,False,False,False,False
RA-935,2023,Aluno-935,ALFA,ALFA K - G0/G1,Masculino,9.0,2023,Pública,,,Ametista,7.9535,5.0,9.4,9.8,0.0,7.52,9.375,9.67,Fase 1 (3° e 4° ano),-1,,,9.2,9.5,,,,,2.0,,,,,1.0,,True,False,False,False,False,False,False,False,False,False,True,False,False,False
RA-936,2023,Aluno-936,ALFA,ALFA K - G0/G1,Feminino,,2023,Pública,,,Topázio,8.5477,10.0,6.5,10.0,9.0,7.52,8.125,8.915,ALFA (1° e 2° ano),0,,,5.0,8.0,,,,,2.0,,,,,1.0,,False,False,False,False,False,False,False,False,False,False,False,False,False,False
RA-937,2023,Aluno-937,ALFA,ALFA K - G0/G1,Feminino,,2023,Pública,,,Topázio,9.3237,10.0,9.2,9.6,9.5,7.52,9.375,9.67,ALFA (1° e 2° ano),0,,,9.0,9.3,,,,,2.0,,,,,1.0,,False,False,False,False,False,False,False,False,False,False,False,False,False,False
RA-756,2023,Aluno-756,ALFA,ALFA K - G0/G1,Masculino,,2022,Pública,,,Ametista,7.0927,5.0,6.1,8.7,10.0,7.52,5.625,6.59,Fase 2 (5° e 6° ano),-2,,,5.4,6.8,,,,,2.0,,,,,2.0,,False,False,False,False,False,False,False,False,False,False,False,False,False,False
RA-938,2023,Aluno-938,ALFA,ALFA K - G0/G1,Masculino,,2023,Pública,,,Ágata,6.7372,5.0,4.2,8.4,8.5,7.52,6.25,7.5,Fase 1 (3° e 4° ano),-1,,,0.0,8.3,,,,,2.0,,,,,1.0,,False,False,False,False,False,False,False,False,False,False,False,False,False,False
RA-939,2023,Aluno-939,ALFA,ALFA L - G2/G3,Feminino,,2023,Pública,,,Ametista,7.9742,5.0,5.4,10.0,9.0,7.52,7.5,10.01,Fase 2 (5° e 6° ano),-2,,,5.0,5.7,,,,,2.0,,,,,2.0,,False,False,False,False,False,False,False,False,False,False,False,False,False,False
RA-789,2023,Aluno-789,ALFA,ALFA L - G2/G3,Feminino,8.0,2022,Pública,,,Ametista,7.974,10.0,7.9,9.5,0.0,7.52,7.5,10.01,ALFA (1° e 2° ano),0,,,8.5,7.2,,,,,2.0,,,,,1.0,,True,False,False,False,False,False,False,False,False,False,True,False,False,False
RA-792,2023,Aluno-792,ALFA,ALFA L - G2/G3,Feminino,10.0,2022,Pública,,,Ametista,7.6267,5.0,7.2,7.7,9.0,7.52,6.875,9.085,Fase 2 (5° e 6° ano),-2,,,6.8,7.5,,,,,2.0,,,,,2.0,,False,False,False,False,False,False,False,False,False,False,False,False,False,False
RA-940,2023,Aluno-940,ALFA,ALFA L - G2/G3,Masculino,,2023,Pública,,,Ágata,6.6112,5.0,6.3,8.4,9.0,2.52,6.25,7.02,Fase 2 (5° e 6° ano),-2,,,6.8,5.7,,,,,2.0,,,,,2.0,,False,False,False,False,False,False,False,False,False,False,False,False,False,False
RA-941,2023,Aluno-941,ALFA,ALFA L - G2/G3,Feminino,,2023,Pública,,,Ametista,7.6872,10.0,5.0,10.0,8.0,7.52,5.0,8.175,ALFA (1° e 2° ano),0,,,5.0,5.0,,,,,2.0,,,,,1.0,,False,False,False,False,False,False,False,False,False,False,False,False,True,False
RA-942,2023,Aluno-942,ALFA,ALFA L - G2/G3,Feminino,10.0,2023,Pública,,,Ágata,6.8547,5.0,7.1,8.9,9.5,2.52,5.625,7.0,Fase 2 (5° e 6° ano),-2,,,7.3,6.8,,,,,2.0,,,,,2.0,,False,False,False,False,False,False,False,False,False,False,False,False,False,False
RA-943,2023,Aluno-943,ALFA,ALFA L - G2/G3,Feminino,,2023,Pública,,,Topázio,8.9172,10.0,8.0,9.4,9.5,7.52,7.5,9.925,ALFA (1° e 2° ano),0,,,8.0,8.0,,,,,2.0,,,,,1.0,,False,False,False,False,False,False,False,False,False,False,False,False,False,False
RA-782,2023,Aluno-782,ALFA,ALFA L - G2/G3,Masculino,9.0,2022,Pública,,,Ametista,7.6812,5.0,7.5,9.8,8.5,2.52,7.5,9.345,Fase 1 (3° e 4° ano),-1,,,8.3,6.7,,,,,2.0,,,,,1.0,,False,False,False,False,False,False,False,False,False,False,False,False,False,False
RA-768,2023,Aluno-768,ALFA,ALFA L - G2/G3,Feminino,,2021,Pública,,,Topázio,8.4042,5.0,7.9,9.1,10.0,7.52,7.5,10.01,Fase 2 (5° e 6° ano),-2,,,8.0,7.8,,,,,2.0,,,,,2.0,,False,False,False,False,False,False,False,False,False,False,False,False,False,False
RA-794,2023,Aluno-794,ALFA,ALFA L - G2/G3,Feminino,,2022,Pública,,,Ametista,7.9842,5.0,6.2,9.2,9.0,7.52,7.5,10.01,Fase 1 (3° e 4° ano),-1,,,5.2,7.2,,,,,2.0,,,,,1.0,,False,False,False,False,False,False,False,False,False,False,False,False,False,False
RA-795,2023,Aluno-795,ALFA,ALFA L - G2/G3,Feminino,9.0,2022,Pública,,,Topázio,8.4642,5.0,8.2,9.6,9.0,7.52,7.5,10.01,Fase 1 (3° e 4° ano),-1,,,8.7,7.7,,,,,2.0,,,,,1.0,,False,False,False,False,False,False,False,False,False,False,False,False,False,False
RA-944,2023,Aluno-944,ALFA,ALFA M - G0/G1,Feminino,9.0,2023,Pública,,,Ametista,7.0687,5.0,7.5,7.6,9.0,7.52,5.625,6.67,Fase 1 (3° e 4° ano),-1,,,9.2,5.8,,,,,2.0,,,,,1.0,,False,False,False,False,False,False,False,False,False,False,False,False,False,False
RA-945,2023,Aluno-945,ALFA,ALFA M - G0/G1,Masculino,,2023,Pública,,,Topázio,8.0777,10.0,7.9,9.2,8.5,7.52,6.875,6.84,ALFA (1° e 2° ano),0,,,8.0,7.8,,,,,2.0,,,,,1.0,,False,False,False,False,False,False,False,False,False,False,False,False,False,False
RA-946,2023,Aluno-946,ALFA,ALFA M - G0/G1,Masculino,,2023,Pública,,,Topázio,8.5822,10.0,9.3,9.4,9.5,7.52,7.5,7.0,ALFA (1° e 2° ano),0,,,9.0,9.5,,,,,2.0,,,,,1.0,,False,False,False,False,False,False,False,False,False,False,False,False,False,False
RA-754,2023,Aluno-754,ALFA,ALFA M - G0/G1,Masculino,,2022,Pública,,,Ágata,6.0537,5.0,5.6,6.1,9.5,2.52,6.875,6.67,Fase 2 (5° e 6° ano),-2,,,5.7,5.4,,,,,2.0,,,,,2.0,,False,False,False,False,False,False,False,False,False,False,False,False,False,False
RA-947,2023,Aluno-947,ALFA,ALFA M - G0/G1,Masculino,,2023,Pública,,,Ágata,6.3457,10.0,3.3,7.9,9.0,7.52,4.375,5.08,ALFA (1° e 2° ano),0,,,1.7,4.9,,,,,2.0,,,,,1.0,,False,False,False,False,False,False,False,False,False,False,False,False,True,True
RA-948,2023,Aluno-948,ALFA,ALFA M - G0/G1,Feminino,8.0,2023,Pública,,,Ágata,6.5277,10.0,0.0,7.6,9.0,7.52,6.875,8.34,ALFA (1° e 2° ano),0,,,0.0,0.0,,,,,2.0,,,,,1.0,,False,False,False,True,False,False,False,False,True,False,False,False,False,False
RA-949,2023,Aluno-949,ALFA,ALFA M - G0/G1,Feminino,,2023,Pública,,,Topázio,8.0172,10.0,8.9,8.1,9.5,7.52,6.25,6.5,ALFA (1° e 2° ano),0,,,9.1,8.6,,,,,2.0,,,,,1.0,,False,False,False,False,False,False,False,False,False,False,False,False,False,False
RA-950,2023,Aluno-950,ALFA,ALFA M - G0/G1,Feminino,8.0,2023,Pública,,,Topázio,8.8862,10.0,9.3,10.0,9.0,7.52,7.5,8.17,ALFA (1° e 2° ano),0,,,9.5,9.0,,,,,2.0,,,,,1.0,,False,False,False,False,False,False,False,False,False,False,False,False,False,False
RA-773,2023,Aluno-773,ALFA,ALFA M - G0/G1,Feminino,9.0,2022,Pública,,,Ágata,6.9287,5.0,7.9,7.5,10.0,2.52,5.625,7.67,Fase 1 (3° e 4° ano),-1,,,8.0,7.8,,,,,2.0,,,,,1.0,,False,False,False,False,False,False,False,False,False,False,False,False,False,False
RA-951,2023,Aluno-951,ALFA,ALFA M - G0/G1,Feminino,7.0,2023,Pública,,,Topázio,8.8902,10.0,8.4,9.7,9.5,7.52,7.5,9.09,ALFA (1° e 2° ano),0,,,8.5,8.3,,,,,2.0,,,,,1.0,,False,False,False,False,False,False,False,False,False,False,False,False,False,False
RA-769,2023,Aluno-769,ALFA,ALFA N - G2/G3,Feminino,10.0,2022,Pública,,,Ametista,7.85345,5.0,8.0,9.3,10.0,3.77,7.8125,8.675,Fase 2 (5° e 6° ano),-2,,,8.2,7.8,,,,,2.0,,,,,2.0,,False,False,False,False,False,False,False,False,False,False,False,False,False,False
RA-952,2023,Aluno-952,ALFA,ALFA N - G2/G3,Masculino,8.0,2023,Pública,,,Topázio,8.37095,10.0,9.0,9.2,9.5,3.77,7.1875,8.425,ALFA (1° e 2° ano),0,,,8.8,9.2,,,,,2.0,,,,,1.0,,False,False,False,False,False,False,False,False,False,False,False,False,False,False
RA-826,2023,Aluno-826,ALFA,ALFA N - G2/G3,Masculino,,2022,Pública,,,Ametista,7.77645,5.0,7.3,10.0,10.0,3.77,7.8125,8.34,Fase 1 (3° e 4° ano),-1,,,7.0,7.5,,,,,2.0,,,,,1.0,,False,False,False,False,False,False,False,False,False,False,False,False,False,False
RA-953,2023,Aluno-953,ALFA,ALFA N - G2/G3,Feminino,,2023,Pública,,,Ametista,7.54005,10.0,8.3,8.8,7.4,3.14,6.5625,7.09,ALFA (1° e 2° ano),0,,,8.5,8.0,,,,,2.0,,,,,1.0,,False,False,False,False,False,False,False,False,False,False,False,False,False,False
RA-954,2023,Aluno-954,ALFA,ALFA N - G2/G3,Feminino,8.0,2023,Pública,,,Ágata,6.82375,10.0,7.7,8.3,0.0,3.14,7.1875,8.005,ALFA (1° e 2° ano),0,,,7.8,7.5,,,,,2.0,,,,,1.0,,True,False,False,False,False,False,False,False,False,False,True,False,False,False
RA-780,2023,Aluno-780,ALFA,ALFA N - G2/G3,Feminino,10.0,2022,Pública,,,Ametista,7.7842,5.0,8.3,8.8,9.5,3.14,8.75,8.675,Fase 2 (5° e 6° ano),-2,,,8.0,8.5,,,,,2.0,,,,,2.0,,False,False,False,False,False,False,False,False,False,False,False,False,False,False
RA-955,2023,Aluno-955,ALFA,ALFA N - G2/G3,Feminino,10.0,2023,Pública,,,Ametista,7.1297,5.0,7.8,8.8,9.0,3.14,6.875,7.09,Fase 2 (5° e 6° ano),-2,,,8.0,7.5,,,,,2.0,,,,,2.0,,False,False,False,False,False,False,False,False,False,False,False,False,False,False
RA-831,2023,Aluno-831,ALFA,ALFA N - G2/G3,Masculino,9.0,2022,Pública,,,Ametista,7.71645,5.0,8.3,9.4,8.0,3.77,7.8125,8.59,Fase 1 (3° e 4° ano),-1,,,8.8,7.8,,,,,2.0,,,,,1.0,,False,False,False,False,False,False,False,False,False,False,False,False,False,False
RA-783,2023,Aluno-783,ALFA,ALFA N - G2/G3,Masculino,,2021,Pública,,,Ametista,7.2922,5.0,8.9,6.8,9.5,3.77,7.5,7.925,Fase 1 (3° e 4° ano),-1,,,9.0,8.7,,,,,2.0,,,,,1.0,,False,False,False,False,False,False,False,False,False,False,False,False,False,False
RA-774,2023,Aluno-774,ALFA,ALFA N - G2/G3,Feminino,,2022,Pública,,,Quartzo,5.852,5.0,6.9,9.5,0.0,3.14,5.0,6.34,Fase 1 (3° e 4° ano),-1,,,7.7,6.0,,,,,2.0,,,,,1.0,,True,False,False,False,False,False,False,False,False,False,True,False,True,False
RA-748,2023,Aluno-748,ALFA,ALFA O - G2/G3,Masculino,,2022,Pública,,,Topázio,8.7142,5.0,9.1,9.7,9.5,7.52,7.5,10.01,Fase 2 (5° e 6° ano),-2,,,9.0,9.2,,,,,2.0,,,,,2.0,,False,False,False,False,False,False,False,False,False,False,False,False,False,False
RA-749,2023,Aluno-749,ALFA,ALFA O - G2/G3,Masculino,9.0,2022,Pública,,,Ametista,7.7597,5.0,7.3,9.0,10.0,7.52,5.625,8.425,Fase 1 (3° e 4° ano),-1,,,7.3,7.3,,,,,2.0,,,,,1.0,,False,False,False,False,False,False,False,False,False,False,False,False,False,False
RA-956,2023,Aluno-956,ALFA,ALFA O - G2/G3,Masculino,11.0,2023,Pública,,,Ametista,7.7312,5.0,7.8,7.5,8.0,7.52,7.5,9.345,Fase 2 (5° e 6° ano),-2,,,7.8,7.8,,,,,2.0,,,,,2.0,,False,False,False,False,False,False,False,False,False,False,False,False,False,False
RA-787,2023,Aluno-787,ALFA,ALFA O - G2/G3,Masculino,,2022,Pública,,,Ametista,7.5227,5.0,5.9,9.8,9.0,7.52,5.625,8.34,Fase 1 (3° e 4° ano),-1,,,6.0,5.8,,,,,2.0,,,,,1.0,,False,False,False,False,False,False,False,False,False,False,False,False,False,False
RA-957,2023,Aluno-957,ALFA,ALFA O - G2/G3,Feminino,,2023,Pública,,,Topázio,9.1672,10.0,9.1,9.3,10.0,7.52,7.5,9.925,ALFA (1° e 2° ano),0,,,9.0,9.2,,,,,2.0,,,,,1.0,,False,False,False,False,False,False,False,False,False,False,False,False,False,False
RA-753,2023,Aluno-753,ALFA,ALFA O - G2/G3,Feminino,,2022,Pública,,,Topázio,8.6672,5.0,9.0,9.9,9.0,7.52,7.5,9.925,Fase 1 (3° e 4° ano),-1,,,9.0,9.0,,,,,2.0,,,,,1.0,,False,False,False,False,False,False,False,False,False,False,False,False,False,False
RA-958,2023,Aluno-958,ALFA,ALFA O - G2/G3,Feminino,,2023,Pública,,,Topázio,9.2902,10.0,9.3,9.8,10.0,7.52,7.5,9.84,ALFA (1° e 2° ano),0,,,9.3,9.3,,,,,2.0,,,,,1.0,,False,False,False,False,False,False,False,False,False,False,False,False,False,False
RA-755,2023,Aluno-755,ALFA,ALFA O - G2/G3,Masculino,9.0,2022,Pública,,,Topázio,8.7442,5.0,9.2,9.5,10.0,7.52,7.5,10.01,Fase 1 (3° e 4° ano),-1,,,9.2,9.2,,,,,2.0,,,,,1.0,,False,False,False,False,False,False,False,False,False,False,False,False,False,False
RA-763,2023,Aluno-763,ALFA,ALFA O - G2/G3,Feminino,10.0,2021,Pública,,,Ágata,6.7215,5.0,7.9,9.2,0.0,3.14,6.875,9.0,Fase 2 (5° e 6° ano),-2,,,7.8,8.0,,,,,2.0,,,,,2.0,,True,False,False,False,False,False,False,False,False,False,True,False,False,False
RA-757,2023,Aluno-757,ALFA,ALFA O - G2/G3,Feminino,10.0,2022,Pública,,,Topázio,8.6742,5.0,9.3,9.6,9.0,7.52,7.5,10.01,Fase 2 (5° e 6° ano),-2,,,9.5,9.0,,,,,2.0,,,,,2.0,,False,False,False,False,False,False,False,False,False,False,False,False,False,False
RA-959,2023,Aluno-959,ALFA,ALFA O - G2/G3,Masculino,8.0,2023,Pública,,,Topázio,8.6677,10.0,7.7,9.6,10.0,7.52,6.875,8.84,ALFA (1° e 2° ano),0,,,7.7,7.7,,,,,2.0,,,,,1.0,,False,False,False,False,False,False,False,False,False,False,False,False,False,False
RA-960,2023,Aluno-960,ALFA,ALFA O - G2/G3,Masculino,10.0,2023,Pública,,,Ametista,7.0847,5.0,6.3,10.0,8.5,7.52,5.625,5.85,Fase 2 (5° e 6° ano),-2,,,6.5,6.0,,,,,2.0,,,,,2.0,,False,False,False,False,False,False,False,False,False,False,False,False,False,False
RA-961,2023,Aluno-961,ALFA,ALFA O - G2/G3,Masculino,9.0,2023,Pública,,,Quartzo,5.99625,5.0,6.2,8.7,0.0,2.52,5.3125,8.665,Fase 1 (3° e 4° ano),-1,,,6.2,6.2,,,,,2.0,,,,,1.0,,True,False,False,False,False,False,False,False,False,False,True,False,True,False
RA-962,2023,Aluno-962,ALFA,ALFA Q - G2/G3,Feminino,,2023,Pública,,,Topázio,8.4742,5.0,8.7,9.2,9.0,7.52,7.5,10.01,Fase 1 (3° e 4° ano),-1,,,9.5,7.8,,,,,2.0,,,,,1.0,,False,False,False,False,False,False,False,False,False,False,False,False,False,False
RA-805,2023,Aluno-805,ALFA,ALFA Q - G2/G3,Masculino,9.0,2021,Pública,,,Ágata,6.492,5.0,6.8,9.1,0.0,7.52,6.25,7.175,Fase 1 (3° e 4° ano),-1,,,6.8,6.8,,,,,2.0,,,,,1.0,,True,False,False,False,False,False,False,False,False,False,True,False,False,False
RA-806,2023,Aluno-806,ALFA,ALFA Q - G2/G3,Masculino,9.0,2022,Pública,,,Ametista,7.2937,5.0,7.8,8.3,8.5,6.27,6.875,7.095,Fase 1 (3° e 4° ano),-1,,,7.8,7.7,,,,,2.0,,,,,1.0,,False,False,False,False,False,False,False,False,False,False,False,False,False,False
RA-807,2023,Aluno-807,ALFA,ALFA Q - G2/G3,Masculino,9.0,2022,Pública,,,Ametista,7.8632,5.0,8.0,9.1,9.5,7.52,6.25,8.08,Fase 1 (3° e 4° ano),-1,,,8.3,7.7,,,,,2.0,,,,,1.0,,False,False,False,False,False,False,False,False,False,False,False,False,False,False
RA-963,2023,Aluno-963,ALFA,ALFA Q - G2/G3,Feminino,,2023,Pública,,,Topázio,8.6142,5.0,8.5,9.8,9.5,7.52,7.5,10.01,Fase 1 (3° e 4° ano),-1,,,8.3,8.7,,,,,2.0,,,,,1.0,,False,False,False,False,False,False,False,False,False,False,False,False,False,False
RA-964,2023,Aluno-964,ALFA,ALFA Q - G2/G3,Masculino,9.0,2023,Pública,,,Ametista,7.7997,5.0,7.2,9.4,8.5,7.52,6.875,8.5,Fase 1 (3° e 4° ano),-1,,,7.3,7.0,,,,,2.0,,,,,1.0,,False,False,False,False,False,False,False,False,False,False,False,False,False,False
RA-965,2023,Aluno-965,ALFA,ALFA Q - G2/G3,Feminino,9.0,2023,Pública,,,Ágata,6.4832,5.0,4.7,8.2,8.5,6.27,5.0,7.18,Fase 1 (3° e 4° ano),-1,,,5.3,4.0,,,,,2.0,,,,,1.0,,False,False,False,False,False,False,False,False,False,False,False,False,True,False
RA-966,2023,Aluno-966,ALFA,ALFA Q - G2/G3,Masculino,,2023,Pública,,,Ametista,7.44345,5.0,5.0,10.0,10.0,7.52,6.5625,7.675,Fase 1 (3° e 4° ano),-1,,,5.0,5.0,,,,,2.0,,,,,1.0,,False,False,False,False,False,False,False,False,False,False,False,False,False,False
RA-967,2023,Aluno-967,ALFA,ALFA Q - G2/G3,Masculino,,2023,Pública,,,Ametista,7.1347,5.0,6.5,8.0,9.5,7.52,5.625,7.35,Fase 2 (5° e 6° ano),-2,,,6.5,6.5,,,,,2.0,,,,,2.0,,False,False,False,False,False,False,False,False,False,False,False,False,False,False
RA-968,2023,Aluno-968,ALFA,ALFA Q - G2/G3,Feminino,,2023,Pública,,,Topázio,8.4942,5.0,8.3,9.7,9.0,7.52,7.5,10.01,Fase 1 (3° e 4° ano),-1,,,8.0,8.5,,,,,2.0,,,,,1.0,,False,False,False,False,False,False,False,False,False,False,False,False,False,False
RA-812,2023,Aluno-812,ALFA,ALFA Q - G2/G3,Masculino,8.0,2022,Pública,,,Topázio,8.0357,10.0,5.8,9.1,9.5,7.52,6.875,8.33,ALFA (1° e 2° ano),0,,,6.3,5.3,,,,,2.0,,,,,1.0,,False,False,False,False,False,False,False,False,False,False,False,False,False,False
RA-969,2023,Aluno-969,ALFA,ALFA Q - G2/G3,Masculino,8.0,2023,Pública,,,Ametista,7.7692,10.0,5.5,9.7,8.5,7.52,6.25,7.51,ALFA (1° e 2° ano),0,,,6.0,5.0,,,,,2.0,,,,,1.0,,False,False,False,False,False,False,False,False,False,False,False,False,False,False
RA-970,2023,Aluno-970,ALFA,ALFA R - G0/G1,Feminino,,2023,Pública,,,Topázio,8.9977,10.0,9.4,8.1,8.5,7.52,9.375,9.84,ALFA (1° e 2° ano),0,,,9.2,9.5,,,,,2.0,,,,,1.0,,False,False,False,False,False,False,False,False,False,False,False,False,False,False
RA-971,2023,Aluno-971,ALFA,ALFA R - G0/G1,Masculino,,2023,Pública,,,Ametista,7.0169,10.0,6.9,6.4,7.8,3.77,5.625,8.17,ALFA (1° e 2° ano),0,,,5.5,8.3,,,,,2.0,,,,,1.0,,False,False,False,False,False,False,False,False,False,False,False,False,False,False
RA-972,2023,Aluno-972,ALFA,ALFA R - G0/G1,Masculino,8.0,2023,Pública,,,Ametista,7.5427,10.0,6.0,9.1,9.0,3.77,6.875,7.84,ALFA (1° e 2° ano),0,,,6.2,5.7,,,,,2.0,,,,,1.0,,False,False,False,False,False,False,False,False,False,False,False,False,False,False
RA-973,2023,Aluno-973,ALFA,ALFA R - G0/G1,Masculino,,2023,Pública,,,Quartzo,5.82875,5.0,5.2,8.6,0.0,3.77,7.1875,7.415,Fase 1 (3° e 4° ano),-1,,,6.2,4.1,,,,,2.0,,,,,1.0,,True,False,False,False,False,False,False,False,False,False,True,False,False,False
RA-974,2023,Aluno-974,ALFA,ALFA R - G0/G1,Masculino,,2023,Pública,,,Topázio,8.4752,10.0,8.8,9.1,9.0,3.77,7.5,9.34,ALFA (1° e 2° ano),0,,,8.8,8.8,,,,,2.0,,,,,1.0,,False,False,False,False,False,False,False,False,False,False,False,False,False,False
RA-975,2023,Aluno-975,ALFA,ALFA R - G0/G1,Feminino,,2023,Pública,,,Ametista,7.7803,10.0,6.5,9.2,7.9,7.52,5.625,7.67,ALFA (1° e 2° ano),0,,,7.2,5.8,,,,,2.0,,,,,1.0,,False,False,False,False,False,False,False,False,False,False,False,False,False,False
RA-976,2023,Aluno-976,ALFA,ALFA R - G0/G1,Masculino,,2023,Pública,,,Topázio,8.39895,10.0,8.6,9.2,9.5,6.27,5.9375,8.34,ALFA (1° e 2° ano),0,,,9.0,8.2,,,,,2.0,,,,,1.0,,False,False,False,False,False,False,False,False,False,False,False,False,False,False
RA-977,2023,Aluno-977,ALFA,ALFA R - G0/G1,Feminino,7.0,2023,Pública,,,Ametista,7.1717,10.0,5.8,7.4,8.5,5.02,5.625,8.085,ALFA (1° e 2° ano),0,,,5.7,5.9,,,,,2.0,,,,,1.0,,False,False,False,False,False,False,False,False,False,False,False,False,False,False
RA-978,2023,Aluno-978,ALFA,ALFA R - G0/G1,Feminino,,2023,Pública,,,Topázio,8.3877,10.0,8.6,9.8,9.0,3.77,5.625,9.34,ALFA (1° e 2° ano),0,,,8.7,8.5,,,,,2.0,,,,,1.0,,False,False,False,False,False,False,False,False,False,False,False,False,False,False
RA-979,2023,Aluno-979,ALFA,ALFA S - G2/G3,Masculino,8.0,2023,Pública,,,Topázio,8.1617,10.0,6.0,9.6,9.5,6.27,5.625,9.51,ALFA (1° e 2° ano),0,,,6.0,6.0,,,,,2.0,,,,,1.0,,False,False,False,False,False,False,False,False,False,False,False,False,False,False
RA-980,2023,Aluno-980,ALFA,ALFA S - G2/G3,Feminino,8.0,2023,Pública,,,Ametista,7.1425,10.0,6.3,9.8,0.0,5.02,5.625,9.34,ALFA (1° e 2° ano),0,,,6.5,6.0,,,,,2.0,,,,,1.0,,True,False,False,False,False,False,False,False,False,False,True,False,False,False
RA-808,2023,Aluno-808,ALFA,ALFA S - G2/G3,Masculino,9.0,2022,Pública,,,Topázio,8.1932,5.0,8.7,10.0,10.0,2.52,7.5,9.755,Fase 1 (3° e 4° ano),-1,,,8.7,8.7,,,,,2.0,,,,,1.0,,False,False,False,False,False,False,False,False,False,False,False,False,False,False
RA-981,2023,Aluno-981,ALFA,ALFA S - G2/G3,Feminino,7.0,2023,Pública,,,Ametista,7.5367,10.0,5.8,9.1,9.5,2.52,5.625,9.01,ALFA (1° e 2° ano),0,,,5.7,5.8,,,,,2.0,,,,,1.0,,False,False,False,False,False,False,False,False,False,False,False,False,False,False
RA-982,2023,Aluno-982,ALFA,ALFA S - G2/G3,Masculino,7.0,2023,Pública,,,Ametista,7.1215,10.0,8.6,9.1,0.0,2.52,5.625,8.835,ALFA (1° e 2° ano),0,,,8.7,8.5,,,,,2.0,,,,,1.0,,True,False,False,False,False,False,False,False,False,False,True,False,False,False
RA-983,2023,Aluno-983,ALFA,ALFA S - G2/G3,Masculino,8.0,2023,Pública,,,Topázio,8.3502,10.0,8.8,9.9,8.5,2.52,6.25,9.415,ALFA (1° e 2° ano),0,,,8.8,8.8,,,,,2.0,,,,,1.0,,False,False,False,False,False,False,False,False,False,False,False,False,False,False
RA-984,2023,Aluno-984,ALFA,ALFA S - G2/G3,Feminino,8.0,2023,Pública,,,Topázio,8.8177,10.0,8.3,9.8,8.0,7.52,6.875,9.84,ALFA (1° e 2° ano),0,,,8.3,8.2,,,,,2.0,,,,,1.0,,False,False,False,False,False,False,False,False,False,False,False,False,False,False
RA-985,2023,Aluno-985,ALFA,ALFA S - G2/G3,Masculino,8.0,2023,Pública,,,Ametista,7.6247,10.0,6.8,9.3,9.0,2.52,5.625,8.5,ALFA (1° e 2° ano),0,,,7.3,6.2,,,,,2.0,,,,,1.0,,False,False,False,False,False,False,False,False,False,False,False,False,False,False
RA-986,2023,Aluno-986,ALFA,ALFA S - G2/G3,Feminino,8.0,2023,Pública,,,Topázio,8.0107,10.0,8.3,9.1,9.5,2.52,5.625,8.83,ALFA (1° e 2° ano),0,,,8.3,8.3,,,,,2.0,,,,,1.0,,False,False,False,False,False,False,False,False,False,False,False,False,False,False
RA-987,2023,Aluno-987,ALFA,ALFA S - G2/G3,Masculino,8.0,2023,Pública,,,Ametista,7.6765,10.0,7.3,9.8,0.0,6.27,6.875,9.76,ALFA (1° e 2° ano),0,,,7.5,7.0,,,,,2.0,,,,,1.0,,True,False,False,False,False,False,False,False,False,False,True,False,False,False
RA-988,2023,Aluno-988,ALFA,ALFA S - G2/G3,Feminino,,2023,Pública,,,Ametista,7.9568,5.0,8.5,8.1,7.9,7.52,6.25,9.84,Fase 1 (3° e 4° ano),-1,,,8.5,8.5,,,,,2.0,,,,,1.0,,False,False,False,False,False,False,False,False,False,False,False,False,False,False
RA-989,2023,Aluno-989,ALFA,ALFA S - G2/G3,Masculino,9.0,2023,Pública,,,Ametista,7.7242,5.0,8.3,8.1,9.5,2.52,7.5,10.01,Fase 1 (3° e 4° ano),-1,,,8.7,7.8,,,,,2.0,,,,,1.0,,False,False,False,False,False,False,False,False,False,False,False,False,False,False
RA-677,2023,Aluno-677,ALFA,ALFA T - G2/G3,Feminino,9.0,2021,Pública,,,Topázio,8.5257,5.0,8.7,8.2,10.0,10.0,6.875,9.84,Fase 1 (3° e 4° ano),-1,,,9.0,8.3,,,,,2.0,,,,,1.0,,False,False,False,False,False,False,False,False,False,False,False,False,False,False
RA-990,2023,Aluno-990,ALFA,ALFA T - G2/G3,Masculino,,2023,Pública,,,Ametista,7.254,5.0,7.8,8.5,0.0,7.52,7.5,10.01,Fase 1 (3° e 4° ano),-1,,,8.3,7.2,,,,,2.0,,,,,1.0,,True,False,False,False,False,False,False,False,False,False,True,False,False,False
RA-991,2023,Aluno-991,ALFA,ALFA T - G2/G3,Feminino,9.0,2023,Pública,,,Ametista,7.7687,5.0,7.7,9.1,10.0,3.14,6.875,9.585,Fase 1 (3° e 4° ano),-1,,,8.0,7.3,,,,,2.0,,,,,1.0,,False,False,False,False,False,False,False,False,False,False,False,False,False,False
RA-992,2023,Aluno-992,ALFA,ALFA T - G2/G3,Masculino,10.0,2023,Pública,,,Ametista,7.2722,5.0,8.0,8.2,9.5,3.14,5.0,8.84,Fase 2 (5° e 6° ano),-2,,,8.2,7.8,,,,,2.0,,,,,2.0,,False,False,False,False,False,False,False,False,False,False,False,False,True,False
RA-703,2023,Aluno-703,ALFA,ALFA T - G2/G3,Masculino,11.0,2021,Pública,,,Ágata,6.2737,5.0,4.6,8.4,9.5,3.14,6.875,6.16,Fase 2 (5° e 6° ano),-2,,,4.8,4.3,,,,,2.0,,,,,2.0,,False,False,False,False,False,False,False,False,False,False,False,False,False,False
RA-993,2023,Aluno-993,ALFA,ALFA T - G2/G3,Feminino,8.0,2023,Pública,,,Topázio,8.7592,10.0,8.6,9.8,9.5,3.77,7.5,10.01,ALFA (1° e 2° ano),0,,,8.5,8.7,,,,,2.0,,,,,1.0,,False,False,False,False,False,False,False,False,False,False,False,False,False,False
RA-674,2023,Aluno-674,ALFA,ALFA T - G2/G3,Masculino,9.0,2022,Pública,,,Ágata,6.6328,5.0,5.2,8.5,7.9,3.77,5.0,8.67,Fase 1 (3° e 4° ano),-1,,,5.3,5.0,,,,,2.0,,,,,1.0,,False,False,False,False,False,False,False,False,False,False,False,False,True,False
RA-994,2023,Aluno-994,ALFA,ALFA T - G2/G3,Feminino,8.0,2023,Pública,,,Ametista,7.4127,10.0,6.0,9.4,9.5,3.77,5.625,7.265,ALFA (1° e 2° ano),0,,,6.2,5.7,,,,,2.0,,,,,1.0,,False,False,False,False,False,False,False,False,False,False,False,False,False,False
RA-995,2023,Aluno-995,ALFA,ALFA T - G2/G3,Feminino,,2023,Pública,,,Ágata,6.4782,5.0,5.1,7.9,9.5,3.77,6.25,7.18,Fase 2 (5° e 6° ano),-2,,,5.3,4.8,,,,,2.0,,,,,2.0,,False,False,False,False,False,False,False,False,False,False,False,False,False,False
RA-996,2023,Aluno-996,ALFA,ALFA T - G2/G3,Masculino,9.0,2023,Pública,,,Topázio,8.1892,5.0,8.6,9.2,10.0,3.77,7.5,10.01,Fase 1 (3° e 4° ano),-1,,,8.7,8.5,,,,,2.0,,,,,1.0,,False,False,False,False,False,False,False,False,False,False,False,False,False,False
RA-997,2023,Aluno-997,ALFA,ALFA T - G2/G3,Masculino,8.0,2023,Pública,,,Ametista,7.5687,10.0,7.1,8.7,7.5,3.77,5.625,8.595,ALFA (1° e 2° ano),0,,,7.2,7.0,,,,,2.0,,,,,1.0,,False,False,False,False,False,False,False,False,False,False,False,False,False,False
RA-998,2023,Aluno-998,ALFA,ALFA U - G2/G3,Feminino,11.0,2023,Pública,,,Ametista,7.9752,5.0,7.9,9.3,9.5,3.77,7.5,9.84,Fase 2 (5° e 6° ano),-2,,,8.0,7.7,,,,,2.0,,,,,2.0,,False,False,False,False,False,False,False,False,False,False,False,False,False,False
RA-999,2023,Aluno-999,ALFA,ALFA U - G2/G3,Masculino,,2023,Pública,,,Topázio,8.0352,5.0,8.3,9.4,9.0,3.77,7.5,9.84,Fase 1 (3° e 4° ano),-1,,,8.3,8.3,,,,,2.0,,,,,1.0,,False,False,False,False,False,False,False,False,False,False,False,False,False,False
RA-750,2023,Aluno-750,ALFA,ALFA U - G2/G3,Masculino,,2019,Pública,,,Quartzo,5.6857,5.0,3.4,7.7,9.5,3.14,4.375,6.32,Fase 2 (5° e 6° ano),-2,,,3.3,3.5,,,,,2.0,,,,,2.0,,False,False,False,False,False,False,False,False,False,False,False,False,True,False
RA-770,2023,Aluno-770,ALFA,ALFA U - G2/G3,Masculino,,2022,Pública,,,Ágata,6.6785,10.0,5.9,8.3,0.0,3.77,6.875,8.92,ALFA (1° e 2° ano),0,,,6.0,5.7,,,,,2.0,,,,,1.0,,True,False,False,False,False,False,False,False,False,False,True,False,False,False
RA-771,2023,Aluno-771,ALFA,ALFA U - G2/G3,Feminino,,2022,Pública,,,Ametista,7.056,10.0,8.2,8.8,0.0,3.14,6.25,8.585,ALFA (1° e 2° ano),0,,,8.2,8.2,,,,,2.0,,,,,1.0,,True,False,False,False,False,False,False,False,False,False,True,False,False,False
RA-1000,2023,Aluno-1000,ALFA,ALFA U - G2/G3,Feminino,8.0,2023,Pública,,,Ametista,7.9162,10.0,7.0,9.4,8.5,3.77,6.25,8.92,ALFA (1° e 2° ano),0,,,7.0,7.0,,,,,2.0,,,,,1.0,,False,False,False,False,False,False,False,False,False,False,False,False,False,False
RA-830,2023,Aluno-830,ALFA,ALFA U - G2/G3,Feminino,9.0,2022,Pública,,,Ágata,6.78,5.0,8.3,8.9,0.0,3.14,6.25,9.505,Fase 1 (3° e 4° ano),-1,,,8.3,8.3,,,,,2.0,,,,,1.0,,True,False,False,False,False,False,False,False,False,False,True,False,False,False
RA-1001,2023,Aluno-1001,ALFA,ALFA U - G2/G3,Feminino,9.0,2023,Pública,,,Topázio,8.1162,5.0,7.8,9.1,9.0,7.52,7.5,9.17,Fase 1 (3° e 4° ano),-1,,,8.3,7.3,,,,,2.0,,,,,1.0,,False,False,False,False,False,False,False,False,False,False,False,False,False,False
RA-1002,2023,Aluno-1002,ALFA,ALFA U - G2/G3,Feminino,9.0,2023,Pública,,,Ametista,7.9012,5.0,7.0,9.7,9.0,7.52,6.25,8.92,Fase 1 (3° e 4° ano),-1,,,7.0,7.0,,,,,2.0,,,,,1.0,,False,False,False,False,False,False,False,False,False,False,False,False,False,False
RA-1003,2023,Aluno-1003,ALFA,ALFA V - G0/G1,Masculino,8.0,2023,Pública,,,Ametista,7.6522,10.0,4.0,8.5,9.0,7.52,7.5,8.75,ALFA (1° e 2° ano),0,,,8.0,0.0,,,,,2.0,,,,,1.0,,False,False,False,False,False,False,False,False,False,False,False,False,False,False
RA-835,2023,Aluno-835,ALFA,ALFA V - G0/G1,Masculino,8.0,2022,Pública,,,Topázio,8.2467,10.0,8.7,8.5,8.0,7.52,6.875,7.835,ALFA (1° e 2° ano),0,,,8.5,8.9,,,,,2.0,,,,,1.0,,False,False,False,False,False,False,False,False,False,False,False,False,False,False
RA-1004,2023,Aluno-1004,ALFA,ALFA V - G0/G1,Feminino,8.0,2023,Pública,,,Topázio,8.3137,10.0,7.9,9.6,9.0,7.52,6.875,7.42,ALFA (1° e 2° ano),0,,,6.5,9.2,,,,,2.0,,,,,1.0,,False,False,False,False,False,False,False,False,False,False,False,False,False,False
RA-1005,2023,Aluno-1005,ALFA,ALFA V - G0/G1,Masculino,8.0,2023,Pública,,,Topázio,8.4252,10.0,8.8,7.9,9.5,7.52,7.5,8.165,ALFA (1° e 2° ano),0,,,8.4,9.2,,,,,2.0,,,,,1.0,,False,False,False,False,False,False,False,False,False,False,False,False,False,False
RA-1006,2023,Aluno-1006,ALFA,ALFA V - G0/G1,Feminino,8.0,2023,Pública,,,Topázio,8.5922,10.0,8.7,9.3,9.0,7.52,7.5,8.0,ALFA (1° e 2° ano),0,,,8.7,8.6,,,,,2.0,,,,,1.0,,False,False,False,False,False,False,False,False,False,False,False,False,False,False
RA-705,2023,Aluno-705,ALFA,ALFA V - G0/G1,Masculino,10.0,2022,Pública,,,Ágata,6.982,5.0,8.8,8.3,0.0,6.89,7.5,8.165,Fase 2 (5° e 6° ano),-2,,,8.9,8.6,,,,,2.0,,,,,2.0,,True,False,False,False,False,False,False,False,False,False,True,False,False,False
RA-1007,2023,Aluno-1007,ALFA,ALFA V - G0/G1,Masculino,,2023,Pública,,,Topázio,8.0782,10.0,8.3,7.4,9.0,7.52,7.5,7.68,ALFA (1° e 2° ano),0,,,8.1,8.5,,,,,2.0,,,,,1.0,,False,False,False,False,False,False,False,False,False,False,False,False,False,False
RA-1008,2023,Aluno-1008,ALFA,ALFA V - G0/G1,Masculino,8.0,2023,Pública,,,Topázio,8.13595,10.0,8.4,8.6,9.0,7.52,5.9375,7.5,ALFA (1° e 2° ano),0,,,7.5,9.2,,,,,2.0,,,,,1.0,,False,False,False,False,False,False,False,False,False,False,False,False,False,False
RA-729,2023,Aluno-729,ALFA,ALFA V - G0/G1,Feminino,,2022,Pública,,,Ametista,7.26545,5.0,8.6,9.1,8.0,3.77,6.5625,7.01,Fase 1 (3° e 4° ano),-1,,,8.2,8.9,,,,,2.0,,,,,1.0,,False,False,False,False,False,False,False,False,False,False,False,False,False,False
RA-1009,2023,Aluno-1009,ALFA,ALFA Y - G0/G1,Masculino,8.0,2023,Pública,,,Ametista,7.245,10.0,8.8,9.0,0.0,3.77,7.5,7.84,ALFA (1° e 2° ano),0,,,8.3,9.2,,,,,2.0,,,,,1.0,,True,False,False,False,False,False,False,False,False,False,True,False,False,False
RA-1010,2023,Aluno-1010,ALFA,ALFA Y - G0/G1,Masculino,8.0,2023,Pública,,,Topázio,8.70645,10.0,9.4,10.0,9.5,3.77,7.8125,8.59,ALFA (1° e 2° ano),0,,,9.0,9.8,,,,,2.0,,,,,1.0,,False,False,False,False,False,False,False,False,False,False,False,False,False,False
RA-1011,2023,Aluno-1011,ALFA,ALFA Y - G0/G1,Masculino,,2023,Pública,,,Ametista,7.33095,10.0,5.2,8.6,9.5,3.77,7.1875,7.675,ALFA (1° e 2° ano),0,,,5.5,4.8,,,,,2.0,,,,,1.0,,False,False,False,False,False,False,False,False,False,False,False,False,False,False
RA-1012,2023,Aluno-1012,ALFA,ALFA Y - G0/G1,Feminino,8.0,2023,Pública,,,Ametista,7.96495,10.0,6.6,9.9,10.0,3.77,7.1875,7.845,ALFA (1° e 2° ano),0,,,7.0,6.2,,,,,2.0,,,,,1.0,,False,False,False,False,False,False,False,False,False,False,False,False,False,False
RA-1013,2023,Aluno-1013,ALFA,ALFA Y - G0/G1,Masculino,7.0,2023,Pública,,,Ametista,7.6237,10.0,8.3,9.6,9.0,4.39,5.625,5.76,ALFA (1° e 2° ano),0,,,7.0,9.5,,,,,2.0,,,,,1.0,,False,False,False,False,False,False,False,False,False,False,False,False,False,False
RA-1014,2023,Aluno-1014,ALFA,ALFA Y - G0/G1,Feminino,,2023,Pública,,,Topázio,8.2582,10.0,8.2,9.7,9.0,3.77,7.5,8.255,ALFA (1° e 2° ano),0,,,7.7,8.7,,,,,2.0,,,,,1.0,,False,False,False,False,False,False,False,False,False,False,False,False,False,False
RA-1015,2023,Aluno-1015,FASE 1,1A,Feminino,10.0,2023,Pública,,,Ametista,7.538908333,5.0,6.3,9.3,10.0,6.27,7.34375,7.786666667,Fase 2 (5° e 6° ano),-1,,,5.0,7.6,,,,,3.0,,,,,2.0,,False,False,False,False,False,False,False,False,False,False,False,False,False,False
RA-734,2023,Aluno-734,FASE 1,1A,Feminino,11.0,2022,Pública,,,Ametista,7.305908333,5.0,6.9,8.0,8.5,7.52,7.34375,7.446666667,Fase 2 (5° e 6° ano),-1,,,6.8,7.0,,,,,3.0,,,,,2.0,,False,False,False,False,False,False,False,False,False,False,False,False,False,False
RA-687,2023,Aluno-687,FASE 1,1A,Masculino,10.0,2022,Pública,,,Ametista,7.617533333,5.0,6.9,9.0,8.0,7.52,7.5,8.226666667,Fase 2 (5° e 6° ano),-1,,,6.7,7.0,,,,,3.0,,,,,2.0,,False,False,False,False,False,False,False,False,False,False,False,False,False,False
RA-1016,2023,Aluno-1016,FASE 1,1A,Feminino,10.0,2023,Pública,,,Ametista,7.762575,5.0,6.7,9.5,10.0,7.52,7.34375,7.73,Fase 2 (5° e 6° ano),-1,,,5.8,7.5,,,,,3.0,,,,,2.0,,False,False,False,False,False,False,False,False,False,False,False,False,False,False
RA-1017,2023,Aluno-1017,FASE 1,1A,Masculino,,2023,Pública,,,Ágata,6.505333333,5.0,7.7,8.0,0.0,5.02,7.5,8.116666667,Fase 2 (5° e 6° ano),-1,,,7.0,8.3,,,,,3.0,,,,,2.0,,True,False,False,False,False,False,False,False,False,False,True,False,False,False
RA-688,2023,Aluno-688,FASE 1,1A,Masculino,10.0,2022,Pública,,,Topázio,8.0442,5.0,8.6,9.3,8.5,7.52,7.5,8.06,Fase 2 (5° e 6° ano),-1,,,8.2,9.0,,,,,3.0,,,,,2.0,,False,False,False,False,False,False,False,False,False,False,False,False,False,False
RA-1018,2023,Aluno-1018,FASE 1,1A,Masculino,,2023,Pública,,,Ágata,6.824,10.0,6.3,8.5,0.0,5.02,7.5,8.06,Fase 1 (3° e 4° ano),0,,,5.8,6.8,,,,,3.0,,,,,1.0,,True,False,False,False,False,False,False,False,False,False,True,False,False,False
RA-696,2023,Aluno-696,FASE 1,1A,Feminino,,2021,Pública,,,Ametista,7.172666667,10.0,6.7,9.4,0.0,5.02,7.5,8.503333333,Fase 1 (3° e 4° ano),0,,,5.2,8.2,,,,,3.0,,,,,1.0,,True,False,False,False,False,False,False,False,False,False,True,False,False,False
RA-1019,2023,Aluno-1019,FASE 1,1A,Feminino,8.0,2023,Pública,,,Ametista,7.177033333,10.0,4.3,9.1,7.5,5.02,6.875,7.836666667,ALFA (1° e 2° ano),1,,,0.5,8.0,,,,,3.0,,,,,1.0,,False,False,False,False,False,False,False,False,False,False,False,False,False,False
RA-514,2023,Aluno-514,FASE 1,1A,Feminino,,2022,Pública,,,Quartzo,5.823133333,5.0,5.5,7.5,7.9,2.52,5.0,5.896666667,Fase 2 (5° e 6° ano),-1,,,4.2,6.8,,,,,3.0,,,,,2.0,,False,False,False,False,False,False,False,False,False,False,False,False,True,False
RA-1020,2023,Aluno-1020,FASE 1,1A,Feminino,9.0,2023,Pública,,,Ametista,7.612283333,10.0,6.1,9.1,10.0,2.52,7.1875,8.056666667,Fase 1 (3° e 4° ano),0,,,4.3,7.8,,,,,3.0,,,,,1.0,,False,False,False,False,False,False,False,False,False,False,False,False,False,False
RA-1021,2023,Aluno-1021,FASE 1,1A,Masculino,,2023,Pública,,,Ágata,6.964616667,10.0,3.3,9.2,8.0,3.77,7.1875,7.893333333,Fase 1 (3° e 4° ano),0,,,2.5,4.0,,,,,3.0,,,,,1.0,,False,False,False,False,False,False,False,False,False,False,False,False,False,False
RA-1022,2023,Aluno-1022,FASE 1,1A,Masculino,9.0,2023,Pública,,,Ametista,7.164616667,10.0,4.7,8.5,8.5,3.77,7.1875,7.893333333,Fase 1 (3° e 4° ano),0,,,4.7,4.7,,,,,3.0,,,,,1.0,,False,False,False,False,False,False,False,False,False,False,False,False,False,False
RA-1023,2023,Aluno-1023,FASE 1,1A,Feminino,,2023,Pública,,,Topázio,9.1342,10.0,9.1,10.0,10.0,6.27,8.75,9.06,Fase 1 (3° e 4° ano),0,,,8.5,9.7,,,,,3.0,,,,,1.0,,False,False,False,False,False,False,False,False,False,False,False,False,False,False
RA-699,2023,Aluno-699,FASE 1,1A,Masculino,10.0,2022,Pública,,,Ágata,6.389991667,5.0,6.0,8.3,8.5,3.77,5.78125,6.173333333,Fase 2 (5° e 6° ano),-1,,,5.7,6.2,,,,,3.0,,,,,2.0,,False,False,False,False,False,False,False,False,False,False,False,False,False,False
RA-480,2023,Aluno-480,FASE 1,1B,Feminino,11.0,2021,Pública,,,Topázio,8.226408333,5.0,7.9,9.7,10.0,7.52,7.96875,8.336666667,Fase 2 (5° e 6° ano),-1,,,7.2,8.5,,,,,3.0,,,,,2.0,,False,False,False,False,False,False,False,False,False,False,False,False,False,False
RA-678,2023,Aluno-678,FASE 1,1B,Masculino,10.0,2022,Pública,,,Ametista,7.570158333,5.0,7.3,8.8,8.0,6.27,7.65625,8.336666667,Fase 2 (5° e 6° ano),-1,,,6.8,7.7,,,,,3.0,,,,,2.0,,False,False,False,False,False,False,False,False,False,False,False,False,False,False
RA-1024,2023,Aluno-1024,FASE 1,1B,Feminino,10.0,2023,Pública,,,Ametista,7.788875,5.0,9.8,10.0,0.0,6.27,9.21875,8.95,Fase 2 (5° e 6° ano),-1,,,10.0,9.5,,,,,3.0,,,,,2.0,,True,False,False,False,False,False,False,False,False,False,True,False,False,False
RA-502,2023,Aluno-502,FASE 1,1B,Feminino,9.0,2021,Privada - Programa de Apadrinhamento,,,Topázio,8.749075,10.0,8.0,9.8,8.5,7.52,7.96875,8.95,Fase 1 (3° e 4° ano),0,,,6.7,9.3,,,,,3.0,,,,,1.0,,False,False,False,False,False,False,False,False,False,False,False,False,False,False
RA-1025,2023,Aluno-1025,FASE 1,1B,Masculino,9.0,2023,Pública,,,Topázio,8.215158333,10.0,7.5,8.9,8.5,7.52,7.65625,7.836666667,Fase 1 (3° e 4° ano),0,,,7.5,7.5,,,,,3.0,,,,,1.0,,False,False,False,False,False,False,False,False,False,False,False,False,False,False
RA-680,2023,Aluno-680,FASE 1,1B,Feminino,,2019,Pública,,,Ágata,6.5855,5.0,6.4,9.1,0.0,7.52,6.875,7.78,Fase 2 (5° e 6° ano),-1,,,5.2,7.5,,,,,3.0,,,,,2.0,,True,False,False,False,False,False,False,False,False,False,True,False,False,False
RA-1026,2023,Aluno-1026,FASE 1,1B,Feminino,,2023,Pública,,,Ágata,6.494825,2.5,3.2,9.8,8.5,7.52,6.40625,7.06,Fase 4 (9° ano),-3,,,2.3,4.0,,,,,3.0,,,,,4.0,,False,False,False,False,False,False,False,False,False,False,False,False,False,False
RA-698,2023,Aluno-698,FASE 1,1B,Masculino,9.0,2021,Pública,,,Ametista,7.553616667,10.0,5.7,9.9,8.5,2.52,7.1875,8.113333333,Fase 1 (3° e 4° ano),0,,,4.3,7.0,,,,,3.0,,,,,1.0,,False,False,False,False,False,False,False,False,False,False,False,False,False,False
RA-533,2023,Aluno-533,FASE 1,1B,Masculino,,2022,Pública,,,Ametista,7.434866667,5.0,5.8,9.3,9.0,7.52,7.5,7.613333333,Fase 2 (5° e 6° ano),-1,,,4.8,6.7,,,,,3.0,,,,,2.0,,False,False,False,False,False,False,False,False,False,False,False,False,False,False
RA-504,2023,Aluno-504,FASE 1,1B,Feminino,9.0,2021,Pública,,,Topázio,8.299533333,10.0,7.9,8.3,8.0,7.52,7.5,8.836666667,Fase 1 (3° e 4° ano),0,,,6.5,9.2,,,,,3.0,,,,,1.0,,False,False,False,False,False,False,False,False,False,False,False,False,False,False
RA-1027,2023,Aluno-1027,FASE 1,1B,Feminino,10.0,2023,Pública,,,Ametista,7.748866667,5.0,6.0,9.7,9.5,7.52,7.5,8.333333333,Fase 2 (5° e 6° ano),-1,,,4.2,7.7,,,,,3.0,,,,,2.0,,False,False,False,False,False,False,False,False,False,False,False,False,False,False
RA-529,2023,Aluno-529,FASE 1,1B,Masculino,,2020,Pública,,,Ametista,7.278991667,5.0,6.8,9.6,8.0,7.52,5.78125,6.893333333,Fase 3 (7° e 8° ano),-2,,,4.8,8.7,,,,,3.0,,,,,3.0,,False,False,False,False,False,False,False,False,False,False,False,False,False,False
RA-1028,2023,Aluno-1028,FASE 1,1B,Masculino,11.0,2023,Pública,,,Ágata,6.415708333,5.0,5.0,9.2,0.0,7.52,7.34375,7.946666667,Fase 2 (5° e 6° ano),-1,,,5.0,5.0,,,,,3.0,,,,,2.0,,True,False,False,False,False,False,False,False,False,False,True,False,False,False
RA-686,2023,Aluno-686,FASE 1,1C,Feminino,10.0,2022,Pública,,,Ametista,7.9642,5.0,8.0,9.0,8.5,7.52,7.5,8.56,Fase 2 (5° e 6° ano),-1,,,7.3,8.7,,,,,3.0,,,,,2.0,,False,False,False,False,False,False,False,False,False,False,False,False,False,False
RA-1029,2023,Aluno-1029,FASE 1,1C,Feminino,9.0,2023,Pública,,,Ametista,7.058533333,10.0,5.4,6.3,10.0,3.77,7.5,8.006666667,Fase 1 (3° e 4° ano),0,,,3.5,7.2,,,,,3.0,,,,,1.0,,False,False,False,False,False,False,False,False,False,False,False,False,False,False
RA-1030,2023,Aluno-1030,FASE 1,1C,Masculino,,2023,Pública,,,Ametista,7.4027,5.0,6.9,9.7,8.5,3.77,6.875,8.39,Fase 2 (5° e 6° ano),-1,,,6.2,7.5,,,,,3.0,,,,,2.0,,False,False,False,False,False,False,False,False,False,False,False,False,False,False
RA-522,2023,Aluno-522,FASE 1,1C,Masculino,,2021,Pública,,,Ametista,7.890533333,5.0,8.3,9.2,7.5,7.52,7.083333333,8.45,Fase 2 (5° e 6° ano),-1,,,8.3,8.2,,,,,3.0,,,,,2.0,,False,False,False,False,False,False,False,False,False,False,False,False,False,False
RA-501,2023,Aluno-501,FASE 1,1C,Masculino,10.0,2021,Pública,,,Topázio,8.1357,5.0,8.9,8.4,7.0,7.52,8.541666667,9.396666667,Fase 2 (5° e 6° ano),-1,,,9.2,8.5,,,,,3.0,,,,,2.0,,False,False,False,False,False,False,False,False,False,False,False,False,False,False
RA-692,2023,Aluno-692,FASE 1,1C,Feminino,10.0,2021,Privada,,,Ágata,6.588466667,5.0,4.6,7.7,7.4,7.52,6.666666667,7.39,Fase 2 (5° e 6° ano),-1,,,2.8,6.3,,,,,3.0,,,,,2.0,,False,False,False,False,False,False,False,False,False,False,False,False,False,False
RA-527,2023,Aluno-527,FASE 1,1C,Feminino,,2022,Pública,,,Ametista,7.5682,5.0,6.5,9.1,9.0,7.52,7.5,7.78,Fase 2 (5° e 6° ano),-1,,,5.7,7.2,,,,,3.0,,,,,2.0,,False,False,False,False,False,False,False,False,False,False,False,False,False,False
RA-1031,2023,Aluno-1031,FASE 1,1D,Masculino,10.0,2023,Pública,,,Ametista,7.0602,5.0,5.9,8.8,8.0,7.52,6.666666667,7.006666667,Fase 2 (5° e 6° ano),-1,,,4.8,7.0,,,,,3.0,,,,,2.0,,False,False,False,False,False,False,False,False,False,False,False,False,False,False
RA-1032,2023,Aluno-1032,FASE 1,1D,Masculino,,2023,Pública,,,Ametista,7.434033333,5.0,6.0,9.5,8.5,7.52,7.291666667,7.563333333,Fase 2 (5° e 6° ano),-1,,,5.7,6.2,,,,,3.0,,,,,2.0,,False,False,False,False,False,False,False,False,False,False,False,False,False,False
RA-1033,2023,Aluno-1033,FASE 1,1D,Feminino,,2023,Pública,,,Topázio,8.126033333,5.0,7.9,8.9,9.0,7.52,8.125,9.006666667,Fase 2 (5° e 6° ano),-1,,,7.0,8.8,,,,,3.0,,,,,2.0,,False,False,False,False,False,False,False,False,False,False,False,False,False,False
RA-1034,2023,Aluno-1034,FASE 1,1D,Masculino,10.0,2023,Pública,,,Ametista,7.9642,5.0,8.3,9.0,7.5,7.52,8.333333333,8.393333333,Fase 2 (5° e 6° ano),-1,,,7.8,8.7,,,,,3.0,,,,,2.0,,False,False,False,False,False,False,False,False,False,False,False,False,False,False
RA-1035,2023,Aluno-1035,FASE 1,1D,Masculino,9.0,2023,Pública,,,Ágata,6.888833333,10.0,5.8,8.3,0.0,7.52,7.708333333,7.78,Fase 1 (3° e 4° ano),0,,,4.0,7.5,,,,,3.0,,,,,1.0,,True,False,False,False,False,False,False,False,False,False,True,False,False,False
RA-730,2023,Aluno-730,FASE 1,1F,Feminino,10.0,2021,Privada,,,Ametista,7.979325,5.0,7.8,8.7,10.0,5.02,9.53125,8.67,Fase 2 (5° e 6° ano),-1,,,7.8,7.7,,,,,3.0,,,,,2.0,,False,False,False,False,False,False,False,False,False,False,False,False,False,False
RA-855,2023,Aluno-855,FASE 1,1F,Feminino,9.0,2022,Pública,,,Topázio,8.62995,10.0,6.8,10.0,9.5,7.52,8.4375,8.67,Fase 1 (3° e 4° ano),0,,,5.2,8.3,,,,,3.0,,,,,1.0,,False,False,False,False,False,False,False,False,False,False,False,False,False,False
RA-820,2023,Aluno-820,FASE 1,1F,Masculino,10.0,2022,Pública,,,Ametista,7.85605,5.0,8.9,7.4,7.9,7.52,9.0625,8.28,Fase 2 (5° e 6° ano),-1,,,9.2,8.5,,,,,3.0,,,,,2.0,,False,False,False,False,False,False,False,False,False,False,False,False,False,False
RA-738,2023,Aluno-738,FASE 1,1F,Feminino,,2022,Pública,,,Topázio,8.123283333,10.0,6.0,9.3,8.0,7.52,8.4375,8.336666667,Fase 1 (3° e 4° ano),0,,,4.2,7.8,,,,,3.0,,,,,1.0,,False,False,False,False,False,False,False,False,False,False,False,False,False,False
RA-1036,2023,Aluno-1036,FASE 1,1F,Feminino,11.0,2023,Pública,,,Ágata,6.970583333,5.0,8.0,9.6,0.0,3.77,9.0625,8.336666667,Fase 2 (5° e 6° ano),-1,,,9.0,7.0,,,,,3.0,,,,,2.0,,True,False,False,False,False,False,False,False,False,False,True,False,False,False
RA-1037,2023,Aluno-1037,FASE 1,1F,Masculino,10.0,2023,Pública,,,Ametista,7.655575,5.0,6.7,8.4,9.0,7.52,8.59375,8.17,Fase 2 (5° e 6° ano),-1,,,5.0,8.3,,,,,3.0,,,,,2.0,,False,False,False,False,False,False,False,False,False,False,False,False,False,False
RA-576,2023,Aluno-576,FASE 1,1F,Feminino,11.0,2022,Pública,,,Ametista,7.984741667,5.0,8.0,9.3,9.0,5.02,9.21875,8.503333333,Fase 2 (5° e 6° ano),-1,,,6.5,9.5,,,,,3.0,,,,,2.0,,False,False,False,False,False,False,False,False,False,False,False,False,False,False
RA-1038,2023,Aluno-1038,FASE 1,1F,Feminino,10.0,2023,Privada,,,Ametista,7.736825,5.0,6.5,9.3,8.0,7.52,8.90625,8.17,Fase 2 (5° e 6° ano),-1,,,7.5,5.5,,,,,3.0,,,,,2.0,,False,False,False,False,False,False,False,False,False,False,False,False,False,False
RA-1039,2023,Aluno-1039,FASE 1,1F,Masculino,,2023,Pública,,,Ametista,7.686033333,5.0,6.2,9.9,8.0,7.52,8.125,8.056666667,Fase 3 (7° e 8° ano),-2,,,6.0,6.3,,,,,3.0,,,,,3.0,,False,False,False,False,False,False,False,False,False,False,False,False,False,False
RA-1040,2023,Aluno-1040,FASE 1,1F,Masculino,,2023,Pública,,,Ametista,7.81545,5.0,6.6,9.3,10.0,7.52,7.8125,8.06,Fase 2 (5° e 6° ano),-1,,,5.8,7.3,,,,,3.0,,,,,2.0,,False,False,False,False,False,False,False,False,False,False,False,False,False,False
RA-1041,2023,Aluno-1041,FASE 1,1F,Feminino,10.0,2023,Pública,,,Ágata,6.724116667,5.0,3.3,7.2,10.0,7.52,7.8125,8.003333333,Fase 2 (5° e 6° ano),-1,,,1.8,4.7,,,,,3.0,,,,,2.0,,False,False,False,False,False,False,False,False,False,False,False,False,False,False
RA-733,2023,Aluno-733,FASE 1,1G,Feminino,9.0,2022,Pública,,,Topázio,8.3342,10.0,6.2,8.7,10.0,7.52,8.333333333,8.893333333,Fase 1 (3° e 4° ano),0,,,4.3,8.0,,,,,3.0,,,,,1.0,,False,False,False,False,False,False,False,False,False,False,False,False,False,False
RA-837,2023,Aluno-837,FASE 1,1G,Masculino,,2022,Pública,,,Topázio,8.2712,10.0,7.0,9.3,9.0,7.52,7.916666667,7.836666667,Fase 1 (3° e 4° ano),0,,,6.3,7.7,,,,,3.0,,,,,1.0,,False,False,False,False,False,False,False,False,False,False,False,False,False,False
RA-519,2023,Aluno-519,FASE 1,1G,Masculino,10.0,2022,Pública,,,Topázio,8.0177,5.0,7.4,9.9,9.0,7.52,7.708333333,8.223333333,Fase 2 (5° e 6° ano),-1,,,7.5,7.2,,,,,3.0,,,,,2.0,,False,False,False,False,False,False,False,False,False,False,False,False,False,False
RA-521,2023,Aluno-521,FASE 1,1G,Masculino,,2022,Pública,,,Ágata,6.768666667,5.0,7.9,9.9,0.0,3.77,7.083333333,8.166666667,Fase 2 (5° e 6° ano),-1,,,7.0,8.7,,,,,3.0,,,,,2.0,,True,False,False,False,False,False,False,False,False,False,True,False,False,False
RA-1042,2023,Aluno-1042,FASE 1,1G,Masculino,,2023,Pública,,,Quartzo,5.331166667,5.0,4.3,6.5,0.0,3.77,7.708333333,7.666666667,Fase 2 (5° e 6° ano),-1,,,4.0,4.5,,,,,3.0,,,,,2.0,,True,False,False,False,False,False,False,False,False,False,True,False,False,False
RA-713,2023,Aluno-713,FASE 1,1G,Masculino,10.0,2021,Pública,,,Ametista,7.408033333,5.0,7.5,9.6,8.0,3.77,6.875,8.166666667,Fase 2 (5° e 6° ano),-1,,,6.7,8.2,,,,,3.0,,,,,2.0,,False,False,False,False,False,False,False,False,False,False,False,False,False,False
RA-736,2023,Aluno-736,FASE 1,1G,Masculino,10.0,2022,Pública,,,Ametista,7.600033333,5.0,6.7,9.5,8.5,6.27,7.708333333,8.11,Fase 2 (5° e 6° ano),-1,,,4.8,8.5,,,,,3.0,,,,,2.0,,False,False,False,False,False,False,False,False,False,False,False,False,False,False
RA-1043,2023,Aluno-1043,FASE 1,1G,Masculino,10.0,2023,Pública,,,Ágata,6.5447,5.0,2.5,7.9,10.0,6.27,7.708333333,7.833333333,Fase 2 (5° e 6° ano),-1,,,2.0,3.0,,,,,3.0,,,,,2.0,,False,False,False,False,False,False,False,False,False,False,False,False,False,False
RA-716,2023,Aluno-716,FASE 1,1G,Masculino,10.0,2022,Pública,,,Ágata,6.813366667,5.0,5.6,8.7,9.0,3.77,6.875,7.443333333,Fase 2 (5° e 6° ano),-1,,,5.0,6.2,,,,,3.0,,,,,2.0,,False,False,False,False,False,False,False,False,False,False,False,False,False,False
RA-1044,2023,Aluno-1044,FASE 1,1G,Feminino,10.0,2023,Pública,,,Ametista,7.629533333,5.0,6.1,9.7,8.0,7.52,7.5,8.336666667,Fase 2 (5° e 6° ano),-1,,,4.5,7.7,,,,,3.0,,,,,2.0,,False,False,False,False,False,False,False,False,False,False,False,False,False,False
RA-745,2023,Aluno-745,FASE 1,1G,Masculino,,2021,Privada - Programa de Apadrinhamento,,,Ametista,7.668366667,5.0,7.0,9.3,9.5,3.77,8.125,8.893333333,Fase 2 (5° e 6° ano),-1,,,5.7,8.2,,,,,3.0,,,,,2.0,,False,False,False,False,False,False,False,False,False,False,False,False,False,False
RA-717,2023,Aluno-717,FASE 1,1G,Feminino,11.0,2021,Pública,,,Ágata,6.633833333,5.0,5.9,8.5,0.0,7.52,8.125,8.446666667,Fase 2 (5° e 6° ano),-1,,,5.5,6.3,,,,,3.0,,,,,2.0,,True,False,False,False,False,False,False,False,False,False,True,False,False,False
RA-718,2023,Aluno-718,FASE 1,1G,Feminino,,2022,Pública,,,Topázio,8.166866667,10.0,7.8,9.1,9.5,3.77,7.916666667,8.39,Fase 1 (3° e 4° ano),0,,,6.3,9.2,,,,,3.0,,,,,1.0,,False,False,False,False,False,False,False,False,False,False,False,False,False,False
RA-721,2023,Aluno-721,FASE 1,1G,Feminino,9.0,2021,Pública,,,Topázio,8.683366667,10.0,8.4,9.5,8.5,7.52,8.125,8.443333333,Fase 1 (3° e 4° ano),0,,,7.5,9.3,,,,,3.0,,,,,1.0,,False,False,False,False,False,False,False,False,False,False,False,False,False,False
RA-746,2023,Aluno-746,FASE 1,1G,Masculino,,2022,Pública,,,Ágata,6.517166667,10.0,7.2,8.0,0.0,3.77,6.875,7.113333333,Fase 1 (3° e 4° ano),0,,,6.0,8.3,,,,,3.0,,,,,1.0,,True,False,False,False,False,False,False,False,False,False,True,False,False,False
RA-1045,2023,Aluno-1045,FASE 1,1H,Feminino,11.0,2023,Pública,,,Topázio,8.089033333,5.0,7.9,9.4,9.5,7.52,7.708333333,8.28,Fase 2 (5° e 6° ano),-1,,,6.8,9.0,,,,,3.0,,,,,2.0,,False,False,False,False,False,False,False,False,False,False,False,False,False,False
RA-483,2023,Aluno-483,FASE 1,1H,Feminino,12.0,2019,Pública,,,Ágata,6.3972,5.0,5.6,6.0,9.0,2.52,7.916666667,8.166666667,Fase 3 (7° e 8° ano),-2,,,5.0,6.2,,,,,3.0,,,,,3.0,,False,False,False,False,False,False,False,False,False,False,False,False,False,False
RA-1046,2023,Aluno-1046,FASE 1,1H,Masculino,9.0,2023,Pública,,,Ágata,6.835833333,10.0,6.3,8.5,0.0,3.77,8.541666667,8.223333333,Fase 1 (3° e 4° ano),0,,,6.3,6.3,,,,,3.0,,,,,1.0,,True,False,False,False,False,False,False,False,False,False,True,False,False,False
RA-1047,2023,Aluno-1047,FASE 1,1H,Masculino,9.0,2023,Pública,,,Ametista,7.848366667,10.0,6.9,8.5,10.0,3.77,8.125,7.893333333,Fase 1 (3° e 4° ano),0,,,5.8,8.0,,,,,3.0,,,,,1.0,,False,False,False,False,False,False,False,False,False,False,False,False,False,False
RA-570,2023,Aluno-570,FASE 1,1H,Feminino,,2019,Pública,,,Ágata,6.781033333,5.0,5.9,7.3,8.5,3.77,8.125,8.056666667,Fase 2 (5° e 6° ano),-1,,,5.7,6.0,,,,,3.0,,,,,2.0,,False,False,False,False,False,False,False,False,False,False,False,False,False,False
RA-1048,2023,Aluno-1048,FASE 1,1H,Feminino,10.0,2023,Privada,,,Ametista,7.811366667,5.0,8.2,9.5,8.5,3.77,8.541666667,8.5,Fase 2 (5° e 6° ano),-1,,,7.5,8.8,,,,,3.0,,,,,2.0,,False,False,False,False,False,False,False,False,False,False,False,False,False,False
RA-1049,2023,Aluno-1049,FASE 1,1H,Masculino,10.0,2023,Pública,,,Ametista,7.443366667,5.0,6.3,7.7,10.0,7.52,8.125,7.943333333,Fase 2 (5° e 6° ano),-1,,,5.5,7.0,,,,,3.0,,,,,2.0,,False,False,False,False,False,False,False,False,False,False,False,False,False,False
RA-1050,2023,Aluno-1050,FASE 1,1H,Masculino,11.0,2023,Pública,,,Ametista,7.764366667,5.0,7.2,9.2,9.0,6.27,8.125,8.223333333,Fase 2 (5° e 6° ano),-1,,,6.2,8.2,,,,,3.0,,,,,2.0,,False,False,False,False,False,False,False,False,False,False,False,False,False,False
RA-1051,2023,Aluno-1051,FASE 1,1H,Feminino,9.0,2023,Pública,,,Topázio,8.534866667,10.0,8.4,8.9,8.5,6.27,8.75,8.613333333,Fase 1 (3° e 4° ano),0,,,7.0,9.8,,,,,3.0,,,,,1.0,,False,False,False,False,False,False,False,False,False,False,False,False,False,False
RA-707,2023,Aluno-707,FASE 1,1H,Feminino,,2020,Pública,,,Ágata,6.518,5.0,6.5,9.8,0.0,3.77,7.916666667,7.946666667,Fase 2 (5° e 6° ano),-1,,,5.5,7.5,,,,,3.0,,,,,2.0,,True,False,False,False,False,False,False,False,False,False,True,False,False,False
RA-1052,2023,Aluno-1052,FASE 1,1H,Masculino,,2023,Pública,,,Ágata,6.960333333,10.0,5.3,9.0,0.0,7.52,7.916666667,7.833333333,Fase 1 (3° e 4° ano),0,,,5.0,5.5,,,,,3.0,,,,,1.0,,True,False,False,False,False,False,False,False,False,False,True,False,False,False
RA-580,2023,Aluno-580,FASE 1,1H,Feminino,11.0,2020,Pública,,,Topázio,8.4712,5.0,9.0,9.8,8.5,7.52,8.75,8.67,Fase 2 (5° e 6° ano),-1,,,8.7,9.3,,,,,3.0,,,,,2.0,,False,False,False,False,False,False,False,False,False,False,False,False,False,False
RA-581,2023,Aluno-581,FASE 1,1H,Masculino,11.0,2019,Pública,,,Ametista,7.7167,5.0,7.9,9.8,8.0,7.52,6.458333333,7.393333333,Fase 2 (5° e 6° ano),-1,,,7.0,8.8,,,,,3.0,,,,,2.0,,False,False,False,False,False,False,False,False,False,False,False,False,False,False
RA-735,2023,Aluno-735,FASE 1,1J,Feminino,11.0,2021,Pública,,,Ametista,7.184,5.0,8.1,9.0,0.0,7.52,8.333333333,8.393333333,Fase 2 (5° e 6° ano),-1,,,7.7,8.5,,,,,3.0,,,,,2.0,,True,False,False,False,False,False,False,False,False,False,True,False,False,False
RA-710,2023,Aluno-710,FASE 1,1J,Masculino,,2020,Pública,,,Ametista,7.0582,5.0,6.5,9.0,9.5,3.77,7.083333333,7.113333333,Fase 2 (5° e 6° ano),-1,,,5.7,7.3,,,,,3.0,,,,,2.0,,False,False,False,False,False,False,False,False,False,False,False,False,False,False
RA-712,2023,Aluno-712,FASE 1,1J,Masculino,12.0,2019,Pública,,,Ágata,6.331533333,5.0,6.7,5.6,9.5,3.14,7.5,6.836666667,Fase 3 (7° e 8° ano),-2,,,5.5,7.8,,,,,3.0,,,,,3.0,,False,False,False,False,False,False,False,False,False,True,False,False,False,False
RA-549,2023,Aluno-549,FASE 1,1J,Masculino,,2021,Pública,,,Ametista,7.0297,5.0,6.4,8.1,9.5,5.02,6.875,7.5,Fase 2 (5° e 6° ano),-1,,,5.5,7.2,,,,,3.0,,,,,2.0,,False,False,False,False,False,False,False,False,False,False,False,False,False,False
RA-679,2023,Aluno-679,FASE 1,1J,Masculino,11.0,2020,Pública,,,Ágata,6.138366667,5.0,3.6,7.5,7.5,5.02,6.875,7.393333333,Fase 2 (5° e 6° ano),-1,,,2.0,5.2,,,,,3.0,,,,,2.0,,False,False,False,False,False,False,False,False,False,False,False,False,False,False
RA-571,2023,Aluno-571,FASE 1,1J,Feminino,12.0,2019,Privada,,,Ágata,6.6097,5.0,5.0,7.9,9.0,3.77,7.291666667,7.616666667,Fase 3 (7° e 8° ano),-2,,,3.8,6.2,,,,,3.0,,,,,3.0,,False,False,False,False,False,False,False,False,False,False,False,False,False,False
RA-714,2023,Aluno-714,FASE 1,1J,Masculino,12.0,2019,Pública,,,Ágata,6.078666667,5.0,7.4,8.0,0.0,3.14,7.5,7.223333333,Fase 3 (7° e 8° ano),-2,,,6.7,8.0,,,,,3.0,,,,,3.0,,True,False,False,False,False,False,False,False,False,False,True,False,False,False
RA-737,2023,Aluno-737,FASE 1,1J,Feminino,9.0,2022,Pública,,,Topázio,8.048033333,10.0,7.5,7.8,9.5,7.52,7.291666667,7.783333333,Fase 1 (3° e 4° ano),0,,,7.0,8.0,,,,,3.0,,,,,1.0,,False,False,False,False,False,False,False,False,False,False,False,False,False,False
RA-577,2023,Aluno-577,FASE 1,1J,Feminino,11.0,2022,Pública,,,Ametista,7.219366667,5.0,7.4,8.2,10.0,3.77,6.875,7.673333333,Fase 2 (5° e 6° ano),-1,,,6.5,8.3,,,,,3.0,,,,,2.0,,False,False,False,False,False,False,False,False,False,False,False,False,False,False
RA-1053,2023,Aluno-1053,FASE 1,1J,Masculino,9.0,2023,Pública,,,Ametista,7.776166667,10.0,8.6,9.1,0.0,6.27,8.958333333,8.616666667,Fase 1 (3° e 4° ano),0,,,7.8,9.3,,,,,3.0,,,,,1.0,,True,False,False,False,False,False,False,False,False,False,True,False,False,False
RA-731,2023,Aluno-731,FASE 1,1J,Feminino,11.0,2019,Pública,,,Ágata,6.7742,5.0,6.8,7.6,8.5,3.14,7.5,7.45,Fase 2 (5° e 6° ano),-1,,,6.2,7.3,,,,,3.0,,,,,2.0,,False,False,False,False,False,False,False,False,False,False,False,False,False,False
RA-552,2023,Aluno-552,FASE 1,1J,Masculino,,2022,Pública,,,Quartzo,5.248666667,5.0,6.4,5.6,0.0,3.14,6.666666667,6.89,Fase 3 (7° e 8° ano),-2,,,6.5,6.2,,,,,3.0,,,,,3.0,,True,False,False,False,False,False,False,False,False,True,True,False,False,False
RA-1054,2023,Aluno-1054,FASE 1,1J,Masculino,,2023,Pública,,,Ametista,7.459533333,5.0,6.6,8.6,8.5,7.52,7.5,7.836666667,Fase 3 (7° e 8° ano),-2,,,5.0,8.2,,,,,3.0,,,,,3.0,,False,False,False,False,False,False,False,False,False,False,False,False,False,False
RA-1055,2023,Aluno-1055,FASE 1,1J,Masculino,11.0,2023,Pública,,,Quartzo,5.9765,5.0,5.5,7.2,0.0,7.52,7.291666667,7.276666667,Fase 2 (5° e 6° ano),-1,,,6.0,5.0,,,,,3.0,,,,,2.0,,True,False,False,False,False,False,False,False,False,False,True,False,False,False
RA-597,2023,Aluno-597,FASE 1,1K,Masculino,10.0,2022,Pública,,,Topázio,8.49045,5.0,8.5,9.6,10.0,7.52,9.0625,8.56,Fase 2 (5° e 6° ano),-1,,,7.8,9.2,,,,,3.0,,,,,2.0,,False,False,False,False,False,False,False,False,False,False,False,False,False,False
RA-624,2023,Aluno-624,FASE 1,1K,Masculino,,2022,Pública,,,Topázio,8.270825,5.0,8.6,9.2,9.0,7.52,8.90625,8.39,Fase 2 (5° e 6° ano),-1,,,8.3,8.8,,,,,3.0,,,,,2.0,,False,False,False,False,False,False,False,False,False,False,False,False,False,False
RA-776,2023,Aluno-776,FASE 1,1K,Feminino,,2022,Privada - Programa de Apadrinhamento,,,Quartzo,5.567916667,5.0,3.5,7.0,0.0,7.52,7.8125,7.223333333,Fase 2 (5° e 6° ano),-1,,,4.2,2.7,,,,,3.0,,,,,2.0,,True,False,False,False,False,False,False,False,False,False,True,False,False,False
RA-600,2023,Aluno-600,FASE 1,1K,Feminino,10.0,2021,Pública,,,Ametista,7.651658333,5.0,7.2,8.4,8.5,7.52,8.28125,8.056666667,Fase 2 (5° e 6° ano),-1,,,6.5,7.8,,,,,3.0,,,,,2.0,,False,False,False,False,False,False,False,False,False,False,False,False,False,False
RA-1056,2023,Aluno-1056,FASE 1,1K,Masculino,9.0,2023,Pública,,,Topázio,8.551741667,10.0,8.1,9.6,8.5,7.52,7.96875,8.113333333,Fase 1 (3° e 4° ano),0,,,7.8,8.3,,,,,3.0,,,,,1.0,,False,False,False,False,False,False,False,False,False,False,False,False,False,False
RA-791,2023,Aluno-791,FASE 1,1K,Feminino,,2022,Pública,,,Ágata,6.247916667,5.0,5.3,8.1,0.0,7.52,7.8125,7.723333333,Fase 3 (7° e 8° ano),-2,,,6.0,4.5,,,,,3.0,,,,,3.0,,True,False,False,False,False,False,False,False,False,False,True,False,False,False
RA-601,2023,Aluno-601,FASE 1,1K,Masculino,9.0,2021,Pública,,,Topázio,8.955783333,10.0,8.7,10.0,9.0,7.52,9.0625,8.336666667,Fase 1 (3° e 4° ano),0,,,8.0,9.3,,,,,3.0,,,,,1.0,,False,False,False,False,False,False,False,False,False,False,False,False,False,False
RA-762,2023,Aluno-762,FASE 1,1K,Masculino,13.0,2022,Pública,,,Ametista,7.09945,5.0,5.8,9.1,10.0,3.14,7.8125,7.67,Fase 3 (7° e 8° ano),-2,,,6.2,5.3,,,,,3.0,,,,,3.0,,False,False,False,False,False,False,False,False,False,False,False,False,False,False
RA-778,2023,Aluno-778,FASE 1,1K,Feminino,,2021,Pública,,,Ametista,7.926825,5.0,8.2,7.9,8.5,7.52,8.90625,8.62,Fase 2 (5° e 6° ano),-1,,,7.3,9.0,,,,,3.0,,,,,2.0,,False,False,False,False,False,False,False,False,False,False,False,False,False,False
RA-628,2023,Aluno-628,FASE 1,1K,Masculino,12.0,2022,Pública,,,Topázio,8.370325,5.0,9.4,8.9,9.5,7.52,8.28125,8.45,Fase 3 (7° e 8° ano),-2,,,9.0,9.7,,,,,3.0,,,,,3.0,,False,False,False,False,False,False,False,False,False,False,False,False,False,False
RA-606,2023,Aluno-606,FASE 1,1K,Masculino,10.0,2022,Pública,,,Ametista,7.402491667,5.0,6.0,8.5,8.5,7.52,7.65625,8.223333333,Fase 2 (5° e 6° ano),-1,,,4.7,7.2,,,,,3.0,,,,,2.0,,False,False,False,False,False,False,False,False,False,False,False,False,False,False
RA-766,2023,Aluno-766,FASE 1,1K,Feminino,11.0,2020,Pública,,,Topázio,8.008408333,5.0,8.7,8.7,10.0,4.39,9.21875,8.336666667,Fase 2 (5° e 6° ano),-1,,,9.2,8.2,,,,,3.0,,,,,2.0,,False,False,False,False,False,False,False,False,False,False,False,False,False,False
RA-607,2023,Aluno-607,FASE 1,1K,Masculino,11.0,2022,Pública,,,Ametista,7.333075,5.0,6.8,7.5,8.0,7.52,7.96875,8.17,Fase 2 (5° e 6° ano),-1,,,4.8,8.7,,,,,3.0,,,,,2.0,,False,False,False,False,False,False,False,False,False,False,False,False,False,False
RA-608,2023,Aluno-608,FASE 1,1K,Masculino,10.0,2022,Pública,,,Ametista,7.401741667,5.0,6.2,7.5,10.0,7.52,7.96875,8.113333333,Fase 2 (5° e 6° ano),-1,,,6.0,6.3,,,,,3.0,,,,,2.0,,False,False,False,False,False,False,False,False,False,False,False,False,False,False
RA-788,2023,Aluno-788,FASE 1,1K,Masculino,,2021,Pública,,,Ametista,7.806091667,10.0,6.9,9.8,7.9,2.52,7.65625,8.283333333,Fase 1 (3° e 4° ano),0,,,6.0,7.8,,,,,3.0,,,,,1.0,,False,False,False,False,False,False,False,False,False,False,False,False,False,False
RA-784,2023,Aluno-784,FASE 1,1L,Feminino,10.0,2022,Pública,,,Topázio,8.171366667,5.0,7.3,9.5,10.0,7.52,8.125,8.783333333,Fase 2 (5° e 6° ano),-1,,,6.5,8.0,,,,,3.0,,,,,2.0,,False,False,False,False,False,False,False,False,False,False,False,False,False,False
RA-785,2023,Aluno-785,FASE 1,1L,Feminino,10.0,2022,Pública,,,Topázio,8.137866667,5.0,8.8,8.5,9.0,7.52,7.916666667,8.67,Fase 2 (5° e 6° ano),-1,,,8.2,9.4,,,,,3.0,,,,,2.0,,False,False,False,False,False,False,False,False,False,False,False,False,False,False
RA-587,2023,Aluno-587,FASE 1,1L,Masculino,,2022,Pública,,,Ágata,6.032033333,5.0,2.7,7.0,8.5,7.52,6.458333333,6.72,Fase 2 (5° e 6° ano),-1,,,2.2,3.2,,,,,3.0,,,,,2.0,,False,False,False,False,False,False,False,False,False,False,False,False,False,False
RA-790,2023,Aluno-790,FASE 1,1L,Masculino,,2022,Pública,,,Ágata,6.707666667,5.0,7.4,8.1,0.0,7.52,7.083333333,8.286666667,Fase 3 (7° e 8° ano),-2,,,7.2,7.5,,,,,3.0,,,,,3.0,,True,False,False,False,False,False,False,False,False,False,True,False,False,False
RA-663,2023,Aluno-663,FASE 1,1L,Masculino,11.0,2022,Pública,,,Ágata,6.969133333,5.0,7.0,7.4,6.9,7.52,6.666666667,7.393333333,Fase 2 (5° e 6° ano),-1,,,6.7,7.3,,,,,3.0,,,,,2.0,,False,False,False,False,False,False,False,False,False,False,False,False,False,False
RA-664,2023,Aluno-664,FASE 1,1L,Feminino,11.0,2022,Pública,,,Topázio,8.0872,5.0,8.0,9.6,9.0,7.52,7.916666667,8.116666667,Fase 2 (5° e 6° ano),-1,,,8.0,8.0,,,,,3.0,,,,,2.0,,False,False,False,False,False,False,False,False,False,False,False,False,False,False
RA-761,2023,Aluno-761,FASE 1,1L,Masculino,10.0,2022,Pública,,,Topázio,8.219533333,5.0,8.4,9.7,9.0,7.52,8.333333333,8.12,Fase 2 (5° e 6° ano),-1,,,8.7,8.0,,,,,3.0,,,,,2.0,,False,False,False,False,False,False,False,False,False,False,False,False,False,False
RA-1057,2023,Aluno-1057,FASE 1,1L,Feminino,9.0,2023,Pública,,,Topázio,8.4827,10.0,6.3,10.0,10.0,7.52,8.125,8.34,Fase 1 (3° e 4° ano),0,,,6.5,6.0,,,,,3.0,,,,,1.0,,False,False,False,False,False,False,False,False,False,False,False,False,False,False
RA-629,2023,Aluno-629,FASE 1,1L,Feminino,10.0,2022,Pública,,,Topázio,8.013866667,5.0,7.5,9.4,10.0,7.52,7.916666667,7.95,Fase 2 (5° e 6° ano),-1,,,7.0,8.0,,,,,3.0,,,,,2.0,,False,False,False,False,False,False,False,False,False,False,False,False,False,False
RA-832,2023,Aluno-832,FASE 1,1L,Masculino,10.0,2022,Pública,,,Topázio,8.2697,5.0,8.5,9.5,10.0,7.52,7.708333333,8.283333333,Fase 2 (5° e 6° ano),-1,,,9.2,7.7,,,,,3.0,,,,,2.0,,False,False,False,False,False,False,False,False,False,False,False,False,False,False
RA-594,2023,Aluno-594,FASE 1,1L,Masculino,11.0,2022,Pública,,,Ágata,6.702033333,5.0,5.8,7.1,8.5,6.27,6.875,7.336666667,Fase 2 (5° e 6° ano),-1,,,6.2,5.3,,,,,3.0,,,,,2.0,,False,False,False,False,False,False,False,False,False,False,False,False,False,False
RA-617,2023,Aluno-617,FASE 1,1L,Feminino,11.0,2021,Pública,,,Ágata,6.816166667,5.0,6.9,9.0,0.0,7.52,7.708333333,8.116666667,Fase 2 (5° e 6° ano),-1,,,5.5,8.2,,,,,3.0,,,,,2.0,,True,False,False,False,False,False,False,False,False,False,True,False,False,False
RA-767,2023,Aluno-767,FASE 1,1L,Masculino,11.0,2021,Pública,,,Ametista,7.3807,5.0,6.3,8.3,10.0,7.52,7.291666667,7.446666667,Fase 2 (5° e 6° ano),-1,,,6.5,6.0,,,,,3.0,,,,,2.0,,False,False,False,False,False,False,False,False,False,False,False,False,False,False
RA-1058,2023,Aluno-1058,FASE 1,1L,Feminino,,2023,Pública,,,Ametista,7.356533333,10.0,5.4,8.7,10.0,3.14,7.083333333,7.62,Fase 1 (3° e 4° ano),0,,,4.0,6.7,,,,,3.0,,,,,1.0,,False,False,False,False,False,False,False,False,False,False,False,False,False,False
RA-747,2023,Aluno-747,FASE 1,1L,Feminino,11.0,2022,Pública,,,Ágata,6.026366667,5.0,3.1,8.0,10.0,3.14,6.041666667,6.94,Fase 2 (5° e 6° ano),-1,,,1.2,5.0,,,,,3.0,,,,,2.0,,False,False,False,False,False,False,False,False,False,False,False,False,False,False
RA-827,2023,Aluno-827,FASE 1,1M,Feminino,,2022,Pública,,,Ametista,7.419925,5.0,8.1,8.1,7.9,3.14,8.28125,8.73,Fase 2 (5° e 6° ano),-1,,,7.7,8.5,,,,,3.0,,,,,2.0,,False,False,False,False,False,False,False,False,False,False,False,False,False,False
RA-1059,2023,Aluno-1059,FASE 1,1M,Masculino,,2023,Pública,,,Ametista,7.763741667,5.0,7.6,9.8,10.0,2.52,7.96875,8.673333333,Fase 2 (5° e 6° ano),-1,,,6.2,9.0,,,,,3.0,,,,,2.0,,False,False,False,False,False,False,False,False,False,False,False,False,False,False
RA-612,2023,Aluno-612,FASE 1,1M,Feminino,11.0,2021,Privada - Programa de Apadrinhamento,,,Topázio,8.410783333,5.0,9.7,9.7,9.0,3.77,9.0625,9.286666667,Fase 2 (5° e 6° ano),-1,,,9.3,10.0,,,,,3.0,,,,,2.0,,False,False,False,False,False,False,False,False,False,False,False,False,False,False
RA-1060,2023,Aluno-1060,FASE 1,1M,Masculino,,2023,Pública,,,Ametista,7.095741667,5.0,5.7,8.6,9.0,3.14,7.96875,8.673333333,Fase 2 (5° e 6° ano),-1,,,4.3,7.0,,,,,3.0,,,,,2.0,,False,False,False,False,False,False,False,False,False,False,False,False,False,False
RA-665,2023,Aluno-665,FASE 1,1M,Feminino,,2022,Pública,,,Ágata,6.185658333,5.0,5.2,4.9,9.5,2.52,8.28125,8.226666667,Fase 2 (5° e 6° ano),-1,,,5.0,5.3,,,,,3.0,,,,,2.0,,False,False,False,False,False,False,False,False,False,True,False,False,False,False
RA-829,2023,Aluno-829,FASE 1,1M,Feminino,9.0,2022,Pública,,,Topázio,8.532075,10.0,8.4,9.4,9.0,3.14,9.21875,9.23,Fase 1 (3° e 4° ano),0,,,7.5,9.2,,,,,3.0,,,,,1.0,,False,False,False,False,False,False,False,False,False,False,False,False,False,False
RA-1061,2023,Aluno-1061,FASE 1,1M,Masculino,10.0,2023,Pública,,,Topázio,8.196533333,5.0,9.3,9.7,9.5,3.14,8.75,8.836666667,Fase 2 (5° e 6° ano),-1,,,8.8,9.7,,,,,3.0,,,,,2.0,,False,False,False,False,False,False,False,False,False,False,False,False,False,False
RA-1062,2023,Aluno-1062,FASE 1,1M,Masculino,,2023,Pública,,,Ametista,7.448841667,10.0,6.2,7.7,7.4,3.77,8.59375,8.503333333,Fase 1 (3° e 4° ano),0,,,4.8,7.5,,,,,3.0,,,,,1.0,,False,False,False,False,False,False,False,False,False,False,False,False,False,False
RA-615,2023,Aluno-615,FASE 1,1M,Feminino,,2020,Pública,,,Ametista,7.815658333,5.0,7.6,9.7,10.0,3.14,8.28125,8.616666667,Fase 2 (5° e 6° ano),-1,,,6.8,8.3,,,,,3.0,,,,,2.0,,False,False,False,False,False,False,False,False,False,False,False,False,False,False
RA-833,2023,Aluno-833,FASE 1,1M,Masculino,,2022,Pública,,,Ametista,7.81295,5.0,7.4,9.5,10.0,3.77,8.4375,8.56,Fase 2 (5° e 6° ano),-1,,,7.3,7.5,,,,,3.0,,,,,2.0,,False,False,False,False,False,False,False,False,False,False,False,False,False,False
RA-630,2023,Aluno-630,FASE 1,1M,Masculino,10.0,2022,Pública,,,Ametista,7.199991667,5.0,5.7,8.6,9.0,3.77,8.28125,8.673333333,Fase 2 (5° e 6° ano),-1,,,4.2,7.2,,,,,3.0,,,,,2.0,,False,False,False,False,False,False,False,False,False,False,False,False,False,False
RA-752,2023,Aluno-752,FASE 1,1N,Feminino,11.0,2022,Pública,,,Topázio,8.073825,5.0,6.4,9.9,9.5,7.52,7.65625,9.23,Fase 2 (5° e 6° ano),-1,,,4.8,8.0,,,,,3.0,,,,,2.0,,False,False,False,False,False,False,False,False,False,False,False,False,False,False
RA-777,2023,Aluno-777,FASE 1,1N,Feminino,,2022,Pública,,,Ametista,7.468125,10.0,6.3,9.3,0.0,7.52,8.28125,8.84,Fase 1 (3° e 4° ano),0,,,5.3,7.3,,,,,3.0,,,,,1.0,,True,False,False,False,False,False,False,False,False,False,True,False,False,False
RA-1063,2023,Aluno-1063,FASE 1,1N,Masculino,,2023,Privada - Programa de Apadrinhamento,,,Ametista,7.490825,5.0,5.9,9.5,9.5,7.52,6.40625,7.89,Fase 2 (5° e 6° ano),-1,,,4.7,7.0,,,,,3.0,,,,,2.0,,False,False,False,False,False,False,False,False,False,False,False,False,False,False
RA-764,2023,Aluno-764,FASE 1,1N,Masculino,,2022,Pública,,,Ametista,7.682125,10.0,7.8,9.2,0.0,7.52,8.28125,8.56,Fase 1 (3° e 4° ano),0,,,6.0,9.5,,,,,3.0,,,,,1.0,,True,False,False,False,False,False,False,False,False,False,True,False,False,False
RA-1064,2023,Aluno-1064,FASE 1,1N,Masculino,10.0,2023,Pública,,,Topázio,8.4777,5.0,8.6,9.8,8.5,7.52,9.375,8.84,Fase 2 (5° e 6° ano),-1,,,8.3,8.8,,,,,3.0,,,,,2.0,,False,False,False,False,False,False,False,False,False,False,False,False,False,False
RA-1065,2023,Aluno-1065,FASE 1,1N,Feminino,,2023,Pública,,,Topázio,8.03395,5.0,7.0,9.6,8.5,7.52,8.4375,8.84,Fase 2 (5° e 6° ano),-1,,,7.7,6.3,,,,,3.0,,,,,2.0,,False,False,False,False,False,False,False,False,False,False,False,False,False,False
RA-772,2023,Aluno-772,FASE 1,1N,Masculino,12.0,2021,Pública,,,Quartzo,5.930166667,5.0,4.8,7.2,0.0,7.52,6.875,8.003333333,Fase 3 (7° e 8° ano),-2,,,5.2,4.3,,,,,3.0,,,,,3.0,,True,False,False,False,False,False,False,False,False,False,True,False,False,False
RA-781,2023,Aluno-781,FASE 1,1N,Feminino,10.0,2021,Pública,,,Topázio,8.209283333,5.0,7.9,9.8,7.5,7.52,8.4375,9.116666667,Fase 2 (5° e 6° ano),-1,,,7.0,8.8,,,,,3.0,,,,,2.0,,False,False,False,False,False,False,False,False,False,False,False,False,False,False
RA-1066,2023,Aluno-1066,FASE 1,1N,Feminino,10.0,2023,Pública,,,Ametista,7.262616667,5.0,6.2,6.6,8.5,7.52,8.4375,8.783333333,Fase 2 (5° e 6° ano),-1,,,4.2,8.2,,,,,3.0,,,,,2.0,,False,False,False,False,False,False,False,False,False,False,False,False,False,False
RA-1067,2023,Aluno-1067,FASE 1,1N,Masculino,10.0,2023,Pública,,,Ágata,6.541458333,5.0,5.4,7.9,0.0,7.52,8.28125,9.006666667,Fase 2 (5° e 6° ano),-1,,,4.5,6.3,,,,,3.0,,,,,2.0,,True,False,False,False,False,False,False,False,False,False,True,False,False,False
RA-834,2023,Aluno-834,FASE 1,1N,Masculino,,2022,Pública,,,Topázio,8.662616667,5.0,9.2,9.9,9.0,6.27,9.6875,9.283333333,Fase 2 (5° e 6° ano),-1,,,9.0,9.3,,,,,3.0,,,,,2.0,,False,False,False,False,False,False,False,False,False,False,False,False,False,False
RA-722,2023,Aluno-722,FASE 1,1N,Feminino,,2021,Pública,,,Ametista,7.3387,5.0,6.4,9.6,8.5,2.52,8.125,8.67,Fase 2 (5° e 6° ano),-1,,,4.5,8.2,,,,,3.0,,,,,2.0,,False,False,False,False,False,False,False,False,False,False,False,False,False,False
RA-1068,2023,Aluno-1068,FASE 1,1P,Masculino,,2023,Pública,,,Topázio,8.472533333,5.0,9.0,9.3,8.5,6.89,9.166666667,9.283333333,Fase 2 (5° e 6° ano),-1,,,8.3,9.7,,,,,3.0,,,,,2.0,,False,False,False,False,False,False,False,False,False,False,False,False,False,False
RA-796,2023,Aluno-796,FASE 1,1P,Feminino,11.0,2022,Pública,,,Ametista,7.462866667,5.0,5.5,9.8,9.0,6.27,7.083333333,8.336666667,Fase 2 (5° e 6° ano),-1,,,5.0,6.0,,,,,3.0,,,,,2.0,,False,False,False,False,False,False,False,False,False,False,False,False,False,False
RA-1069,2023,Aluno-1069,FASE 1,1P,Masculino,11.0,2023,Pública,,,Ametista,7.590033333,5.0,7.1,7.8,9.0,7.52,8.125,8.226666667,Fase 2 (5° e 6° ano),-1,,,7.5,6.7,,,,,3.0,,,,,2.0,,False,False,False,False,False,False,False,False,False,False,False,False,False,False
RA-797,2023,Aluno-797,FASE 1,1P,Masculino,11.0,2021,Pública,,,Ametista,7.373033333,5.0,7.5,8.6,8.5,7.52,6.041666667,7.233333333,Fase 2 (5° e 6° ano),-1,,,7.0,8.0,,,,,3.0,,,,,2.0,,False,False,False,False,False,False,False,False,False,False,False,False,False,False
RA-647,2023,Aluno-647,FASE 1,1P,Feminino,,2022,Privada - Programa de Apadrinhamento,,,Ametista,7.100566667,5.0,5.2,8.7,7.3,6.27,7.708333333,8.446666667,Fase 2 (5° e 6° ano),-1,,,4.7,5.7,,,,,3.0,,,,,2.0,,False,False,False,False,False,False,False,False,False,False,False,False,False,False
RA-814,2023,Aluno-814,FASE 1,1P,Masculino,10.0,2022,Pública,,,Topázio,8.367866667,5.0,8.2,9.6,9.5,6.89,8.333333333,9.226666667,Fase 2 (5° e 6° ano),-1,,,7.8,8.5,,,,,3.0,,,,,2.0,,False,False,False,False,False,False,False,False,False,False,False,False,False,False
RA-652,2023,Aluno-652,FASE 1,1P,Feminino,,2022,Pública,,,Ametista,7.871033333,5.0,7.0,9.4,9.0,6.89,8.125,8.446666667,Fase 2 (5° e 6° ano),-1,,,6.2,7.8,,,,,3.0,,,,,2.0,,False,False,False,False,False,False,False,False,False,False,False,False,False,False
RA-816,2023,Aluno-816,FASE 1,1P,Feminino,,2022,Pública,,,Topázio,8.5572,5.0,8.9,9.8,7.5,7.52,9.583333333,9.283333333,Fase 2 (5° e 6° ano),-1,,,7.8,10.0,,,,,3.0,,,,,2.0,,False,False,False,False,False,False,False,False,False,False,False,False,False,False
RA-640,2023,Aluno-640,FASE 1,1P,Feminino,12.0,2022,Pública,,,Ágata,6.1105,5.0,4.9,7.3,0.0,7.52,7.291666667,8.446666667,Fase 3 (7° e 8° ano),-2,,,4.0,5.8,,,,,3.0,,,,,3.0,,True,False,False,False,False,False,False,False,False,False,True,False,False,False
RA-810,2023,Aluno-810,FASE 1,1P,Masculino,9.0,2021,Pública,,,Ametista,7.782866667,10.0,6.9,8.5,8.0,7.52,5.833333333,7.836666667,Fase 1 (3° e 4° ano),0,,,6.3,7.5,,,,,3.0,,,,,1.0,,False,False,False,False,False,False,False,False,False,False,False,False,False,False
RA-643,2023,Aluno-643,FASE 1,1P,Masculino,,2022,Pública,,,Ametista,7.389033333,5.0,7.1,8.2,9.5,7.52,6.041666667,7.613333333,Fase 2 (5° e 6° ano),-1,,,7.0,7.2,,,,,3.0,,,,,2.0,,False,False,False,False,False,False,False,False,False,False,False,False,False,False
RA-819,2023,Aluno-819,FASE 1,1P,Masculino,9.0,2022,Pública,,,Ametista,7.944833333,10.0,9.5,8.3,0.0,7.52,8.541666667,8.893333333,Fase 1 (3° e 4° ano),0,,,9.7,9.3,,,,,3.0,,,,,1.0,,True,False,False,False,False,False,False,False,False,False,True,False,False,False
RA-1070,2023,Aluno-1070,FASE 1,1P,Masculino,11.0,2023,Pública,,,Ágata,6.939033333,5.0,5.8,7.8,9.0,3.14,7.708333333,8.67,Fase 2 (5° e 6° ano),-1,,,5.3,6.3,,,,,3.0,,,,,2.0,,False,False,False,False,False,False,False,False,False,False,False,False,False,False
RA-813,2023,Aluno-813,FASE 1,1R,Masculino,,2022,Pública,,,Ametista,7.5867,10.0,3.9,8.4,9.5,7.52,8.125,8.06,Fase 1 (3° e 4° ano),0,,,2.3,5.5,,,,,3.0,,,,,1.0,,False,False,False,False,False,False,False,False,False,False,False,False,False,False
RA-636,2023,Aluno-636,FASE 1,1R,Masculino,11.0,2022,Pública,,,Ágata,6.836666667,5.0,9.0,8.3,0.0,5.64,8.333333333,7.446666667,Fase 2 (5° e 6° ano),-1,,,9.2,8.7,,,,,3.0,,,,,2.0,,True,False,False,False,False,False,False,False,False,False,True,False,False,False
RA-798,2023,Aluno-798,FASE 1,1R,Masculino,,2022,Privada - Programa de Apadrinhamento,,,Ametista,7.018033333,5.0,6.1,8.1,9.0,7.52,6.458333333,6.95,Fase 2 (5° e 6° ano),-1,,,4.3,7.8,,,,,3.0,,,,,2.0,,False,False,False,False,False,False,False,False,False,False,False,False,False,False
RA-799,2023,Aluno-799,FASE 1,1R,Feminino,,2022,Pública,,,Topázio,8.061533333,5.0,8.3,9.6,9.5,5.64,8.333333333,8.17,Fase 2 (5° e 6° ano),-1,,,7.8,8.8,,,,,3.0,,,,,2.0,,False,False,False,False,False,False,False,False,False,False,False,False,False,False
RA-815,2023,Aluno-815,FASE 1,1R,Masculino,,2022,Pública,,,Ágata,6.122166667,5.0,6.5,8.6,0.0,5.02,6.875,7.063333333,Fase 2 (5° e 6° ano),-1,,,7.0,6.0,,,,,3.0,,,,,2.0,,True,False,False,False,False,False,False,False,False,False,True,False,False,False
RA-637,2023,Aluno-637,FASE 1,1R,Feminino,11.0,2021,Pública,,,Topázio,8.109533333,5.0,8.5,9.5,8.0,7.52,8.333333333,8.17,Fase 2 (5° e 6° ano),-1,,,8.7,8.2,,,,,3.0,,,,,2.0,,False,False,False,False,False,False,False,False,False,False,False,False,False,False
RA-638,2023,Aluno-638,FASE 1,1R,Feminino,,2020,Pública,,,Ametista,7.754866667,5.0,6.5,9.4,9.0,7.52,8.333333333,7.946666667,Fase 2 (5° e 6° ano),-1,,,6.8,6.2,,,,,3.0,,,,,2.0,,False,False,False,False,False,False,False,False,False,False,False,False,False,False
RA-801,2023,Aluno-801,FASE 1,1R,Masculino,,2022,Pública,,,Ágata,6.8735,10.0,7.6,7.5,0.0,7.52,6.875,7.12,Fase 1 (3° e 4° ano),0,,,6.8,8.3,,,,,3.0,,,,,1.0,,True,False,False,False,False,False,False,False,False,False,True,False,False,False
RA-802,2023,Aluno-802,FASE 1,1R,Masculino,10.0,2021,Pública,,,Topázio,8.126866667,5.0,9.4,9.3,8.0,7.52,8.333333333,7.506666667,Fase 2 (5° e 6° ano),-1,,,9.3,9.5,,,,,3.0,,,,,2.0,,False,False,False,False,False,False,False,False,False,False,False,False,False,False
RA-1071,2023,Aluno-1071,FASE 1,1R,Masculino,11.0,2023,Pública,,,Ágata,6.414033333,5.0,3.5,8.6,9.0,7.52,5.625,6.396666667,Fase 2 (5° e 6° ano),-1,,,1.7,5.3,,,,,3.0,,,,,2.0,,False,False,False,False,False,False,False,False,False,False,False,False,False,False
RA-817,2023,Aluno-817,FASE 1,1R,Feminino,,2022,Pública,,,Ametista,7.8597,10.0,5.4,8.8,9.5,6.89,8.125,7.89,Fase 1 (3° e 4° ano),0,,,5.0,5.7,,,,,3.0,,,,,1.0,,False,False,False,False,False,False,False,False,False,False,False,False,False,False
RA-818,2023,Aluno-818,FASE 1,1R,Masculino,,2022,Pública,,,Ametista,7.997366667,10.0,6.2,8.4,10.0,7.52,8.125,7.613333333,ALFA (1° e 2° ano),1,,,5.5,6.8,,,,,3.0,,,,,1.0,,False,False,False,False,False,False,False,False,False,False,False,False,False,False
RA-804,2023,Aluno-804,FASE 1,1R,Masculino,11.0,2022,Pública,,,Ametista,7.2352,5.0,6.9,8.6,10.0,6.27,5.833333333,7.173333333,Fase 2 (5° e 6° ano),-1,,,6.2,7.5,,,,,3.0,,,,,2.0,,False,False,False,False,False,False,False,False,False,False,False,False,False,False
RA-645,2023,Aluno-645,FASE 1,1R,Feminino,11.0,2022,Pública,,,Ametista,7.613033333,5.0,7.3,8.5,9.0,6.27,8.125,8.116666667,Fase 2 (5° e 6° ano),-1,,,6.5,8.0,,,,,3.0,,,,,2.0,,False,False,False,False,False,False,False,False,False,False,False,False,False,False
RA-479,2023,Aluno-479,FASE 2,2A,Masculino,,2020,Privada - Programa de Apadrinhamento,,,Topázio,8.988866667,10.0,9.7,10.0,9.0,2.52,9.791666667,9.6375,Fase 2 (5° e 6° ano),0,,,9.3,10.0,,,,,3.0,,,,,2.0,,False,False,False,False,False,False,False,False,False,False,False,False,True,False
RA-493,2023,Aluno-493,FASE 2,2A,Feminino,10.0,2020,Pública,,,Ametista,7.934366667,10.0,6.0,9.6,9.5,2.52,8.541666667,8.84,Fase 2 (5° e 6° ano),0,,,4.7,7.2,,,,,3.0,,,,,2.0,,False,False,False,False,False,False,False,False,False,False,False,False,False,False
RA-1072,2023,Aluno-1072,FASE 2,2A,Masculino,11.0,2023,Pública,,,Topázio,8.0152,10.0,6.7,8.6,9.0,5.0,8.125,8.7125,Fase 2 (5° e 6° ano),0,,,5.2,8.2,,,,,3.0,,,,,2.0,,False,False,False,False,False,False,False,False,False,False,False,False,False,False
RA-536,2023,Aluno-536,FASE 2,2A,Feminino,10.0,2020,Pública,,,Ametista,7.759533333,10.0,5.9,9.3,8.0,2.52,8.333333333,9.17,Fase 2 (5° e 6° ano),0,,,5.0,6.8,,,,,3.0,,,,,2.0,,False,False,False,False,False,False,False,False,False,False,False,False,False,False
RA-1073,2023,Aluno-1073,FASE 2,2A,Feminino,,2023,Pública,,,Ágata,6.384333333,5.0,6.2,8.8,0.0,2.52,8.333333333,9.045,Fase 3 (7° e 8° ano),-1,,,4.8,7.5,,,,,3.0,,,,,3.0,,True,False,False,False,False,False,False,False,False,False,True,False,False,False
RA-494,2023,Aluno-494,FASE 2,2A,Feminino,12.0,2022,Privada,,,Ametista,7.116633333,5.0,6.8,9.0,6.9,2.52,7.708333333,8.71,Fase 3 (7° e 8° ano),-1,,,6.3,7.3,,,,,3.0,,,,,3.0,,False,False,False,False,False,False,False,False,False,False,False,False,False,False
RA-496,2023,Aluno-496,FASE 2,2A,Masculino,,2018,Privada,,,Ágata,6.603666667,5.0,8.3,7.1,0.0,5.0,7.916666667,8.71,Fase 3 (7° e 8° ano),-1,,,7.5,9.0,,,,,3.0,,,,,3.0,,True,False,False,False,False,False,False,False,False,False,True,False,False,False
RA-497,2023,Aluno-497,FASE 2,2A,Feminino,,2016,Privada - Programa de apadrinhamento,,,Quartzo,5.7191,5.0,3.5,8.7,5.3,2.52,6.25,6.885,Fase 4 (9° ano),-2,,,1.7,5.3,,,,,3.0,,,,,4.0,,False,False,False,False,False,False,False,False,False,False,False,False,False,False
RA-1074,2023,Aluno-1074,FASE 2,2A,Feminino,12.0,2023,Pública,,,Ágata,6.195833333,5.0,6.0,9.8,0.0,2.52,7.083333333,7.8775,Fase 3 (7° e 8° ano),-1,,,8.0,4.0,,,,,3.0,,,,,3.0,,True,False,False,False,False,False,False,False,False,False,True,False,False,False
RA-486,2023,Aluno-486,FASE 2,2A,Feminino,11.0,2020,Privada,,,Ametista,7.1043,10.0,6.2,6.4,8.4,2.52,7.5,8.7525,Fase 2 (5° e 6° ano),0,,,3.3,9.0,,,,,3.0,,,,,2.0,,False,False,False,False,False,False,False,False,False,False,False,False,False,False
RA-1075,2023,Aluno-1075,FASE 2,2A,Feminino,12.0,2023,Pública,,,Ágata,6.591333333,5.0,5.5,9.6,0.0,5.0,7.708333333,9.0025,Fase 3 (7° e 8° ano),-1,,,5.0,6.0,,,,,3.0,,,,,3.0,,True,False,False,False,False,False,False,False,False,False,True,False,False,False
RA-578,2023,Aluno-578,FASE 2,2A,Masculino,11.0,2019,Privada - Programa de Apadrinhamento,,,Topázio,9.013866667,10.0,9.7,10.0,9.0,2.52,9.791666667,9.7625,Fase 2 (5° e 6° ano),0,,,9.8,9.5,,,,,3.0,,,,,2.0,,False,False,False,False,False,False,False,False,False,False,False,False,True,False
RA-513,2023,Aluno-513,FASE 2,2A,Masculino,10.0,2021,Privada,,,Topázio,8.297866667,10.0,7.5,9.7,9.5,2.52,8.541666667,9.0075,Fase 2 (5° e 6° ano),0,,,7.2,7.8,,,,,3.0,,,,,2.0,,False,False,False,False,False,False,False,False,False,False,False,False,False,False
RA-487,2023,Aluno-487,FASE 2,2A,Feminino,11.0,2019,Privada - Programa de Apadrinhamento,,,Topázio,8.988866667,10.0,9.5,9.9,8.5,5.0,9.166666667,9.26,Fase 2 (5° e 6° ano),0,,,9.2,9.7,,,,,3.0,,,,,2.0,,False,False,False,False,False,False,False,False,False,False,False,False,False,False
RA-1076,2023,Aluno-1076,FASE 2,2A,Feminino,,2023,Pública,,,Ametista,7.901033333,5.0,8.5,9.7,9.0,2.52,8.333333333,8.8775,Fase 3 (7° e 8° ano),-1,,,9.0,8.0,,,,,3.0,,,,,3.0,,False,False,False,False,False,False,False,False,False,False,False,False,False,False
RA-490,2023,Aluno-490,FASE 2,2A,Feminino,,2022,Privada,,,Ametista,7.429466667,10.0,5.8,7.9,7.9,2.52,8.541666667,9.0075,Fase 2 (5° e 6° ano),0,,,2.8,8.7,,,,,3.0,,,,,2.0,,False,False,False,False,False,False,False,False,False,False,False,False,False,False
RA-491,2023,Aluno-491,FASE 2,2A,Masculino,,2022,Pública,,,Ametista,7.560533333,10.0,5.0,9.6,9.5,2.52,7.708333333,8.3375,Fase 2 (5° e 6° ano),0,,,3.3,6.7,,,,,3.0,,,,,2.0,,False,False,False,False,False,False,False,False,False,False,False,False,False,False
RA-1077,2023,Aluno-1077,FASE 2,2B,Masculino,,2023,Pública,,,Ametista,7.2115,10.0,7.3,9.7,0.0,2.52,8.75,8.4225,Fase 2 (5° e 6° ano),0,,,6.8,7.8,,,,,3.0,,,,,2.0,,True,False,False,False,False,False,False,False,False,False,True,False,False,False
RA-484,2023,Aluno-484,FASE 2,2B,Masculino,12.0,2022,Pública,,,Quartzo,5.515466667,5.0,3.6,7.5,6.4,2.52,5.416666667,6.8,Fase 3 (7° e 8° ano),-1,,,3.2,4.0,,,,,3.0,,,,,3.0,,False,False,False,False,False,False,False,False,False,False,False,False,True,False
RA-508,2023,Aluno-508,FASE 2,2B,Masculino,10.0,2022,Pública,,,Ametista,7.671633333,10.0,7.5,8.6,6.4,2.52,8.333333333,8.6725,Fase 2 (5° e 6° ano),0,,,6.2,8.7,,,,,3.0,,,,,2.0,,False,False,False,False,False,False,False,False,False,False,False,False,False,False
RA-495,2023,Aluno-495,FASE 2,2B,Masculino,,2022,Privada,,,Ametista,7.417366667,5.0,7.4,8.4,9.0,2.52,8.541666667,8.755,Fase 3 (7° e 8° ano),-1,,,6.0,8.8,,,,,3.0,,,,,3.0,,False,False,False,False,False,False,False,False,False,False,False,False,False,False
RA-1078,2023,Aluno-1078,FASE 2,2B,Masculino,14.0,2023,Pública,,,Ágata,6.472333333,5.0,6.4,6.8,5.3,2.52,8.958333333,8.2975,Fase 4 (9° ano),-2,,,4.3,8.5,,,,,3.0,,,,,4.0,,False,False,False,False,False,False,False,False,False,False,False,False,False,False
RA-340,2023,Aluno-340,FASE 2,2B,Masculino,,2017,Pública,,,Ametista,7.059666667,5.0,8.9,9.6,0.0,2.52,9.166666667,8.505,Fase 3 (7° e 8° ano),-1,,,9.0,8.7,,,,,3.0,,,,,3.0,,True,False,False,False,False,False,False,False,False,False,True,False,False,False
RA-1079,2023,Aluno-1079,FASE 2,2B,Masculino,,2023,Pública,,,Ágata,6.916533333,5.0,7.6,8.1,9.0,2.52,7.083333333,7.13,Fase 3 (7° e 8° ano),-1,,,7.3,7.8,,,,,3.0,,,,,3.0,,False,False,False,False,False,False,False,False,False,False,False,False,False,False
RA-1080,2023,Aluno-1080,FASE 2,2B,Masculino,12.0,2023,Pública,,,Ágata,6.571966667,5.0,1.5,10.0,7.9,5.0,8.541666667,8.13,Fase 3 (7° e 8° ano),-1,,,0.0,3.0,,,,,3.0,,,,,3.0,,False,False,False,False,False,False,False,False,True,False,False,False,False,False
RA-1081,2023,Aluno-1081,FASE 2,2B,Feminino,14.0,2023,Pública,,,Ametista,7.666033333,5.0,6.5,10.0,10.0,2.52,8.958333333,8.59,Fase 4 (9° ano),-2,,,8.0,5.0,,,,,3.0,,,,,4.0,,False,False,False,False,False,False,False,False,False,False,False,False,False,False
RA-1082,2023,Aluno-1082,FASE 2,2B,Feminino,,2023,Pública,,,Ametista,7.1617,5.0,5.0,9.5,9.5,2.52,8.75,8.4225,Fase 3 (7° e 8° ano),-1,,,3.5,6.5,,,,,3.0,,,,,3.0,,False,False,False,False,False,False,False,False,False,False,False,False,False,False
RA-1083,2023,Aluno-1083,FASE 2,2B,Feminino,10.0,2023,Pública,,,Topázio,8.2345,10.0,7.5,10.0,6.8,5.0,8.75,8.38,Fase 2 (5° e 6° ano),0,,,7.0,8.0,,,,,3.0,,,,,2.0,,False,False,False,False,False,False,False,False,False,False,False,False,False,False
RA-531,2023,Aluno-531,FASE 2,2B,Masculino,11.0,2022,Pública,,,Topázio,8.3252,10.0,7.7,10.0,9.5,2.52,8.75,8.59,Fase 2 (5° e 6° ano),0,,,6.3,9.0,,,,,3.0,,,,,2.0,,False,False,False,False,False,False,False,False,False,False,False,False,False,False
RA-1084,2023,Aluno-1084,FASE 2,2B,Feminino,11.0,2023,Pública,,,Ametista,7.9948,10.0,6.8,10.0,8.4,2.52,8.75,8.38,Fase 2 (5° e 6° ano),0,,,5.0,8.5,,,,,3.0,,,,,2.0,,False,False,False,False,False,False,False,False,False,False,False,False,False,False
RA-516,2023,Aluno-516,FASE 2,2B,Masculino,10.0,2019,Privada - Programa de Apadrinhamento,,,Topázio,8.6807,10.0,9.3,9.8,10.0,2.52,8.75,8.7175,Fase 2 (5° e 6° ano),0,,,9.0,9.5,,,,,3.0,,,,,2.0,,False,False,False,False,False,False,False,False,False,False,False,False,False,False
RA-348,2023,Aluno-348,FASE 2,2B,Masculino,,2022,Pública,,,Ágata,6.817866667,5.0,4.4,8.7,10.0,2.52,8.541666667,8.0075,Fase 3 (7° e 8° ano),-1,,,2.0,6.7,,,,,3.0,,,,,3.0,,False,False,False,False,False,False,False,False,False,False,False,False,False,False
RA-1085,2023,Aluno-1085,FASE 2,2C,Feminino,12.0,2023,Pública,,,Ágata,6.563833333,5.0,6.7,9.8,0.0,2.52,8.958333333,8.13,Fase 3 (7° e 8° ano),-1,,,6.0,7.3,,,,,3.0,,,,,3.0,,True,False,False,False,False,False,False,False,False,False,True,False,False,False
RA-1086,2023,Aluno-1086,FASE 2,2C,Feminino,12.0,2023,Pública,,,Ametista,7.2382,5.0,5.7,9.4,8.5,2.52,8.75,8.755,Fase 3 (7° e 8° ano),-1,,,6.0,5.3,,,,,3.0,,,,,3.0,,False,False,False,False,False,False,False,False,False,False,False,False,False,False
RA-1087,2023,Aluno-1087,FASE 2,2C,Feminino,12.0,2023,Pública,,,Ametista,7.2067,5.0,5.4,9.5,10.0,2.52,8.75,8.0475,Fase 3 (7° e 8° ano),-1,,,3.7,7.0,,,,,3.0,,,,,3.0,,False,False,False,False,False,False,False,False,False,False,False,False,False,False
RA-509,2023,Aluno-509,FASE 2,2C,Feminino,12.0,2018,Pública,,,Ametista,7.606033333,5.0,8.6,8.1,8.5,2.52,8.958333333,8.84,Fase 3 (7° e 8° ano),-1,,,8.2,9.0,,,,,3.0,,,,,3.0,,False,False,False,False,False,False,False,False,False,False,False,False,False,False
RA-499,2023,Aluno-499,FASE 2,2C,Masculino,11.0,2020,Pública,,,Ametista,7.8883,10.0,6.6,10.0,7.9,2.52,8.75,8.2975,Fase 2 (5° e 6° ano),0,,,5.3,7.8,,,,,3.0,,,,,2.0,,False,False,False,False,False,False,False,False,False,False,False,False,False,False
RA-500,2023,Aluno-500,FASE 2,2C,Feminino,11.0,2020,Pública,,,Topázio,8.427533333,10.0,7.9,10.0,9.5,2.52,8.958333333,8.7975,Fase 2 (5° e 6° ano),0,,,8.5,7.2,,,,,3.0,,,,,2.0,,False,False,False,False,False,False,False,False,False,False,False,False,False,False
RA-1088,2023,Aluno-1088,FASE 2,2C,Masculino,13.0,2023,Pública,,,Ametista,7.4717,5.0,6.8,9.8,9.5,2.52,8.75,7.9225,Fase 3 (7° e 8° ano),-1,,,6.0,7.5,,,,,3.0,,,,,3.0,,False,False,False,False,False,False,False,False,False,False,False,False,False,False
RA-1089,2023,Aluno-1089,FASE 2,2C,Feminino,,2023,Pública,,,Ametista,7.9947,10.0,7.0,9.5,9.0,2.52,8.75,8.3375,Fase 2 (5° e 6° ano),0,,,6.0,8.0,,,,,3.0,,,,,2.0,,False,False,False,False,False,False,False,False,False,False,False,False,False,False
RA-1090,2023,Aluno-1090,FASE 2,2C,Masculino,13.0,2023,Pública,,,Ametista,7.844033333,5.0,9.0,9.6,9.0,2.52,8.958333333,7.88,Fase 3 (7° e 8° ano),-1,,,8.7,9.3,,,,,3.0,,,,,3.0,,False,False,False,False,False,False,False,False,False,False,False,False,False,False
RA-503,2023,Aluno-503,FASE 2,2C,Masculino,,2020,Pública,,,Topázio,8.4682,10.0,8.7,10.0,9.5,2.52,8.75,8.255,Fase 2 (5° e 6° ano),0,,,8.7,8.7,,,,,3.0,,,,,2.0,,False,False,False,False,False,False,False,False,False,False,False,False,False,False
RA-1091,2023,Aluno-1091,FASE 2,2C,Masculino,12.0,2023,Pública,,,Topázio,8.032533333,5.0,9.5,9.0,8.5,2.52,8.958333333,9.1725,Fase 3 (7° e 8° ano),-1,,,9.3,9.7,,,,,3.0,,,,,3.0,,False,False,False,False,False,False,False,False,False,False,False,False,False,False
RA-1092,2023,Aluno-1092,FASE 2,2C,Masculino,12.0,2023,Pública,,,Ametista,7.41,5.0,6.9,9.8,7.8,2.52,8.75,8.2975,Fase 3 (7° e 8° ano),-1,,,6.0,7.8,,,,,3.0,,,,,3.0,,False,False,False,False,False,False,False,False,False,False,False,False,False,False
RA-1093,2023,Aluno-1093,FASE 2,2C,Masculino,11.0,2023,Pública,,,Topázio,8.197533333,10.0,9.2,9.3,7.0,2.52,8.958333333,8.2975,Fase 2 (5° e 6° ano),0,,,9.3,9.0,,,,,3.0,,,,,2.0,,False,False,False,False,False,False,False,False,False,False,False,False,False,False
RA-1094,2023,Aluno-1094,FASE 2,2C,Feminino,11.0,2023,Pública,,,Topázio,8.1779,10.0,8.5,9.5,7.8,2.52,8.75,8.3375,Fase 2 (5° e 6° ano),0,,,7.8,9.2,,,,,3.0,,,,,2.0,,False,False,False,False,False,False,False,False,False,False,False,False,False,False
RA-1095,2023,Aluno-1095,FASE 2,2C,Masculino,,2023,Pública,,,Ágata,6.238,5.0,5.3,9.8,0.0,2.52,8.75,8.005,Fase 3 (7° e 8° ano),-1,,,5.8,4.7,,,,,3.0,,,,,3.0,,True,False,False,False,False,False,False,False,False,False,True,False,False,False
RA-324,2023,Aluno-324,FASE 2,2D,Feminino,,2022,Pública,,,Ametista,7.6354,10.0,8.4,9.0,5.8,2.52,8.125,7.5875,Fase 2 (5° e 6° ano),0,,,8.0,8.7,,,,,3.0,,,,,2.0,,False,False,False,False,False,False,False,False,False,False,False,False,False,False
RA-350,2023,Aluno-350,FASE 2,2D,Feminino,,2022,Pública,,,Ametista,7.972033333,5.0,9.0,9.7,10.0,2.52,8.958333333,7.92,Fase 3 (7° e 8° ano),-1,,,8.8,9.2,,,,,3.0,,,,,3.0,,False,False,False,False,False,False,False,False,False,False,False,False,False,False
RA-517,2023,Aluno-517,FASE 2,2D,Feminino,13.0,2017,Pública,,,Ágata,6.3104,5.0,6.6,9.0,4.1,2.52,6.875,6.7125,Fase 3 (7° e 8° ano),-1,,,4.5,8.7,,,,,3.0,,,,,3.0,,False,False,False,False,False,False,False,False,False,False,False,False,False,False
RA-325,2023,Aluno-325,FASE 2,2D,Masculino,11.0,2022,Pública,,,Ágata,6.243,10.0,5.6,7.1,0.0,5.0,8.125,7.0025,Fase 2 (5° e 6° ano),0,,,3.8,7.3,,,,,3.0,,,,,2.0,,True,False,False,False,False,False,False,False,False,False,True,False,False,False
RA-518,2023,Aluno-518,FASE 2,2D,Masculino,11.0,2022,Pública,,,Ametista,7.5762,10.0,6.7,8.5,8.5,5.0,8.125,6.9175,Fase 2 (5° e 6° ano),0,,,5.5,7.8,,,,,3.0,,,,,2.0,,False,False,False,False,False,False,False,False,False,False,False,False,False,False
RA-530,2023,Aluno-530,FASE 2,2D,Masculino,11.0,2019,Pública,,,Ametista,7.653033333,10.0,5.7,8.8,10.0,5.0,7.708333333,7.46,Fase 2 (5° e 6° ano),0,,,5.8,5.5,,,,,3.0,,,,,2.0,,False,False,False,False,False,False,False,False,False,False,False,False,False,False
RA-524,2023,Aluno-524,FASE 2,2D,Masculino,,2019,Pública,,,Ametista,7.331133333,5.0,8.9,9.2,6.4,2.52,8.333333333,7.42,Fase 3 (7° e 8° ano),-1,,,9.0,8.8,,,,,3.0,,,,,3.0,,False,False,False,False,False,False,False,False,False,False,False,False,False,False
RA-1096,2023,Aluno-1096,FASE 2,2D,Feminino,,2023,Pública,,,Topázio,8.615533333,10.0,9.6,9.9,9.5,2.52,8.958333333,8.0875,Fase 2 (5° e 6° ano),0,,,9.5,9.7,,,,,3.0,,,,,2.0,,False,False,False,False,False,False,False,False,False,False,False,False,False,False
RA-526,2023,Aluno-526,FASE 2,2D,Masculino,,2022,Pública,,,Topázio,8.0957,5.0,8.8,9.8,9.5,5.0,8.75,7.7525,Fase 3 (7° e 8° ano),-1,,,8.3,9.3,,,,,3.0,,,,,3.0,,False,False,False,False,False,False,False,False,False,False,False,False,False,False
RA-528,2023,Aluno-528,FASE 2,2D,Masculino,,2021,Pública,,,Ametista,7.6892,5.0,8.2,8.5,9.0,5.0,8.75,7.92,Fase 3 (7° e 8° ano),-1,,,7.5,8.8,,,,,3.0,,,,,3.0,,False,False,False,False,False,False,False,False,False,False,False,False,False,False
RA-534,2023,Aluno-534,FASE 2,2D,Masculino,13.0,2021,Pública,,,Quartzo,5.8385,5.0,5.4,8.1,0.0,2.52,8.125,7.92,Fase 3 (7° e 8° ano),-1,,,3.7,7.0,,,,,3.0,,,,,3.0,,True,False,False,False,False,False,False,False,False,False,True,False,False,False
RA-1097,2023,Aluno-1097,FASE 2,2D,Masculino,,2023,Pública,,,Ágata,6.9547,5.0,5.4,8.6,9.5,5.0,8.125,6.96,Fase 4 (9° ano),-2,,,4.3,6.5,,,,,3.0,,,,,4.0,,False,False,False,False,False,False,False,False,False,False,False,False,False,False
RA-1098,2023,Aluno-1098,FASE 2,2D,Feminino,13.0,2023,Pública,,,Ametista,7.2787,5.0,6.4,9.5,9.5,2.52,8.125,7.92,Fase 3 (7° e 8° ano),-1,,,6.3,6.5,,,,,3.0,,,,,3.0,,False,False,False,False,False,False,False,False,False,False,False,False,False,False
RA-506,2023,Aluno-506,FASE 2,2D,Masculino,13.0,2020,Pública,,,Ametista,7.750033333,5.0,8.5,8.1,9.5,5.0,8.958333333,7.92,Fase 3 (7° e 8° ano),-1,,,7.3,9.7,,,,,3.0,,,,,3.0,,False,False,False,False,False,False,False,False,False,False,False,False,False,False
RA-1099,2023,Aluno-1099,FASE 2,2F,Feminino,13.0,2023,Pública,,,Ametista,7.113533333,5.0,5.2,9.6,9.0,2.52,8.333333333,8.34,Fase 3 (7° e 8° ano),-1,,,5.7,4.7,,,,,3.0,,,,,3.0,,False,False,False,False,False,False,False,False,False,False,False,False,False,False
RA-1100,2023,Aluno-1100,FASE 2,2F,Masculino,,2023,Pública,,,Topázio,8.261033333,10.0,7.1,9.2,10.0,5.0,8.541666667,8.283333333,Fase 2 (5° e 6° ano),0,,,6.3,7.8,,,,,3.0,,,,,2.0,,False,False,False,False,False,False,False,False,False,False,False,False,False,False
RA-1101,2023,Aluno-1101,FASE 2,2F,Masculino,,2023,Pública,,,Ágata,6.446666667,10.0,5.3,7.2,0.0,5.0,8.333333333,8.116666667,Fase 2 (5° e 6° ano),0,,,4.2,6.3,,,,,3.0,,,,,2.0,,True,False,False,False,False,False,False,False,False,False,True,False,False,False
RA-1102,2023,Aluno-1102,FASE 2,2F,Masculino,,2023,Pública,,,Topázio,8.123033333,10.0,7.5,9.5,9.5,5.0,7.708333333,7.56,Fase 2 (5° e 6° ano),0,,,5.7,9.2,,,,,3.0,,,,,2.0,,False,False,False,False,False,False,False,False,False,False,False,False,False,False
RA-363,2023,Aluno-363,FASE 2,2F,Masculino,13.0,2022,Pública,,,Ágata,6.680833333,5.0,6.8,9.9,0.0,2.52,8.541666667,8.673333333,Fase 3 (7° e 8° ano),-1,,,6.8,6.8,,,,,3.0,,,,,3.0,,True,False,False,False,False,False,False,False,False,False,True,False,False,False
RA-1103,2023,Aluno-1103,FASE 2,2F,Masculino,10.0,2023,Pública,,,Ametista,7.574866667,10.0,5.0,8.7,9.0,5.0,8.333333333,8.006666667,Fase 2 (5° e 6° ano),0,,,4.5,5.5,,,,,3.0,,,,,2.0,,False,False,False,False,False,False,False,False,False,False,False,False,False,False
RA-539,2023,Aluno-539,FASE 2,2F,Feminino,,2022,Pública,,,Ametista,7.796866667,5.0,8.5,8.6,9.5,2.52,9.166666667,8.84,Fase 3 (7° e 8° ano),-1,,,7.2,9.7,,,,,3.0,,,,,3.0,,False,False,False,False,False,False,False,False,False,False,False,False,False,False
RA-540,2023,Aluno-540,FASE 2,2F,Feminino,,2019,Pública,,,Topázio,8.216033333,10.0,7.1,8.8,8.5,5.0,8.958333333,8.95,Fase 2 (5° e 6° ano),0,,,6.5,7.7,,,,,3.0,,,,,2.0,,False,False,False,False,False,False,False,False,False,False,False,False,False,False
RA-574,2023,Aluno-574,FASE 2,2F,Masculino,,2022,Pública,,,Ametista,7.878133333,10.0,8.1,8.2,6.9,5.0,7.916666667,8.173333333,Fase 2 (5° e 6° ano),0,,,7.7,8.5,,,,,3.0,,,,,2.0,,False,False,False,False,False,False,False,False,False,False,False,False,False,False
RA-369,2023,Aluno-369,FASE 2,2F,Masculino,,2022,Pública,,,Ágata,6.0197,5.0,4.0,4.1,10.0,5.0,8.541666667,7.726666667,Fase 3 (7° e 8° ano),-1,,,5.0,3.0,,,,,3.0,,,,,3.0,,False,False,False,False,False,False,False,False,False,True,False,False,False,False
RA-375,2023,Aluno-375,FASE 2,2F,Masculino,12.0,2019,Pública,,,Ametista,7.070833333,5.0,7.9,9.9,0.0,5.0,8.541666667,8.283333333,Fase 3 (7° e 8° ano),-1,,,6.8,9.0,,,,,3.0,,,,,3.0,,True,False,False,False,False,False,False,False,False,False,True,False,False,False
RA-376,2023,Aluno-376,FASE 2,2F,Feminino,,2019,Pública,,,Ametista,7.1392,5.0,5.9,9.6,8.5,2.52,7.916666667,8.226666667,Fase 3 (7° e 8° ano),-1,,,4.3,7.5,,,,,3.0,,,,,3.0,,False,False,False,False,False,False,False,False,False,False,False,False,False,False
RA-535,2023,Aluno-535,FASE 2,2G,Feminino,,2019,Pública,,,Topázio,8.0027,10.0,5.6,9.4,9.0,5.0,8.125,8.95,Fase 2 (5° e 6° ano),0,,,4.7,6.5,,,,,3.0,,,,,2.0,,False,False,False,False,False,False,False,False,False,False,False,False,False,False
RA-547,2023,Aluno-547,FASE 2,2G,Feminino,12.0,2019,Pública,,,Ágata,6.467,5.0,6.2,9.1,0.0,2.52,8.75,8.95,Fase 3 (7° e 8° ano),-1,,,5.0,7.3,,,,,3.0,,,,,3.0,,True,False,False,False,False,False,False,False,False,False,True,False,False,False
RA-548,2023,Aluno-548,FASE 2,2G,Masculino,12.0,2019,Pública,,,Ametista,7.4322,5.0,7.4,9.1,9.0,2.52,8.333333333,8.283333333,Fase 3 (7° e 8° ano),-1,,,6.2,8.5,,,,,3.0,,,,,3.0,,False,False,False,False,False,False,False,False,False,False,False,False,False,False
RA-538,2023,Aluno-538,FASE 2,2G,Masculino,13.0,2022,Pública,,,Ágata,6.413466667,5.0,4.7,8.6,7.4,2.52,7.916666667,7.39,Fase 3 (7° e 8° ano),-1,,,3.5,5.8,,,,,3.0,,,,,3.0,,False,False,False,False,False,False,False,False,False,False,False,False,False,False
RA-365,2023,Aluno-365,FASE 2,2G,Feminino,10.0,2022,Pública,,,Topázio,8.6587,10.0,8.7,9.9,10.0,2.52,8.958333333,8.953333333,Fase 2 (5° e 6° ano),0,,,8.2,9.2,,,,,3.0,,,,,2.0,,False,False,False,False,False,False,False,False,False,False,False,False,False,False
RA-559,2023,Aluno-559,FASE 2,2G,Masculino,,2021,Pública,,,Ametista,7.947366667,5.0,7.4,9.4,10.0,5.0,8.958333333,8.506666667,Fase 3 (7° e 8° ano),-1,,,6.5,8.2,,,,,3.0,,,,,3.0,,False,False,False,False,False,False,False,False,False,False,False,False,False,False
RA-1104,2023,Aluno-1104,FASE 2,2G,Feminino,13.0,2023,Pública,,,Ametista,7.265533333,5.0,6.4,10.0,5.7,2.52,8.541666667,9.063333333,Fase 3 (7° e 8° ano),-1,,,5.5,7.3,,,,,3.0,,,,,3.0,,False,False,False,False,False,False,False,False,False,False,False,False,False,False
RA-563,2023,Aluno-563,FASE 2,2G,Feminino,11.0,2020,Pública,,,Ametista,7.684133333,10.0,6.2,9.7,6.4,2.52,8.75,8.726666667,Fase 2 (5° e 6° ano),0,,,6.0,6.3,,,,,3.0,,,,,2.0,,False,False,False,False,False,False,False,False,False,False,False,False,False,False
RA-573,2023,Aluno-573,FASE 2,2G,Masculino,,2020,Pública,,,Ametista,7.774366667,5.0,6.6,9.8,9.5,5.0,8.541666667,8.45,Fase 3 (7° e 8° ano),-1,,,5.7,7.5,,,,,3.0,,,,,3.0,,False,False,False,False,False,False,False,False,False,False,False,False,False,False
RA-551,2023,Aluno-551,FASE 2,2G,Feminino,,2018,Pública,,,Ametista,7.075033333,5.0,5.4,8.6,10.0,2.52,8.541666667,8.393333333,Fase 3 (7° e 8° ano),-1,,,4.5,6.2,,,,,3.0,,,,,3.0,,False,False,False,False,False,False,False,False,False,False,False,False,False,False
RA-566,2023,Aluno-566,FASE 2,2G,Feminino,12.0,2022,Pública,,,Ametista,7.7227,5.0,8.4,8.8,9.0,2.52,8.958333333,8.673333333,Fase 3 (7° e 8° ano),-1,,,8.8,8.0,,,,,3.0,,,,,3.0,,False,False,False,False,False,False,False,False,False,False,False,False,False,False
RA-555,2023,Aluno-555,FASE 2,2G,Masculino,,2019,Pública,,,Quartzo,5.898133333,5.0,3.9,8.1,7.4,2.52,6.25,6.946666667,Fase 3 (7° e 8° ano),-1,,,1.5,6.2,,,,,3.0,,,,,3.0,,False,False,False,False,False,False,False,False,False,False,False,False,False,False
RA-373,2023,Aluno-373,FASE 2,2G,Masculino,,2022,Pública,,,Ágata,6.805,5.0,8.4,9.7,0.0,2.52,8.75,7.84,Fase 3 (7° e 8° ano),-1,,,7.7,9.0,,,,,3.0,,,,,3.0,,True,False,False,False,False,False,False,False,False,False,True,False,False,False
RA-1105,2023,Aluno-1105,FASE 2,2G,Feminino,13.0,2023,Pública,,,Ágata,6.299166667,5.0,6.0,9.0,0.0,2.52,8.125,8.673333333,Fase 3 (7° e 8° ano),-1,,,5.0,7.0,,,,,3.0,,,,,3.0,,True,False,False,False,False,False,False,False,False,False,True,False,False,False
RA-546,2023,Aluno-546,FASE 2,2H,Feminino,,2021,Pública,,,Ágata,6.031666667,5.0,5.7,7.2,0.0,2.52,8.75,9.173333333,Fase 3 (7° e 8° ano),-1,,,3.5,7.8,,,,,3.0,,,,,3.0,,True,False,False,False,False,False,False,False,False,False,True,False,False,False
RA-557,2023,Aluno-557,FASE 2,2H,Masculino,,2019,Pública,,,Topázio,8.7717,10.0,8.9,8.2,10.0,5.0,9.375,9.62,Fase 2 (5° e 6° ano),0,,,8.0,9.7,,,,,3.0,,,,,2.0,,False,False,False,False,False,False,False,False,False,False,False,False,False,False
RA-1106,2023,Aluno-1106,FASE 2,2H,Masculino,12.0,2023,Pública,,,Ametista,7.1642,5.0,5.1,9.3,8.5,5.0,8.333333333,8.003333333,Fase 3 (7° e 8° ano),-1,,,5.2,5.0,,,,,3.0,,,,,3.0,,False,False,False,False,False,False,False,False,False,False,False,False,False,False
RA-558,2023,Aluno-558,FASE 2,2H,Masculino,,2022,Pública,,,Ágata,6.615333333,2.5,6.0,9.4,7.8,5.0,6.458333333,6.78,Fase 5 (1° EM),-3,,,5.7,6.3,,,,,3.0,,,,,5.0,,False,False,False,False,False,False,False,False,False,False,False,False,False,False
RA-560,2023,Aluno-560,FASE 2,2H,Masculino,,2020,Pública,,,Quartzo,4.932,5.0,4.0,8.4,0.0,2.52,5.0,6.0,Fase 3 (7° e 8° ano),-1,,,2.3,5.7,,,,,3.0,,,,,3.0,,True,False,False,False,False,False,False,False,False,False,True,False,True,False
RA-1107,2023,Aluno-1107,FASE 2,2H,Feminino,12.0,2023,Pública,,,Ametista,7.9327,5.0,7.5,9.4,9.0,5.0,8.958333333,8.783333333,Fase 3 (7° e 8° ano),-1,,,8.0,7.0,,,,,3.0,,,,,3.0,,False,False,False,False,False,False,False,False,False,False,False,False,False,False
RA-1108,2023,Aluno-1108,FASE 2,2H,Masculino,12.0,2023,Pública,,,Ágata,6.310833333,5.0,4.7,9.3,0.0,5.0,8.541666667,8.283333333,Fase 3 (7° e 8° ano),-1,,,3.7,5.7,,,,,3.0,,,,,3.0,,True,False,False,False,False,False,False,False,False,False,True,False,False,False
RA-542,2023,Aluno-542,FASE 2,2H,Feminino,12.0,2019,Pública,,,Ametista,7.816533333,5.0,6.3,9.7,9.5,5.0,8.75,9.006666667,Fase 3 (7° e 8° ano),-1,,,5.2,7.3,,,,,3.0,,,,,3.0,,False,False,False,False,False,False,False,False,False,False,False,False,False,False
RA-543,2023,Aluno-543,FASE 2,2H,Feminino,11.0,2022,Pública,,,Ametista,7.971833333,10.0,6.5,9.8,7.8,2.52,8.75,9.006666667,Fase 2 (5° e 6° ano),0,,,5.5,7.5,,,,,3.0,,,,,2.0,,False,False,False,False,False,False,False,False,False,False,False,False,False,False
RA-556,2023,Aluno-556,FASE 2,2H,Feminino,,2018,Pública,,,Ametista,7.7482,5.0,7.2,9.6,8.5,2.52,9.166666667,9.396666667,Fase 3 (7° e 8° ano),-1,,,6.5,7.8,,,,,3.0,,,,,3.0,,False,False,False,False,False,False,False,False,False,False,False,False,False,False
RA-1109,2023,Aluno-1109,FASE 2,2H,Masculino,14.0,2023,Pública,,,Ágata,6.277533333,5.0,3.4,6.4,10.0,5.0,7.5,7.836666667,Fase 4 (9° ano),-2,,,3.5,3.3,,,,,3.0,,,,,4.0,,False,False,False,False,False,False,False,False,False,False,False,False,False,False
RA-389,2023,Aluno-389,FASE 2,2H,Masculino,,2019,Pública,,,Ágata,6.687,5.0,8.2,8.2,0.0,2.52,8.75,8.95,Fase 3 (7° e 8° ano),-1,,,6.8,9.5,,,,,3.0,,,,,3.0,,True,False,False,False,False,False,False,False,False,False,True,False,False,False
RA-1110,2023,Aluno-1110,FASE 2,2H,Feminino,12.0,2023,Pública,,,Ametista,7.248566667,5.0,6.8,9.2,4.6,5.0,8.541666667,8.73,Fase 3 (7° e 8° ano),-1,,,6.5,7.0,,,,,3.0,,,,,3.0,,False,False,False,False,False,False,False,False,False,False,False,False,False,False
RA-568,2023,Aluno-568,FASE 2,2I,Masculino,,2018,Pública,,,Ágata,6.9647,2.5,7.6,7.9,7.0,5.0,8.125,8.01,Fase 5 (1° EM),-3,,,8.5,6.7,,,,,3.0,,,,,5.0,,False,False,False,False,False,False,False,False,False,False,False,False,False,False
RA-562,2023,Aluno-562,FASE 2,2I,Feminino,12.0,2021,Pública,,,Ágata,6.824833333,5.0,8.7,8.5,0.0,2.52,8.541666667,8.893333333,Fase 3 (7° e 8° ano),-1,,,7.7,9.7,,,,,3.0,,,,,3.0,,True,False,False,False,False,False,False,False,False,False,True,False,False,False
RA-1111,2023,Aluno-1111,FASE 2,2I,Feminino,,2023,Pública,,,Ágata,6.559166667,10.0,5.4,8.9,0.0,2.52,8.125,8.173333333,Fase 2 (5° e 6° ano),0,,,4.8,6.0,,,,,3.0,,,,,2.0,,True,False,False,False,False,False,False,False,False,False,True,False,False,False
RA-1112,2023,Aluno-1112,FASE 2,2I,Masculino,12.0,2023,Pública,,,Ametista,7.088866667,5.0,6.3,7.9,9.5,2.52,8.333333333,8.616666667,Fase 3 (7° e 8° ano),-1,,,5.2,7.3,,,,,3.0,,,,,3.0,,False,False,False,False,False,False,False,False,False,False,False,False,False,False
RA-525,2023,Aluno-525,FASE 2,2I,Feminino,,2021,Pública,,,Ametista,7.911366667,5.0,9.2,8.6,8.0,2.52,8.958333333,9.566666667,Fase 3 (7° e 8° ano),-1,,,8.8,9.5,,,,,3.0,,,,,3.0,,False,False,False,False,False,False,False,False,False,False,False,False,False,False
RA-357,2023,Aluno-357,FASE 2,2I,Masculino,13.0,2022,Pública,,,Topázio,8.2832,5.0,8.7,9.6,8.5,7.52,8.75,8.23,Fase 3 (7° e 8° ano),-1,,,8.7,8.7,,,,,3.0,,,,,3.0,,False,False,False,False,False,False,False,False,False,False,False,False,False,False
RA-583,2023,Aluno-583,FASE 2,2I,Feminino,,2019,Pública,,,Ametista,7.838866667,5.0,6.3,9.4,9.0,7.52,8.333333333,8.616666667,Fase 3 (7° e 8° ano),-1,,,5.5,7.0,,,,,3.0,,,,,3.0,,False,False,False,False,False,False,False,False,False,False,False,False,False,False
RA-584,2023,Aluno-584,FASE 2,2I,Feminino,11.0,2019,Pública,,,Ametista,7.697533333,10.0,5.8,9.0,9.5,2.52,8.333333333,8.56,Fase 2 (5° e 6° ano),0,,,5.0,6.5,,,,,3.0,,,,,2.0,,False,False,False,False,False,False,False,False,False,False,False,False,False,False
RA-586,2023,Aluno-586,FASE 2,2K,Feminino,10.0,2021,Privada - Programa de Apadrinhamento,,,Topázio,8.4242,10.0,8.4,10.0,8.0,2.52,8.333333333,9.343333333,Fase 2 (5° e 6° ano),0,,,7.5,9.2,,,,,3.0,,,,,2.0,,False,False,False,False,False,False,False,False,False,False,False,False,False,False
RA-1113,2023,Aluno-1113,FASE 2,2K,Masculino,,2023,Pública,,,Quartzo,5.636666667,5.0,5.0,6.0,0.0,7.52,7.5,7.173333333,Fase 3 (7° e 8° ano),-1,,,5.0,5.0,,,,,3.0,,,,,3.0,,True,False,False,False,False,False,False,False,False,False,True,False,False,False
RA-413,2023,Aluno-413,FASE 2,2K,Feminino,13.0,2022,Pública,,,Ágata,6.803633333,5.0,6.3,8.9,7.9,2.52,7.291666667,7.503333333,Fase 3 (7° e 8° ano),-1,,,5.8,6.7,,,,,3.0,,,,,3.0,,False,False,False,False,False,False,False,False,False,False,False,False,False,False
RA-599,2023,Aluno-599,FASE 2,2K,Masculino,10.0,2022,Pública,,,Topázio,8.532866667,10.0,8.5,9.5,10.0,2.52,8.333333333,9.286666667,Fase 2 (5° e 6° ano),0,,,8.2,8.7,,,,,3.0,,,,,2.0,,False,False,False,False,False,False,False,False,False,False,False,False,False,False
RA-1114,2023,Aluno-1114,FASE 2,2K,Feminino,11.0,2023,Pública,,,Ametista,7.5667,10.0,4.9,9.8,8.5,2.52,8.125,8.56,Fase 2 (5° e 6° ano),0,,,4.3,5.5,,,,,3.0,,,,,2.0,,False,False,False,False,False,False,False,False,False,False,False,False,False,False
RA-401,2023,Aluno-401,FASE 2,2K,Feminino,12.0,2021,Pública,,,Ágata,6.363666667,5.0,7.3,8.1,4.0,2.52,7.083333333,7.116666667,Fase 3 (7° e 8° ano),-1,,,6.3,8.3,,,,,3.0,,,,,3.0,,False,False,False,False,False,False,False,False,False,False,False,False,False,False
RA-1115,2023,Aluno-1115,FASE 2,2K,Feminino,,2023,Pública,,,Ágata,6.474,10.0,4.0,8.3,0.0,7.52,7.5,7.56,Fase 2 (5° e 6° ano),0,,,6.0,2.0,,,,,3.0,,,,,2.0,,True,False,False,False,False,False,False,False,False,False,True,False,False,False
RA-1116,2023,Aluno-1116,FASE 2,2K,Masculino,13.0,2023,Pública,,,Ágata,6.956533333,5.0,4.9,9.2,9.5,5.0,7.083333333,7.39,Fase 3 (7° e 8° ano),-1,,,3.8,6.0,,,,,3.0,,,,,3.0,,False,False,False,False,False,False,False,False,False,False,False,False,False,False
RA-604,2023,Aluno-604,FASE 2,2K,Feminino,,2021,Pública,,,Topázio,8.548033333,10.0,7.5,9.3,9.0,7.52,8.125,8.616666667,Fase 2 (5° e 6° ano),0,,,6.0,9.0,,,,,3.0,,,,,2.0,,False,False,False,False,False,False,False,False,False,False,False,False,False,False
RA-605,2023,Aluno-605,FASE 2,2K,Feminino,12.0,2021,Pública,,,Ametista,7.709366667,5.0,6.8,9.5,9.0,7.52,7.291666667,7.84,Fase 3 (7° e 8° ano),-1,,,4.8,8.8,,,,,3.0,,,,,3.0,,False,False,False,False,False,False,False,False,False,False,False,False,False,False
RA-668,2023,Aluno-668,FASE 2,2K,Masculino,12.0,2022,Pública,,,Ágata,6.017933333,5.0,3.4,6.3,6.3,7.52,6.875,7.616666667,Fase 3 (7° e 8° ano),-1,,,2.7,4.0,,,,,3.0,,,,,3.0,,False,False,False,False,False,False,False,False,False,False,False,False,False,False
RA-1117,2023,Aluno-1117,FASE 2,2K,Feminino,,2023,Pública,,,Topázio,8.382366667,10.0,7.3,9.6,9.0,7.52,7.708333333,7.946666667,Fase 2 (5° e 6° ano),0,,,6.0,8.5,,,,,3.0,,,,,2.0,,False,False,False,False,False,False,False,False,False,False,False,False,False,False
RA-1118,2023,Aluno-1118,FASE 2,2K,Feminino,,2023,Pública,,,Ametista,7.163833333,5.0,6.0,8.8,5.3,7.52,7.708333333,8.28,Fase 3 (7° e 8° ano),-1,,,4.8,7.2,,,,,3.0,,,,,3.0,,False,False,False,False,False,False,False,False,False,False,False,False,False,False
RA-610,2023,Aluno-610,FASE 2,2K,Feminino,,2022,Pública,,,Topázio,8.2857,10.0,7.0,10.0,10.0,2.52,8.541666667,8.896666667,Fase 2 (5° e 6° ano),0,,,6.3,7.7,,,,,3.0,,,,,2.0,,False,False,False,False,False,False,False,False,False,False,False,False,False,False
RA-409,2023,Aluno-409,FASE 2,2K,Feminino,,2022,Pública,,,Ametista,7.621466667,5.0,8.0,9.5,8.4,2.52,7.916666667,8.73,Fase 3 (7° e 8° ano),-1,,,6.2,9.7,,,,,3.0,,,,,3.0,,False,False,False,False,False,False,False,False,False,False,False,False,False,False
RA-466,2023,Aluno-466,FASE 2,2L,Masculino,14.0,2022,Pública,,,Ágata,6.595533333,5.0,4.5,7.6,9.5,6.89,6.25,7.056666667,Fase 4 (9° ano),-2,,,2.5,6.5,,,,,3.0,,,,,4.0,,False,False,False,False,False,False,False,False,False,False,False,False,False,False
RA-760,2023,Aluno-760,FASE 2,2L,Masculino,,2021,Pública,,,Ágata,6.548333333,5.0,6.3,8.8,0.0,7.52,7.083333333,7.84,Fase 3 (7° e 8° ano),-1,,,5.8,6.8,,,,,3.0,,,,,3.0,,True,False,False,False,False,False,False,False,False,False,True,False,False,False
RA-404,2023,Aluno-404,FASE 2,2L,Feminino,,2020,Pública,,,Ágata,6.7093,5.0,6.0,8.3,7.9,5.02,6.875,6.89,Fase 3 (7° e 8° ano),-1,,,4.7,7.2,,,,,3.0,,,,,3.0,,False,False,False,False,False,False,False,False,False,False,False,False,False,False
RA-590,2023,Aluno-590,FASE 2,2L,Feminino,11.0,2020,Privada,,,Ametista,7.647666667,10.0,6.5,9.7,6.3,3.77,7.291666667,8.34,Fase 2 (5° e 6° ano),0,,,5.7,7.3,,,,,3.0,,,,,2.0,,False,False,False,False,False,False,False,False,False,False,False,False,False,False
RA-469,2023,Aluno-469,FASE 2,2L,Feminino,,2022,Pública,,,Ametista,7.482533333,5.0,7.8,9.3,7.5,2.52,7.916666667,8.843333333,Fase 3 (7° e 8° ano),-1,,,6.8,8.8,,,,,3.0,,,,,3.0,,False,False,False,False,False,False,False,False,False,False,False,False,False,False
RA-1119,2023,Aluno-1119,FASE 2,2L,Feminino,13.0,2023,Pública,,,Ametista,7.192,5.0,5.9,9.7,7.3,3.77,7.708333333,8.453333333,Fase 3 (7° e 8° ano),-1,,,3.0,8.8,,,,,3.0,,,,,3.0,,False,False,False,False,False,False,False,False,False,False,False,False,False,False
RA-1120,2023,Aluno-1120,FASE 2,2L,Feminino,11.0,2023,Pública,,,Topázio,9.103366667,10.0,8.3,9.6,9.5,7.52,8.958333333,9.676666667,Fase 2 (5° e 6° ano),0,,,7.3,9.2,,,,,3.0,,,,,2.0,,False,False,False,False,False,False,False,False,False,False,False,False,False,False
RA-472,2023,Aluno-472,FASE 2,2L,Feminino,,2022,Pública,,,Ágata,6.6858,5.0,5.5,7.1,5.1,7.52,7.708333333,8.223333333,Fase 3 (7° e 8° ano),-1,,,3.7,7.2,,,,,3.0,,,,,3.0,,False,False,False,False,False,False,False,False,False,False,False,False,False,False
RA-1121,2023,Aluno-1121,FASE 2,2L,Masculino,,2023,Pública,,,Topázio,8.049,10.0,8.0,9.9,0.0,6.26,8.75,9.84,Fase 2 (5° e 6° ano),0,,,6.5,9.5,,,,,3.0,,,,,2.0,,True,False,False,False,False,False,False,False,False,False,True,False,False,False
RA-1122,2023,Aluno-1122,FASE 2,2L,Masculino,11.0,2023,Pública,,,Ametista,7.3715,10.0,6.9,9.3,0.0,6.89,7.291666667,8.616666667,Fase 2 (5° e 6° ano),0,,,5.2,8.5,,,,,3.0,,,,,2.0,,True,False,False,False,False,False,False,False,False,False,True,False,False,False
RA-438,2023,Aluno-438,FASE 2,2L,Masculino,,2022,Pública,,,Ágata,6.9883,10.0,5.4,7.5,6.9,6.26,6.458333333,7.223333333,Fase 2 (5° e 6° ano),0,,,3.5,7.3,,,,,3.0,,,,,2.0,,False,False,False,False,False,False,False,False,False,False,False,False,False,False
RA-408,2023,Aluno-408,FASE 2,2L,Feminino,13.0,2022,Pública,,,Ametista,7.242133333,5.0,6.8,8.5,7.9,3.77,8.333333333,8.45,Fase 3 (7° e 8° ano),-1,,,6.0,7.5,,,,,3.0,,,,,3.0,,False,False,False,False,False,False,False,False,False,False,False,False,False,False
RA-1123,2023,Aluno-1123,FASE 2,2L,Masculino,,2023,Pública,,,Ágata,6.9565,5.0,5.3,8.9,7.3,7.52,7.083333333,7.113333333,Fase 3 (7° e 8° ano),-1,,,3.8,6.8,,,,,3.0,,,,,3.0,,False,False,False,False,False,False,False,False,False,False,False,False,False,False
RA-1124,2023,Aluno-1124,FASE 2,2M,Feminino,14.0,2023,Pública,,,Ágata,6.667866667,5.0,3.0,8.0,9.5,7.52,7.083333333,7.786666667,Fase 4 (9° ano),-2,,,1.0,5.0,,,,,3.0,,,,,4.0,,False,False,False,False,False,False,False,False,False,False,False,False,False,False
RA-623,2023,Aluno-623,FASE 2,2M,Masculino,14.0,2022,Pública,,,Ametista,7.8307,5.0,7.3,9.5,10.0,7.52,7.291666667,7.446666667,Fase 4 (9° ano),-2,,,5.8,8.8,,,,,3.0,,,,,4.0,,False,False,False,False,False,False,False,False,False,False,False,False,False,False
RA-661,2023,Aluno-661,FASE 2,2M,Masculino,,2022,Pública,,,Ágata,6.846333333,10.0,6.5,7.7,0.0,6.89,7.5,7.836666667,Fase 2 (5° e 6° ano),0,,,4.3,8.7,,,,,3.0,,,,,2.0,,True,False,False,False,False,False,False,False,False,False,True,False,False,False
RA-626,2023,Aluno-626,FASE 2,2M,Masculino,12.0,2021,Pública,,,Ametista,7.231033333,5.0,6.5,9.2,9.0,4.39,7.291666667,7.613333333,Fase 3 (7° e 8° ano),-1,,,4.7,8.3,,,,,3.0,,,,,3.0,,False,False,False,False,False,False,False,False,False,False,False,False,False,False
RA-433,2023,Aluno-433,FASE 2,2M,Masculino,,2022,Pública,,,Ágata,6.5982,5.0,4.8,7.2,8.5,7.52,5.833333333,7.613333333,Fase 3 (7° e 8° ano),-1,,,1.8,7.7,,,,,3.0,,,,,3.0,,False,False,False,False,False,False,False,False,False,False,False,False,False,False
RA-614,2023,Aluno-614,FASE 2,2M,Masculino,13.0,2021,Pública,,,Topázio,8.2282,5.0,8.6,9.1,9.0,7.52,8.333333333,8.563333333,Fase 3 (7° e 8° ano),-1,,,8.8,8.3,,,,,3.0,,,,,3.0,,False,False,False,False,False,False,False,False,False,False,False,False,False,False
RA-434,2023,Aluno-434,FASE 2,2M,Masculino,12.0,2022,Pública,,,Ametista,7.069766667,5.0,6.6,8.0,6.3,7.52,7.5,7.613333333,Fase 3 (7° e 8° ano),-1,,,5.2,8.0,,,,,3.0,,,,,3.0,,False,False,False,False,False,False,False,False,False,False,False,False,False,False
RA-603,2023,Aluno-603,FASE 2,2M,Masculino,11.0,2022,Pública,,,Ágata,6.748833333,10.0,7.0,8.9,0.0,2.52,7.708333333,7.78,Fase 2 (5° e 6° ano),0,,,5.7,8.2,,,,,3.0,,,,,2.0,,True,False,False,False,False,False,False,False,False,False,True,False,False,False
RA-436,2023,Aluno-436,FASE 2,2M,Masculino,12.0,2022,Pública,,,Quartzo,5.322366667,5.0,3.4,4.7,7.5,2.52,6.875,7.613333333,Fase 3 (7° e 8° ano),-1,,,3.7,3.0,,,,,3.0,,,,,3.0,,False,False,False,False,False,False,False,False,False,True,False,False,False,False
RA-616,2023,Aluno-616,FASE 2,2M,Masculino,,2019,Pública,,,Quartzo,5.612,5.0,6.8,6.6,0.0,5.02,5.833333333,6.783333333,Fase 3 (7° e 8° ano),-1,,,5.5,8.0,,,,,3.0,,,,,3.0,,True,False,False,False,False,False,False,False,False,False,True,False,False,False
RA-437,2023,Aluno-437,FASE 2,2M,Masculino,,2022,Pública,,,Ágata,6.947366667,5.0,4.7,8.4,8.0,7.52,7.291666667,7.78,Fase 4 (9° ano),-2,,,2.5,6.8,,,,,3.0,,,,,4.0,,False,False,False,False,False,False,False,False,False,False,False,False,False,False
RA-1125,2023,Aluno-1125,FASE 2,2M,Feminino,,2023,Pública,,,Ágata,6.655366667,10.0,4.0,7.9,4.7,7.52,6.666666667,6.95,Fase 2 (5° e 6° ano),0,,,1.0,7.0,,,,,3.0,,,,,2.0,,False,False,False,False,False,False,False,False,False,False,False,False,False,False
RA-619,2023,Aluno-619,FASE 2,2M,Feminino,11.0,2021,Pública,,,Ametista,7.891366667,10.0,9.0,7.1,9.0,3.77,7.708333333,8.116666667,Fase 2 (5° e 6° ano),0,,,8.5,9.5,,,,,3.0,,,,,2.0,,False,False,False,False,False,False,False,False,False,False,False,False,False,False
RA-620,2023,Aluno-620,FASE 2,2M,Masculino,13.0,2021,Pública,,,Ametista,7.043666667,5.0,6.2,8.4,6.8,7.52,6.875,7.503333333,Fase 3 (7° e 8° ano),-1,,,5.2,7.2,,,,,3.0,,,,,3.0,,False,False,False,False,False,False,False,False,False,False,False,False,False,False
RA-1126,2023,Aluno-1126,FASE 2,2M,Feminino,12.0,2023,Pública,,,,,5.0,,5.2,0.0,3.77,7.291666667,7.06,Fase 3 (7° e 8° ano),-1,,,,,,,,,3.0,,,,,3.0,,True,False,False,False,False,False,False,False,False,True,True,False,False,False
RA-1127,2023,Aluno-1127,FASE 2,2N,Feminino,,2023,Pública,,,Topázio,8.3167,10.0,6.9,9.9,8.5,5.02,8.125,9.01,Fase 2 (5° e 6° ano),0,,,5.0,8.7,,,,,3.0,,,,,2.0,,False,False,False,False,False,False,False,False,False,False,False,False,False,False
RA-1128,2023,Aluno-1128,FASE 2,2N,Masculino,12.0,2023,Pública,,,Ágata,6.404533333,5.0,3.5,7.3,9.5,5.02,7.916666667,7.503333333,Fase 3 (7° e 8° ano),-1,,,3.0,4.0,,,,,3.0,,,,,3.0,,False,False,False,False,False,False,False,False,False,False,False,False,False,False
RA-1129,2023,Aluno-1129,FASE 2,2N,Masculino,11.0,2023,Pública,,,Ametista,7.309333333,10.0,7.8,9.2,0.0,6.27,7.916666667,7.503333333,Fase 2 (5° e 6° ano),0,,,6.8,8.7,,,,,3.0,,,,,2.0,,True,False,False,False,False,False,False,False,False,False,True,False,False,False
RA-1130,2023,Aluno-1130,FASE 2,2N,Masculino,11.0,2023,Pública,,,Topázio,8.0037,10.0,7.3,8.4,8.5,7.52,7.708333333,7.503333333,Fase 2 (5° e 6° ano),0,,,6.3,8.2,,,,,3.0,,,,,2.0,,False,False,False,False,False,False,False,False,False,False,False,False,False,False
RA-1131,2023,Aluno-1131,FASE 2,2N,Feminino,12.0,2023,Pública,,,Topázio,8.316133333,5.0,9.1,9.9,7.9,5.02,8.75,9.286666667,Fase 3 (7° e 8° ano),-1,,,8.3,9.8,,,,,3.0,,,,,3.0,,False,False,False,False,False,False,False,False,False,False,False,False,False,False
RA-1132,2023,Aluno-1132,FASE 2,2N,Masculino,12.0,2023,Pública,,,Ágata,6.829533333,5.0,5.8,6.3,10.0,6.27,7.916666667,7.503333333,Fase 3 (7° e 8° ano),-1,,,5.2,6.3,,,,,3.0,,,,,3.0,,False,False,False,False,False,False,False,False,False,False,False,False,False,False
RA-1133,2023,Aluno-1133,FASE 2,2N,Feminino,10.0,2023,Pública,,,Topázio,8.600033333,10.0,6.5,10.0,9.5,6.27,8.541666667,9.343333333,Fase 2 (5° e 6° ano),0,,,5.0,8.0,,,,,3.0,,,,,2.0,,False,False,False,False,False,False,False,False,False,False,False,False,False,False
RA-1134,2023,Aluno-1134,FASE 2,2N,Masculino,11.0,2023,Pública,,,Ametista,7.769866667,10.0,6.8,9.7,8.0,3.76,7.916666667,7.56,Fase 2 (5° e 6° ano),0,,,5.5,8.0,,,,,3.0,,,,,2.0,,False,False,False,False,False,False,False,False,False,False,False,False,False,False
RA-618,2023,Aluno-618,FASE 2,2N,Masculino,,2020,Pública,,,Ágata,6.4745,5.0,6.2,9.2,0.0,5.02,8.125,7.95,Fase 4 (9° ano),-2,,,4.5,7.8,,,,,3.0,,,,,4.0,,True,False,False,False,False,False,False,False,False,False,True,False,False,False
RA-631,2023,Aluno-631,FASE 2,2N,Masculino,13.0,2022,Pública,,,Quartzo,5.954666667,5.0,7.0,6.4,0.0,6.27,7.916666667,6.78,Fase 3 (7° e 8° ano),-1,,,6.0,8.0,,,,,3.0,,,,,3.0,,True,False,False,False,False,False,False,False,False,False,True,False,False,False
RA-646,2023,Aluno-646,FASE 2,2P,Masculino,13.0,2019,Pública,,,Topázio,8.3547,5.0,8.4,8.9,10.0,7.52,8.958333333,8.783333333,Fase 3 (7° e 8° ano),-1,,,8.2,8.5,,,,,3.0,,,,,3.0,,False,False,False,False,False,False,False,False,False,False,False,False,False,False
RA-451,2023,Aluno-451,FASE 2,2P,Feminino,14.0,2019,Pública,,,Topázio,8.386033333,5.0,8.9,9.5,8.5,4.39,9.375,9.896666667,Fase 4 (9° ano),-2,,,7.8,10.0,,,,,3.0,,,,,4.0,,False,False,False,False,False,False,False,False,False,False,False,False,False,False
RA-1135,2023,Aluno-1135,FASE 2,2P,Masculino,11.0,2023,Pública,,,Ametista,7.453833333,10.0,7.2,9.4,0.0,7.52,8.125,7.896666667,Fase 2 (5° e 6° ano),0,,,4.8,9.5,,,,,3.0,,,,,2.0,,True,False,False,False,False,False,False,False,False,False,True,False,False,False
RA-649,2023,Aluno-649,FASE 2,2P,Feminino,,2019,Pública,,,Ametista,7.579533333,5.0,6.5,9.3,9.0,3.77,8.75,8.836666667,Fase 3 (7° e 8° ano),-1,,,3.8,9.2,,,,,3.0,,,,,3.0,,False,False,False,False,False,False,False,False,False,False,False,False,False,False
RA-651,2023,Aluno-651,FASE 2,2P,Feminino,,2022,Pública,,,Ametista,7.332,10.0,9.3,8.2,0.0,3.77,8.75,7.95,Fase 2 (5° e 6° ano),0,,,9.8,8.7,,,,,3.0,,,,,2.0,,True,False,False,False,False,False,False,False,False,False,True,False,False,False
RA-1136,2023,Aluno-1136,FASE 2,2P,Feminino,13.0,2023,Pública,,,Ágata,6.7351,5.0,6.6,8.1,6.8,2.52,8.333333333,7.723333333,Fase 3 (7° e 8° ano),-1,,,4.8,8.3,,,,,3.0,,,,,3.0,,False,False,False,False,False,False,False,False,False,False,False,False,False,False
RA-653,2023,Aluno-653,FASE 2,2P,Feminino,12.0,2022,Pública,,,Ametista,7.385666667,5.0,7.9,9.8,0.0,6.27,9.166666667,9.06,Fase 3 (7° e 8° ano),-1,,,7.7,8.0,,,,,3.0,,,,,3.0,,True,False,False,False,False,False,False,False,False,False,True,False,False,False
RA-456,2023,Aluno-456,FASE 2,2P,Feminino,12.0,2022,Pública,,,Ametista,7.518,5.0,9.9,8.3,0.0,4.39,9.583333333,9.953333333,Fase 3 (7° e 8° ano),-1,,,9.7,10.0,,,,,3.0,,,,,3.0,,True,False,False,False,False,False,False,False,False,False,True,False,False,False
RA-655,2023,Aluno-655,FASE 2,2P,Feminino,13.0,2019,Pública,,,Topázio,8.3198,5.0,8.3,9.9,7.4,7.52,9.166666667,8.896666667,Fase 3 (7° e 8° ano),-1,,,7.2,9.3,,,,,3.0,,,,,3.0,,False,False,False,False,False,False,False,False,False,False,False,False,False,False
RA-656,2023,Aluno-656,FASE 2,2P,Feminino,12.0,2020,Pública,,,Ágata,6.780833333,5.0,7.3,8.9,0.0,7.52,8.541666667,7.173333333,Fase 3 (7° e 8° ano),-1,,,5.8,8.8,,,,,3.0,,,,,3.0,,True,False,False,False,False,False,False,False,False,False,True,False,False,False
RA-657,2023,Aluno-657,FASE 2,2P,Feminino,,2021,Pública,,,Topázio,8.3532,5.0,8.2,10.0,8.5,7.52,8.75,8.73,Fase 3 (7° e 8° ano),-1,,,7.0,9.3,,,,,3.0,,,,,3.0,,False,False,False,False,False,False,False,False,False,False,False,False,False,False
RA-644,2023,Aluno-644,FASE 2,2P,Feminino,,2021,Pública,,,Ágata,6.897033333,5.0,5.9,5.6,10.0,7.52,8.541666667,7.503333333,Fase 3 (7° e 8° ano),-1,,,4.0,7.7,,,,,3.0,,,,,3.0,,False,False,False,False,False,False,False,False,False,True,False,False,False,False
RA-461,2023,Aluno-461,FASE 2,2P,Feminino,12.0,2018,Pública,,,Ametista,7.2379,5.0,7.4,7.9,7.3,3.77,8.541666667,8.616666667,Fase 3 (7° e 8° ano),-1,,,5.7,9.0,,,,,3.0,,,,,3.0,,False,False,False,False,False,False,False,False,False,False,False,False,False,False
RA-632,2023,Aluno-632,FASE 2,2R,Feminino,11.0,2022,Pública,,,Ametista,7.8768,10.0,7.4,9.1,4.7,5.64,8.333333333,8.563333333,Fase 2 (5° e 6° ano),0,,,6.8,8.0,,,,,3.0,,,,,2.0,,False,False,False,False,False,False,False,False,False,False,False,False,False,False
RA-633,2023,Aluno-633,FASE 2,2R,Feminino,,2020,Pública,,,Ágata,6.6552,5.0,7.2,8.1,1.7,6.27,8.541666667,7.286666667,Fase 3 (7° e 8° ano),-1,,,5.3,9.0,,,,,3.0,,,,,3.0,,False,False,False,False,False,False,False,False,False,False,True,False,False,False
RA-1137,2023,Aluno-1137,FASE 2,2R,Feminino,10.0,2023,Pública,,,Topázio,8.743366667,10.0,6.5,9.8,9.5,6.27,9.375,9.843333333,Fase 2 (5° e 6° ano),0,,,6.0,7.0,,,,,3.0,,,,,2.0,,False,False,False,False,False,False,False,False,False,False,False,False,False,False
RA-1138,2023,Aluno-1138,FASE 2,2R,Feminino,12.0,2023,Pública,,,Topázio,8.3472,5.0,9.3,9.2,9.0,6.27,9.166666667,8.566666667,Fase 3 (7° e 8° ano),-1,,,9.0,9.5,,,,,3.0,,,,,3.0,,False,False,False,False,False,False,False,False,False,False,False,False,False,False
RA-1139,2023,Aluno-1139,FASE 2,2R,Masculino,11.0,2023,Pública,,,Ametista,7.6647,10.0,5.3,9.1,8.5,5.64,8.125,7.79,Fase 2 (5° e 6° ano),0,,,6.3,4.3,,,,,3.0,,,,,2.0,,False,False,False,False,False,False,False,False,False,False,False,False,False,False
RA-1140,2023,Aluno-1140,FASE 2,2R,Feminino,11.0,2023,Pública,,,Ametista,7.703533333,10.0,7.3,8.7,4.7,7.52,7.708333333,7.62,Fase 2 (5° e 6° ano),0,,,8.5,6.0,,,,,3.0,,,,,2.0,,False,False,False,False,False,False,False,False,False,False,False,False,False,False
RA-445,2023,Aluno-445,FASE 2,2R,Masculino,13.0,2022,Pública,,,Ametista,7.9087,5.0,8.4,8.8,8.0,6.89,8.541666667,8.176666667,Fase 3 (7° e 8° ano),-1,,,7.7,9.0,,,,,3.0,,,,,3.0,,False,False,False,False,False,False,False,False,False,False,False,False,False,False
RA-1141,2023,Aluno-1141,FASE 2,2R,Feminino,12.0,2023,Pública,,,Ametista,7.2757,5.0,5.9,8.8,9.0,7.52,7.708333333,7.113333333,Fase 3 (7° e 8° ano),-1,,,5.5,6.2,,,,,3.0,,,,,3.0,,False,False,False,False,False,False,False,False,False,False,False,False,False,False
RA-639,2023,Aluno-639,FASE 2,2R,Feminino,11.0,2021,Pública,,,Ametista,7.5853,10.0,6.3,8.1,7.4,6.27,8.125,7.62,Fase 2 (5° e 6° ano),0,,,4.8,7.8,,,,,3.0,,,,,2.0,,False,False,False,False,False,False,False,False,False,False,False,False,False,False
RA-1142,2023,Aluno-1142,FASE 2,2R,Feminino,11.0,2023,Pública,,,Topázio,9.175033333,10.0,10.0,10.0,9.0,7.52,8.541666667,8.343333333,Fase 2 (5° e 6° ano),0,,,10.0,10.0,,,,,3.0,,,,,2.0,,False,False,False,False,False,False,False,False,False,False,False,False,False,False
RA-642,2023,Aluno-642,FASE 2,2R,Feminino,,2021,Pública,,,Topázio,8.416866667,10.0,6.5,9.2,9.5,6.27,8.75,9.173333333,Fase 2 (5° e 6° ano),0,,,5.7,7.2,,,,,3.0,,,,,2.0,,False,False,False,False,False,False,False,False,False,False,False,False,False,False
RA-658,2023,Aluno-658,FASE 2,2U,Feminino,10.0,2022,Pública,,,Topázio,8.438533333,10.0,6.1,9.5,9.5,7.52,7.916666667,9.173333333,Fase 2 (5° e 6° ano),0,,,5.3,6.8,,,,,3.0,,,,,2.0,,False,False,False,False,False,False,False,False,False,False,False,False,False,False
RA-588,2023,Aluno-588,FASE 2,2U,Feminino,10.0,2021,Privada - Programa de Apadrinhamento,,,Topázio,8.3527,10.0,7.8,9.6,8.0,2.52,8.958333333,9.673333333,Fase 2 (5° e 6° ano),0,,,7.5,8.0,,,,,3.0,,,,,2.0,,False,False,False,False,False,False,False,False,False,False,False,False,False,False
RA-662,2023,Aluno-662,FASE 2,2U,Feminino,12.0,2022,Pública,,,Ágata,6.733566667,5.0,6.7,7.6,6.8,6.27,7.291666667,6.72,Fase 3 (7° e 8° ano),-1,,,4.3,9.0,,,,,3.0,,,,,3.0,,False,False,False,False,False,False,False,False,False,False,False,False,False,False
RA-403,2023,Aluno-403,FASE 2,2U,Masculino,,2020,Pública,,,Ametista,7.716366667,5.0,7.8,8.8,8.5,6.27,7.291666667,8.45,Fase 3 (7° e 8° ano),-1,,,6.8,8.8,,,,,3.0,,,,,3.0,,False,False,False,False,False,False,False,False,False,False,False,False,False,False
RA-591,2023,Aluno-591,FASE 2,2U,Masculino,,2021,Pública,,,Ametista,7.1472,5.0,6.9,8.5,9.0,6.27,5.833333333,7.333333333,Fase 3 (7° e 8° ano),-1,,,6.2,7.5,,,,,3.0,,,,,3.0,,False,False,False,False,False,False,False,False,False,False,False,False,False,False
RA-592,2023,Aluno-592,FASE 2,2U,Feminino,11.0,2020,Privada,,,Ametista,7.935466667,10.0,7.6,9.2,6.2,3.77,7.916666667,8.95,Fase 2 (5° e 6° ano),0,,,5.5,9.7,,,,,3.0,,,,,2.0,,False,False,False,False,False,False,False,False,False,False,False,False,False,False
RA-602,2023,Aluno-602,FASE 2,2U,Masculino,12.0,2019,Pública,,,Topázio,8.5592,5.0,8.1,9.6,10.0,7.52,8.75,9.51,Fase 3 (7° e 8° ano),-1,,,7.3,8.8,,,,,3.0,,,,,3.0,,False,False,False,False,False,False,False,False,False,False,False,False,False,False
RA-666,2023,Aluno-666,FASE 2,2U,Masculino,,2022,Pública,,,Topázio,8.720366667,10.0,7.1,9.1,9.5,7.52,8.541666667,9.62,Fase 2 (5° e 6° ano),0,,,6.7,7.5,,,,,3.0,,,,,2.0,,False,False,False,False,False,False,False,False,False,False,False,False,False,False
RA-667,2023,Aluno-667,FASE 2,2U,Masculino,12.0,2021,Pública,,,Ágata,6.774866667,5.0,5.2,6.9,9.0,6.89,7.083333333,7.836666667,Fase 3 (7° e 8° ano),-1,,,3.0,7.3,,,,,3.0,,,,,3.0,,False,False,False,False,False,False,False,False,False,False,False,False,False,False
RA-422,2023,Aluno-422,FASE 2,2U,Masculino,,2022,Pública,,,Quartzo,5.57,5.0,4.4,7.8,0.0,7.52,6.666666667,6.106666667,Fase 3 (7° e 8° ano),-1,,,3.0,5.7,,,,,3.0,,,,,3.0,,True,False,False,False,False,False,False,False,False,False,True,False,False,False
RA-595,2023,Aluno-595,FASE 2,2U,Masculino,,2018,Pública,,,Quartzo,5.078666667,5.0,3.3,7.0,0.0,7.52,6.666666667,5.55,Fase 3 (7° e 8° ano),-1,,,3.2,3.3,,,,,3.0,,,,,3.0,,True,False,False,False,False,False,False,False,False,False,True,False,False,True
RA-423,2023,Aluno-423,FASE 2,2U,Feminino,13.0,2022,Pública,,,Ágata,6.607533333,5.0,3.4,8.7,8.0,6.89,7.083333333,7.45,Fase 3 (7° e 8° ano),-1,,,2.3,4.5,,,,,3.0,,,,,3.0,,False,False,False,False,False,False,False,False,False,False,False,False,False,False
RA-669,2023,Aluno-669,FASE 2,2U,Masculino,11.0,2022,Pública,,,Ametista,7.345033333,10.0,5.0,7.8,8.5,7.52,7.708333333,7.06,Fase 2 (5° e 6° ano),0,,,3.3,6.7,,,,,3.0,,,,,2.0,,False,False,False,False,False,False,False,False,False,False,False,False,False,False
RA-670,2023,Aluno-670,FASE 2,2U,Feminino,,2022,Pública,,,Topázio,8.6067,10.0,7.0,8.7,9.5,7.52,8.958333333,9.343333333,Fase 2 (5° e 6° ano),0,,,5.8,8.2,,,,,3.0,,,,,2.0,,False,False,False,False,False,False,False,False,False,False,False,False,False,False
RA-609,2023,Aluno-609,FASE 2,2U,Masculino,,2019,Pública,,,Ágata,6.463033333,5.0,5.3,6.4,9.5,7.52,6.875,6.216666667,Fase 3 (7° e 8° ano),-1,,,3.2,7.3,,,,,3.0,,,,,3.0,,False,False,False,False,False,False,False,False,False,False,False,False,False,False
RA-326,2023,Aluno-326,FASE 3,3A,Feminino,13.0,2022,Privada,,,Topázio,8.65075,10.0,8.2,9.4,9.6,3.14,9.0625,9.76,Fase 3 (7° e 8° ano),0,,,8.3,7.5,8.8,,,,4.0,,,,,3.0,,False,False,False,False,False,False,False,False,False,False,False,False,False,False
RA-179,2023,Aluno-179,FASE 3,3A,Masculino,12.0,2022,Pública,,,Topázio,8.437641667,10.0,6.4,9.4,8.8,7.52,8.59375,8.9225,Fase 3 (7° e 8° ano),0,,,8.7,6.3,4.3,,,,4.0,,,,,3.0,,False,False,False,False,False,False,False,False,False,False,False,False,False,False
RA-1143,2023,Aluno-1143,FASE 3,3A,Feminino,15.0,2023,Pública,,,Ágata,6.445933333,5.0,5.3,7.0,8.8,6.26,7.5,6.2075,Fase 5 (1° EM),-2,,,6.0,6.3,3.5,,,,4.0,,,,,5.0,,False,False,False,False,False,False,False,False,False,False,False,False,False,False
RA-330,2023,Aluno-330,FASE 3,3A,Feminino,,2018,Pública,,,Ágata,6.084875,5.0,3.3,7.2,9.6,6.89,6.71875,5.8275,Fase 5 (1° EM),-2,,,3.8,3.8,2.3,,,,4.0,,,,,5.0,,False,False,False,False,False,False,False,False,False,False,False,False,False,False
RA-332,2023,Aluno-332,FASE 3,3A,Masculino,,2017,Privada - Programa de Apadrinhamento,,,Topázio,8.002591667,5.0,6.8,8.4,9.2,8.76,8.28125,9.175,Fase 4 (9° ano),-1,,,6.3,7.7,6.5,,,,4.0,,,,,4.0,,False,False,False,False,False,False,False,False,False,False,False,False,False,False
RA-199,2023,Aluno-199,FASE 3,3A,Masculino,,2022,Privada,,,Ametista,7.892341667,5.0,8.5,7.6,9.2,7.51,7.96875,8.505,Fase 4 (9° ano),-1,,,8.2,8.2,9.2,,,,4.0,,,,,4.0,,False,False,False,False,False,False,False,False,False,False,False,False,False,False
RA-1144,2023,Aluno-1144,FASE 3,3B,Feminino,13.0,2023,Pública,,,Ametista,7.410625,10.0,8.0,9.4,0.0,5.02,8.28125,8.0025,Fase 3 (7° e 8° ano),0,,,7.0,8.2,8.8,,,,4.0,,,,,3.0,,True,False,False,False,False,False,False,False,False,False,True,False,False,False
RA-352,2023,Aluno-352,FASE 3,3B,Masculino,12.0,2019,Pública,,,Ametista,7.840341667,10.0,7.2,8.1,9.2,6.26,7.96875,7.17,Fase 3 (7° e 8° ano),0,,,8.2,6.0,7.5,,,,4.0,,,,,3.0,,False,False,False,False,False,False,False,False,False,False,False,False,False,False
RA-1145,2023,Aluno-1145,FASE 3,3B,Feminino,11.0,2023,Pública,,,Ametista,7.484375,10.0,7.8,9.5,0.0,4.39,8.59375,8.63,Fase 2 (5° e 6° ano),1,,,7.7,7.7,8.0,,,,4.0,,,,,2.0,,True,False,False,False,False,False,False,False,False,False,True,False,False,False
RA-1146,2023,Aluno-1146,FASE 3,3B,Feminino,14.0,2023,Pública,,,Ágata,6.689583333,5.0,3.7,8.8,9.6,6.26,7.1875,6.965,Fase 4 (9° ano),-1,,,5.0,3.3,2.7,,,,4.0,,,,,4.0,,False,False,False,False,False,False,False,False,False,False,False,False,False,False
RA-331,2023,Aluno-331,FASE 3,3B,Feminino,13.0,2019,Pública,,,Ametista,7.039791667,10.0,5.2,8.6,9.6,2.52,7.03125,6.7975,Fase 3 (7° e 8° ano),0,,,5.7,4.8,5.2,,,,4.0,,,,,3.0,,False,False,False,False,False,False,False,False,False,False,False,False,False,False
RA-227,2023,Aluno-227,FASE 3,3B,Masculino,,2022,Pública,,,Ametista,7.722125,10.0,6.9,7.5,9.6,5.63,8.28125,7.4625,Fase 3 (7° e 8° ano),0,,,7.2,6.5,7.0,,,,4.0,,,,,3.0,,False,False,False,False,False,False,False,False,False,False,False,False,False,False
RA-247,2023,Aluno-247,FASE 3,3B,Feminino,13.0,2021,Pública,,,Ametista,7.221958333,10.0,7.2,8.5,0.0,7.52,8.28125,7.5425,Fase 3 (7° e 8° ano),0,,,6.5,6.7,8.3,,,,4.0,,,,,3.0,,True,False,False,False,False,False,False,False,False,False,True,False,False,False
RA-343,2023,Aluno-343,FASE 3,3B,Masculino,,2020,Pública,,,Ágata,6.779591667,5.0,5.7,7.2,9.2,6.26,7.65625,6.9225,Fase 5 (1° EM),-2,,,4.5,6.7,6.0,,,,4.0,,,,,5.0,,False,False,False,False,False,False,False,False,False,False,False,False,False,False
RA-1147,2023,Aluno-1147,FASE 3,3B,Feminino,,2023,Pública,,,Ametista,7.072983333,5.0,6.7,8.3,8.3,6.26,7.1875,7.0075,Fase 4 (9° ano),-1,,,5.0,7.5,7.5,,,,4.0,,,,,4.0,,False,False,False,False,False,False,False,False,False,False,False,False,False,False
RA-345,2023,Aluno-345,FASE 3,3B,Masculino,,2021,Pública,,,Ágata,6.534766667,5.0,4.6,6.8,8.8,6.26,8.125,7.1725,Fase 4 (9° ano),-1,,,5.7,5.7,2.5,,,,4.0,,,,,4.0,,False,False,False,False,False,False,False,False,False,False,False,False,False,False
RA-336,2023,Aluno-336,FASE 3,3B,Masculino,14.0,2016,Pública,,,Quartzo,5.887708333,5.0,5.1,7.5,0.0,6.89,7.34375,7.255,Fase 4 (9° ano),-1,,,6.7,5.2,3.3,,,,4.0,,,,,4.0,,True,False,False,False,False,False,False,False,False,False,True,False,False,False
RA-346,2023,Aluno-346,FASE 3,3B,Masculino,,2022,Pública,,,Ametista,7.305541667,10.0,6.2,9.4,0.0,8.14,7.96875,7.84,Fase 2 (5° e 6° ano),1,,,6.7,5.5,6.5,,,,4.0,,,,,2.0,,True,False,False,False,False,False,False,False,False,False,True,False,False,False
RA-1148,2023,Aluno-1148,FASE 3,3B,Feminino,11.0,2023,Pública,,,Ametista,7.227866667,10.0,5.7,8.6,7.9,3.77,7.5,7.2125,Fase 2 (5° e 6° ano),1,,,5.7,5.3,6.2,,,,4.0,,,,,2.0,,False,False,False,False,False,False,False,False,False,False,False,False,False,False
RA-1149,2023,Aluno-1149,FASE 3,3C,Feminino,,2023,Pública,,,Ametista,7.410108333,5.0,7.2,9.8,8.3,2.52,7.96875,8.1725,Fase 4 (9° ano),-1,,,6.0,6.8,8.7,,,,4.0,,,,,4.0,,False,False,False,False,False,False,False,False,False,False,False,False,False,False
RA-1150,2023,Aluno-1150,FASE 3,3C,Masculino,16.0,2023,Pública,,,Ametista,7.076008333,2.5,6.7,9.8,9.2,2.52,7.96875,7.835,Fase 6 (2° EM),-3,,,7.0,6.5,6.5,,,,4.0,,,,,6.0,,False,False,False,False,False,False,False,False,False,False,False,False,False,False
RA-1151,2023,Aluno-1151,FASE 3,3C,Feminino,,2023,Pública,,,Ametista,7.829958333,10.0,8.3,9.5,7.5,2.52,7.65625,7.545,Fase 3 (7° e 8° ano),0,,,7.3,8.8,8.7,,,,4.0,,,,,3.0,,False,False,False,False,False,False,False,False,False,False,False,False,False,False
RA-356,2023,Aluno-356,FASE 3,3C,Masculino,,2019,Pública,,,Ágata,6.452008333,10.0,3.4,8.5,9.2,2.52,6.09375,6.5025,Fase 3 (7° e 8° ano),0,,,4.3,4.5,1.3,,,,4.0,,,,,3.0,,False,False,False,False,False,False,False,False,False,False,False,False,False,False
RA-1152,2023,Aluno-1152,FASE 3,3C,Masculino,,2023,Pública,,,Ágata,6.544916667,5.0,6.8,9.4,0.0,5.0,7.8125,7.585,Fase 4 (9° ano),-1,,,6.7,6.0,7.8,,,,4.0,,,,,4.0,,True,False,False,False,False,False,False,False,False,False,True,False,False,False
RA-221,2023,Aluno-221,FASE 3,3C,Masculino,15.0,2022,Pública,,,Ágata,6.959916667,5.0,5.0,9.0,9.6,5.0,7.1875,7.38,Fase 5 (1° EM),-2,,,5.5,4.8,4.8,,,,4.0,,,,,5.0,,False,False,False,False,False,False,False,False,False,False,False,False,False,False
RA-359,2023,Aluno-359,FASE 3,3C,Feminino,13.0,2019,Pública,,,Ametista,7.627125,10.0,5.8,9.2,9.6,2.52,7.65625,8.255,Fase 3 (7° e 8° ano),0,,,6.0,6.7,4.7,,,,4.0,,,,,3.0,,False,False,False,False,False,False,False,False,False,False,False,False,False,False
RA-360,2023,Aluno-360,FASE 3,3C,Feminino,13.0,2019,Pública,,,Quartzo,5.790875,10.0,4.3,7.3,0.0,2.52,7.34375,7.4225,Fase 3 (7° e 8° ano),0,,,5.3,4.8,2.8,,,,4.0,,,,,3.0,,True,False,False,False,False,False,False,False,False,False,True,False,False,False
RA-338,2023,Aluno-338,FASE 3,3D,Masculino,,2019,Pública,,,Topázio,8.287441667,10.0,6.7,9.1,8.3,7.52,8.59375,8.38,Fase 3 (7° e 8° ano),0,,,8.7,7.0,4.5,,,,4.0,,,,,3.0,,False,False,False,False,False,False,False,False,False,False,False,False,False,False
RA-339,2023,Aluno-339,FASE 3,3D,Feminino,,2019,Pública,,,Ametista,7.377583333,10.0,7.1,8.9,0.0,7.52,7.8125,8.255,Fase 3 (7° e 8° ano),0,,,7.7,5.7,7.8,,,,4.0,,,,,3.0,,True,False,False,False,False,False,False,False,False,False,True,False,False,False
RA-353,2023,Aluno-353,FASE 3,3D,Feminino,12.0,2022,Pública,,,Topázio,8.309016667,10.0,8.4,9.9,8.8,2.52,7.8125,8.67,Fase 3 (7° e 8° ano),0,,,8.5,7.3,9.5,,,,4.0,,,,,3.0,,False,False,False,False,False,False,False,False,False,False,False,False,False,False
RA-1153,2023,Aluno-1153,FASE 3,3D,Feminino,14.0,2023,Pública,,,Ametista,7.968658333,5.0,7.2,10.0,7.9,7.52,7.65625,8.63,Fase 4 (9° ano),-1,,,6.7,7.8,7.0,,,,4.0,,,,,4.0,,False,False,False,False,False,False,False,False,False,False,False,False,False,False
RA-183,2023,Aluno-183,FASE 3,3D,Feminino,14.0,2022,Pública,,,Ametista,7.586241667,5.0,7.7,9.7,7.9,2.52,7.96875,8.795,Fase 4 (9° ano),-1,,,7.0,8.0,8.2,,,,4.0,,,,,4.0,,False,False,False,False,False,False,False,False,False,False,False,False,False,False
RA-342,2023,Aluno-342,FASE 3,3D,Feminino,15.0,2021,Pública,,,Ametista,7.539875,5.0,6.6,8.6,7.5,7.52,7.96875,8.505,Fase 5 (1° EM),-2,,,6.3,7.8,5.7,,,,4.0,,,,,5.0,,False,False,False,False,False,False,False,False,False,False,False,False,False,False
RA-187,2023,Aluno-187,FASE 3,3D,Feminino,13.0,2019,Privada - Programa de Apadrinhamento,,,Ametista,7.809875,10.0,6.9,9.9,7.5,2.52,7.96875,8.255,Fase 3 (7° e 8° ano),0,,,7.3,8.7,4.7,,,,4.0,,,,,3.0,,False,False,False,False,False,False,False,False,False,False,False,False,False,False
RA-190,2023,Aluno-190,FASE 3,3D,Feminino,14.0,2022,Pública,,,Ágata,6.934158333,5.0,5.7,9.5,7.9,2.52,7.65625,7.9575,Fase 4 (9° ano),-1,,,5.8,5.2,6.0,,,,4.0,,,,,4.0,,False,False,False,False,False,False,False,False,False,False,False,False,False,False
RA-347,2023,Aluno-347,FASE 3,3D,Feminino,13.0,2019,Pública,,,Ametista,7.61835,10.0,7.3,9.5,6.7,2.52,7.8125,7.7925,Fase 3 (7° e 8° ano),0,,,6.7,6.2,9.0,,,,4.0,,,,,3.0,,False,False,False,False,False,False,False,False,False,False,False,False,False,False
RA-234,2023,Aluno-234,FASE 3,3D,Masculino,13.0,2022,Pública,,,Ágata,6.248741667,10.0,5.6,8.0,6.7,2.52,4.84375,5.595,Fase 3 (7° e 8° ano),0,,,6.3,5.3,5.3,,,,4.0,,,,,3.0,,False,False,False,False,False,False,False,False,False,False,False,False,True,True
RA-1154,2023,Aluno-1154,FASE 3,3F,Masculino,13.0,2023,Pública,,,Ametista,7.701125,10.0,5.1,9.3,9.6,5.63,7.65625,7.67,Fase 3 (7° e 8° ano),0,,,5.3,5.0,5.0,,,,4.0,,,,,3.0,,False,False,False,False,False,False,False,False,False,False,False,False,False,False
RA-249,2023,Aluno-249,FASE 3,3F,Masculino,,2017,Pública,,,Quartzo,5.444625,5.0,4.9,8.2,0.0,5.0,5.15625,6.545,Fase 5 (1° EM),-2,,,6.2,5.3,3.2,,,,4.0,,,,,5.0,,True,False,False,False,False,False,False,False,False,False,True,False,True,False
RA-380,2023,Aluno-380,FASE 3,3F,Masculino,14.0,2017,Pública,,,Quartzo,4.912375,5.0,4.5,6.4,0.0,2.52,6.71875,6.5425,Fase 4 (9° ano),-1,,,7.0,4.0,2.5,,,,4.0,,,,,4.0,,True,False,False,False,False,False,False,False,False,False,True,False,False,False
RA-250,2023,Aluno-250,FASE 3,3F,Feminino,13.0,2022,Pública,,,Ametista,7.598208333,10.0,8.3,9.3,0.0,5.63,7.96875,8.625,Fase 3 (7° e 8° ano),0,,,7.7,8.8,8.3,,,,4.0,,,,,3.0,,True,False,False,False,False,False,False,False,False,False,True,False,False,False
RA-367,2023,Aluno-367,FASE 3,3F,Feminino,12.0,2018,Pública,,,Ametista,7.38685,10.0,5.9,8.7,8.8,2.52,7.8125,7.7925,Fase 3 (7° e 8° ano),0,,,7.0,5.5,5.2,,,,4.0,,,,,3.0,,False,False,False,False,False,False,False,False,False,False,False,False,False,False
RA-1155,2023,Aluno-1155,FASE 3,3F,Feminino,14.0,2023,Pública,,,Ametista,7.821633333,5.0,8.0,9.2,9.2,5.63,7.5,8.2925,Fase 4 (9° ano),-1,,,6.7,8.2,9.0,,,,4.0,,,,,4.0,,False,False,False,False,False,False,False,False,False,False,False,False,False,False
RA-1156,2023,Aluno-1156,FASE 3,3F,Feminino,12.0,2023,Pública,,,Ametista,7.340775,10.0,5.3,9.2,8.3,2.52,7.96875,7.7925,Fase 3 (7° e 8° ano),0,,,6.2,6.0,3.7,,,,4.0,,,,,3.0,,False,False,False,False,False,False,False,False,False,False,False,False,False,False
RA-368,2023,Aluno-368,FASE 3,3F,Masculino,,2018,Pública,,,Quartzo,5.796458333,5.0,6.7,7.7,0.0,2.52,7.03125,7.34,Fase 4 (9° ano),-1,,,5.0,7.2,7.8,,,,4.0,,,,,4.0,,True,False,False,False,False,False,False,False,False,False,True,False,False,False
RA-387,2023,Aluno-387,FASE 3,3F,Masculino,14.0,2019,Pública,,,Quartzo,4.794333333,5.0,3.0,6.8,0.0,2.52,6.875,7.0075,Fase 4 (9° ano),-1,,,4.3,2.8,1.8,,,,4.0,,,,,4.0,,True,False,False,False,False,False,True,False,False,False,True,False,False,False
RA-388,2023,Aluno-388,FASE 3,3F,Feminino,15.0,2019,Pública,,,Quartzo,5.630833333,5.0,4.2,7.4,0.0,5.63,6.875,7.835,Fase 5 (1° EM),-2,,,6.0,4.3,2.2,,,,4.0,,,,,5.0,,True,False,False,False,False,False,False,False,False,False,True,False,False,False
RA-374,2023,Aluno-374,FASE 3,3F,Feminino,13.0,2021,Privada,,,Ametista,7.533891667,10.0,5.4,8.3,8.8,5.63,7.65625,7.9175,Fase 3 (7° e 8° ano),0,,,6.3,6.3,3.7,,,,4.0,,,,,3.0,,False,False,False,False,False,False,False,False,False,False,False,False,False,False
RA-377,2023,Aluno-377,FASE 3,3F,Feminino,13.0,2021,Pública,,,Ametista,7.205041667,10.0,4.8,7.6,9.6,5.0,7.34375,7.6275,Fase 3 (7° e 8° ano),0,,,6.0,5.7,2.8,,,,4.0,,,,,3.0,,False,False,False,False,False,False,False,False,False,False,False,False,False,False
RA-223,2023,Aluno-223,FASE 3,3G,Feminino,14.0,2022,Pública,,,Quartzo,5.089833333,5.0,3.8,4.5,0.0,7.52,7.5,7.1725,Fase 4 (9° ano),-1,,,5.5,4.0,1.8,,,,4.0,,,,,4.0,,True,False,False,False,False,False,False,False,False,True,True,False,False,False
RA-236,2023,Aluno-236,FASE 3,3G,Feminino,13.0,2022,Pública,,,Ametista,7.337116667,10.0,4.5,7.5,10.0,7.52,7.1875,7.2975,Fase 3 (7° e 8° ano),0,,,6.3,4.0,3.3,,,,4.0,,,,,3.0,,False,False,False,False,False,False,False,False,False,False,False,False,False,False
RA-362,2023,Aluno-362,FASE 3,3G,Feminino,13.0,2018,Pública,,,Ágata,6.392625,10.0,5.1,7.5,0.0,7.52,7.03125,7.0875,Fase 3 (7° e 8° ano),0,,,5.7,6.8,2.8,,,,4.0,,,,,3.0,,True,False,False,False,False,False,False,False,False,False,True,False,False,False
RA-381,2023,Aluno-381,FASE 3,3G,Masculino,,2018,Pública,,,Quartzo,5.758041667,5.0,3.9,8.4,0.0,6.89,7.34375,6.84,Fase 4 (9° ano),-1,,,5.3,5.3,1.2,,,,4.0,,,,,4.0,,True,False,False,False,False,False,False,False,False,False,True,False,False,False
RA-364,2023,Aluno-364,FASE 3,3G,Masculino,,2019,Pública,,,Ametista,7.734891667,10.0,5.8,9.0,8.8,6.89,7.03125,7.505,Fase 3 (7° e 8° ano),0,,,8.0,5.2,4.3,,,,4.0,,,,,3.0,,False,False,False,False,False,False,False,False,False,False,False,False,False,False
RA-382,2023,Aluno-382,FASE 3,3G,Masculino,15.0,2017,Pública,,,Ágata,6.223833333,5.0,5.2,9.4,0.0,6.26,7.5,7.1725,Fase 5 (1° EM),-2,,,5.0,5.8,4.7,,,,4.0,,,,,5.0,,True,False,False,False,False,False,False,False,False,False,True,False,False,False
RA-383,2023,Aluno-383,FASE 3,3G,Masculino,12.0,2019,Pública,,,Ametista,7.5408,10.0,6.5,8.8,9.2,3.14,7.5,7.5,Fase 3 (7° e 8° ano),0,,,6.3,6.2,7.0,,,,4.0,,,,,3.0,,False,False,False,False,False,False,False,False,False,False,False,False,False,False
RA-384,2023,Aluno-384,FASE 3,3G,Feminino,,2017,Pública,,,Ágata,6.757958333,10.0,7.3,9.1,0.0,2.52,7.65625,7.335,Fase 3 (7° e 8° ano),0,,,6.3,7.2,8.3,,,,4.0,,,,,3.0,,True,False,False,False,False,False,False,False,False,False,True,False,False,False
RA-1157,2023,Aluno-1157,FASE 3,3G,Masculino,14.0,2023,Pública,,,Ametista,7.086633333,5.0,5.7,8.8,9.2,6.26,7.5,7.0025,Fase 4 (9° ano),-1,,,5.0,6.3,5.7,,,,4.0,,,,,4.0,,False,False,False,False,False,False,False,False,False,False,False,False,False,False
RA-386,2023,Aluno-386,FASE 3,3G,Masculino,,2019,Pública,,,Quartzo,5.758425,5.0,3.3,7.0,9.2,2.52,7.03125,6.6325,Fase 4 (9° ano),-1,,,5.0,3.7,1.2,,,,4.0,,,,,4.0,,False,False,False,False,False,False,False,False,False,False,False,False,False,False
RA-260,2023,Aluno-260,FASE 3,3G,Feminino,,2019,Pública,,,Topázio,8.080008333,10.0,6.1,9.9,9.2,7.52,7.34375,7.4175,Fase 3 (7° e 8° ano),0,,,6.3,5.2,6.7,,,,4.0,,,,,3.0,,False,False,False,False,False,False,False,False,False,False,False,False,False,False
RA-390,2023,Aluno-390,FASE 3,3G,Feminino,,2022,Pública,,,Ágata,6.905741667,10.0,4.8,8.8,7.9,2.52,7.34375,7.005,Fase 3 (7° e 8° ano),0,,,5.7,5.8,3.0,,,,4.0,,,,,3.0,,False,False,False,False,False,False,False,False,False,False,False,False,False,False
RA-1158,2023,Aluno-1158,FASE 3,3G,Feminino,14.0,2023,Pública,,,Ágata,6.306666667,5.0,4.3,8.6,7.5,2.52,7.5,7.34,Fase 4 (9° ano),-1,,,5.3,5.0,2.7,,,,4.0,,,,,4.0,,False,False,False,False,False,False,False,False,False,False,False,False,False,False
RA-391,2023,Aluno-391,FASE 3,3I,Feminino,,2022,Pública,,,Ágata,6.5107,10.0,3.5,7.5,7.9,2.52,7.5,7.585,Fase 3 (7° e 8° ano),0,,,4.2,5.0,1.3,,,,4.0,,,,,3.0,,False,False,False,False,False,False,False,False,False,False,False,False,False,False
RA-1159,2023,Aluno-1159,FASE 3,3I,Feminino,,2023,Pública,,,Quartzo,5.913883333,10.0,3.1,6.6,5.8,2.52,7.1875,7.1325,Fase 3 (7° e 8° ano),0,,,5.2,1.5,2.5,,,,4.0,,,,,3.0,,False,False,False,False,False,False,False,False,False,False,False,False,False,False
RA-392,2023,Aluno-392,FASE 3,3I,Masculino,15.0,2022,Pública,,,Ágata,6.567208333,5.0,4.6,9.5,9.6,2.52,6.09375,7.17,Fase 5 (1° EM),-2,,,6.2,4.7,2.8,,,,4.0,,,,,5.0,,False,False,False,False,False,False,False,False,False,False,False,False,False,False
RA-1160,2023,Aluno-1160,FASE 3,3I,Masculino,,2023,Pública,,,Ágata,6.636166667,10.0,2.7,8.7,9.6,2.52,6.875,7.2575,Fase 3 (7° e 8° ano),0,,,4.8,2.7,0.7,,,,4.0,,,,,3.0,,False,False,False,False,False,False,False,False,False,False,False,False,False,False
RA-1161,2023,Aluno-1161,FASE 3,3I,Feminino,,2023,Pública,,,Ametista,7.317791667,10.0,6.3,8.1,6.3,2.52,8.28125,8.63,Fase 3 (7° e 8° ano),0,,,7.3,6.5,5.2,,,,4.0,,,,,3.0,,False,False,False,False,False,False,False,False,False,False,False,False,False,False
RA-395,2023,Aluno-395,FASE 3,3I,Feminino,12.0,2018,Pública,,,Ametista,7.469175,10.0,6.0,8.6,9.2,2.52,7.96875,7.9175,Fase 3 (7° e 8° ano),0,,,6.7,5.3,6.0,,,,4.0,,,,,3.0,,False,False,False,False,False,False,False,False,False,False,False,False,False,False
RA-450,2023,Aluno-450,FASE 3,3K,Masculino,14.0,2021,Pública,,,Ágata,6.819625,5.0,5.4,8.4,9.6,2.52,7.65625,7.9175,Fase 4 (9° ano),-1,,,7.0,6.5,2.7,,,,4.0,,,,,4.0,,False,False,False,False,False,False,False,False,False,False,False,False,False,False
RA-463,2023,Aluno-463,FASE 3,3K,Feminino,13.0,2020,Pública,,,Ágata,6.382383333,10.0,4.0,5.4,9.2,2.52,7.8125,7.795,Fase 3 (7° e 8° ano),0,,,6.3,4.3,1.3,,,,4.0,,,,,3.0,,False,False,False,False,False,False,False,False,False,True,False,False,False,False
RA-298,2023,Aluno-298,FASE 3,3K,Masculino,14.0,2019,Pública,,,Ágata,6.824333333,5.0,5.5,8.6,9.6,2.52,7.5,7.7525,Fase 4 (9° ano),-1,,,7.7,4.5,4.2,,,,4.0,,,,,4.0,,False,False,False,False,False,False,False,False,False,False,False,False,False,False
RA-464,2023,Aluno-464,FASE 3,3K,Feminino,,2022,Pública,,,Ágata,6.081675,5.0,3.0,7.7,9.2,2.52,7.96875,7.38,Fase 4 (9° ano),-1,,,4.8,3.7,0.5,,,,4.0,,,,,4.0,,False,False,False,False,False,False,False,False,False,False,False,False,False,False
RA-465,2023,Aluno-465,FASE 3,3K,Masculino,,2019,Pública,,,Topázio,8.012875,10.0,8.5,9.4,7.5,2.52,7.96875,8.17,Fase 3 (7° e 8° ano),0,,,8.3,8.2,9.0,,,,4.0,,,,,3.0,,False,False,False,False,False,False,False,False,False,False,False,False,False,False
RA-442,2023,Aluno-442,FASE 3,3K,Feminino,,2022,Pública,,,Ágata,6.814166667,10.0,5.8,7.6,0.0,7.52,7.5,8.1275,Fase 3 (7° e 8° ano),0,,,6.7,6.5,4.3,,,,4.0,,,,,3.0,,True,False,False,False,False,False,False,False,False,False,True,False,False,False
RA-300,2023,Aluno-300,FASE 3,3K,Masculino,15.0,2022,Pública,,,Quartzo,5.616691667,5.0,4.5,7.5,5.0,2.52,6.40625,6.5875,Fase 5 (1° EM),-2,,,4.5,5.3,3.8,,,,4.0,,,,,5.0,,False,False,False,False,False,False,False,False,False,False,False,False,False,False
RA-467,2023,Aluno-467,FASE 3,3K,Feminino,,2022,Pública,,,Ágata,6.552916667,5.0,5.2,9.2,6.3,3.14,7.1875,7.5425,Fase 4 (9° ano),-1,,,6.0,6.0,3.7,,,,4.0,,,,,4.0,,False,False,False,False,False,False,False,False,False,False,False,False,False,False
RA-468,2023,Aluno-468,FASE 3,3K,Masculino,,2022,Pública,,,Quartzo,5.911108333,5.0,3.4,6.0,8.3,6.27,7.34375,6.715,Fase 4 (9° ano),-1,,,4.8,3.0,2.3,,,,4.0,,,,,4.0,,False,False,False,False,False,False,False,False,False,False,False,False,False,False
RA-1162,2023,Aluno-1162,FASE 3,3K,Feminino,13.0,2023,Pública,,,Ametista,7.44215,10.0,6.0,8.5,8.3,3.77,7.8125,7.7525,Fase 3 (7° e 8° ano),0,,,7.3,5.5,5.2,,,,4.0,,,,,3.0,,False,False,False,False,False,False,False,False,False,False,False,False,False,False
RA-470,2023,Aluno-470,FASE 3,3K,Feminino,14.0,2019,Pública,,,Ágata,6.993766667,5.0,4.9,9.2,8.8,5.0,7.5,7.71,Fase 4 (9° ano),-1,,,6.0,4.3,4.5,,,,4.0,,,,,4.0,,False,False,False,False,False,False,False,False,False,False,False,False,False,False
RA-474,2023,Aluno-474,FASE 3,3K,Masculino,14.0,2019,Pública,,,Quartzo,5.283583333,5.0,3.3,7.8,0.0,5.0,7.1875,6.7575,Fase 4 (9° ano),-1,,,4.8,3.8,1.2,,,,4.0,,,,,4.0,,True,False,False,False,False,False,False,False,False,False,True,False,False,False
RA-476,2023,Aluno-476,FASE 3,3K,Feminino,13.0,2019,Pública,,,Ágata,6.492408333,10.0,4.1,7.0,7.9,2.52,7.34375,7.505,Fase 3 (7° e 8° ano),0,,,5.0,4.5,2.7,,,,4.0,,,,,3.0,,False,False,False,False,False,False,False,False,False,False,False,False,False,False
RA-478,2023,Aluno-478,FASE 3,3K,Feminino,12.0,2019,Pública,,,Ágata,6.443616667,10.0,4.4,7.3,6.7,2.52,7.1875,7.2975,Fase 3 (7° e 8° ano),0,,,4.3,4.7,4.3,,,,4.0,,,,,3.0,,False,False,False,False,False,False,False,False,False,False,False,False,False,False
RA-410,2023,Aluno-410,FASE 3,3K,Masculino,,2018,Pública,,,Ágata,6.140808333,5.0,4.9,5.8,8.8,7.52,6.71875,6.0425,Fase 4 (9° ano),-1,,,5.0,4.8,4.8,,,,4.0,,,,,4.0,,False,False,False,False,False,False,False,False,False,True,False,False,False,False
RA-411,2023,Aluno-411,FASE 3,3L,Feminino,13.0,2019,Privada,,,Ametista,7.779983333,10.0,6.6,9.0,6.2,7.52,7.8125,7.5425,Fase 3 (7° e 8° ano),0,,,5.7,6.7,7.3,,,,4.0,,,,,3.0,,False,False,False,False,False,False,False,False,False,False,False,False,False,False
RA-412,2023,Aluno-412,FASE 3,3L,Feminino,13.0,2018,Pública,,,Ametista,7.373891667,10.0,6.2,8.9,8.8,2.52,7.03125,7.585,Fase 3 (7° e 8° ano),0,,,5.8,5.2,7.7,,,,4.0,,,,,3.0,,False,False,False,False,False,False,False,False,False,False,False,False,False,False
RA-400,2023,Aluno-400,FASE 3,3L,Masculino,,2018,Pública,,,Ágata,6.529425,5.0,4.1,9.0,9.2,2.52,7.65625,7.375,Fase 4 (9° ano),-1,,,4.8,4.7,2.8,,,,4.0,,,,,4.0,,False,False,False,False,False,False,False,False,False,False,False,False,False,False
RA-414,2023,Aluno-414,FASE 3,3L,Feminino,13.0,2021,Pública,,,Ametista,7.25025,10.0,6.5,9.5,0.0,7.52,7.8125,7.585,Fase 3 (7° e 8° ano),0,,,6.0,7.0,6.5,,,,4.0,,,,,3.0,,True,False,False,False,False,False,False,False,False,False,True,False,False,False
RA-415,2023,Aluno-415,FASE 3,3L,Feminino,12.0,2019,Pública,,,Ametista,7.18805,10.0,3.7,8.2,7.1,7.52,7.8125,7.8325,Fase 3 (7° e 8° ano),0,,,2.8,4.0,4.3,,,,4.0,,,,,3.0,,False,False,False,False,False,False,False,False,False,False,False,False,False,False
RA-1163,2023,Aluno-1163,FASE 3,3L,Masculino,14.0,2023,Pública,,,Ametista,7.749391667,5.0,7.2,9.3,8.8,7.52,7.65625,7.75,Fase 4 (9° ano),-1,,,7.0,6.7,8.0,,,,4.0,,,,,4.0,,False,False,False,False,False,False,False,False,False,False,False,False,False,False
RA-273,2023,Aluno-273,FASE 3,3L,Feminino,14.0,2018,Pública,,,Ágata,6.337116667,5.0,5.0,7.4,7.9,2.52,7.8125,7.6275,Fase 4 (9° ano),-1,,,5.3,6.8,3.0,,,,4.0,,,,,4.0,,False,False,False,False,False,False,False,False,False,False,False,False,False,False
RA-471,2023,Aluno-471,FASE 3,3L,Feminino,,2020,Pública,,,Ágata,6.855541667,10.0,5.0,9.0,0.0,6.27,7.96875,8.125,Fase 3 (7° e 8° ano),0,,,6.3,4.0,4.8,,,,4.0,,,,,3.0,,True,False,False,False,False,False,False,False,False,False,True,False,False,False
RA-416,2023,Aluno-416,FASE 3,3L,Masculino,13.0,2018,Privada - Programa de Apadrinhamento,,,Topázio,8.144425,10.0,7.6,9.8,9.2,2.52,8.28125,8.3375,Fase 3 (7° e 8° ano),0,,,7.0,7.0,8.8,,,,4.0,,,,,3.0,,False,False,False,False,False,False,False,False,False,False,False,False,False,False
RA-417,2023,Aluno-417,FASE 3,3L,Feminino,,2022,Pública,,,Topázio,8.257658333,10.0,7.8,9.7,5.4,7.52,8.28125,8.2125,Fase 3 (7° e 8° ano),0,,,6.7,8.3,8.3,,,,4.0,,,,,3.0,,False,False,False,False,False,False,False,False,False,False,False,False,False,False
RA-305,2023,Aluno-305,FASE 3,3L,Masculino,15.0,2019,Pública,,,Ágata,6.394291667,5.0,5.2,8.9,0.0,7.52,7.65625,7.75,Fase 5 (1° EM),-2,,,5.2,4.8,5.7,,,,4.0,,,,,5.0,,True,False,False,False,False,False,False,False,False,False,True,False,False,False
RA-418,2023,Aluno-418,FASE 3,3L,Feminino,,2020,Privada - Programa de Apadrinhamento,,,Topázio,8.1686,10.0,8.1,10.0,8.8,2.52,8.125,8.045,Fase 2 (5° e 6° ano),1,,,6.7,8.3,9.3,,,,4.0,,,,,2.0,,False,False,False,False,False,False,False,False,False,False,False,False,False,False
RA-419,2023,Aluno-419,FASE 3,3L,Feminino,,2019,Privada - Programa de Apadrinhamento,,,Ametista,7.7261,10.0,7.6,9.5,6.7,2.52,8.125,7.875,Fase 3 (7° e 8° ano),0,,,7.0,7.3,8.5,,,,4.0,,,,,3.0,,False,False,False,False,False,False,False,False,False,False,False,False,False,False
RA-421,2023,Aluno-421,FASE 3,3L,Masculino,,2021,Pública,,,Topázio,8.030716667,10.0,7.3,9.9,9.2,2.52,7.8125,8.17,Fase 3 (7° e 8° ano),0,,,8.0,6.2,7.8,,,,4.0,,,,,3.0,,False,False,False,False,False,False,False,False,False,False,False,False,False,False
RA-407,2023,Aluno-407,FASE 3,3L,Masculino,14.0,2022,Pública,,,Ametista,7.665083333,5.0,7.3,8.6,9.6,7.52,7.8125,7.5,Fase 4 (9° ano),-1,,,7.3,7.2,7.3,,,,4.0,,,,,4.0,,False,False,False,False,False,False,False,False,False,False,False,False,False,False
RA-425,2023,Aluno-425,FASE 3,3L,Masculino,13.0,2022,Pública,,,Topázio,8.10555,10.0,7.5,9.9,9.2,2.52,7.8125,8.3775,Fase 3 (7° e 8° ano),0,,,6.7,7.3,8.5,,,,4.0,,,,,3.0,,False,False,False,False,False,False,False,False,False,False,False,False,False,False
RA-426,2023,Aluno-426,FASE 3,3M,Feminino,,2022,Pública,,,Ágata,6.329158333,5.0,5.0,7.6,5.4,5.0,7.65625,7.5425,Fase 4 (9° ano),-1,,,4.7,5.2,5.0,,,,4.0,,,,,4.0,,False,False,False,False,False,False,False,False,False,False,False,False,False,False
RA-430,2023,Aluno-430,FASE 3,3M,Masculino,14.0,2022,Pública,,,Ametista,7.146716667,5.0,6.4,9.3,9.2,2.52,7.8125,7.75,Fase 4 (9° ano),-1,,,7.3,5.5,6.5,,,,4.0,,,,,4.0,,False,False,False,False,False,False,False,False,False,False,False,False,False,False
RA-1164,2023,Aluno-1164,FASE 3,3M,Masculino,13.0,2023,Pública,,,Ágata,6.910091667,10.0,4.8,7.5,9.2,2.52,7.65625,7.545,Fase 3 (7° e 8° ano),0,,,7.0,7.5,0.0,,,,4.0,,,,,3.0,,False,False,False,False,False,False,False,False,False,False,False,False,False,False
RA-1165,2023,Aluno-1165,FASE 3,3M,Feminino,12.0,2023,Pública,,,Ametista,7.880716667,10.0,7.3,9.1,9.2,5.0,7.1875,7.2925,Fase 3 (7° e 8° ano),0,,,7.0,6.0,9.0,,,,4.0,,,,,3.0,,False,False,False,False,False,False,False,False,False,False,False,False,False,False
RA-432,2023,Aluno-432,FASE 3,3M,Feminino,,2019,Pública,,,Ágata,6.850183333,5.0,5.2,9.0,8.8,2.52,7.8125,8.0425,Fase 5 (1° EM),-2,,,5.0,6.3,4.2,,,,4.0,,,,,5.0,,False,False,False,False,False,False,False,False,False,False,False,False,False,False
RA-303,2023,Aluno-303,FASE 3,3M,Masculino,15.0,2019,Pública,,,Quartzo,5.914291667,5.0,5.1,7.3,0.0,7.52,7.65625,7.05,Fase 5 (1° EM),-2,,,5.7,5.2,4.5,,,,4.0,,,,,5.0,,True,False,False,False,False,False,False,False,False,False,True,False,False,False
RA-420,2023,Aluno-420,FASE 3,3M,Feminino,,2019,Privada - Programa de Apadrinhamento,,,Ametista,7.356358333,10.0,5.3,9.3,8.3,2.52,7.65625,7.96,Fase 3 (7° e 8° ano),0,,,5.7,5.8,4.3,,,,4.0,,,,,3.0,,False,False,False,False,False,False,False,False,False,False,False,False,False,False
RA-1166,2023,Aluno-1166,FASE 3,3M,Feminino,15.0,2023,Pública,,,Ametista,7.307858333,5.0,4.8,9.6,8.3,7.52,7.65625,7.9175,Fase 5 (1° EM),-2,,,5.3,2.8,6.2,,,,4.0,,,,,5.0,,False,False,False,False,False,False,False,False,False,False,False,False,False,False
RA-1167,2023,Aluno-1167,FASE 3,3M,Masculino,16.0,2023,Pública,,,Ágata,6.021891667,2.5,3.8,7.6,8.8,2.52,7.65625,7.9625,Fase 6 (2° EM),-3,,,6.0,3.7,1.8,,,,4.0,,,,,6.0,,False,False,False,False,False,False,False,False,False,False,False,False,False,False
RA-424,2023,Aluno-424,FASE 3,3M,Feminino,,2022,Pública,,,Ametista,7.72685,10.0,6.4,9.9,8.8,2.52,7.8125,7.7925,Fase 3 (7° e 8° ano),0,,,5.0,6.7,7.5,,,,4.0,,,,,3.0,,False,False,False,False,False,False,False,False,False,False,False,False,False,False
RA-398,2023,Aluno-398,FASE 3,3N,Feminino,,2022,Pública,,,Ametista,7.153766667,10.0,6.5,8.1,6.7,2.52,7.5,7.7925,Fase 2 (5° e 6° ano),1,,,9.3,5.8,4.5,,,,4.0,,,,,2.0,,False,False,False,False,False,False,False,False,False,False,False,False,False,False
RA-399,2023,Aluno-399,FASE 3,3N,Feminino,,2022,Pública,,,Ametista,7.000033333,10.0,4.7,8.2,7.9,2.52,7.5,8.165,Fase 3 (7° e 8° ano),0,,,5.0,4.2,4.8,,,,4.0,,,,,3.0,,False,False,False,False,False,False,False,False,False,False,False,False,False,False
RA-428,2023,Aluno-428,FASE 3,3N,Masculino,,2022,Pública,,,Ametista,7.821816667,10.0,7.2,9.5,8.3,2.52,7.8125,8.0425,Fase 3 (7° e 8° ano),0,,,9.3,4.7,7.7,,,,4.0,,,,,3.0,,False,False,False,False,False,False,False,False,False,False,False,False,False,False
RA-315,2023,Aluno-315,FASE 3,3N,Feminino,,2022,Pública,,,Quartzo,5.977708333,5.0,6.3,6.8,0.0,5.0,7.96875,7.8375,Fase 4 (9° ano),-1,,,5.7,6.8,6.3,,,,4.0,,,,,4.0,,True,False,False,False,False,False,False,False,False,False,True,False,False,False
RA-402,2023,Aluno-402,FASE 3,3N,Feminino,13.0,2019,Pública,,,Ágata,6.632716667,10.0,4.2,7.3,9.2,2.52,7.8125,6.88,Fase 3 (7° e 8° ano),0,,,4.7,4.0,4.0,,,,4.0,,,,,3.0,,False,False,False,False,False,False,False,False,False,False,False,False,False,False
RA-1168,2023,Aluno-1168,FASE 3,3N,Feminino,13.0,2023,Pública,,,Quartzo,5.886625,10.0,3.5,8.8,0.0,2.52,7.65625,7.045,Fase 3 (7° e 8° ano),0,,,5.0,2.0,3.5,,,,4.0,,,,,3.0,,True,False,False,False,False,False,False,False,False,False,True,False,False,False
RA-613,2023,Aluno-613,FASE 3,3N,Masculino,14.0,2020,Pública,,,Ágata,6.864508333,5.0,4.8,9.4,9.2,5.0,6.71875,7.2125,Fase 4 (9° ano),-1,,,4.3,6.2,3.8,,,,4.0,,,,,4.0,,False,False,False,False,False,False,False,False,False,False,False,False,False,False
RA-304,2023,Aluno-304,FASE 3,3N,Masculino,,2020,Pública,,,Ágata,6.241583333,5.0,5.7,8.8,0.0,5.0,7.8125,7.835,Fase 5 (1° EM),-2,,,7.0,3.7,6.3,,,,4.0,,,,,5.0,,True,False,False,False,False,False,False,False,False,False,True,False,False,False
RA-457,2023,Aluno-457,FASE 3,3N,Feminino,13.0,2022,Pública,,,Topázio,8.256833333,10.0,8.1,8.6,7.5,7.52,8.125,8.045,Fase 3 (7° e 8° ano),0,,,6.7,8.5,9.0,,,,4.0,,,,,3.0,,False,False,False,False,False,False,False,False,False,False,False,False,False,False
RA-307,2023,Aluno-307,FASE 3,3N,Masculino,,2022,Pública,,,Ágata,6.047333333,5.0,6.3,6.5,0.0,7.52,7.5,7.46,Fase 5 (1° EM),-2,,,6.3,7.3,5.2,,,,4.0,,,,,5.0,,True,False,False,False,False,False,False,False,False,False,True,False,False,False
RA-283,2023,Aluno-283,FASE 3,3N,Masculino,15.0,2020,Pública,,,Ametista,7.549025,5.0,6.8,9.5,8.3,7.52,7.03125,7.5025,Fase 5 (1° EM),-2,,,6.8,4.8,8.8,,,,4.0,,,,,5.0,,False,False,False,False,False,False,False,False,False,False,False,False,False,False
RA-459,2023,Aluno-459,FASE 3,3N,Masculino,13.0,2019,Pública,,,Topázio,8.240016667,10.0,8.3,9.3,6.7,7.52,7.1875,7.88,Fase 3 (7° e 8° ano),0,,,8.3,9.2,7.5,,,,4.0,,,,,3.0,,False,False,False,False,False,False,False,False,False,False,False,False,False,False
RA-440,2023,Aluno-440,FASE 3,3P,Masculino,12.0,2022,Pública,,,Ágata,6.989208333,10.0,6.2,8.2,0.0,7.52,7.96875,7.835,Fase 3 (7° e 8° ano),0,,,7.3,7.0,4.2,,,,4.0,,,,,3.0,,True,False,False,False,False,False,False,False,False,False,True,False,False,False
RA-443,2023,Aluno-443,FASE 3,3P,Feminino,14.0,2019,Pública,,,Ágata,6.895508333,5.0,7.6,7.5,7.1,2.52,7.96875,8.125,Fase 4 (9° ano),-1,,,7.0,8.7,7.0,,,,4.0,,,,,4.0,,False,False,False,False,False,False,False,False,False,False,False,False,False,False
RA-454,2023,Aluno-454,FASE 3,3P,Masculino,15.0,2018,Pública,,,Quartzo,4.603416667,5.0,2.6,7.5,0.0,5.0,4.6875,5.54,Fase 5 (1° EM),-2,,,4.2,1.2,2.5,,,,4.0,,,,,5.0,,True,False,False,False,False,False,True,False,False,False,True,False,True,True
RA-444,2023,Aluno-444,FASE 3,3P,Masculino,11.0,2018,Pública,,,Quartzo,5.958791667,10.0,4.7,7.9,0.0,5.0,6.40625,6.4575,Fase 2 (5° e 6° ano),1,,,4.7,5.8,3.7,,,,4.0,,,,,2.0,,True,False,False,False,False,False,False,False,False,False,True,False,False,False
RA-170,2023,Aluno-170,FASE 3,3P,Feminino,15.0,2018,Privada - Programa de Apadrinhamento,,,Ametista,7.062433333,5.0,7.2,8.9,8.8,2.52,6.875,7.6725,Fase 5 (1° EM),-2,,,6.3,8.7,6.5,,,,4.0,,,,,5.0,,False,False,False,False,False,False,False,False,False,False,False,False,False,False
RA-1169,2023,Aluno-1169,FASE 3,3P,Feminino,,2023,Pública,,,Ametista,7.213625,5.0,6.3,9.5,7.5,5.0,7.03125,8.0025,Fase 4 (9° ano),-1,,,6.8,7.3,4.8,,,,4.0,,,,,4.0,,False,False,False,False,False,False,False,False,False,False,False,False,False,False
RA-458,2023,Aluno-458,FASE 3,3P,Masculino,,2019,Pública,,,Ágata,6.312083333,5.0,3.8,6.9,9.6,7.52,7.1875,6.2475,Fase 4 (9° ano),-1,,,4.3,4.8,2.2,,,,4.0,,,,,4.0,,False,False,False,False,False,False,False,False,False,False,False,False,False,False
RA-1170,2023,Aluno-1170,FASE 3,3P,Masculino,,2023,Pública,,,Ágata,6.874683333,5.0,5.9,7.7,8.8,7.52,7.1875,6.5775,Fase 4 (9° ano),-1,,,6.0,6.8,4.8,,,,4.0,,,,,4.0,,False,False,False,False,False,False,False,False,False,False,False,False,False,False
RA-1171,2023,Aluno-1171,FASE 3,3P,Masculino,14.0,2023,Pública,,,Ametista,7.856033333,5.0,8.7,8.4,7.9,5.0,8.75,8.88,Fase 4 (9° ano),-1,,,7.3,9.0,9.7,,,,4.0,,,,,4.0,,False,False,False,False,False,False,False,False,False,False,False,False,False,False
RA-449,2023,Aluno-449,FASE 3,3P,Feminino,12.0,2022,Pública,,,Ametista,7.396508333,10.0,7.0,7.2,7.1,7.52,7.34375,6.8425,Fase 3 (7° e 8° ano),0,,,5.5,7.7,7.7,,,,4.0,,,,,3.0,,False,False,False,False,False,False,False,False,False,False,False,False,False,False
RA-462,2023,Aluno-462,FASE 3,3P,Feminino,,2022,Pública,,,Ágata,6.2267,5.0,2.7,8.1,10.0,5.0,7.5,6.5825,Fase 5 (1° EM),-2,,,4.0,2.8,1.3,,,,4.0,,,,,5.0,,False,False,False,False,False,False,False,False,False,False,False,False,False,False
RA-176,2023,Aluno-176,FASE 4,4A,Feminino,14.0,2018,Privada - Programa de Apadrinhamento,,,Topázio,8.316833333,10.0,8.0,9.5,9.6,2.52,8.125,9.0025,Fase 4 (9° ano),0,,,7.3,7.3,9.3,,,,4.0,,,,,4.0,,False,False,False,False,False,False,False,False,False,False,False,False,False,False
RA-178,2023,Aluno-178,FASE 4,4A,Feminino,,2016,Privada - Programa de Apadrinhamento,,,Ametista,7.406658333,10.0,5.9,8.7,7.9,2.52,7.65625,8.42,Fase 4 (9° ano),0,,,6.3,5.8,5.5,,,,4.0,,,,,4.0,,False,False,False,False,False,False,False,False,False,False,False,False,False,False
RA-193,2023,Aluno-193,FASE 4,4A,Masculino,13.0,2016,Privada - Programa de Apadrinhamento,,,Ametista,7.718566667,10.0,6.5,9.4,8.3,2.52,8.125,8.17,Fase 3 (7° e 8° ano),1,,,6.0,6.3,7.3,,,,4.0,,,,,3.0,,False,False,False,False,False,False,False,False,False,False,False,False,False,False
RA-1172,2023,Aluno-1172,FASE 4,4A,Feminino,16.0,2023,Pública,,,Ametista,7.030108333,5.0,6.7,7.8,8.3,2.52,8.59375,8.46,Fase 6 (2° EM),-2,,,6.0,5.7,8.3,,,,4.0,,,,,6.0,,False,False,False,False,False,False,False,False,False,False,False,False,False,False
RA-180,2023,Aluno-180,FASE 4,4A,Masculino,13.0,2018,Privada - Programa de Apadrinhamento,,,Topázio,8.283216667,10.0,8.0,9.4,9.2,2.52,8.4375,8.92,Fase 3 (7° e 8° ano),1,,,8.3,7.3,8.5,,,,4.0,,,,,3.0,,False,False,False,False,False,False,False,False,False,False,False,False,False,False
RA-181,2023,Aluno-181,FASE 4,4A,Feminino,,2019,Privada - Programa de Apadrinhamento,,,Ametista,7.671208333,10.0,6.8,8.3,9.6,2.52,7.96875,8.2525,Fase 4 (9° ano),0,,,8.3,6.5,5.5,,,,4.0,,,,,4.0,,False,False,False,False,False,False,False,False,False,False,False,False,False,False
RA-195,2023,Aluno-195,FASE 4,4A,Feminino,,2017,Privada - Programa de Apadrinhamento,,,Ametista,7.60205,10.0,6.0,9.2,7.1,2.52,8.4375,8.79,Fase 4 (9° ano),0,,,6.3,6.2,5.5,,,,4.0,,,,,4.0,,False,False,False,False,False,False,False,False,False,False,False,False,False,False
RA-196,2023,Aluno-196,FASE 4,4A,Masculino,13.0,2018,Privada - Programa de Apadrinhamento,,,Ametista,7.560991667,10.0,6.2,9.0,7.9,2.52,8.28125,8.2125,Fase 3 (7° e 8° ano),1,,,7.0,6.0,5.7,,,,4.0,,,,,3.0,,False,False,False,False,False,False,False,False,False,False,False,False,False,False
RA-211,2023,Aluno-211,FASE 4,4A,Masculino,14.0,2021,Privada - Programa de Apadrinhamento,,,Topázio,8.024791667,10.0,7.1,9.4,9.6,2.52,7.65625,8.71,Fase 4 (9° ano),0,,,7.7,8.0,5.7,,,,4.0,,,,,4.0,,False,False,False,False,False,False,False,False,False,False,False,False,False,False
RA-197,2023,Aluno-197,FASE 4,4A,Feminino,13.0,2021,Privada - Programa de Apadrinhamento,,,Ametista,7.967608333,10.0,7.2,9.8,8.3,2.52,7.96875,8.46,Fase 3 (7° e 8° ano),1,,,7.0,7.3,7.2,,,,4.0,,,,,3.0,,False,False,False,False,False,False,False,False,False,False,False,False,False,False
RA-229,2023,Aluno-229,FASE 4,4A,Masculino,,2022,Privada - Programa de Apadrinhamento,,,Topázio,8.207591667,10.0,7.8,9.8,9.2,2.52,8.28125,8.42,Fase 3 (7° e 8° ano),1,,,8.0,8.2,7.3,,,,4.0,,,,,3.0,,False,False,False,False,False,False,False,False,False,False,False,False,False,False
RA-186,2023,Aluno-186,FASE 4,4A,Feminino,,2019,Privada,,,Ametista,7.817541667,10.0,6.9,9.7,7.5,2.52,7.96875,8.46,Fase 4 (9° ano),0,,,6.8,7.0,7.0,,,,4.0,,,,,4.0,,False,False,False,False,False,False,False,False,False,False,False,False,False,False
RA-189,2023,Aluno-189,FASE 4,4A,Masculino,14.0,2018,Privada - Programa de Apadrinhamento,,,Ametista,7.727325,10.0,6.5,9.4,7.9,2.52,8.28125,8.3775,Fase 4 (9° ano),0,,,6.3,6.5,6.7,,,,4.0,,,,,4.0,,False,False,False,False,False,False,False,False,False,False,False,False,False,False
RA-191,2023,Aluno-191,FASE 4,4A,Masculino,14.0,2019,Privada - Programa de Apadrinhamento,,,Ametista,7.263666667,10.0,7.8,9.7,0.0,2.52,8.125,8.4625,Fase 4 (9° ano),0,,,8.7,7.0,7.8,,,,4.0,,,,,4.0,,True,False,False,False,False,False,False,False,False,False,True,False,False,False
RA-1173,2023,Aluno-1173,FASE 4,4A,Masculino,14.0,2023,Pública,,,Ametista,7.67285,10.0,6.0,9.7,8.8,2.52,7.8125,8.1225,Fase 4 (9° ano),0,,,7.0,5.0,6.0,,,,4.0,,,,,4.0,,False,False,False,False,False,False,False,False,False,False,False,False,False,False
RA-217,2023,Aluno-217,FASE 4,4B,Feminino,,2021,Pública,,,Ágata,6.96965,5.0,5.6,8.6,8.3,2.52,8.4375,8.5025,Fase 5 (1° EM),-1,,,6.7,5.3,4.8,,,,4.0,,,,,5.0,,False,False,False,False,False,False,False,False,False,False,False,False,False,False
RA-1174,2023,Aluno-1174,FASE 4,4B,Feminino,15.0,2023,Pública,,,Ametista,7.333591667,5.0,6.8,8.7,9.2,2.52,8.90625,8.3375,Fase 5 (1° EM),-1,,,6.5,7.2,6.8,,,,4.0,,,,,5.0,,False,False,False,False,False,False,False,False,False,False,False,False,False,False
RA-192,2023,Aluno-192,FASE 4,4B,Masculino,16.0,2021,Privada,,,Ágata,6.616016667,5.0,6.5,6.2,8.8,5.0,7.1875,7.3775,Fase 6 (2° EM),-2,,,6.0,5.8,7.8,,,,4.0,,,,,6.0,,False,False,False,False,False,False,False,False,False,False,False,False,False,False
RA-184,2023,Aluno-184,FASE 4,4B,Masculino,13.0,2019,Pública,,,Topázio,8.430241667,10.0,7.1,9.5,7.9,7.52,8.59375,8.5025,Fase 3 (7° e 8° ano),1,,,7.3,6.3,7.8,,,,4.0,,,,,3.0,,False,False,False,False,False,False,False,False,False,False,False,False,False,False
RA-200,2023,Aluno-200,FASE 4,4B,Masculino,16.0,2018,Privada - Programa de Apadrinhamento,,,Quartzo,5.661166667,5.0,4.3,4.5,9.6,2.52,7.5,7.17,Fase 6 (2° EM),-2,,,4.3,4.2,4.5,,,,4.0,,,,,6.0,,False,False,False,False,False,False,False,False,False,True,False,False,False,False
RA-1175,2023,Aluno-1175,FASE 4,4B,Feminino,,2023,Pública,,,Quartzo,5.939858333,2.5,6.3,5.3,8.3,2.52,7.65625,7.6275,Fase 7 (3° EM),-3,,,6.3,6.3,6.2,,,,4.0,,,,,7.0,,False,False,False,False,False,False,False,False,False,True,False,False,False,False
RA-204,2023,Aluno-204,FASE 4,4B,Feminino,,2019,Pública,,,Ametista,7.557558333,10.0,7.1,7.9,8.8,2.52,8.28125,8.045,Fase 4 (9° ano),0,,,4.7,8.0,8.5,,,,4.0,,,,,4.0,,False,False,False,False,False,False,False,False,False,False,False,False,False,False
RA-1176,2023,Aluno-1176,FASE 4,4B,Masculino,13.0,2023,Pública,,,Topázio,8.881483333,10.0,8.2,9.3,8.3,7.52,9.6875,9.17,Fase 3 (7° e 8° ano),1,,,8.0,7.8,8.7,,,,4.0,,,,,3.0,,False,False,False,False,False,False,False,False,False,False,False,False,False,False
RA-1177,2023,Aluno-1177,FASE 4,4B,Feminino,14.0,2023,Pública,,,Topázio,8.345491667,10.0,7.2,9.9,10.0,2.52,8.90625,8.88,Fase 4 (9° ano),0,,,7.0,6.7,8.0,,,,4.0,,,,,4.0,,False,False,False,False,False,False,False,False,False,False,False,False,False,False
RA-215,2023,Aluno-215,FASE 4,4C,Feminino,14.0,2021,Pública,,,Ametista,7.166475,10.0,6.9,6.6,8.8,2.52,7.96875,7.7125,Fase 4 (9° ano),0,,,5.7,6.7,8.3,,,,4.0,,,,,4.0,,False,False,False,False,False,False,False,False,False,False,False,False,False,False
RA-1178,2023,Aluno-1178,FASE 4,4C,Masculino,,2023,Pública,,,Ametista,7.066475,5.0,5.7,9.3,8.8,2.52,7.96875,8.2125,Fase 6 (2° EM),-2,,,6.3,4.5,6.3,,,,4.0,,,,,6.0,,False,False,False,False,False,False,False,False,False,False,False,False,False,False
RA-149,2023,Aluno-149,FASE 4,4C,Feminino,,2022,Pública,,,Quartzo,5.622266667,5.0,4.7,4.2,8.8,2.52,7.5,7.2925,Fase 6 (2° EM),-2,,,5.7,3.5,5.0,,,,4.0,,,,,6.0,,False,False,False,False,False,False,False,False,False,True,False,False,False,False
RA-1179,2023,Aluno-1179,FASE 4,4C,Masculino,,2023,Pública,,,Ágata,6.631333333,5.0,5.0,8.1,9.6,4.38,6.875,7.17,Fase 5 (1° EM),-1,,,6.7,3.7,4.5,,,,4.0,,,,,5.0,,False,False,False,False,False,False,False,False,False,False,False,False,False,False
RA-218,2023,Aluno-218,FASE 4,4C,Feminino,15.0,2022,Pública,,,Quartzo,5.811541667,5.0,6.7,6.7,0.0,2.52,7.96875,7.88,Fase 5 (1° EM),-1,,,5.7,7.0,7.5,,,,4.0,,,,,5.0,,True,False,False,False,False,False,False,False,False,False,True,False,False,False
RA-220,2023,Aluno-220,FASE 4,4C,Feminino,14.0,2022,Pública,,,Ametista,7.102016667,10.0,6.1,7.6,8.8,2.52,7.1875,7.5475,Fase 4 (9° ano),0,,,6.3,5.8,6.3,,,,4.0,,,,,4.0,,False,False,False,False,False,False,False,False,False,False,False,False,False,False
RA-202,2023,Aluno-202,FASE 4,4C,Feminino,,2017,Pública,,,Ágata,6.791641667,5.0,5.9,7.9,8.8,2.52,7.96875,8.005,Fase 5 (1° EM),-1,,,6.3,4.8,6.7,,,,4.0,,,,,5.0,,False,False,False,False,False,False,False,False,False,False,False,False,False,False
RA-1180,2023,Aluno-1180,FASE 4,4C,Masculino,15.0,2023,Pública,,,Ametista,7.067983333,5.0,5.4,9.5,8.3,5.0,7.1875,7.7125,Fase 5 (1° EM),-1,,,6.0,4.8,5.3,,,,4.0,,,,,5.0,,False,False,False,False,False,False,False,False,False,False,False,False,False,False
RA-1181,2023,Aluno-1181,FASE 4,4C,Feminino,,2023,Pública,,,Ágata,6.971266667,10.0,4.8,8.3,8.8,2.52,7.5,7.3375,Fase 4 (9° ano),0,,,5.7,4.3,4.5,,,,4.0,,,,,4.0,,False,False,False,False,False,False,False,False,False,False,False,False,False,False
RA-1182,2023,Aluno-1182,FASE 4,4C,Feminino,,2023,Pública,,,Quartzo,5.709808333,5.0,4.2,6.3,7.5,2.52,6.71875,7.2125,Fase 6 (2° EM),-2,,,5.3,2.0,5.2,,,,4.0,,,,,6.0,,False,False,False,False,False,False,False,False,False,False,False,False,False,False
RA-205,2023,Aluno-205,FASE 4,4C,Masculino,,2020,Pública,,,Ágata,6.857625,5.0,6.6,7.6,9.6,4.38,7.03125,7.09,Fase 5 (1° EM),-1,,,7.0,5.5,7.3,,,,4.0,,,,,5.0,,False,False,False,False,False,False,False,False,False,False,False,False,False,False
RA-1183,2023,Aluno-1183,FASE 4,4C,Masculino,15.0,2023,Pública,,,Ágata,6.269541667,5.0,5.3,8.7,7.5,2.52,6.09375,6.7575,Fase 5 (1° EM),-1,,,6.0,4.0,6.0,,,,4.0,,,,,5.0,,False,False,False,False,False,False,False,False,False,False,False,False,False,False
RA-237,2023,Aluno-237,FASE 4,4F,Feminino,15.0,2022,Privada - Programa de Apadrinhamento,,,Ametista,7.436566667,5.0,6.7,9.5,8.3,2.52,8.125,8.96,Fase 5 (1° EM),-1,,,7.7,7.0,5.5,,,,4.0,,,,,5.0,,False,False,False,False,False,False,False,False,False,False,False,False,False,False
RA-147,2023,Aluno-147,FASE 4,4F,Feminino,15.0,2022,Pública,,,Quartzo,5.5425,5.0,4.5,7.0,0.0,5.63,6.875,7.46,Fase 5 (1° EM),-1,,,5.0,6.0,2.5,,,,4.0,,,,,5.0,,True,False,False,False,False,False,False,False,False,False,True,False,False,False
RA-240,2023,Aluno-240,FASE 4,4F,Feminino,,2017,Privada - Programa de Apadrinhamento,,,Ágata,6.337966667,10.0,4.8,6.7,7.1,2.52,6.875,6.9175,Fase 4 (9° ano),0,,,7.0,3.3,4.2,,,,4.0,,,,,4.0,,False,False,False,False,False,False,False,False,False,False,False,False,False,False
RA-1184,2023,Aluno-1184,FASE 4,4F,Masculino,,2023,Pública,,,Ametista,7.381566667,5.0,7.3,8.3,8.3,5.0,8.125,8.045,Fase 6 (2° EM),-2,,,8.0,5.5,8.5,,,,4.0,,,,,6.0,,False,False,False,False,False,False,False,False,False,False,False,False,False,False
RA-241,2023,Aluno-241,FASE 4,4F,Masculino,,2016,Privada - Programa de Apadrinhamento,,,Ametista,7.016,5.0,7.5,9.9,0.0,2.52,8.75,9.545,Fase 5 (1° EM),-1,,,9.3,7.0,6.2,,,,4.0,,,,,5.0,,True,False,False,False,False,False,False,False,False,False,True,False,False,False
RA-242,2023,Aluno-242,FASE 4,4F,Masculino,14.0,2018,Privada - Programa de Apadrinhamento,,,Topázio,8.221841667,10.0,7.9,9.7,7.1,2.52,8.59375,9.3775,Fase 4 (9° ano),0,,,9.3,7.3,7.2,,,,4.0,,,,,4.0,,False,False,False,False,False,False,False,False,False,False,False,False,False,False
RA-138,2023,Aluno-138,FASE 4,4F,Masculino,16.0,2016,Pública,,,Ágata,6.784075,5.0,4.3,7.9,10.0,6.26,7.34375,7.4175,Fase 6 (2° EM),-2,,,4.0,3.7,5.2,,,,4.0,,,,,6.0,,False,False,False,False,False,False,False,False,False,False,False,False,False,False
RA-244,2023,Aluno-244,FASE 4,4F,Feminino,13.0,2018,Privada - Programa de Apadrinhamento,,,Ametista,7.044333333,10.0,7.3,8.8,0.0,2.52,8.125,8.8325,Fase 3 (7° e 8° ano),1,,,7.0,8.0,6.8,,,,4.0,,,,,3.0,,True,False,False,False,False,False,False,False,False,False,True,False,False,False
RA-245,2023,Aluno-245,FASE 4,4F,Masculino,,2016,Privada - Programa de Apadrinhamento,,,Ametista,7.171166667,5.0,8.1,10.0,0.0,2.52,8.75,9.5875,Fase 5 (1° EM),-1,,,9.3,7.8,7.3,,,,4.0,,,,,5.0,,True,False,False,False,False,False,False,False,False,False,True,False,False,False
RA-246,2023,Aluno-246,FASE 4,4F,Masculino,,2022,Privada,,,Topázio,8.256766667,10.0,6.8,9.9,8.8,4.39,8.125,8.9175,Fase 4 (9° ano),0,,,7.7,7.0,5.8,,,,4.0,,,,,4.0,,False,False,False,False,False,False,False,False,False,False,False,False,False,False
RA-141,2023,Aluno-141,FASE 4,4F,Masculino,15.0,2017,Pública,,,Ágata,6.719791667,5.0,4.5,8.4,9.6,5.63,7.03125,7.0425,Fase 5 (1° EM),-1,,,6.0,5.3,2.3,,,,4.0,,,,,5.0,,False,False,False,False,False,False,False,False,False,False,False,False,False,False
RA-239,2023,Aluno-239,FASE 4,4G,Feminino,16.0,2021,Pública,,,Ágata,6.411333333,5.0,7.0,8.4,0.0,5.0,8.125,7.6275,Fase 6 (2° EM),-2,,,6.0,7.2,7.7,,,,4.0,,,,,6.0,,True,False,False,False,False,False,False,False,False,False,True,False,False,False
RA-1185,2023,Aluno-1185,FASE 4,4G,Feminino,,2023,Pública,,,Topázio,8.02675,10.0,7.5,9.1,7.5,5.0,7.8125,8.3775,Fase 3 (7° e 8° ano),1,,,6.7,6.3,9.5,,,,4.0,,,,,3.0,,False,False,False,False,False,False,False,False,False,False,False,False,False,False
RA-262,2023,Aluno-262,FASE 4,4G,Masculino,,2021,Privada,,,Quartzo,4.406458333,5.0,3.8,3.7,0.0,5.0,7.03125,6.05,Fase 6 (2° EM),-2,,,5.0,3.3,3.0,,,,4.0,,,,,6.0,,True,False,False,False,False,False,True,False,False,True,True,False,False,False
RA-1186,2023,Aluno-1186,FASE 4,4G,Feminino,,2023,Pública,,,Ametista,7.281433333,5.0,5.5,9.8,8.8,6.89,6.875,7.3825,Fase 6 (2° EM),-2,,,6.7,5.2,4.5,,,,4.0,,,,,6.0,,False,False,False,False,False,False,False,False,False,False,False,False,False,False
RA-397,2023,Aluno-397,FASE 4,4G,Feminino,15.0,2017,Pública,,,Ágata,6.207083333,5.0,4.6,7.9,7.5,2.52,7.1875,7.465,Fase 5 (1° EM),-1,,,6.7,5.0,2.0,,,,4.0,,,,,5.0,,False,False,False,False,False,False,False,False,False,False,False,False,False,False
RA-1187,2023,Aluno-1187,FASE 4,4G,Feminino,13.0,2023,Pública,,,Ágata,6.644475,10.0,5.3,6.9,8.8,2.52,7.34375,6.715,Fase 3 (7° e 8° ano),1,,,4.7,5.0,6.2,,,,4.0,,,,,3.0,,False,False,False,False,False,False,False,False,False,False,False,False,False,False
RA-145,2023,Aluno-145,FASE 4,4H,Masculino,17.0,2017,Pública,,,,,2.5,6.2,9.0,7.9,,7.96875,7.4625,Fase 7 (3° EM),-3,,,5.3,6.0,7.2,,,,4.0,,,,,7.0,,False,False,False,False,False,False,False,False,False,False,False,False,False,False
RA-1188,2023,Aluno-1188,FASE 4,4H,Feminino,15.0,2023,Pública,,,,,5.0,6.4,9.4,9.6,,7.8125,7.5875,Fase 5 (1° EM),-1,,,6.5,7.5,5.2,,,,4.0,,,,,5.0,,False,False,False,False,False,False,False,False,False,False,False,False,False,False
RA-265,2023,Aluno-265,FASE 4,4H,Masculino,14.0,2019,Pública,,,,,10.0,7.0,8.7,8.3,,7.96875,7.88,Fase 4 (9° ano),0,,,7.3,6.8,6.8,,,,4.0,,,,,4.0,,False,False,False,False,False,False,False,False,False,False,False,False,False,False
RA-254,2023,Aluno-254,FASE 4,4H,Masculino,15.0,2019,Pública,,,,,5.0,5.9,8.8,9.6,,7.8125,7.71,Fase 5 (1° EM),-1,,,5.7,5.7,6.2,,,,4.0,,,,,5.0,,False,False,False,False,False,False,False,False,False,False,False,False,False,False
RA-267,2023,Aluno-267,FASE 4,4H,Feminino,16.0,2016,Pública,,,,,5.0,2.7,7.7,7.9,,4.6875,6.505,Fase 6 (2° EM),-2,,,2.7,4.0,1.3,,,,4.0,,,,,6.0,,False,False,False,False,False,False,False,False,False,False,False,False,True,False
RA-1189,2023,Aluno-1189,FASE 4,4H,Feminino,,2023,Pública,,,,,5.0,6.1,9.0,8.8,,7.8125,7.3775,Fase 5 (1° EM),-1,,,6.3,5.7,6.2,,,,4.0,,,,,5.0,,False,False,False,False,False,False,False,False,False,False,False,False,False,False
RA-295,2023,Aluno-295,FASE 4,4L,Feminino,15.0,2022,Pública,,,Ametista,7.641016667,5.0,7.7,8.8,8.8,2.52,9.0625,9.005,Fase 5 (1° EM),-1,,,7.3,7.2,8.7,,,,4.0,,,,,5.0,,False,False,False,False,False,False,False,False,False,False,False,False,False,False
RA-269,2023,Aluno-269,FASE 4,4L,Masculino,14.0,2022,Pública,,,Topázio,8.116041667,10.0,7.4,9.0,9.6,2.52,8.59375,8.7975,Fase 4 (9° ano),0,,,8.0,7.3,7.0,,,,4.0,,,,,4.0,,False,False,False,False,False,False,False,False,False,False,False,False,False,False
RA-313,2023,Aluno-313,FASE 4,4L,Feminino,14.0,2022,Pública,,,Ametista,7.011091667,10.0,3.9,8.7,9.2,2.52,7.65625,7.75,Fase 4 (9° ano),0,,,4.0,2.8,5.0,,,,4.0,,,,,4.0,,False,False,False,False,False,False,False,False,False,False,False,False,False,False
RA-1190,2023,Aluno-1190,FASE 4,4L,Masculino,,2023,Pública,,,Ágata,6.330041667,10.0,4.2,9.2,0.0,5.0,7.34375,7.045,Fase 4 (9° ano),0,,,3.0,4.2,5.5,,,,4.0,,,,,4.0,,True,False,False,False,False,False,False,False,False,False,True,False,False,False
RA-301,2023,Aluno-301,FASE 4,4L,Feminino,,2019,Pública,,,Ágata,6.760341667,10.0,5.2,5.4,9.2,7.52,6.71875,6.465,Fase 4 (9° ano),0,,,4.7,6.5,4.5,,,,4.0,,,,,4.0,,False,False,False,False,False,False,False,False,False,True,False,False,False,False
RA-286,2023,Aluno-286,FASE 4,4L,Feminino,15.0,2022,Pública,,,Quartzo,5.713333333,5.0,4.7,7.5,0.0,5.0,8.125,7.3375,Fase 5 (1° EM),-1,,,3.7,5.0,5.3,,,,4.0,,,,,5.0,,True,False,False,False,False,False,False,False,False,False,True,False,False,False
RA-1191,2023,Aluno-1191,FASE 4,4L,Masculino,,2023,Pública,,,Ágata,6.175333333,10.0,3.7,7.2,7.5,5.0,5.0,6.26,Fase 4 (9° ano),0,,,2.3,2.5,6.2,,,,4.0,,,,,4.0,,False,False,False,False,False,False,False,False,False,False,False,False,True,False
RA-1192,2023,Aluno-1192,FASE 4,4L,Feminino,15.0,2023,Pública,,,Ágata,6.780741667,5.0,5.8,8.7,7.9,2.52,7.96875,7.6675,Fase 5 (1° EM),-1,,,4.7,6.0,6.8,,,,4.0,,,,,5.0,,False,False,False,False,False,False,False,False,False,False,False,False,False,False
RA-174,2023,Aluno-174,FASE 4,4L,Feminino,16.0,2019,Pública,,,Ágata,6.1242,5.0,5.1,5.6,7.9,5.0,7.5,7.2125,Fase 6 (2° EM),-2,,,3.7,7.3,4.3,,,,4.0,,,,,6.0,,False,False,False,False,False,False,False,False,False,True,False,False,False,False
RA-1193,2023,Aluno-1193,FASE 4,4L,Feminino,,2023,Pública,,,Ágata,6.018083333,10.0,4.1,7.8,0.0,5.0,7.1875,7.13,Fase 4 (9° ano),0,,,3.7,3.5,5.0,,,,4.0,,,,,4.0,,True,False,False,False,False,False,False,False,False,False,True,False,False,False
RA-308,2023,Aluno-308,FASE 4,4L,Masculino,14.0,2019,Pública,,,Ágata,6.578558333,10.0,4.9,6.8,5.4,5.0,7.03125,7.5025,Fase 4 (9° ano),0,,,4.7,5.2,4.7,,,,4.0,,,,,4.0,,False,False,False,False,False,False,False,False,False,False,False,False,False,False
RA-152,2023,Aluno-152,FASE 4,4M,Feminino,16.0,2022,Pública,,,Ágata,6.30695,5.0,4.5,7.7,7.9,2.52,7.8125,7.71,Fase 6 (2° EM),-2,,,4.0,5.0,4.5,,,,4.0,,,,,6.0,,False,False,False,False,False,False,False,False,False,False,False,False,False,False
RA-270,2023,Aluno-270,FASE 4,4M,Feminino,14.0,2019,Privada - Programa de Apadrinhamento,,,Ametista,7.982633333,10.0,6.6,9.0,9.2,2.52,8.75,9.1275,Fase 4 (9° ano),0,,,7.7,6.2,5.8,,,,4.0,,,,,4.0,,False,False,False,False,False,False,False,False,False,False,False,False,False,False
RA-271,2023,Aluno-271,FASE 4,4M,Feminino,16.0,2022,Pública,,,Ágata,6.140333333,5.0,5.9,9.3,0.0,2.52,8.125,7.7125,Fase 6 (2° EM),-2,,,4.3,7.0,6.3,,,,4.0,,,,,6.0,,True,False,False,False,False,False,False,False,False,False,True,False,False,False
RA-299,2023,Aluno-299,FASE 4,4M,Feminino,14.0,2019,Privada - Programa de Apadrinhamento,,,Ágata,6.796541667,10.0,6.1,9.6,0.0,2.52,7.96875,8.005,Fase 4 (9° ano),0,,,5.0,7.2,6.2,,,,4.0,,,,,4.0,,True,False,False,False,False,False,False,False,False,False,True,False,False,False
RA-316,2023,Aluno-316,FASE 4,4M,Feminino,14.0,2022,Pública,,,Topázio,8.436908333,10.0,5.7,9.5,10.0,7.52,8.59375,8.96,Fase 4 (9° ano),0,,,6.3,5.7,5.0,,,,4.0,,,,,4.0,,False,False,False,False,False,False,False,False,False,False,False,False,False,False
RA-318,2023,Aluno-318,FASE 4,4M,Feminino,15.0,2019,Pública,,,Ágata,6.856575,5.0,4.9,8.1,7.9,6.26,7.96875,7.71,Fase 5 (1° EM),-1,,,5.0,5.0,4.7,,,,4.0,,,,,5.0,,False,False,False,False,False,False,False,False,False,False,False,False,False,False
RA-274,2023,Aluno-274,FASE 4,4M,Feminino,12.0,2019,Privada - Programa de Apadrinhamento,,,Topázio,8.137625,10.0,7.5,9.5,7.5,5.63,7.65625,8.295,Fase 3 (7° e 8° ano),1,,,7.0,7.7,7.8,,,,4.0,,,,,3.0,,False,False,False,False,False,False,False,False,False,False,False,False,False,False
RA-320,2023,Aluno-320,FASE 4,4M,Feminino,14.0,2022,Pública,,,Topázio,8.393508333,10.0,5.5,9.9,9.2,7.52,8.59375,8.96,Fase 4 (9° ano),0,,,5.7,6.0,4.7,,,,4.0,,,,,4.0,,False,False,False,False,False,False,False,False,False,False,False,False,False,False
RA-277,2023,Aluno-277,FASE 4,4M,Masculino,,2021,Pública,,,Ametista,7.7284,5.0,5.5,9.9,8.3,7.52,8.125,8.7525,Fase 5 (1° EM),-1,,,5.7,6.0,4.8,,,,4.0,,,,,5.0,,False,False,False,False,False,False,False,False,False,False,False,False,False,False
RA-278,2023,Aluno-278,FASE 4,4M,Masculino,13.0,2018,Pública,,,Ametista,7.1935,10.0,5.6,9.8,0.0,5.63,8.75,8.3775,Fase 3 (7° e 8° ano),1,,,6.0,5.3,5.5,,,,4.0,,,,,3.0,,True,False,False,False,False,False,False,False,False,False,True,False,False,False
RA-291,2023,Aluno-291,FASE 4,4M,Masculino,14.0,2022,Privada - Programa de Apadrinhamento,,,Topázio,8.493058333,10.0,7.1,8.6,8.8,7.52,8.90625,9.21,Fase 4 (9° ano),0,,,8.0,6.5,6.7,,,,4.0,,,,,4.0,,False,False,False,False,False,False,False,False,False,False,False,False,False,False
RA-306,2023,Aluno-306,FASE 4,4M,Feminino,,2021,Pública,,,Quartzo,5.732375,5.0,4.0,7.9,0.0,6.26,7.34375,7.46,Fase 5 (1° EM),-1,,,4.7,4.5,2.8,,,,4.0,,,,,5.0,,True,False,False,False,False,False,False,False,False,False,True,False,False,False
RA-279,2023,Aluno-279,FASE 4,4M,Masculino,14.0,2019,Pública,,,Topázio,9.006266667,10.0,8.9,10.0,8.8,6.27,8.75,9.2125,Fase 4 (9° ano),0,,,9.0,8.5,9.3,,,,4.0,,,,,4.0,,False,False,False,False,False,False,False,False,False,False,False,False,False,False
RA-280,2023,Aluno-280,FASE 4,4M,Feminino,,2021,Privada - Programa de Apadrinhamento,,,Topázio,8.189225,10.0,6.5,9.5,6.7,7.52,8.28125,8.7125,Fase 4 (9° ano),0,,,6.3,7.7,5.5,,,,4.0,,,,,4.0,,False,False,False,False,False,False,False,False,False,False,False,False,False,False
RA-276,2023,Aluno-276,FASE 4,4M,Feminino,,2017,Privada - Programa de Apadrinhamento,,,Ágata,6.690458333,10.0,5.5,8.5,6.3,2.52,7.03125,6.585,Fase 4 (9° ano),0,,,3.7,4.7,8.0,,,,4.0,,,,,4.0,,False,False,False,False,False,False,False,False,False,False,False,False,False,False
RA-285,2023,Aluno-285,FASE 4,4N,Feminino,17.0,2020,Pública,,,Quartzo,5.380358333,2.5,4.7,4.6,8.3,2.52,7.65625,7.13,Fase 7 (3° EM),-3,,,4.0,6.0,4.0,,,,4.0,,,,,7.0,,False,False,False,False,False,False,False,False,False,True,False,False,False,False
RA-1194,2023,Aluno-1194,FASE 4,4N,Masculino,13.0,2023,Pública,,,Ametista,7.671933333,10.0,6.1,9.0,8.8,5.0,7.5,7.6675,Fase 3 (7° e 8° ano),1,,,6.0,4.2,8.0,,,,4.0,,,,,3.0,,False,False,False,False,False,False,False,False,False,False,False,False,False,False
RA-287,2023,Aluno-287,FASE 4,4N,Feminino,18.0,2022,Pública,,,Quartzo,3.745541667,2.5,3.9,4.8,0.0,2.52,4.21875,5.375,Fase 8 (Universitários),-4,,,3.0,2.3,6.5,,,,4.0,,,,,8.0,,True,False,False,False,False,False,True,False,False,True,True,False,True,True
RA-319,2023,Aluno-319,FASE 4,4N,Masculino,,2022,Concluiu o 3º EM,,,Topázio,8.367208333,10.0,7.2,9.2,9.6,5.0,8.59375,8.88,Fase 4 (9° ano),0,,,5.7,5.8,10.0,,,,4.0,,,,,4.0,,False,False,False,False,False,False,False,False,False,False,False,False,False,False
RA-321,2023,Aluno-321,FASE 4,4N,Feminino,13.0,2022,Pública,,,Ametista,7.695233333,10.0,6.2,9.4,8.3,2.52,8.125,8.42,Fase 3 (7° e 8° ano),1,,,6.0,5.8,6.7,,,,4.0,,,,,3.0,,False,False,False,False,False,False,False,False,False,False,False,False,False,False
RA-1195,2023,Aluno-1195,FASE 4,4N,Feminino,,2022,Pública,,,Quartzo,5.677291667,2.5,5.4,8.3,0.0,2.52,8.28125,8.0025,Fase 7 (3° EM),-3,,,4.3,4.7,7.3,,,,4.0,,,,,7.0,,True,False,False,False,False,False,False,False,False,False,True,False,False,False
RA-159,2023,Aluno-159,FASE 4,4N,Feminino,16.0,2021,Pública,,,Ágata,6.805033333,5.0,6.3,8.1,7.9,2.52,8.125,7.8775,Fase 6 (2° EM),-2,,,5.0,6.0,7.8,,,,4.0,,,,,6.0,,False,False,False,False,False,False,False,False,False,False,False,False,False,False
RA-322,2023,Aluno-322,FASE 4,4N,Feminino,14.0,2022,Pública,,,Ametista,7.037808333,10.0,5.3,8.3,6.7,2.52,7.96875,8.045,Fase 4 (9° ano),0,,,4.0,5.5,6.3,,,,4.0,,,,,4.0,,False,False,False,False,False,False,False,False,False,False,False,False,False,False
RA-251,2023,Aluno-251,FASE 4,4N,Masculino,,2018,Pública,,,Ágata,6.665208333,5.0,5.3,8.0,9.6,2.52,7.34375,7.835,Fase 5 (1° EM),-1,,,5.0,5.5,5.3,,,,4.0,,,,,5.0,,False,False,False,False,False,False,False,False,False,False,False,False,False,False
RA-116,2023,Aluno-116,FASE 5,5A,Feminino,17.0,2019,Pública,,,Ágata,6.433075,5.0,4.7,7.6,6.7,5.0,7.96875,7.5475,Fase 7 (3° EM),-2,,,2.3,5.0,6.8,,,,4.0,,,,,7.0,,False,False,False,False,False,False,False,False,False,False,False,False,False,False
RA-103,2023,Aluno-103,FASE 5,5A,Feminino,14.0,2020,Privada - Programa de Apadrinhamento,,,Topázio,8.0239,10.0,7.1,9.2,8.3,5.0,8.125,8.09,Fase 4 (9° ano),1,,,7.3,6.3,7.7,,,,4.0,,,,,4.0,,False,False,False,False,False,False,False,False,False,False,False,False,False,False
RA-42,2023,Aluno-42,FASE 5,5A,Masculino,,2019,Privada - Programa de Apadrinhamento,,,Ágata,6.794516667,5.0,5.7,8.6,8.8,5.63,6.5625,6.6675,Fase 6 (2° EM),-1,,,6.3,4.2,6.7,,,,4.0,,,,,6.0,,False,False,False,False,False,False,False,False,False,False,False,False,False,False
RA-121,2023,Aluno-121,FASE 5,5A,Feminino,,2021,Pública,,,Ágata,6.811875,5.0,6.0,8.8,6.3,5.0,7.34375,7.4625,Fase 6 (2° EM),-1,,,5.0,5.7,7.3,,,,4.0,,,,,6.0,,False,False,False,False,False,False,False,False,False,False,False,False,False,False
RA-106,2023,Aluno-106,FASE 5,5A,Feminino,15.0,2016,Privada - Programa de Apadrinhamento,,,Ametista,7.769658333,10.0,7.3,9.1,7.9,5.0,7.03125,7.5075,Fase 5 (1° EM),0,,,6.7,6.8,8.3,,,,4.0,,,,,5.0,,False,False,False,False,False,False,False,False,False,False,False,False,False,False
RA-123,2023,Aluno-123,FASE 5,5A,Masculino,17.0,2017,Privada - Programa de Apadrinhamento,,,Ágata,6.068333333,5.0,5.7,9.4,0.0,5.0,6.875,6.8375,Fase 7 (3° EM),-2,,,5.0,5.3,6.7,,,,4.0,,,,,7.0,,True,False,False,False,False,False,False,False,False,False,True,False,False,False
RA-46,2023,Aluno-46,FASE 5,5A,Feminino,18.0,2022,Pública,,,Quartzo,5.545383333,2.5,4.4,7.4,7.1,2.52,6.5625,6.6275,Fase 8 (Universitários),-3,,,2.8,3.0,7.3,,,,4.0,,,,,8.0,,False,False,False,False,False,False,False,False,False,False,False,False,False,False
RA-125,2023,Aluno-125,FASE 5,5A,Feminino,16.0,2022,Privada,,,Ágata,6.989633333,5.0,5.8,7.7,9.2,5.0,8.125,7.835,Fase 6 (2° EM),-1,,,3.3,5.8,8.2,,,,4.0,,,,,6.0,,False,False,False,False,False,False,False,False,False,False,False,False,False,False
RA-110,2023,Aluno-110,FASE 5,5A,Masculino,15.0,2017,Privada - Programa de Apadrinhamento,,,Topázio,8.0879,10.0,7.5,8.6,8.3,5.0,8.75,8.2975,Fase 5 (1° EM),0,,,8.3,6.2,8.0,,,,4.0,,,,,5.0,,False,False,False,False,False,False,False,False,False,False,False,False,False,False
RA-128,2023,Aluno-128,FASE 5,5A,Masculino,16.0,2019,Privada,,,Ágata,6.503908333,5.0,5.7,7.3,6.7,5.0,7.34375,7.5475,Fase 6 (2° EM),-1,,,6.3,4.0,6.7,,,,4.0,,,,,6.0,,False,False,False,False,False,False,False,False,False,False,False,False,False,False
RA-143,2023,Aluno-143,FASE 5,5A,Masculino,,2019,Privada - Programa de Apadrinhamento,,,Ametista,7.794358333,10.0,6.5,9.6,8.3,2.52,8.28125,8.3375,Fase 4 (9° ano),1,,,9.2,5.0,5.2,,,,4.0,,,,,4.0,,False,False,False,False,False,False,False,False,False,False,False,False,False,False
RA-111,2023,Aluno-111,FASE 5,5A,Feminino,14.0,2020,Privada - Programa de Apadrinhamento,,,Ametista,7.566458333,10.0,6.0,8.7,7.5,5.0,7.65625,8.0875,Fase 4 (9° ano),1,,,6.0,5.2,6.7,,,,4.0,,,,,4.0,,False,False,False,False,False,False,False,False,False,False,False,False,False,False
RA-112,2023,Aluno-112,FASE 5,5A,Feminino,,2016,Privada - Programa de Apadrinhamento,,,Ametista,7.141308333,5.0,7.4,8.1,6.7,5.0,7.96875,7.9225,Fase 6 (2° EM),-1,,,7.3,6.5,8.3,,,,4.0,,,,,6.0,,False,False,False,False,False,False,False,False,False,False,False,False,False,False
RA-115,2023,Aluno-115,FASE 5,5A,Feminino,16.0,2019,Pública,,,Ágata,6.319141667,5.0,4.2,7.1,8.8,5.0,7.34375,7.215,Fase 6 (2° EM),-1,,,3.7,3.8,5.2,,,,4.0,,,,,6.0,,False,False,False,False,False,False,False,False,False,False,False,False,False,False
RA-1196,2023,Aluno-1196,FASE 5,5B,Masculino,15.0,2023,Privada,,,Ametista,7.03025,10.0,7.5,8.2,0.0,5.0,7.8125,8.045,Fase 5 (1° EM),0,,,8.0,6.2,8.3,,,,4.0,,,,,5.0,,True,False,False,False,False,False,False,False,False,False,True,False,False,False
RA-52,2023,Aluno-52,FASE 5,5B,Masculino,,2018,Privada - Programa de Apadrinhamento,,,Ametista,7.9642,10.0,6.4,9.8,10.0,2.52,8.125,8.2975,Fase 4 (9° ano),1,,,7.7,4.8,6.7,,,,4.0,,,,,4.0,,False,False,False,False,False,False,False,False,False,False,False,False,False,False
RA-1197,2023,Aluno-1197,FASE 5,5B,Feminino,16.0,2023,Pública,,,Ágata,6.946058333,5.0,7.3,8.4,6.7,5.0,7.03125,7.215,Fase 6 (2° EM),-1,,,5.3,7.2,9.3,,,,4.0,,,,,6.0,,False,False,False,False,False,False,False,False,False,False,False,False,False,False
RA-108,2023,Aluno-108,FASE 5,5B,Feminino,,2019,Concluiu o 3º EM,,,Quartzo,4.9308,5.0,2.9,7.3,5.8,2.52,4.375,5.59,Fase 7 (3° EM),-2,,,2.7,3.2,2.8,,,,4.0,,,,,7.0,,False,False,False,False,False,False,False,False,False,False,False,False,True,True
RA-1198,2023,Aluno-1198,FASE 5,5B,Feminino,,2023,Pública,,,Ametista,7.515233333,5.0,6.7,9.4,8.3,6.26,7.5,7.9625,Fase 6 (2° EM),-1,,,7.3,3.7,9.0,,,,4.0,,,,,6.0,,False,False,False,False,False,False,False,False,False,False,False,False,False,False
RA-127,2023,Aluno-127,FASE 5,5B,Feminino,15.0,2022,Pública,,,Ametista,7.91935,10.0,6.4,7.8,8.8,6.26,8.4375,8.6725,Fase 5 (1° EM),0,,,4.7,6.3,8.2,,,,4.0,,,,,5.0,,False,False,False,False,False,False,False,False,False,False,False,False,False,False
RA-114,2023,Aluno-114,FASE 5,5B,Masculino,,2022,Pública,,,Quartzo,5.335,5.0,5.6,6.0,0.0,3.14,7.5,7.255,Fase 7 (3° EM),-2,,,4.0,4.5,8.3,,,,4.0,,,,,7.0,,True,False,False,False,False,False,False,False,False,False,True,False,False,False
RA-146,2023,Aluno-146,FASE 5,5C,Feminino,,2022,Pública,,,Ametista,7.584483333,5.0,7.9,9.5,6.2,5.0,8.4375,8.2125,Fase 6 (2° EM),-1,,,7.8,5.8,10.0,,,,4.0,,,,,6.0,,False,False,False,False,False,False,False,False,False,False,False,False,False,False
RA-1199,2023,Aluno-1199,FASE 5,5C,Masculino,,2023,Pública,,,Ametista,7.024933333,5.0,6.2,9.1,6.7,5.0,6.875,8.0875,Fase 7 (3° EM),-2,,,6.8,5.0,6.7,,,,4.0,,,,,7.0,,False,False,False,False,False,False,False,False,False,False,False,False,False,False
RA-70,2023,Aluno-70,FASE 5,5C,Feminino,17.0,2017,Pública,,,Ágata,6.869133333,5.0,4.3,9.2,9.2,5.0,7.5,7.545,Fase 7 (3° EM),-2,,,3.0,3.5,6.3,,,,4.0,,,,,7.0,,False,False,False,False,False,False,False,False,False,False,False,False,False,False
RA-107,2023,Aluno-107,FASE 5,5C,Feminino,15.0,2018,Pública,,,Ágata,6.845208333,10.0,7.0,8.5,0.0,5.0,7.34375,7.5875,Fase 5 (1° EM),0,,,6.0,5.2,9.7,,,,4.0,,,,,5.0,,True,False,False,False,False,False,False,False,False,False,True,False,False,False
RA-1200,2023,Aluno-1200,FASE 5,5C,Feminino,15.0,2023,Pública,,,Quartzo,5.711166667,10.0,4.0,6.4,0.0,5.0,7.5,6.8725,Fase 5 (1° EM),0,,,4.3,2.3,5.5,,,,4.0,,,,,5.0,,True,False,False,False,False,False,False,False,False,False,True,False,False,False
RA-151,2023,Aluno-151,FASE 5,5C,Feminino,17.0,2020,Pública,,,Ágata,6.892541667,5.0,7.9,7.8,0.0,7.52,8.59375,8.1725,Fase 7 (3° EM),-2,,,6.8,7.0,10.0,,,,4.0,,,,,7.0,,True,False,False,False,False,False,False,False,False,False,True,False,False,False
RA-85,2023,Aluno-85,FASE 5,5C,Masculino,16.0,2022,Pública,,,Ametista,7.08435,5.0,5.7,8.9,8.8,6.27,5.9375,7.8425,Fase 6 (2° EM),-1,,,5.8,3.8,7.5,,,,4.0,,,,,6.0,,False,False,False,False,False,False,False,False,False,False,False,False,False,False
RA-1201,2023,Aluno-1201,FASE 5,5C,Masculino,15.0,2023,Pública,,,Topázio,8.378008333,10.0,7.8,9.6,9.2,3.77,8.59375,8.7575,Fase 5 (1° EM),0,,,8.3,6.5,8.5,,,,4.0,,,,,5.0,,False,False,False,False,False,False,False,False,False,False,False,False,False,False
RA-131,2023,Aluno-131,FASE 5,5F,Feminino,16.0,2016,Pública,,,Quartzo,5.952358333,5.0,2.2,7.8,8.3,5.0,7.65625,6.8,Fase 6 (2° EM),-1,,,0.0,3.0,3.5,,,,4.0,,,,,6.0,,False,False,False,False,False,False,False,False,True,False,False,False,False,False
RA-132,2023,Aluno-132,FASE 5,5F,Feminino,15.0,2019,Privada - Programa de Apadrinhamento,,,Ametista,7.350625,10.0,6.5,8.7,7.5,2.52,7.65625,7.715,Fase 5 (1° EM),0,,,6.3,6.5,6.7,,,,4.0,,,,,5.0,,False,False,False,False,False,False,False,False,False,False,False,False,False,False
RA-133,2023,Aluno-133,FASE 5,5F,Feminino,16.0,2016,Pública,,,Ágata,6.168416667,5.0,5.3,7.9,7.5,2.52,7.1875,6.505,Fase 6 (2° EM),-1,,,5.0,4.3,6.7,,,,4.0,,,,,6.0,,False,False,False,False,False,False,False,False,False,False,False,False,False,False
RA-104,2023,Aluno-104,FASE 5,5F,Masculino,,2022,Pública,,,Quartzo,4.25,2.5,2.6,7.7,0.0,2.52,5.625,5.6275,Fase 8 (Universitários),-3,,,3.7,1.8,2.3,,,,4.0,,,,,8.0,,True,False,False,False,False,False,True,False,False,False,True,False,False,True
RA-137,2023,Aluno-137,FASE 5,5F,Feminino,17.0,2016,Privada - Programa de Apadrinhamento,,,Quartzo,5.937025,5.0,6.0,6.3,7.1,2.52,6.40625,6.88,Fase 7 (3° EM),-2,,,7.3,4.5,6.2,,,,4.0,,,,,7.0,,False,False,False,False,False,False,False,False,False,False,False,False,False,False
RA-144,2023,Aluno-144,FASE 5,5F,Feminino,14.0,2017,Privada - Programa de Apadrinhamento,,,Quartzo,4.990333333,10.0,4.4,5.2,0.0,2.52,6.25,6.0,Fase 4 (9° ano),1,,,3.3,2.5,7.3,,,,4.0,,,,,4.0,,True,False,False,False,False,False,False,False,False,True,True,False,False,False
RA-1202,2023,Aluno-1202,FASE 5,5F,Feminino,16.0,2023,Pública,,,Ágata,6.202008333,5.0,3.3,7.6,7.1,7.52,7.34375,6.67,Fase 6 (2° EM),-1,,,4.5,3.3,2.0,,,,4.0,,,,,6.0,,False,False,False,False,False,False,False,False,False,False,False,False,False,False
RA-90,2023,Aluno-90,FASE 5,5L,Feminino,14.0,2019,Privada - Programa de Apadrinhamento,,,Topázio,8.699408333,10.0,7.7,9.6,10.0,7.52,8.59375,8.1725,Fase 4 (9° ano),1,,,6.7,6.8,9.5,,,,4.0,,,,,4.0,,False,False,False,False,False,False,False,False,False,False,False,False,False,False
RA-167,2023,Aluno-167,FASE 5,5L,Feminino,,2018,Privada - Programa de Apadrinhamento,,,Ametista,7.806141667,5.0,7.9,9.9,8.8,5.0,7.96875,7.8375,Fase 7 (3° EM),-2,,,8.3,7.2,8.3,,,,4.0,,,,,7.0,,False,False,False,False,False,False,False,False,False,False,False,False,False,False
RA-168,2023,Aluno-168,FASE 5,5L,Feminino,15.0,2018,Privada - Programa de Apadrinhamento,,,Ágata,6.483083333,10.0,4.7,9.6,0.0,6.89,6.5625,6.4225,Fase 5 (1° EM),0,,,4.3,3.0,6.7,,,,4.0,,,,,5.0,,True,False,False,False,False,False,False,False,False,False,True,False,False,False
RA-1203,2023,Aluno-1203,FASE 5,5L,Feminino,,2023,Pública,,,Ametista,7.487841667,5.0,7.2,10.0,9.2,2.52,7.96875,7.8775,Fase 6 (2° EM),-1,,,6.7,5.8,9.2,,,,4.0,,,,,6.0,,False,False,False,False,False,False,False,False,False,False,False,False,False,False
RA-155,2023,Aluno-155,FASE 5,5L,Masculino,17.0,2022,Pública,,,Ágata,6.318991667,5.0,4.4,8.1,7.9,5.0,7.03125,6.5875,Fase 7 (3° EM),-2,,,5.3,2.8,5.2,,,,4.0,,,,,7.0,,False,False,False,False,False,False,False,False,False,False,False,False,False,False
RA-94,2023,Aluno-94,FASE 5,5L,Feminino,,2018,Privada - Programa de Apadrinhamento,,,Ametista,7.289333333,5.0,7.2,9.6,7.5,2.52,8.75,7.795,Fase 6 (2° EM),-1,,,7.7,4.8,9.0,,,,4.0,,,,,6.0,,False,False,False,False,False,False,False,False,False,False,False,False,False,False
RA-81,2023,Aluno-81,FASE 5,5L,Feminino,15.0,2017,Privada - Programa de Apadrinhamento,,,Ametista,7.45425,10.0,6.3,8.8,9.6,2.52,7.8125,7.2125,Fase 5 (1° EM),0,,,8.7,4.7,5.5,,,,4.0,,,,,5.0,,False,False,False,False,False,False,False,False,False,False,False,False,False,False
RA-302,2023,Aluno-302,FASE 5,5L,Masculino,17.0,2022,Pública,,,Quartzo,5.314333333,5.0,4.3,7.3,0.0,5.0,7.5,6.255,Fase 7 (3° EM),-2,,,4.7,2.3,5.8,,,,4.0,,,,,7.0,,True,False,False,False,False,False,False,False,False,False,True,False,False,False
RA-171,2023,Aluno-171,FASE 5,5L,Masculino,17.0,2022,Pública,,,Ágata,6.293083333,5.0,5.2,7.2,7.5,5.0,7.1875,6.755,Fase 7 (3° EM),-2,,,4.5,4.8,6.2,,,,4.0,,,,,7.0,,False,False,False,False,False,False,False,False,False,False,False,False,False,False
RA-160,2023,Aluno-160,FASE 5,5L,Feminino,16.0,2021,Privada - Programa de Apadrinhamento,,,Ágata,6.598266667,5.0,5.0,8.3,8.8,2.52,8.125,7.46,Fase 6 (2° EM),-1,,,3.3,3.8,8.0,,,,4.0,,,,,6.0,,False,False,False,False,False,False,False,False,False,False,False,False,False,False
RA-1204,2023,Aluno-1204,FASE 5,5L,Masculino,16.0,2023,Pública,,,Ágata,6.940416667,5.0,6.1,8.7,7.5,5.0,7.8125,7.2125,Fase 6 (2° EM),-1,,,5.0,3.7,9.7,,,,4.0,,,,,6.0,,False,False,False,False,False,False,False,False,False,False,False,False,False,False
RA-1205,2023,Aluno-1205,FASE 5,5L,Feminino,18.0,2023,Pública,,,Ágata,6.806466667,2.5,5.0,9.2,9.2,6.26,7.5,7.085,Fase 8 (Universitários),-3,,,5.2,3.7,6.2,,,,4.0,,,,,8.0,,False,False,False,False,False,False,False,False,False,False,False,False,False,False
RA-173,2023,Aluno-173,FASE 5,5L,Masculino,17.0,2019,Privada - Programa de Apadrinhamento,,,Ametista,7.757466667,5.0,8.1,8.5,9.2,6.26,8.125,7.8775,Fase 7 (3° EM),-2,,,9.0,6.2,9.2,,,,4.0,,,,,7.0,,False,False,False,False,False,False,False,False,False,False,False,False,False,False
RA-166,2023,Aluno-166,FASE 5,5L,Masculino,,2020,Privada - Programa de Apadrinhamento,,,Topázio,8.105583333,10.0,8.1,8.9,7.5,6.26,8.4375,7.4625,Fase 5 (1° EM),0,,,7.0,7.2,10.0,,,,4.0,,,,,5.0,,False,False,False,False,False,False,False,False,False,False,False,False,False,False
RA-175,2023,Aluno-175,FASE 5,5L,Feminino,,2018,Privada - Programa de Apadrinhamento,,,Ágata,6.569516667,5.0,4.8,9.2,8.8,2.52,7.1875,7.085,Fase 6 (2° EM),-1,,,5.0,5.0,4.5,,,,4.0,,,,,6.0,,False,False,False,False,False,False,False,False,False,False,False,False,False,False
RA-153,2023,Aluno-153,FASE 5,5M,Feminino,15.0,2018,Privada - Programa de Apadrinhamento,,,Ametista,7.289966667,10.0,6.4,7.4,9.2,2.52,8.125,7.71,Fase 5 (1° EM),0,,,6.0,5.3,8.0,,,,4.0,,,,,5.0,,False,False,False,False,False,False,False,False,False,False,False,False,False,False
RA-1206,2023,Aluno-1206,FASE 5,5M,Feminino,17.0,2023,Pública,,,Ágata,6.724183333,5.0,5.6,8.3,8.8,2.52,7.8125,7.7125,Fase 7 (3° EM),-2,,,4.7,3.7,8.3,,,,4.0,,,,,7.0,,False,False,False,False,False,False,False,False,False,False,False,False,False,False
RA-157,2023,Aluno-157,FASE 5,5M,Feminino,13.0,2018,Privada - Programa de Apadrinhamento,,,Ametista,7.879008333,10.0,6.8,9.9,7.1,2.52,8.59375,8.63,Fase 3 (7° e 8° ano),2,,,6.0,6.8,7.5,,,,4.0,,,,,3.0,,False,False,False,False,False,False,False,False,False,False,False,False,False,False
RA-1207,2023,Aluno-1207,FASE 5,5M,Feminino,,2023,Pública,,,Ametista,7.58235,10.0,5.5,9.0,8.8,5.0,7.8125,7.63,Fase 5 (1° EM),0,,,5.0,4.0,7.5,,,,4.0,,,,,5.0,,False,False,False,False,False,False,False,False,False,False,False,False,False,False
RA-1208,2023,Aluno-1208,FASE 5,5M,Masculino,15.0,2023,Pública,,,Ametista,7.0651,10.0,6.2,8.8,8.8,2.52,6.875,6.2525,Fase 5 (1° EM),0,,,5.0,4.8,8.8,,,,4.0,,,,,5.0,,False,False,False,False,False,False,False,False,False,False,False,False,False,False
RA-1209,2023,Aluno-1209,FASE 5,5M,Feminino,16.0,2023,Pública,,,Ametista,7.43375,5.0,7.4,9.4,7.5,5.0,7.8125,7.7125,Fase 6 (2° EM),-1,,,7.7,5.7,8.8,,,,4.0,,,,,6.0,,False,False,False,False,False,False,False,False,False,False,False,False,False,False
RA-158,2023,Aluno-158,FASE 5,5M,Feminino,,2017,Privada - Programa de Apadrinhamento,,,Ametista,7.297425,10.0,6.0,9.0,7.1,2.52,8.28125,7.545,Fase 4 (9° ano),1,,,6.0,5.7,6.3,,,,4.0,,,,,4.0,,False,False,False,False,False,False,False,False,False,False,False,False,False,False
RA-161,2023,Aluno-161,FASE 5,5M,Feminino,14.0,2018,Privada - Programa de Apadrinhamento,,,Ágata,6.250166667,10.0,5.8,7.3,0.0,2.52,8.125,7.795,Fase 4 (9° ano),1,,,7.0,4.5,6.0,,,,4.0,,,,,4.0,,True,False,False,False,False,False,False,False,False,False,True,False,False,False
RA-164,2023,Aluno-164,FASE 5,5M,Masculino,16.0,2018,Privada,,,Quartzo,5.638666667,5.0,5.8,8.2,0.0,2.52,6.875,6.9625,Fase 6 (2° EM),-1,,,6.0,4.2,7.3,,,,4.0,,,,,6.0,,True,False,False,False,False,False,False,False,False,False,True,False,False,False
RA-1210,2023,Aluno-1210,FASE 5,5M,Feminino,16.0,2023,Pública,,,Ametista,7.171083333,5.0,4.7,9.4,9.6,5.0,7.8125,8.09,Fase 6 (2° EM),-1,,,5.0,2.0,7.0,,,,4.0,,,,,6.0,,False,False,False,False,False,False,False,False,False,False,False,False,False,False
RA-165,2023,Aluno-165,FASE 5,5M,Feminino,,2017,Privada - Programa de Apadrinhamento,,,Ametista,7.583433333,10.0,7.3,9.2,6.7,2.52,8.125,7.795,Fase 5 (1° EM),0,,,7.3,6.2,8.3,,,,4.0,,,,,5.0,,False,False,False,False,False,False,False,False,False,False,False,False,False,False
RA-1211,2023,Aluno-1211,FASE 5,5M,Feminino,16.0,2023,Pública,,,Ametista,7.09205,5.0,6.2,9.1,7.1,5.0,7.8125,7.7125,Fase 6 (2° EM),-1,,,6.3,4.5,7.8,,,,4.0,,,,,6.0,,False,False,False,False,False,False,False,False,False,False,False,False,False,False
RA-1212,2023,Aluno-1212,FASE 5,5M,Feminino,16.0,2023,Pública,,,Ágata,6.755358333,5.0,4.2,8.9,8.3,5.0,7.65625,7.715,Fase 6 (2° EM),-1,,,0.0,3.5,9.0,,,,4.0,,,,,6.0,,False,False,False,False,False,False,False,False,False,False,False,False,False,False
RA-1213,2023,Aluno-1213,FASE 5,5M,Feminino,,2023,Pública,,,Quartzo,5.95625,5.0,6.0,8.4,0.0,2.52,7.8125,7.715,Fase 7 (3° EM),-2,,,6.7,4.8,6.5,,,,4.0,,,,,7.0,,True,False,False,False,False,False,False,False,False,False,True,False,False,False
RA-40,2023,Aluno-40,FASE 6,6A,Feminino,17.0,2016,Privada - Programa de Apadrinhamento,,,Ametista,7.169975,5.0,5.9,8.2,7.5,7.52,7.96875,7.755,Fase 7 (3° EM),-1,,,6.2,5.7,5.8,,,,4.0,,,,,7.0,,False,False,False,False,False,False,False,False,False,False,False,False,False,False
RA-1214,2023,Aluno-1214,FASE 6,6A,Masculino,16.0,2023,Pública,,,Topázio,8.378666667,10.0,7.4,9.8,9.6,6.89,7.5,7.6725,Fase 6 (2° EM),0,,,8.0,5.0,9.3,,,,4.0,,,,,6.0,,False,False,False,False,False,False,False,False,False,False,False,False,False,False
RA-71,2023,Aluno-71,FASE 6,6A,Feminino,,2019,Pública,,,Ametista,7.3651,5.0,6.6,9.8,6.7,6.26,7.5,7.7125,Fase 8 (Universitários),-2,,,7.3,5.5,7.0,,,,4.0,,,,,8.0,,False,False,False,False,False,False,False,False,False,False,False,False,False,False
RA-53,2023,Aluno-53,FASE 6,6A,Masculino,18.0,2022,Concluiu o 3º EM,,,Ametista,7.600633333,5.0,7.7,9.1,9.2,5.63,7.5,7.5875,Fase 8 (Universitários),-2,,,7.3,6.5,9.2,,,,4.0,,,,,8.0,,False,False,False,False,False,False,False,False,False,False,False,False,False,False
RA-43,2023,Aluno-43,FASE 6,6A,Feminino,17.0,2019,Pública,,,Ágata,6.4622,5.0,5.0,6.7,7.9,5.63,7.5,7.5875,Fase 7 (3° EM),-1,,,4.0,5.0,6.0,,,,4.0,,,,,7.0,,False,False,False,False,False,False,False,False,False,False,False,False,False,False
RA-55,2023,Aluno-55,FASE 6,6A,Feminino,,2017,Pública,,,Ágata,6.898033333,5.0,7.1,8.1,7.9,3.14,7.5,7.545,Fase 7 (3° EM),-1,,,8.7,6.5,6.0,,,,4.0,,,,,7.0,,False,False,False,False,False,False,False,False,False,False,False,False,False,False
RA-44,2023,Aluno-44,FASE 6,6A,Feminino,,2021,Pública,,,Ágata,6.258333333,5.0,6.9,8.5,0.0,5.01,7.5,7.17,Fase 8 (Universitários),-2,,,7.3,5.8,7.5,,,,4.0,,,,,8.0,,True,False,False,False,False,False,False,False,False,False,True,False,False,False
RA-1215,2023,Aluno-1215,FASE 6,6A,Feminino,16.0,2023,Pública,,,Ágata,6.339466667,10.0,4.1,5.6,7.1,5.0,7.5,7.1725,Fase 6 (2° EM),0,,,5.0,2.7,4.7,,,,4.0,,,,,6.0,,False,False,False,False,False,False,False,False,False,True,False,False,False,False
RA-45,2023,Aluno-45,FASE 6,6A,Feminino,,2019,Privada - Programa de Apadrinhamento,,,Topázio,8.303591667,10.0,7.9,9.6,7.1,6.26,8.28125,8.1725,Fase 6 (2° EM),0,,,7.8,6.3,9.7,,,,4.0,,,,,6.0,,False,False,False,False,False,False,False,False,False,False,False,False,False,False
RA-56,2023,Aluno-56,FASE 6,6A,Feminino,16.0,2019,Privada - Programa de Apadrinhamento,,,Topázio,8.284333333,10.0,7.8,9.5,9.6,5.0,8.125,7.8,Fase 6 (2° EM),0,,,7.8,5.5,10.0,,,,4.0,,,,,6.0,,False,False,False,False,False,False,False,False,False,False,False,False,False,False
RA-57,2023,Aluno-57,FASE 6,6A,Masculino,,2017,Privada - Programa de Apadrinhamento,,,Ágata,6.450875,5.0,7.2,8.0,0.0,5.63,7.96875,7.755,Fase 7 (3° EM),-1,,,7.8,6.8,7.0,,,,4.0,,,,,7.0,,True,False,False,False,False,False,False,False,False,False,True,False,False,False
RA-58,2023,Aluno-58,FASE 6,6A,Masculino,,2017,Privada - Programa de Apadrinhamento,,,Ametista,7.70625,10.0,8.1,9.7,0.0,6.26,8.4375,8.3825,Fase 6 (2° EM),0,,,7.8,6.5,10.0,,,,4.0,,,,,6.0,,True,False,False,False,False,False,False,False,False,False,True,False,False,False
RA-59,2023,Aluno-59,FASE 6,6A,Masculino,,2022,Privada - Programa de Apadrinhamento,,,Ametista,7.692291667,5.0,7.2,9.6,7.5,5.63,8.28125,8.4225,Fase 8 (Universitários),-2,,,7.7,6.8,7.2,,,,4.0,,,,,8.0,,False,False,False,False,False,False,False,False,False,False,False,False,False,False
RA-1216,2023,Aluno-1216,FASE 6,6A,Feminino,19.0,2023,Concluiu o 3º EM,,,Ametista,7.7105,5.0,7.9,9.0,9.6,5.63,7.5,7.795,Fase 8 (Universitários),-2,,,8.7,5.3,9.7,,,,4.0,,,,,8.0,,False,False,False,False,False,False,False,False,False,False,False,False,False,False
RA-78,2023,Aluno-78,FASE 6,6A,Feminino,,2018,Privada - Programa de Apadrinhamento,,,Ágata,6.434625,5.0,6.7,7.7,0.0,6.26,8.28125,8.0025,Fase 8 (Universitários),-2,,,8.5,4.8,6.8,,,,4.0,,,,,8.0,,True,False,False,False,False,False,False,False,False,False,True,False,False,False
RA-79,2023,Aluno-79,FASE 6,6A,Feminino,,2018,Privada - Programa de Apadrinhamento,,,Ágata,6.635883333,5.0,7.6,6.2,5.8,5.0,7.8125,7.59,Fase 7 (3° EM),-1,,,6.0,7.7,9.0,,,,4.0,,,,,7.0,,False,False,False,False,False,False,False,False,False,False,False,False,False,False
RA-61,2023,Aluno-61,FASE 6,6A,Masculino,16.0,2021,Pública,,,Ametista,7.382108333,10.0,6.2,7.0,8.3,6.26,7.96875,7.4625,Fase 6 (2° EM),0,,,6.7,4.3,7.5,,,,4.0,,,,,6.0,,False,False,False,False,False,False,False,False,False,False,False,False,False,False
RA-63,2023,Aluno-63,FASE 6,6A,Masculino,,2018,Pública,,,Topázio,8.0641,5.0,8.7,9.0,6.7,6.89,8.75,8.9675,Fase 7 (3° EM),-1,,,9.3,7.3,9.5,,,,4.0,,,,,7.0,,False,False,False,False,False,False,False,False,False,False,False,False,False,False
RA-64,2023,Aluno-64,FASE 6,6A,Feminino,,2019,Privada - Programa de Apadrinhamento,,,Ametista,7.452541667,5.0,6.7,9.2,7.5,6.89,7.34375,7.9625,Fase 7 (3° EM),-1,,,7.0,6.0,7.2,,,,4.0,,,,,7.0,,False,False,False,False,False,False,False,False,False,False,False,False,False,False
RA-48,2023,Aluno-48,FASE 6,6A,Feminino,16.0,2017,Privada - Programa de Apadrinhamento,,,Ametista,7.797058333,10.0,7.7,8.4,6.7,6.26,7.65625,7.6275,Fase 6 (2° EM),0,,,8.3,5.7,9.0,,,,4.0,,,,,6.0,,False,False,False,False,False,False,False,False,False,False,False,False,False,False
RA-109,2023,Aluno-109,FASE 6,6A,Masculino,,2021,Privada - Programa de Apadrinhamento,,,Topázio,8.3184,5.0,8.3,9.9,8.3,7.52,8.75,8.59,Fase 7 (3° EM),-1,,,7.0,8.2,9.7,,,,4.0,,,,,7.0,,False,False,False,False,False,False,False,False,False,False,False,False,False,False
RA-80,2023,Aluno-80,FASE 6,6L,Feminino,,2017,Privada - Programa de Apadrinhamento,,,Ametista,7.252275,5.0,6.3,8.4,8.3,6.89,7.96875,7.465,Fase 7 (3° EM),-1,,,8.2,5.7,5.0,,,,4.0,,,,,7.0,,False,False,False,False,False,False,False,False,False,False,False,False,False,False
RA-91,2023,Aluno-91,FASE 6,6L,Feminino,,2016,Privada - Programa de Apadrinhamento,,,Ametista,7.42395,5.0,7.4,7.4,10.0,6.89,7.8125,7.4675,Fase 7 (3° EM),-1,,,9.5,5.0,7.7,,,,4.0,,,,,7.0,,False,False,False,False,False,False,False,False,False,False,False,False,False,False
RA-1217,2023,Aluno-1217,FASE 6,6L,Feminino,17.0,2023,Pública,,,Ágata,6.064625,5.0,5.9,7.9,0.0,5.63,7.65625,7.38,Fase 7 (3° EM),-1,,,7.0,4.0,6.7,,,,4.0,,,,,7.0,,True,False,False,False,False,False,False,False,False,False,True,False,False,False
RA-92,2023,Aluno-92,FASE 6,6L,Feminino,,2016,Privada - Programa de Apadrinhamento,,,Ametista,7.375916667,5.0,6.7,9.4,9.6,5.63,7.1875,7.045,Fase 7 (3° EM),-1,,,8.7,4.8,6.7,,,,4.0,,,,,7.0,,False,False,False,False,False,False,False,False,False,False,False,False,False,False
RA-96,2023,Aluno-96,FASE 6,6L,Masculino,17.0,2021,Privada - Programa de Apadrinhamento,,,Ametista,7.610791667,5.0,6.4,8.9,9.6,7.52,7.65625,7.84,Fase 7 (3° EM),-1,,,6.8,4.8,7.7,,,,4.0,,,,,7.0,,False,False,False,False,False,False,False,False,False,False,False,False,False,False
RA-1218,2023,Aluno-1218,FASE 6,6L,Masculino,17.0,2023,Pública,,,Ágata,6.8265,5.0,5.3,9.2,7.5,5.0,7.5,7.1325,Fase 7 (3° EM),-1,,,6.7,3.5,5.7,,,,4.0,,,,,7.0,,False,False,False,False,False,False,False,False,False,False,False,False,False,False
RA-1219,2023,Aluno-1219,FASE 6,6L,Feminino,,2023,Pública,,,Ametista,7.215141667,10.0,6.3,6.5,8.8,5.63,7.34375,7.38,Fase 6 (2° EM),0,,,7.2,5.5,6.3,,,,4.0,,,,,6.0,,False,False,False,False,False,False,False,False,False,False,False,False,False,False
RA-1220,2023,Aluno-1220,FASE 6,6L,Feminino,17.0,2023,Pública,,,Ágata,6.46725,5.0,6.8,9.0,0.0,5.0,7.8125,7.63,Fase 7 (3° EM),-1,,,8.8,5.3,6.3,,,,4.0,,,,,7.0,,True,False,False,False,False,False,False,False,False,False,True,False,False,False
RA-84,2023,Aluno-84,FASE 6,6L,Feminino,,2018,Privada - Programa de Apadrinhamento,,,Ágata,6.034416667,5.0,6.0,8.8,0.0,2.52,7.8125,7.6725,Fase 8 (Universitários),-2,,,6.8,5.8,5.5,,,,4.0,,,,,8.0,,True,False,False,False,False,False,False,False,False,False,True,False,False,False
RA-99,2023,Aluno-99,FASE 6,6L,Masculino,17.0,2019,Pública,,,Ágata,6.68045,5.0,4.5,8.3,7.9,5.63,7.8125,7.4225,Fase 7 (3° EM),-1,,,4.7,4.0,4.8,,,,4.0,,,,,7.0,,False,False,False,False,False,False,False,False,False,False,False,False,False,False
RA-87,2023,Aluno-87,FASE 6,6L,Masculino,16.0,2021,Privada - Programa de Apadrinhamento,,,Topázio,8.6625,10.0,9.3,10.0,7.5,5.63,8.125,8.385,Fase 6 (2° EM),0,,,9.5,8.7,9.7,,,,4.0,,,,,6.0,,False,False,False,False,False,False,False,False,False,False,False,False,False,False
RA-89,2023,Aluno-89,FASE 6,6L,Masculino,17.0,2021,Pública,,,Ágata,6.700775,5.0,5.1,8.1,8.3,5.0,7.34375,7.465,Fase 7 (3° EM),-1,,,6.3,2.3,6.7,,,,4.0,,,,,7.0,,False,False,False,False,False,False,False,False,False,False,False,False,False,False
RA-1221,2023,Aluno-1221,FASE 7,7A,Feminino,22.0,2023,Concluiu o 3º EM,,,Topázio,8.027466667,5.0,8.7,9.1,9.2,6.26,8.0,8.09,Fase 8 (Universitários),-1,,,8.2,8.0,10.0,,,,4.0,,,,,8.0,,False,False,False,False,False,False,False,False,False,False,False,False,False,False
RA-27,2023,Aluno-27,FASE 7,7A,Masculino,,2016,Privada - Programa de Apadrinhamento,,,Ametista,7.921266667,10.0,6.9,7.7,6.7,6.89,8.625,8.8825,Fase 7 (3° EM),0,,,7.0,5.8,8.0,,,,4.0,,,,,7.0,,False,False,False,False,False,False,False,False,False,False,False,False,False,False
RA-1222,2023,Aluno-1222,FASE 7,7A,Feminino,,2023,Nenhuma das opções acima,,,Ametista,7.026466667,5.0,6.8,10.0,7.1,5.63,6.875,6.005,Fase 8 (Universitários),-1,,,5.0,6.5,9.0,,,,4.0,,,,,8.0,,False,False,False,False,False,False,False,False,False,False,False,False,False,False
RA-32,2023,Aluno-32,FASE 7,7A,Feminino,,2018,Privada - Programa de Apadrinhamento,,,Ágata,6.716666667,10.0,7.9,8.2,0.0,3.77,7.375,6.8775,Fase 7 (3° EM),0,,,9.0,5.8,9.0,,,,4.0,,,,,7.0,,True,False,False,False,False,False,False,False,False,False,True,False,False,False
RA-19,2023,Aluno-19,FASE 7,7A,Feminino,19.0,2022,Nenhuma das opções acima,,,Ametista,7.710866667,5.0,7.8,9.4,7.9,5.63,7.75,8.1725,Fase 8 (Universitários),-1,,,7.7,7.0,8.8,,,,4.0,,,,,8.0,,False,False,False,False,False,False,False,False,False,False,False,False,False,False
RA-62,2023,Aluno-62,FASE 7,7A,Feminino,17.0,2022,Pública,,,Ametista,7.610333333,10.0,7.5,9.8,0.0,6.89,8.25,8.215,Fase 7 (3° EM),0,,,9.3,6.8,6.3,,,,4.0,,,,,7.0,,True,False,False,False,False,False,False,False,False,False,True,False,False,False
RA-1223,2023,Aluno-1223,FASE 7,7A,Masculino,,2023,Pública,,,Topázio,8.187766667,10.0,9.0,9.3,8.8,5.0,6.875,7.2925,Fase 7 (3° EM),0,,,9.5,8.3,9.3,,,,4.0,,,,,7.0,,False,False,False,False,False,False,False,False,False,False,False,False,False,False
RA-38,2023,Aluno-38,FASE 7,7A,Feminino,17.0,2017,Privada - Programa de Apadrinhamento,,,Topázio,8.835333333,10.0,7.7,9.7,9.6,7.52,8.75,8.8825,Fase 7 (3° EM),0,,,8.2,8.8,6.0,,,,4.0,,,,,7.0,,False,False,False,False,False,False,False,False,False,False,False,False,False,False
RA-1224,2023,Aluno-1224,FASE 7,7A,Masculino,,2023,Concluiu o 3º EM,,,Ametista,7.5524,5.0,8.0,9.4,8.3,5.0,7.125,7.6325,Fase 8 (Universitários),-1,,,8.2,6.3,9.5,,,,4.0,,,,,8.0,,False,False,False,False,False,False,False,False,False,False,False,False,False,False
RA-39,2023,Aluno-39,FASE 7,7A,Feminino,17.0,2017,Privada - Programa de Apadrinhamento,,,Topázio,8.710333333,10.0,7.8,9.1,9.6,7.52,8.75,8.7575,Fase 7 (3° EM),0,,,8.3,7.8,7.2,,,,4.0,,,,,7.0,,False,False,False,False,False,False,False,False,False,False,False,False,False,False
RA-1225,2023,Aluno-1225,FASE 7,7E,Feminino,18.0,2023,Concluiu o 3º EM,,,,,5.0,,,7.5,2.52,,,Fase 8 (Universitários),-1,,,,,,,,,,,,,,8.0,,False,False,False,False,False,False,False,False,False,False,False,False,False,False
RA-76,2023,Aluno-76,FASE 7,7E,Feminino,15.0,2017,Privada *Parcerias com Bolsa 100%,,,,,10.0,,,10.0,2.52,,,Fase 5 (1° EM),2,,,,,,,,,,,,,,5.0,,False,False,False,False,False,False,False,False,False,False,False,False,False,False
RA-26,2023,Aluno-26,FASE 7,7E,Masculino,,2022,Privada *Parcerias com Bolsa 100%,,,,,5.0,,,0.0,7.52,,,Fase 8 (Universitários),-1,,,,,,,,,,,,,,8.0,,True,False,False,False,False,False,False,False,False,False,True,False,False,False
RA-1226,2023,Aluno-1226,FASE 7,7E,Feminino,,2023,Privada *Parcerias com Bolsa 100%,,,,,10.0,,,9.2,7.52,,,Fase 6 (2° EM),1,,,,,,,,,,,,,,6.0,,False,False,False,False,False,False,False,False,False,False,False,False,False,False
RA-93,2023,Aluno-93,FASE 7,7E,Feminino,16.0,2016,Privada - Programa de Apadrinhamento,,,,,10.0,,,7.9,3.14,,,Fase 6 (2° EM),1,,,,,,,,,,,,,,6.0,,False,False,False,False,False,False,False,False,False,False,False,False,False,False
RA-119,2023,Aluno-119,FASE 7,7E,Feminino,15.0,2016,Privada - Programa de Apadrinhamento,,,,,10.0,,,6.7,2.52,,,Fase 5 (1° EM),2,,,,,,,,,,,,,,5.0,,False,False,False,False,False,False,False,False,False,False,False,False,False,False
RA-1227,2023,Aluno-1227,FASE 7,7E,Feminino,16.0,2023,Privada - Programa de Apadrinhamento,,,,,10.0,,,9.2,2.52,,,Fase 6 (2° EM),1,,,,,,,,,,,,,,6.0,,False,False,False,False,False,False,False,False,False,False,False,False,False,False
RA-1228,2023,Aluno-1228,FASE 7,7E,Feminino,17.0,2023,Privada - Programa de Apadrinhamento,,,,,10.0,,,7.5,2.52,,,Fase 7 (3° EM),0,,,,,,,,,,,,,,7.0,,False,False,False,False,False,False,False,False,False,False,False,False,False,False
RA-1229,2023,Aluno-1229,FASE 7,7E,Feminino,,2023,Privada - Programa de Apadrinhamento,,,,,10.0,,,8.3,7.52,,,Fase 6 (2° EM),1,,,,,,,,,,,,,,6.0,,False,False,False,False,False,False,False,False,False,False,False,False,False,False
RA-98,2023,Aluno-98,FASE 7,7E,Feminino,15.0,2017,Privada *Parcerias com Bolsa 100%,,,,,10.0,,,7.9,2.52,,,Fase 5 (1° EM),2,,,,,,,,,,,,,,5.0,,False,False,False,False,False,False,False,False,False,False,False,False,False,False
RA-172,2023,Aluno-172,FASE 7,7E,Feminino,15.0,2018,Privada - Programa de Apadrinhamento,,,,,10.0,,,0.0,3.77,,,Fase 5 (1° EM),2,,,,,,,,,,,,,,5.0,,True,False,False,False,False,False,False,False,False,False,True,False,False,False
RA-86,2023,Aluno-86,FASE 7,7E,Masculino,,2016,Privada *Parcerias com Bolsa 100%,,,,,10.0,,,8.3,6.89,,,Fase 7 (3° EM),0,,,,,,,,,,,,,,7.0,,False,False,False,False,False,False,False,False,False,False,False,False,False,False
RA-1230,2023,Aluno-1230,FASE 7,7E,Feminino,16.0,2021,Privada - Programa de Apadrinhamento,,,,,10.0,,,0.0,2.52,,,Fase 6 (2° EM),1,,,,,,,,,,,,,,6.0,,True,False,False,False,False,False,False,False,False,False,True,False,False,False
RA-1231,2023,Aluno-1231,FASE 8,8A,Masculino,22.0,2021,Privada *Parcerias com Bolsa 100%,,,,,10.0,,,,,,,Fase 8 (Universitários),0,,,,,,,,,,,,,,8.0,,False,False,False,False,False,False,False,False,False,False,False,False,False,False
RA-1232,2023,Aluno-1232,FASE 8,8A,Masculino,21.0,2021,Privada *Parcerias com Bolsa 100%,,,,,10.0,,,,,,,Fase 8 (Universitários),0,,,,,,,,,,,,,,8.0,,False,False,False,False,False,False,False,False,False,False,False,False,False,False
RA-1233,2023,Aluno-1233,FASE 8,8A,Feminino,22.0,2021,Privada *Parcerias com Bolsa 100%,,,,,10.0,,,,,,,Fase 8 (Universitários),0,,,,,,,,,,,,,,8.0,,False,False,False,False,False,False,False,False,False,False,False,False,False,False
RA-1234,2023,Aluno-1234,FASE 8,8A,Feminino,,2021,Privada *Parcerias com Bolsa 100%,,,,,10.0,,,,,,,Fase 8 (Universitários),0,,,,,,,,,,,,,,8.0,,False,False,False,False,False,False,False,False,False,False,False,False,False,False
RA-1235,2023,Aluno-1235,FASE 8,8A,Masculino,21.0,2021,Privada *Parcerias com Bolsa 100%,,,,,10.0,,,,,,,Fase 8 (Universitários),0,,,,,,,,,,,,,,8.0,,False,False,False,False,False,False,False,False,False,False,False,False,False,False
RA-1236,2023,Aluno-1236,FASE 8,8A,Feminino,21.0,2021,Privada *Parcerias com Bolsa 100%,,,,,10.0,,,,,,,Fase 8 (Universitários),0,,,,,,,,,,,,,,8.0,,False,False,False,False,False,False,False,False,False,False,False,False,False,False
RA-1237,2023,Aluno-1237,FASE 8,8A,Feminino,,2021,Privada *Parcerias com Bolsa 100%,,,,,10.0,,,,,,,Fase 8 (Universitários),0,,,,,,,,,,,,,,8.0,,False,False,False,False,False,False,False,False,False,False,False,False,False,False
RA-1238,2023,Aluno-1238,FASE 8,8A,Feminino,21.0,2021,Privada *Parcerias com Bolsa 100%,,,,,10.0,,,,,,,Fase 8 (Universitários),0,,,,,,,,,,,,,,8.0,,False,False,False,False,False,False,False,False,False,False,False,False,False,False
RA-1239,2023,Aluno-1239,FASE 8,8B,Feminino,,2021,Privada *Parcerias com Bolsa 100%,,,,,10.0,,,,,,,Fase 8 (Universitários),0,,,,,,,,,,,,,,8.0,,False,False,False,False,False,False,False,False,False,False,False,False,False,False
RA-1240,2023,Aluno-1240,FASE 8,8B,Masculino,20.0,2021,Privada *Parcerias com Bolsa 100%,,,,,10.0,,,,,,,Fase 8 (Universitários),0,,,,,,,,,,,,,,8.0,,False,False,False,False,False,False,False,False,False,False,False,False,False,False
RA-1241,2023,Aluno-1241,FASE 8,8B,Feminino,,2021,Privada *Parcerias com Bolsa 100%,,,,,10.0,,,,,,,Fase 8 (Universitários),0,,,,,,,,,,,,,,8.0,,False,False,False,False,False,False,False,False,False,False,False,False,False,False
RA-1242,2023,Aluno-1242,FASE 8,8B,Feminino,19.0,2021,Privada *Parcerias com Bolsa 100%,,,,,10.0,,,,,,,Fase 8 (Universitários),0,,,,,,,,,,,,,,8.0,,False,False,False,False,False,False,False,False,False,False,False,False,False,False
RA-1243,2023,Aluno-1243,FASE 8,8B,Feminino,,2021,Privada *Parcerias com Bolsa 100%,,,,,10.0,,,,,,,Fase 8 (Universitários),0,,,,,,,,,,,,,,8.0,,False,False,False,False,False,False,False,False,False,False,False,False,False,False
RA-1244,2023,Aluno-1244,FASE 8,8B,Feminino,20.0,2021,Privada *Parcerias com Bolsa 100%,,,,,10.0,,,,,,,Fase 8 (Universitários),0,,,,,,,,,,,,,,8.0,,False,False,False,False,False,False,False,False,False,False,False,False,False,False
RA-1245,2023,Aluno-1245,FASE 8,8B,Masculino,,2021,Privada *Parcerias com Bolsa 100%,,,,,10.0,,,,,,,Fase 8 (Universitários),0,,,,,,,,,,,,,,8.0,,False,False,False,False,False,False,False,False,False,False,False,False,False,False
RA-1246,2023,Aluno-1246,FASE 8,8B,Feminino,20.0,2021,Privada - Pagamento por *Empresa Parceira,,,,,10.0,,,,,,,Fase 8 (Universitários),0,,,,,,,,,,,,,,8.0,,False,False,False,False,False,False,False,False,False,False,False,False,False,False
RA-1247,2023,Aluno-1247,FASE 8,8B,Feminino,21.0,2021,Privada *Parcerias com Bolsa 100%,,,,,10.0,,,,,,,Fase 8 (Universitários),0,,,,,,,,,,,,,,8.0,,False,False,False,False,False,False,False,False,False,False,False,False,False,False
RA-1248,2023,Aluno-1248,FASE 8,8B,Masculino,20.0,2021,Privada *Parcerias com Bolsa 100%,,,,,10.0,,,,,,,Fase 8 (Universitários),0,,,,,,,,,,,,,,8.0,,False,False,False,False,False,False,False,False,False,False,False,False,False,False
RA-1249,2023,Aluno-1249,FASE 8,8B,Masculino,,2021,Privada *Parcerias com Bolsa 100%,,,,,10.0,,,,,,,Fase 8 (Universitários),0,,,,,,,,,,,,,,8.0,,False,False,False,False,False,False,False,False,False,False,False,False,False,False
RA-1250,2023,Aluno-1250,FASE 8,8B,Masculino,,2021,Privada - Pagamento por *Empresa Parceira,,,,,10.0,,,,,,,Fase 8 (Universitários),0,,,,,,,,,,,,,,8.0,,False,False,False,False,False,False,False,False,False,False,False,False,False,False
RA-1251,2023,Aluno-1251,FASE 8,8B,Feminino,20.0,2021,Privada *Parcerias com Bolsa 100%,,,,,10.0,,,,,,,Fase 8 (Universitários),0,,,,,,,,,,,,,,8.0,,False,False,False,False,False,False,False,False,False,False,False,False,False,False
RA-1252,2023,Aluno-1252,FASE 8,8B,Feminino,,2021,Privada *Parcerias com Bolsa 100%,,,,,10.0,,,,,,,Fase 8 (Universitários),0,,,,,,,,,,,,,,8.0,,False,False,False,False,False,False,False,False,False,False,False,False,False,False
RA-1253,2023,Aluno-1253,FASE 8,8D,Feminino,23.0,2021,Privada *Parcerias com Bolsa 100%,,,,,10.0,,,,,,,Fase 8 (Universitários),0,,,,,,,,,,,,,,8.0,,False,False,False,False,False,False,False,False,False,False,False,False,False,False
RA-1254,2023,Aluno-1254,FASE 8,8D,Masculino,19.0,2021,Privada *Parcerias com Bolsa 100%,,,,,10.0,,,,,,,Fase 8 (Universitários),0,,,,,,,,,,,,,,8.0,,False,False,False,False,False,False,False,False,False,False,False,False,False,False
RA-1255,2023,Aluno-1255,FASE 8,8D,Masculino,,2021,Privada *Parcerias com Bolsa 100%,,,,,10.0,,,,,,,Fase 8 (Universitários),0,,,,,,,,,,,,,,8.0,,False,False,False,False,False,False,False,False,False,False,False,False,False,False
RA-1256,2023,Aluno-1256,FASE 8,8D,Feminino,18.0,2021,Privada *Parcerias com Bolsa 100%,,,,,10.0,,,,,,,Fase 8 (Universitários),0,,,,,,,,,,,,,,8.0,,False,False,False,False,False,False,False,False,False,False,False,False,False,False
RA-1257,2023,Aluno-1257,FASE 8,8D,Masculino,18.0,2021,Privada *Parcerias com Bolsa 100%,,,,,10.0,,,,,,,Fase 8 (Universitários),0,,,,,,,,,,,,,,8.0,,False,False,False,False,False,False,False,False,False,False,False,False,False,False
RA-1258,2023,Aluno-1258,FASE 8,8D,Masculino,24.0,2021,Privada *Parcerias com Bolsa 100%,,,,,10.0,,,,,,,Fase 8 (Universitários),0,,,,,,,,,,,,,,8.0,,False,False,False,False,False,False,False,False,False,False,False,False,False,False
RA-1259,2023,Aluno-1259,FASE 8,8D,Feminino,,2021,Privada *Parcerias com Bolsa 100%,,,,,10.0,,,,,,,Fase 8 (Universitários),0,,,,,,,,,,,,,,8.0,,False,False,False,False,False,False,False,False,False,False,False,False,False,False
RA-1260,2023,Aluno-1260,FASE 8,8D,Masculino,,2021,Privada *Parcerias com Bolsa 100%,,,,,10.0,,,,,,,Fase 8 (Universitários),0,,,,,,,,,,,,,,8.0,,False,False,False,False,False,False,False,False,False,False,False,False,False,False
RA-1261,2023,Aluno-1261,FASE 8,8D,Feminino,,2021,Privada *Parcerias com Bolsa 100%,,,,,10.0,,,,,,,Fase 8 (Universitários),0,,,,,,,,,,,,,,8.0,,False,False,False,False,False,False,False,False,False,False,False,False,False,False
RA-1262,2023,Aluno-1262,FASE 8,8D,Feminino,19.0,2021,Privada *Parcerias com Bolsa 100%,,,,,10.0,,,,,,,Fase 8 (Universitários),0,,,,,,,,,,,,,,8.0,,False,False,False,False,False,False,False,False,False,False,False,False,False,False
RA-1263,2023,Aluno-1263,FASE 8,8D,Feminino,,2021,Privada *Parcerias com Bolsa 100%,,,,,10.0,,,,,,,Fase 8 (Universitários),0,,,,,,,,,,,,,,8.0,,False,False,False,False,False,False,False,False,False,False,False,False,False,False
RA-1264,2023,Aluno-1264,FASE 8,8D,Feminino,,2021,Privada *Parcerias com Bolsa 100%,,,,,10.0,,,,,,,Fase 8 (Universitários),0,,,,,,,,,,,,,,8.0,,False,False,False,False,False,False,False,False,False,False,False,False,False,False
RA-1265,2023,Aluno-1265,FASE 8,8D,Masculino,,2022,Privada *Parcerias com Bolsa 100%,,,,,10.0,,,,,,,Fase 8 (Universitários),0,,,,,,,,,,,,,,8.0,,False,False,False,False,False,False,False,False,False,False,False,False,False,False
RA-1266,2023,Aluno-1266,FASE 8,8D,Feminino,,2021,Privada *Parcerias com Bolsa 100%,,,,,10.0,,,,,,,Fase 8 (Universitários),0,,,,,,,,,,,,,,8.0,,False,False,False,False,False,False,False,False,False,False,False,False,False,False
RA-1267,2023,Aluno-1267,FASE 8,8D,Feminino,22.0,2021,Privada *Parcerias com Bolsa 100%,,,,,10.0,,,,,,,Fase 8 (Universitários),0,,,,,,,,,,,,,,8.0,,False,False,False,False,False,False,False,False,False,False,False,False,False,False
RA-1268,2023,Aluno-1268,FASE 8,8D,Masculino,19.0,2021,Privada *Parcerias com Bolsa 100%,,,,,10.0,,,,,,,Fase 8 (Universitários),0,,,,,,,,,,,,,,8.0,,False,False,False,False,False,False,False,False,False,False,False,False,False,False
RA-14,2023,Aluno-14,FASE 8,8E,Masculino,21.0,2022,Privada *Parcerias com Bolsa 100%,,,,,10.0,,,,,,,Fase 8 (Universitários),0,,,,,,,,,,,,,,8.0,,False,False,False,False,False,False,False,False,False,False,False,False,False,False
RA-13,2023,Aluno-13,FASE 8,8E,Masculino,18.0,2016,Privada *Parcerias com Bolsa 100%,,,,,10.0,,,,,,,Fase 8 (Universitários),0,,,,,,,,,,,,,,8.0,,False,False,False,False,False,False,False,False,False,False,False,False,False,False
RA-12,2023,Aluno-12,FASE 8,8E,Feminino,18.0,2020,Privada *Parcerias com Bolsa 100%,,,,,10.0,,,,,,,Fase 8 (Universitários),0,,,,,,,,,,,,,,8.0,,False,False,False,False,False,False,False,False,False,False,False,False,False,False
RA-7,2023,Aluno-7,FASE 8,8E,Masculino,,2017,Privada *Parcerias com Bolsa 100%,,,,,10.0,,,,,,,Fase 8 (Universitários),0,,,,,,,,,,,,,,8.0,,False,False,False,False,False,False,False,False,False,False,False,False,False,False
RA-6,2023,Aluno-6,FASE 8,8E,Feminino,,2021,Privada - Pagamento por *Empresa Parceira,,,,,10.0,,,,,,,Fase 8 (Universitários),0,,,,,,,,,,,,,,8.0,,False,False,False,False,False,False,False,False,False,False,False,False,False,False
RA-5,2023,Aluno-5,FASE 8,8E,Feminino,,2016,Privada *Parcerias com Bolsa 100%,,,,,10.0,,,,,,,Fase 8 (Universitários),0,,,,,,,,,,,,,,8.0,,False,False,False,False,False,False,False,False,False,False,False,False,False,False
RA-1,2023,Aluno-1,FASE 8,8E,Feminino,,2016,Privada *Parcerias com Bolsa 100%,,,,,10.0,,,,,,,Fase 8 (Universitários),0,,,,,,,,,,,,,,8.0,,False,False,False,False,False,False,False,False,False,False,False,False,False,False
RA-36,2023,Aluno-36,FASE 8,8E,Feminino,18.0,2019,Privada *Parcerias com Bolsa 100%,,,,,10.0,,,,,,,Fase 8 (Universitários),0,,,,,,,,,,,,,,8.0,,False,False,False,False,False,False,False,False,False,False,False,False,False,False
RA-35,2023,Aluno-35,FASE 8,8E,Feminino,18.0,2019,Privada *Parcerias com Bolsa 100%,,,,,10.0,,,,,,,Fase 8 (Universitários),0,,,,,,,,,,,,,,8.0,,False,False,False,False,False,False,False,False,False,False,False,False,False,False
RA-34,2023,Aluno-34,FASE 8,8E,Masculino,,2016,Privada *Parcerias com Bolsa 100%,,,,,10.0,,,,,,,Fase 8 (Universitários),0,,,,,,,,,,,,,,8.0,,False,False,False,False,False,False,False,False,False,False,False,False,False,False
RA-31,2023,Aluno-31,FASE 8,8E,Feminino,18.0,2019,Privada *Parcerias com Bolsa 100%,,,,,10.0,,,,,,,Fase 8 (Universitários),0,,,,,,,,,,,,,,8.0,,False,False,False,False,False,False,False,False,False,False,False,False,False,False
RA-23,2023,Aluno-23,FASE 8,8E,Masculino,,2021,Privada *Parcerias com Bolsa 100%,,,,,10.0,,,,,,,Fase 7 (3° EM),1,,,,,,,,,,,,,,7.0,,False,False,False,False,False,False,False,False,False,False,False,False,False,False
RA-88,2023,Aluno-88,FASE 8,8E,Masculino,18.0,2021,Privada - Pagamento por *Empresa Parceira,,,,,10.0,,,,,,,Fase 8 (Universitários),0,,,,,,,,,,,,,,8.0,,False,False,False,False,False,False,False,False,False,False,False,False,False,False
RA-1269,2023,Aluno-1269,FASE 8,8E,Feminino,18.0,2021,Privada - Pagamento por *Empresa Parceira,,,,,10.0,,,,,,,Fase 8 (Universitários),0,,,,,,,,,,,,,,8.0,,False,False,False,False,False,False,False,False,False,False,False,False,False,False
RA-49,2023,Aluno-49,FASE 8,8E,Feminino,18.0,2022,Privada *Parcerias com Bolsa 100%,,,,,10.0,,,,,,,Fase 8 (Universitários),0,,,,,,,,,,,,,,8.0,,False,False,False,False,False,False,False,False,False,False,False,False,False,False
RA-1270,2023,Aluno-1270,FASE 8,8E,Feminino,19.0,2021,Privada *Parcerias com Bolsa 100%,,,,,10.0,,,,,,,Fase 8 (Universitários),0,,,,,,,,,,,,,,8.0,,False,False,False,False,False,False,False,False,False,False,False,False,False,False
RA-29,2023,Aluno-29,FASE 8,8E,Masculino,,2022,Privada *Parcerias com Bolsa 100%,,,,,10.0,,,,,,,Fase 8 (Universitários),0,,,,,,,,,,,,,,8.0,,False,False,False,False,False,False,False,False,False,False,False,False,False,False
RA-17,2023,Aluno-17,FASE 8,8E,Masculino,,2022,Privada - Pagamento por *Empresa Parceira,,,,,10.0,,,,,,,Fase 8 (Universitários),0,,,,,,,,,,,,,,8.0,,False,False,False,False,False,False,False,False,False,False,False,False,False,False
RA-21,2023,Aluno-21,FASE 8,8E,Masculino,19.0,2022,Privada *Parcerias com Bolsa 100%,,,,,10.0,,,,,,,Fase 8 (Universitários),0,,,,,,,,,,,,,,8.0,,False,False,False,False,False,False,False,False,False,False,False,False,False,False
RA-25,2023,Aluno-25,FASE 8,8E,Feminino,18.0,2021,Privada *Parcerias com Bolsa 100%,,,,,10.0,,,,,,,Fase 8 (Universitários),0,,,,,,,,,,,,,,8.0,,False,False,False,False,False,False,False,False,False,False,False,False,False,False
RA-2,2023,Aluno-2,FASE 8,8E,Feminino,18.0,2017,Privada *Parcerias com Bolsa 100%,,,,,10.0,,,,,,,Fase 8 (Universitários),0,,,,,,,,,,,,,,8.0,,False,False,False,False,False,False,False,False,False,False,False,False,False,False
RA-1271,2023,Aluno-1271,FASE 8,8E,Feminino,18.0,2021,Privada *Parcerias com Bolsa 100%,,,,,10.0,,,,,,,Fase 8 (Universitários),0,,,,,,,,,,,,,,8.0,,False,False,False,False,False,False,False,False,False,False,False,False,False,False
RA-1272,2023,Aluno-1272,FASE 8,8E,Feminino,,2021,Privada *Parcerias com Bolsa 100%,,,,,10.0,,,,,,,Fase 8 (Universitários),0,,,,,,,,,,,,,,8.0,,False,False,False,False,False,False,False,False,False,False,False,False,False,False
RA-1273,2023,Aluno-1273,FASE 8,8E,Feminino,17.0,2023,Privada - Pagamento por *Empresa Parceira,,,,,10.0,,,,,,,Fase 7 (3° EM),1,,,,,,,,,,,,,,7.0,,False,False,False,False,False,False,False,False,False,False,False,False,False,False
RA-1274,2023,Aluno-1274,FASE 8,8E,Feminino,,2021,Privada - Pagamento por *Empresa Parceira,,,,,10.0,,,,,,,Fase 8 (Universitários),0,,,,,,,,,,,,,,8.0,,False,False,False,False,False,False,False,False,False,False,False,False,False,False
RA-1275,2024,Aluno-1275,ALFA,ALFA A - G0/G1,Masculino,8.0,2024,Pública,EE Chácara Florida II,Cursando,Ametista,7.611366666700001,10.0,8.0,8.6666666665,10.002,6.26,5.625,5.446666667,ALFA (1° e 2° ano),0,,,10.0,6.0,,,,,3.0,,,,,1.0,,False,False,False,False,False,False,False,False,False,False,False,False,True,False
RA-1276,2024,Aluno-1276,ALFA,ALFA A - G0/G1,Feminino,8.0,2024,Pública,EE Chácara Florida II,Cursando,Topázio,8.002866666700001,10.0,8.0,9.3333333335,10.002,3.76,7.5,7.05,ALFA (1° e 2° ano),0,,,10.0,6.0,,,,,3.0,,,,,1.0,,False,False,False,False,False,False,False,False,False,False,False,True,False,False
RA-1277,2024,Aluno-1277,ALFA,ALFA A - G0/G1,Masculino,8.0,2024,Pública,EE Dom Pedro Villas Boas de Souza,Cursando,Ametista,7.952200000100001,10.0,8.0,9.0833333335,10.002,3.76,7.5,7.046666667,ALFA (1° e 2° ano),0,,,10.0,6.0,,,,,3.0,,,,,1.0,,False,False,False,False,False,False,False,False,False,False,False,True,False,False
RA-868,2024,Aluno-868,ALFA,ALFA A - G0/G1,Masculino,8.0,2023,Pública,EE Chácara Florida II,Cursando,Ametista,7.156366666600001,5.0,7.0,9.75,8.002,3.76,6.875,7.213333333,Fase 1 (3° e 4° ano),-1,,,8.0,6.0,,,,,3.0,,,,,1.0,,False,False,False,False,False,False,False,False,False,False,False,True,False,False
RA-1278,2024,Aluno-1278,ALFA,ALFA A - G0/G1,Masculino,9.0,2024,Pública,EM Etelvina Delfim Simões,Cursando,Quartzo,5.444199999900001,5.0,7.5,4.1666666665,9.002,3.76,5.0,4.173333333,Fase 1 (3° e 4° ano),-1,,,8.0,7.0,,,,,3.0,,,,,1.0,,False,False,False,False,False,False,False,False,False,False,False,True,True,True
RA-1279,2024,Aluno-1279,ALFA,ALFA B - G2/G3,Feminino,9.0,2024,Pública,EE Chácara Florida II,Cursando,Topázio,8.0822,5.0,8.25,10.0,10.002,6.26,7.5,7.78,Fase 1 (3° e 4° ano),-1,,,9.0,7.5,,,,,3.0,,,,,1.0,,False,False,False,False,False,False,False,False,False,False,False,False,False,False
RA-861,2024,Aluno-861,ALFA,ALFA B - G2/G3,Feminino,9.0,2023,Pública,EE Dom Pedro Villas Boas de Souza,Cursando,Topázio,8.959700000000002,5.0,10.0,10.0,9.502,7.51,8.125,9.73,Fase 1 (3° e 4° ano),-1,,,10.0,10.0,,,,,3.0,,,,,1.0,,False,False,False,False,False,False,False,False,False,False,False,False,False,False
RA-862,2024,Aluno-862,ALFA,ALFA B - G2/G3,Masculino,10.0,2023,Pública,EE Dom Pedro Villas Boas de Souza,Cursando,Ametista,7.346677272700001,5.0,7.5,8.6136363635,9.002,7.51,7.1875,6.27,Fase 2 (5° e 6° ano),-2,,,10.0,5.0,,,,,3.0,,,,,2.0,,False,False,False,False,False,False,False,False,False,False,False,False,False,False
RA-1280,2024,Aluno-1280,ALFA,ALFA B - G2/G3,Masculino,9.0,2024,Pública,EM Etelvina Delfim Simões,Cursando,Topázio,8.152624242500002,5.0,8.5,9.5454545455,10.002,6.26,7.5,8.336666667,Fase 1 (3° e 4° ano),-1,,,10.0,7.0,,,,,3.0,,,,,1.0,,False,False,False,False,False,False,False,False,False,False,False,False,False,False
RA-1281,2024,Aluno-1281,ALFA,ALFA B - G2/G3,Feminino,9.0,2024,Pública,EE Chácara Florida II,Cursando,Ametista,7.982890909100001,5.0,9.25,9.5454545455,7.918,6.26,7.5,7.78,Fase 1 (3° e 4° ano),-1,,,10.0,8.5,,,,,3.0,,,,,1.0,,False,False,False,False,False,False,False,False,False,False,False,False,False,False
RA-895,2024,Aluno-895,ALFA,ALFA B - G2/G3,Feminino,9.0,2023,Pública,EE Dom Pedro Villas Boas de Souza,Cursando,Topázio,8.2579575757,5.0,9.5,9.5454545455,9.502,6.26,7.5,8.113333333,Fase 1 (3° e 4° ano),-1,,,10.0,9.0,,,,,3.0,,,,,1.0,,False,False,False,False,False,False,False,False,False,False,False,False,False,False
RA-884,2024,Aluno-884,ALFA,ALFA B - G2/G3,Feminino,8.0,2023,Pública,EM Pedro Antonio de Almeida,Cursando,Topázio,8.0345030302,5.0,8.75,8.818181818,10.002,6.26,7.5,8.223333333,Fase 1 (3° e 4° ano),-1,,,10.0,7.5,,,,,3.0,,,,,1.0,,False,False,False,False,False,False,False,False,False,False,False,False,False,False
RA-1282,2024,Aluno-1282,ALFA,ALFA B - G2/G3,Feminino,9.0,2024,Pública,EE Chácara Florida II,Cursando,Ametista,7.8769272727000015,5.0,9.25,8.1136363635,9.502,6.26,7.5,7.89,Fase 1 (3° e 4° ano),-1,,,10.0,8.5,,,,,3.0,,,,,1.0,,False,False,False,False,False,False,False,False,False,False,False,False,False,False
RA-889,2024,Aluno-889,ALFA,ALFA B - G2/G3,Masculino,9.0,2023,Pública,EM Maria Ignez Concelles Irma Ines,Cursando,Topázio,8.191290909100001,5.0,9.75,9.2954545455,8.502,6.26,7.5,8.28,Fase 1 (3° e 4° ano),-1,,,10.0,9.5,,,,,3.0,,,,,1.0,,False,False,False,False,False,False,False,False,False,False,False,False,False,False
RA-867,2024,Aluno-867,ALFA,ALFA B - G2/G3,Masculino,9.0,2023,Pública,EE Dom Pedro Villas Boas de Souza,Cursando,Ametista,7.583018181800001,5.0,8.5,7.409090909,9.002,7.51,7.5,7.5,Fase 1 (3° e 4° ano),-1,,,10.0,7.0,,,,,3.0,,,,,1.0,,False,False,False,False,False,False,False,False,False,False,False,False,False,False
RA-1283,2024,Aluno-1283,ALFA,ALFA B - G2/G3,Masculino,10.0,2024,Pública,EE Dom Pedro Villas Boas de Souza,Cursando,Topázio,8.3033538462,5.0,9.0,9.230769231,10.002,7.51,7.5,8.28,Fase 2 (5° e 6° ano),-2,,,10.0,8.0,,,,,3.0,,,,,2.0,,False,False,False,False,False,False,False,False,False,False,False,False,False,False
RA-891,2024,Aluno-891,ALFA,ALFA B - G2/G3,Feminino,10.0,2023,Pública,EE Chácara Florida II,Cursando,Topázio,8.035957575700001,5.0,8.75,9.0454545455,10.002,6.26,7.5,8.003333333,Fase 1 (3° e 4° ano),-1,,,10.0,7.5,,,,,3.0,,,,,1.0,,False,False,False,False,False,False,False,False,False,False,False,False,False,False
RA-1284,2024,Aluno-1284,ALFA,ALFA C - G0/G1,Feminino,8.0,2024,Pública,EE Dom Pedro Villas Boas de Souza,Cursando,Topázio,8.3800152174,10.0,10.0,9.347826087,9.002,2.51,7.8125,7.89,ALFA (1° e 2° ano),0,,,10.0,10.0,,,,,3.0,,,,,1.0,,False,False,False,False,False,False,False,False,False,False,False,True,False,False
RA-1012,2024,Aluno-1012,ALFA,ALFA C - G0/G1,Feminino,9.0,2023,Pública,EE Joaquim Mendes Feliz,Cursando,Topázio,8.057128571400002,5.0,9.75,9.523809524,9.502,2.51,8.125,8.443333333,Fase 1 (3° e 4° ano),-1,,,10.0,9.5,,,,,3.0,,,,,1.0,,False,False,False,False,False,False,False,False,False,False,False,True,False,False
RA-1285,2024,Aluno-1285,ALFA,ALFA C - G0/G1,Feminino,7.0,2024,Pública,Estuda em outra cidade,Cursando,Topázio,8.156578882000002,10.0,8.0,8.830227742999998,10.002,2.51,7.5,8.946666667,ALFA (1° e 2° ano),0,,,8.0,8.0,,,,,3.0,,,,,1.0,,False,False,False,False,False,False,False,False,False,False,False,True,False,False
RA-1286,2024,Aluno-1286,ALFA,ALFA C - G0/G1,Masculino,7.0,2024,Pública,EM Etelvina Delfim Simões,Cursando,Quartzo,5.914801966800001,10.0,7.0,5.051759834,8.002,2.51,5.3125,4.61,ALFA (1° e 2° ano),0,,,8.0,6.0,,,,,3.0,,,,,1.0,,False,False,False,False,False,False,False,False,False,False,False,True,True,True
RA-1287,2024,Aluno-1287,ALFA,ALFA C - G0/G1,Feminino,8.0,2024,Pública,EE Dom Pedro Villas Boas de Souza,Cursando,Ametista,7.619650310500001,5.0,7.75,9.3064182195,10.002,2.51,8.125,8.223333333,Fase 1 (3° e 4° ano),-1,,,8.0,7.5,,,,,3.0,,,,,1.0,,False,False,False,False,False,False,False,False,False,False,False,True,False,False
RA-1288,2024,Aluno-1288,ALFA,ALFA C - G0/G1,Feminino,7.0,2024,Pública,EM Etelvina Delfim Simões,Cursando,Ametista,7.9208899585,10.0,10.0,7.9813664595,9.002,2.51,7.1875,7.273333333,ALFA (1° e 2° ano),0,,,10.0,10.0,,,,,3.0,,,,,1.0,,False,False,False,False,False,False,False,False,False,False,False,True,False,False
RA-1289,2024,Aluno-1289,ALFA,ALFA D - G2/G3,Feminino,10.0,2024,Pública,EE Dom Pedro Villas Boas de Souza,Cursando,Ametista,7.2171722223,5.0,7.75,9.4444444445,7.002,7.51,5.9375,6.166666667,Fase 1 (3° e 4° ano),-1,,,9.0,6.5,,,,,3.0,,,,,1.0,,False,False,False,False,False,False,False,False,False,False,False,False,False,False
RA-1290,2024,Aluno-1290,ALFA,ALFA D - G2/G3,Masculino,9.0,2024,Pública,EE Dom Pedro Villas Boas de Souza,Cursando,Topázio,8.407200000000001,5.0,8.75,10.0,10.002,7.51,7.5,8.28,Fase 1 (3° e 4° ano),-1,,,10.0,7.5,,,,,3.0,,,,,1.0,,False,False,False,False,False,False,False,False,False,False,False,False,False,False
RA-1291,2024,Aluno-1291,ALFA,ALFA D - G2/G3,Masculino,9.0,2024,Pública,EE Chácara Florida II,Cursando,Topázio,8.079200000000002,5.0,8.25,9.5,9.502,7.51,7.5,7.89,Fase 1 (3° e 4° ano),-1,,,10.0,6.5,,,,,3.0,,,,,1.0,,False,False,False,False,False,False,False,False,False,False,False,False,False,False
RA-885,2024,Aluno-885,ALFA,ALFA D - G2/G3,Masculino,9.0,2023,Pública,EE Dom Pedro Villas Boas de Souza,Cursando,Topázio,8.2072,5.0,8.5,10.0,8.502,7.51,7.5,8.28,Fase 1 (3° e 4° ano),-1,,,10.0,7.0,,,,,3.0,,,,,1.0,,False,False,False,False,False,False,False,False,False,False,False,False,False,False
RA-1292,2024,Aluno-1292,ALFA,ALFA D - G2/G3,Feminino,9.0,2024,Pública,EE Francisco de Paula Teixeira,Cursando,Ágata,6.9031621211,5.0,8.25,4.7727272725,7.502,7.51,7.1875,7.893333333,Fase 1 (3° e 4° ano),-1,,,10.0,6.5,,,,,3.0,,,,,1.0,,False,False,False,False,False,False,False,False,False,False,False,False,False,False
RA-1293,2024,Aluno-1293,ALFA,ALFA D - G2/G3,Feminino,9.0,2024,Pública,EE Dom Pedro Villas Boas de Souza,Cursando,Topázio,8.005023232300001,5.0,8.5,9.4949494945,8.002,7.51,6.875,8.336666667,Fase 1 (3° e 4° ano),-1,,,8.5,8.5,,,,,3.0,,,,,1.0,,False,False,False,False,False,False,False,False,False,False,False,False,False,False
RA-888,2024,Aluno-888,ALFA,ALFA D - G2/G3,Masculino,8.0,2023,Pública,EE Dom Pedro Villas Boas de Souza,Cursando,Topázio,8.1942,5.0,8.5,10.0,9.002,6.88,7.5,8.28,Fase 1 (3° e 4° ano),-1,,,9.0,8.0,,,,,3.0,,,,,1.0,,False,False,False,False,False,False,False,False,False,False,False,False,False,False
RA-1294,2024,Aluno-1294,ALFA,ALFA D - G2/G3,Masculino,10.0,2024,Pública,EE Dom Pedro Villas Boas de Souza,Cursando,Ametista,7.9493666666,5.0,7.75,10.0,9.502,7.51,6.875,7.553333333,Fase 2 (5° e 6° ano),-2,,,9.0,6.5,,,,,3.0,,,,,2.0,,False,False,False,False,False,False,False,False,False,False,False,False,False,False
RA-1009,2024,Aluno-1009,ALFA,ALFA E - G2/G3,Masculino,9.0,2023,Pública,EE Dom Pedro Villas Boas de Souza,Cursando,Ágata,6.395389393900001,5.0,7.5,6.8863636365000005,8.002,2.51,6.5625,6.553333333,Fase 1 (3° e 4° ano),-1,,,10.0,5.0,,,,,3.0,,,,,1.0,,False,False,False,False,False,False,False,False,False,False,False,True,False,False
RA-1013,2024,Aluno-1013,ALFA,ALFA E - G2/G3,Masculino,8.0,2023,Pública,EE Dom Pedro Villas Boas de Souza,Cursando,Quartzo,5.7839559808,5.0,7.75,5.6937799039999994,9.002,2.51,5.0,4.72,Fase 1 (3° e 4° ano),-1,,,8.0,7.5,,,,,3.0,,,,,1.0,,False,False,False,False,False,False,False,False,False,False,False,True,True,True
RA-1295,2024,Aluno-1295,ALFA,ALFA E - G2/G3,Feminino,8.0,2024,Pública,EE Dom Pedro Villas Boas de Souza,Cursando,Topázio,8.0617454545,10.0,7.5,9.5227272725,10.002,2.51,7.5,8.28,ALFA (1° e 2° ano),0,,,7.0,8.0,,,,,3.0,,,,,1.0,,False,False,False,False,False,False,False,False,False,False,False,True,False,False
RA-1296,2024,Aluno-1296,ALFA,ALFA E - G2/G3,Feminino,9.0,2024,Pública,EM Etelvina Delfim Simões,Cursando,Ametista,7.0574222223000005,5.0,6.5,8.4444444445,9.002,2.51,7.5,8.336666667,Fase 1 (3° e 4° ano),-1,,,7.5,5.5,,,,,3.0,,,,,1.0,,False,False,False,False,False,False,False,False,False,False,False,True,False,False
RA-863,2024,Aluno-863,ALFA,ALFA E - G2/G3,Masculino,8.0,2023,Pública,EE Dom Pedro Villas Boas de Souza,Cursando,Quartzo,4.6684348484000004,5.0,5.5,3.159090909,8.502,2.51,4.6875,4.333333333,Fase 1 (3° e 4° ano),-1,,,10.0,1.0,,,,,3.0,,,,,1.0,,False,False,False,False,False,False,True,False,False,False,False,True,True,True
RA-1297,2024,Aluno-1297,ALFA,ALFA E - G2/G3,Masculino,8.0,2024,Pública,EE Dom Pedro Villas Boas de Souza,Cursando,Ametista,7.620247619000001,5.0,9.25,9.761904762,9.502,2.51,7.5,6.833333333,Fase 1 (3° e 4° ano),-1,,,10.0,8.5,,,,,3.0,,,,,1.0,,False,False,False,False,False,False,False,False,False,False,False,True,False,False
RA-1014,2024,Aluno-1014,ALFA,ALFA E - G2/G3,Feminino,8.0,2023,Pública,EE Dom Pedro Villas Boas de Souza,Cursando,Ágata,6.315972727300001,5.0,5.25,7.8863636365000005,8.502,2.51,6.875,7.0,Fase 1 (3° e 4° ano),-1,,,6.5,4.0,,,,,3.0,,,,,1.0,,False,False,False,False,False,False,False,False,False,False,False,True,False,False
RA-880,2024,Aluno-880,ALFA,ALFA E - G2/G3,Feminino,8.0,2023,Pública,EE Chácara Florida II,Cursando,Ágata,6.853080434800001,5.0,6.5,8.445652174,9.502,2.51,7.1875,7.22,Fase 1 (3° e 4° ano),-1,,,7.5,5.5,,,,,3.0,,,,,1.0,,False,False,False,False,False,False,False,False,False,False,False,True,False,False
RA-886,2024,Aluno-886,ALFA,ALFA E - G2/G3,Feminino,8.0,2023,Pública,EM Etelvina Delfim Simões,Cursando,Topázio,8.419200000000002,5.0,8.75,10.0,9.502,8.13,7.5,8.28,Fase 1 (3° e 4° ano),-1,,,9.0,8.5,,,,,3.0,,,,,1.0,,False,False,False,False,False,False,False,False,False,False,False,False,False,False
RA-1298,2024,Aluno-1298,ALFA,ALFA E - G2/G3,Masculino,8.0,2024,Pública,EE Dom Pedro Villas Boas de Souza,Cursando,Ametista,7.577287995300001,10.0,6.75,6.643356643500001,9.502,7.51,7.1875,7.393333333,ALFA (1° e 2° ano),0,,,7.0,6.5,,,,,3.0,,,,,1.0,,False,False,False,False,False,False,False,False,False,False,False,False,False,False
RA-1299,2024,Aluno-1299,ALFA,ALFA E - G2/G3,Masculino,10.0,2024,Pública,EM Etelvina Delfim Simões,Cursando,Ametista,7.069727777800001,5.0,6.5,7.638888889,8.502,7.51,7.1875,7.11,Fase 2 (5° e 6° ano),-2,,,7.0,6.0,,,,,3.0,,,,,2.0,,False,False,False,False,False,False,False,False,False,False,False,False,False,False
RA-904,2024,Aluno-904,ALFA,ALFA F - G0/G1,Feminino,8.0,2023,Pública,EE Chácara Florida II,Cursando,Ametista,7.6352,5.0,6.0,8.75,9.502,7.51,7.5,8.67,Fase 1 (3° e 4° ano),-1,,,6.0,6.0,,,,,3.0,,,,,1.0,,False,False,False,False,False,False,False,False,False,False,False,False,False,False
RA-1300,2024,Aluno-1300,ALFA,ALFA F - G0/G1,Feminino,8.0,2024,Pública,EM Maria Ignez Concelles Irma Ines,Cursando,Ametista,7.623866666600001,5.0,9.0,8.75,8.502,2.51,7.5,8.613333333,Fase 1 (3° e 4° ano),-1,,,10.0,8.0,,,,,3.0,,,,,1.0,,False,False,False,False,False,False,False,False,False,False,False,True,False,False
RA-1301,2024,Aluno-1301,ALFA,ALFA F - G0/G1,Masculino,8.0,2024,Pública,EM Etelvina Delfim Simões,Cursando,Quartzo,5.6345333333,5.0,7.0,2.9166666665000003,9.502,2.51,7.5,6.0,Fase 1 (3° e 4° ano),-1,,,10.0,4.0,,,,,3.0,,,,,1.0,,False,False,False,False,False,False,False,False,False,False,False,True,False,False
RA-1302,2024,Aluno-1302,ALFA,ALFA F - G0/G1,Masculino,8.0,2024,Pública,EE Dom Pedro Villas Boas de Souza,Cursando,Quartzo,5.758866666800001,10.0,4.0,5.416666667,10.002,2.51,6.25,4.996666667,ALFA (1° e 2° ano),0,,,4.0,4.0,,,,,3.0,,,,,1.0,,False,False,False,False,False,False,False,False,False,False,False,True,False,False
RA-1303,2024,Aluno-1303,ALFA,ALFA F - G0/G1,Feminino,8.0,2024,Pública,EE Dom Pedro Villas Boas de Souza,Cursando,Topázio,8.8352,10.0,10.0,10.0,10.002,2.51,7.5,9.17,ALFA (1° e 2° ano),0,,,10.0,10.0,,,,,3.0,,,,,1.0,,False,False,False,False,False,False,False,False,False,False,False,True,False,False
RA-1304,2024,Aluno-1304,ALFA,ALFA G - G2/G3,Feminino,10.0,2024,Pública,EM Maria Ignez Concelles Irma Ines,Cursando,Ametista,7.085119934500001,5.0,6.0,7.9575163395,9.002,8.135,7.8125,6.493333333,Fase 2 (5° e 6° ano),-2,,,6.0,6.0,,,,,3.0,,,,,2.0,,False,False,False,False,False,False,False,False,False,False,False,False,False,False
RA-1305,2024,Aluno-1305,ALFA,ALFA G - G2/G3,Feminino,10.0,2024,Pública,EM Etelvina Delfim Simões,Cursando,Ágata,6.685221929800001,5.0,4.75,8.710526316,8.502,2.51,7.8125,8.053333333,Fase 1 (3° e 4° ano),-1,,,2.0,7.5,,,,,3.0,,,,,1.0,,False,False,False,False,False,False,False,False,False,False,False,True,False,False
RA-1306,2024,Aluno-1306,ALFA,ALFA G - G2/G3,Feminino,8.0,2024,Pública,EM Maria Ignez Concelles Irma Ines,Cursando,Topázio,8.503033333400001,5.0,9.75,10.0,9.002,8.135,7.5,7.946666667,Fase 1 (3° e 4° ano),-1,,,10.0,9.5,,,,,3.0,,,,,1.0,,False,False,False,False,False,False,False,False,False,False,False,False,False,False
RA-702,2024,Aluno-702,ALFA,ALFA G - G2/G3,Feminino,10.0,2022,Pública,EM Maria Ignez Concelles Irma Ines,Cursando,Ametista,7.665116666600001,5.0,9.25,9.75,9.002,2.51,7.8125,7.163333333,Fase 2 (5° e 6° ano),-2,,,10.0,8.5,,,,,3.0,,,,,2.0,,False,False,False,False,False,False,False,False,False,False,False,True,False,False
RA-725,2024,Aluno-725,ALFA,ALFA G - G2/G3,Masculino,10.0,2022,Pública,EM Maria Ignez Concelles Irma Ines,Cursando,Ametista,7.0900771929,5.0,7.25,7.6710526315,7.502,7.51,7.5,6.773333333,Fase 1 (3° e 4° ano),-1,,,7.0,7.5,,,,,3.0,,,,,1.0,,False,False,False,False,False,False,False,False,False,False,False,False,False,False
RA-912,2024,Aluno-912,ALFA,ALFA G - G2/G3,Feminino,10.0,2023,Pública,EM Maria Ignez Concelles Irma Ines,Cursando,Ametista,7.697103508700001,5.0,7.25,9.4736842105,9.002,7.51,8.125,6.943333333,Fase 2 (5° e 6° ano),-2,,,7.0,7.5,,,,,3.0,,,,,2.0,,False,False,False,False,False,False,False,False,False,False,False,False,False,False
RA-918,2024,Aluno-918,ALFA,ALFA G - G2/G3,Feminino,8.0,2023,Pública,EM Maria Ignez Concelles Irma Ines,Cursando,Quartzo,5.657357017600001,5.0,2.75,8.697368421,7.918,2.51,5.9375,6.156666667,Fase 1 (3° e 4° ano),-1,,,1.0,4.5,,,,,3.0,,,,,1.0,,False,False,False,False,False,False,False,False,False,False,False,True,False,False
RA-920,2024,Aluno-920,ALFA,ALFA G - G2/G3,Feminino,9.0,2023,Pública,EM Maria Ignez Concelles Irma Ines,Cursando,Ametista,7.7494938597,5.0,8.25,7.6710526315,9.502,7.51,7.1875,8.226666667,Fase 1 (3° e 4° ano),-1,,,9.0,7.5,,,,,3.0,,,,,1.0,,False,False,False,False,False,False,False,False,False,False,False,False,False,False
RA-1307,2024,Aluno-1307,ALFA,ALFA H - G0/G1,Masculino,8.0,2024,Pública,EE Dom Pedro Villas Boas de Souza,Cursando,Ágata,6.5940333333000005,10.0,5.5,5.833333333500001,10.002,6.255,6.25,5.383333333,ALFA (1° e 2° ano),0,,,7.0,4.0,,,,,3.0,,,,,1.0,,False,False,False,False,False,False,False,False,False,False,False,False,False,False
RA-1308,2024,Aluno-1308,ALFA,ALFA H - G0/G1,Feminino,9.0,2024,Pública,EE Dom Pedro Villas Boas de Souza,Cursando,Ágata,6.876997101400001,5.0,6.0,7.445652174,10.002,7.51,7.5,5.933333333,Fase 1 (3° e 4° ano),-1,,,8.0,4.0,,,,,3.0,,,,,1.0,,False,False,False,False,False,False,False,False,False,False,False,False,False,False
RA-1309,2024,Aluno-1309,ALFA,ALFA H - G0/G1,Feminino,7.0,2024,Pública,EM Maria Ignez Concelles Irma Ines,Cursando,Topázio,8.379199999899999,10.0,7.5,9.1666666665,9.002,7.51,7.5,8.223333333,ALFA (1° e 2° ano),0,,,8.0,7.0,,,,,3.0,,,,,1.0,,False,False,False,False,False,False,False,False,False,False,False,False,False,False
RA-1310,2024,Aluno-1310,ALFA,ALFA H - G0/G1,Feminino,7.0,2024,Pública,EE Dom Pedro Villas Boas de Souza,Cursando,Topázio,8.3907833334,10.0,10.0,9.375,8.502,2.51,7.8125,8.166666667,ALFA (1° e 2° ano),0,,,10.0,10.0,,,,,3.0,,,,,1.0,,False,False,False,False,False,False,False,False,False,False,False,True,False,False
RA-1311,2024,Aluno-1311,ALFA,ALFA H - G0/G1,Masculino,8.0,2024,Pública,EM Maria Ignez Concelles Irma Ines,Cursando,Ágata,6.4118666668,10.0,0.0,9.166666667,9.002,2.51,7.5,8.386666667,ALFA (1° e 2° ano),0,,,0.0,0.0,,,,,3.0,,,,,1.0,,False,False,False,True,False,False,False,False,True,False,False,True,False,False
RA-1312,2024,Aluno-1312,ALFA,ALFA H - G0/G1,Masculino,9.0,2024,Pública,EE Dom Pedro Villas Boas de Souza,Cursando,Ametista,7.510200000000001,5.0,6.5,8.333333333,10.002,7.51,6.25,8.336666667,Fase 1 (3° e 4° ano),-1,,,8.0,5.0,,,,,3.0,,,,,1.0,,False,False,False,False,False,False,False,False,False,False,False,False,False,False
RA-1313,2024,Aluno-1313,ALFA,ALFA H - G0/G1,Masculino,8.0,2024,Pública,EM Maria Ignez Concelles Irma Ines,Cursando,Topázio,8.0155333334,10.0,6.25,8.125,9.502,7.51,7.5,8.446666667,ALFA (1° e 2° ano),0,,,4.0,8.5,,,,,3.0,,,,,1.0,,False,False,False,False,False,False,False,False,False,False,False,False,False,False
RA-1314,2024,Aluno-1314,ALFA,ALFA H - G0/G1,Feminino,7.0,2024,Pública,EE Dom Pedro Villas Boas de Souza,Cursando,Topázio,8.239799999999999,10.0,9.0,8.541666667,7.418,7.51,7.5,7.443333333,ALFA (1° e 2° ano),0,,,8.0,10.0,,,,,3.0,,,,,1.0,,False,False,False,False,False,False,False,False,False,False,False,False,False,False
RA-1315,2024,Aluno-1315,ALFA,ALFA H - G0/G1,Masculino,7.0,2024,Pública,EM Maria Ignez Concelles Irma Ines,Cursando,Topázio,8.3510666667,10.0,9.0,8.3333333335,6.834,7.51,7.5,8.5,ALFA (1° e 2° ano),0,,,10.0,8.0,,,,,3.0,,,,,1.0,,False,False,False,False,False,False,False,False,False,False,False,False,False,False
RA-921,2024,Aluno-921,ALFA,ALFA I - G2/G3,Feminino,8.0,2023,Pública,EE Dom Pedro Villas Boas de Souza,Cursando,Ametista,7.2838203209,5.0,6.0,8.6631016045,8.502,7.51,7.5,7.5,Fase 1 (3° e 4° ano),-1,,,5.0,7.0,,,,,2.0,,,,,1.0,,False,False,False,False,False,False,False,False,False,False,False,False,False,False
RA-1316,2024,Aluno-1316,ALFA,ALFA I - G2/G3,Feminino,9.0,2024,Pública,EE Dom Pedro Villas Boas de Souza,Cursando,Ametista,7.59291123,5.0,7.75,8.20855615,9.002,7.51,7.5,7.5,Fase 1 (3° e 4° ano),-1,,,9.0,6.5,,,,,2.0,,,,,1.0,,False,False,False,False,False,False,False,False,False,False,False,False,False,False
RA-1317,2024,Aluno-1317,ALFA,ALFA I - G2/G3,Feminino,9.0,2024,Pública,EE Dom Pedro Villas Boas de Souza,Cursando,Ametista,7.665638502700001,5.0,10.0,7.0721925135,7.502,7.51,7.5,7.5,Fase 1 (3° e 4° ano),-1,,,10.0,10.0,,,,,2.0,,,,,1.0,,False,False,False,False,False,False,False,False,False,False,False,False,False,False
RA-897,2024,Aluno-897,ALFA,ALFA I - G2/G3,Masculino,10.0,2023,Pública,EE Francisco de Paula Teixeira,Cursando,Quartzo,5.2212050505,5.0,6.0,2.7525252525,7.002,2.51,6.875,6.66,Fase 1 (3° e 4° ano),-1,,,5.5,6.5,,,,,2.0,,,,,1.0,,False,False,False,False,False,False,False,False,False,False,False,True,False,False
RA-908,2024,Aluno-908,ALFA,ALFA I - G2/G3,Feminino,9.0,2023,Pública,EE Joaquim Mendes Feliz,Cursando,Ágata,6.764292246,5.0,4.75,8.14171123,8.502,7.51,7.1875,6.83,Fase 1 (3° e 4° ano),-1,,,3.0,6.5,,,,,2.0,,,,,1.0,,False,False,False,False,False,False,False,False,False,False,False,False,False,False
RA-916,2024,Aluno-916,ALFA,ALFA I - G2/G3,Feminino,10.0,2023,Pública,EM Maria Ignez Concelles Irma Ines,Cursando,Quartzo,5.5058531621,5.0,2.75,7.3320158105,8.502,2.51,6.5625,6.16,Fase 2 (5° e 6° ano),-2,,,3.5,2.0,,,,,2.0,,,,,2.0,,False,False,False,False,False,False,False,False,False,False,False,True,False,False
RA-924,2024,Aluno-924,ALFA,ALFA I - G2/G3,Masculino,9.0,2023,Pública,EE Dom Pedro Villas Boas de Souza,Cursando,Ágata,6.4727360962,5.0,7.0,4.598930481,7.002,7.51,7.1875,7.415,Fase 1 (3° e 4° ano),-1,,,7.5,6.5,,,,,2.0,,,,,1.0,,False,False,False,False,False,False,False,False,False,False,False,False,False,False
RA-925,2024,Aluno-925,ALFA,ALFA I - G2/G3,Masculino,8.0,2023,Pública,EE Dom Pedro Villas Boas de Souza,Cursando,Ágata,6.587019518800001,5.0,4.75,7.005347594,8.002,7.51,7.1875,7.33,Fase 1 (3° e 4° ano),-1,,,3.0,6.5,,,,,2.0,,,,,1.0,,False,False,False,False,False,False,False,False,False,False,False,False,False,False
RA-1008,2024,Aluno-1008,ALFA,ALFA I - G2/G3,Masculino,9.0,2023,Pública,EE Joaquim Mendes Feliz,Cursando,Ágata,6.8667414438000005,5.0,7.0,6.483957219,7.002,7.51,7.1875,7.5,Fase 1 (3° e 4° ano),-1,,,6.5,7.5,,,,,2.0,,,,,1.0,,False,False,False,False,False,False,False,False,False,False,False,False,False,False
RA-919,2024,Aluno-919,ALFA,ALFA I - G2/G3,Masculino,10.0,2023,Pública,EM Maria Ignez Concelles Irma Ines,Cursando,Quartzo,5.799702673800001,5.0,5.25,4.692513369,7.002,6.255,6.875,6.49,Fase 2 (5° e 6° ano),-2,,,6.5,4.0,,,,,2.0,,,,,2.0,,False,False,False,False,False,False,False,False,False,False,False,False,False,False
RA-1318,2024,Aluno-1318,ALFA,ALFA I - G2/G3,Feminino,8.0,2024,Pública,EE Dom Pedro Villas Boas de Souza,Cursando,Ágata,6.823383155100001,5.0,5.0,7.6871657755000005,8.502,7.51,7.1875,7.33,Fase 1 (3° e 4° ano),-1,,,4.0,6.0,,,,,2.0,,,,,1.0,,False,False,False,False,False,False,False,False,False,False,False,False,False,False
RA-1003,2024,Aluno-1003,ALFA,ALFA J - G2/G3,Masculino,9.0,2023,Pública,EM Maria Ignez Concelles Irma Ines,Cursando,Ametista,7.627588888900001,5.0,8.25,8.6944444445,8.002,7.51,6.875,7.5,Fase 1 (3° e 4° ano),-1,,,10.0,6.5,,,,,2.0,,,,,1.0,,False,False,False,False,False,False,False,False,False,False,False,False,False,False
RA-1004,2024,Aluno-1004,ALFA,ALFA J - G2/G3,Feminino,9.0,2023,Pública,EM Pedro Antonio de Almeida,Cursando,Ametista,7.801200000000001,5.0,7.5,9.25,9.502,7.51,7.5,7.5,Fase 1 (3° e 4° ano),-1,,,7.5,7.5,,,,,2.0,,,,,1.0,,False,False,False,False,False,False,False,False,False,False,False,False,False,False
RA-1006,2024,Aluno-1006,ALFA,ALFA J - G2/G3,Feminino,9.0,2023,Pública,EM Pedro Antonio de Almeida,Cursando,Ametista,7.040088888900001,5.0,5.0,8.4444444445,8.502,7.51,7.5,7.5,Fase 1 (3° e 4° ano),-1,,,5.0,5.0,,,,,2.0,,,,,1.0,,False,False,False,False,False,False,False,False,False,False,False,False,False,False
RA-1319,2024,Aluno-1319,ALFA,ALFA J - G2/G3,Masculino,9.0,2024,Pública,EM Etelvina Delfim Simões,Cursando,Ametista,7.201526797300001,5.0,8.5,5.7516339865,8.502,7.51,7.5,7.5,Fase 1 (3° e 4° ano),-1,,,10.0,7.0,,,,,2.0,,,,,1.0,,False,False,False,False,False,False,False,False,False,False,False,False,False,False
RA-858,2024,Aluno-858,ALFA,ALFA J - G2/G3,Masculino,9.0,2022,Pública,EE Dom Pedro Villas Boas de Souza,Cursando,Ágata,6.917866666700001,5.0,8.25,6.833333333500001,9.002,2.51,7.5,7.5,Fase 1 (3° e 4° ano),-1,,,10.0,6.5,,,,,2.0,,,,,1.0,,False,False,False,False,False,False,False,False,False,False,False,True,False,False
RA-905,2024,Aluno-905,ALFA,ALFA J - G2/G3,Masculino,10.0,2023,Pública,EM Pedro Antonio de Almeida,Cursando,Ágata,6.3925823529,5.0,3.0,7.7794117645,9.002,7.51,6.875,6.99,Fase 2 (5° e 6° ano),-2,,,2.0,4.0,,,,,2.0,,,,,2.0,,False,False,False,False,False,False,False,False,False,False,False,False,False,False
RA-907,2024,Aluno-907,ALFA,ALFA J - G2/G3,Feminino,9.0,2023,Privada,EE Dom Pedro Villas Boas de Souza,Cursando,Ametista,7.9400888889,5.0,8.75,8.9444444445,9.002,7.51,7.5,7.5,Fase 1 (3° e 4° ano),-1,,,10.0,7.5,,,,,2.0,,,,,1.0,,False,False,False,False,False,False,False,False,False,False,False,False,False,False
RA-1320,2024,Aluno-1320,ALFA,ALFA J - G2/G3,Masculino,10.0,2024,Pública,EE Dom Pedro Villas Boas de Souza,Cursando,Ametista,7.8845333333,5.0,8.25,9.1666666665,9.002,7.51,7.5,7.5,Fase 1 (3° e 4° ano),-1,,,9.0,7.5,,,,,2.0,,,,,1.0,,False,False,False,False,False,False,False,False,False,False,False,False,False,False
RA-909,2024,Aluno-909,ALFA,ALFA J - G2/G3,Feminino,11.0,2023,Pública,EE Dom Pedro Villas Boas de Souza,Cursando,Ametista,7.722033333300001,5.0,8.25,8.1666666665,10.002,7.51,6.875,7.5,Fase 2 (5° e 6° ano),-2,,,10.0,6.5,,,,,2.0,,,,,2.0,,False,False,False,False,False,False,False,False,False,False,False,False,False,False
RA-729,2024,Aluno-729,ALFA,ALFA J - G2/G3,Feminino,10.0,2022,Pública,EM Maria Ignez Concelles Irma Ines,Cursando,Ágata,6.684533333300001,5.0,6.0,8.4166666665,8.002,2.51,7.5,7.5,Fase 1 (3° e 4° ano),-1,,,6.0,6.0,,,,,2.0,,,,,1.0,,False,False,False,False,False,False,False,False,False,False,False,True,False,False
RA-1321,2024,Aluno-1321,ALFA,ALFA K - G0/G1,Masculino,7.0,2024,Pública,EM Amanda Consuelo da Cunha,Cursando,Ametista,7.95295,10.0,8.75,8.875,9.002,6.885,6.5625,5.915,ALFA (1° e 2° ano),0,,,10.0,7.5,,,,,2.0,,,,,1.0,,False,False,False,False,False,False,False,False,False,False,False,False,False,False
RA-1322,2024,Aluno-1322,ALFA,ALFA K - G0/G1,Feminino,8.0,2024,Pública,EE Jardim Silvania,Cursando,Topázio,8.47795,10.0,7.5,9.0,9.502,7.51,8.4375,8.165,ALFA (1° e 2° ano),0,,,8.5,6.5,,,,,2.0,,,,,1.0,,False,False,False,False,False,False,False,False,False,False,False,False,False,False
RA-1323,2024,Aluno-1323,ALFA,ALFA K - G0/G1,Masculino,9.0,2024,Pública,EE Helio Luiz Dobrochinski Prof,Cursando,Ametista,7.487366666700001,5.0,7.0,9.0833333335,10.002,7.51,6.875,6.66,Fase 1 (3° e 4° ano),-1,,,10.0,4.0,,,,,2.0,,,,,1.0,,False,False,False,False,False,False,False,False,False,False,False,False,False,False
RA-1324,2024,Aluno-1324,ALFA,ALFA K - G0/G1,Masculino,9.0,2024,Pública,EE Helio Luiz Dobrochinski Prof,Cursando,Topázio,8.332450000000001,5.0,8.5,10.0,10.002,7.51,7.8125,8.0,Fase 1 (3° e 4° ano),-1,,,10.0,7.0,,,,,2.0,,,,,1.0,,False,False,False,False,False,False,False,False,False,False,False,False,False,False
RA-931,2024,Aluno-931,ALFA,ALFA K - G0/G1,Masculino,9.0,2023,Pública,EM Amanda Consuelo da Cunha,Cursando,Ametista,7.075466666700001,5.0,8.5,8.5833333335,7.918,2.51,7.5,6.83,Fase 1 (3° e 4° ano),-1,,,8.0,9.0,,,,,2.0,,,,,1.0,,False,False,False,False,False,False,False,False,False,False,False,True,False,False
RA-1325,2024,Aluno-1325,ALFA,ALFA K - G0/G1,Masculino,8.0,2024,Pública,EE Helio Luiz Dobrochinski Prof,Cursando,Topázio,8.9824954545,10.0,10.0,9.5227272725,9.002,7.51,8.4375,7.915,ALFA (1° e 2° ano),0,,,10.0,10.0,,,,,2.0,,,,,1.0,,False,False,False,False,False,False,False,False,False,False,False,False,False,False
RA-1326,2024,Aluno-1326,ALFA,ALFA K - G0/G1,Feminino,8.0,2024,Pública,EE Helio Luiz Dobrochinski Prof,Cursando,Ametista,7.6397833333000005,10.0,4.5,9.2916666665,9.002,7.51,7.8125,7.245,ALFA (1° e 2° ano),0,,,0.0,9.0,,,,,2.0,,,,,1.0,,False,False,False,False,False,False,False,False,False,False,False,False,False,False
RA-1327,2024,Aluno-1327,ALFA,ALFA K - G0/G1,Feminino,7.0,2024,Pública,EM Amanda Consuelo da Cunha,Cursando,Topázio,8.264116666700001,10.0,7.5,9.3333333335,9.002,7.51,7.8125,7.325,ALFA (1° e 2° ano),0,,,10.0,5.0,,,,,2.0,,,,,1.0,,False,False,False,False,False,False,False,False,False,False,False,False,False,False
RA-1328,2024,Aluno-1328,ALFA,ALFA K - G0/G1,Feminino,8.0,2024,Pública,EM Amanda Consuelo da Cunha,Cursando,Topázio,8.0588666667,5.0,10.0,8.2083333335,8.502,7.51,7.5,7.83,Fase 1 (3° e 4° ano),-1,,,10.0,10.0,,,,,2.0,,,,,1.0,,False,False,False,False,False,False,False,False,False,False,False,False,False,False
RA-1329,2024,Aluno-1329,ALFA,ALFA K - G0/G1,Masculino,8.0,2024,Pública,EE Helio Luiz Dobrochinski Prof,Cursando,Ametista,7.98945,10.0,6.5,10.0,9.502,7.51,6.5625,6.66,ALFA (1° e 2° ano),0,,,10.0,3.0,,,,,2.0,,,,,1.0,,False,False,False,False,False,False,False,False,False,False,False,False,False,False
RA-1330,2024,Aluno-1330,ALFA,ALFA K - G0/G1,Feminino,8.0,2024,Pública,EE Helio Luiz Dobrochinski Prof,Cursando,Topázio,8.944616666700002,10.0,9.5,9.3333333335,10.002,7.51,8.4375,7.915,ALFA (1° e 2° ano),0,,,10.0,9.0,,,,,2.0,,,,,1.0,,False,False,False,False,False,False,False,False,False,False,False,False,False,False
RA-1331,2024,Aluno-1331,ALFA,ALFA K - G0/G1,Feminino,7.0,2024,Pública,EE Jardim Campestre,Cursando,Ametista,7.8522833333,10.0,7.25,7.291666666499999,9.002,7.51,8.4375,7.245,ALFA (1° e 2° ano),0,,,8.0,6.5,,,,,2.0,,,,,1.0,,False,False,False,False,False,False,False,False,False,False,False,False,False,False
RA-944,2024,Aluno-944,ALFA,ALFA L - G2/G3,Feminino,10.0,2023,Pública,EM Cecilia Cristina de Oliveira Rodrigues,Cursando,Ametista,7.8262,5.0,9.0,7.25,9.002,7.51,8.75,7.75,Fase 2 (5° e 6° ano),-2,,,10.0,8.0,,,,,2.0,,,,,2.0,,False,False,False,False,False,False,False,False,False,False,False,False,False,False
RA-1332,2024,Aluno-1332,ALFA,ALFA L - G2/G3,Masculino,10.0,2024,Pública,EE Helio Luiz Dobrochinski Prof,Cursando,Topázio,8.1040529412,5.0,8.25,9.411764706,8.502,7.51,9.375,7.665,Fase 2 (5° e 6° ano),-2,,,10.0,6.5,,,,,2.0,,,,,2.0,,False,False,False,False,False,False,False,False,False,False,False,False,False,False
RA-754,2024,Aluno-754,ALFA,ALFA L - G2/G3,Masculino,11.0,2022,Pública,EM Cecilia Cristina de Oliveira Rodrigues,Cursando,Quartzo,5.6127,5.0,6.25,6.25,8.502,5.625,2.5,4.75,Fase 2 (5° e 6° ano),-2,,,6.0,6.5,,,,,2.0,,,,,2.0,,False,False,False,False,False,False,False,False,False,False,False,False,True,True
RA-1333,2024,Aluno-1333,ALFA,ALFA L - G2/G3,Masculino,9.0,2024,Pública,EE Helio Luiz Dobrochinski Prof,Cursando,Topázio,8.213199999999999,5.0,9.25,10.0,7.502,6.255,9.375,7.75,Fase 1 (3° e 4° ano),-1,,,10.0,8.5,,,,,2.0,,,,,1.0,,False,False,False,False,False,False,False,False,False,False,False,False,False,False
RA-934,2024,Aluno-934,ALFA,ALFA L - G2/G3,Feminino,9.0,2023,Pública,EM Amanda Consuelo da Cunha,Cursando,Topázio,8.338700000000001,5.0,8.5,9.75,9.502,7.51,9.375,7.75,Fase 1 (3° e 4° ano),-1,,,10.0,7.0,,,,,2.0,,,,,1.0,,False,False,False,False,False,False,False,False,False,False,False,False,False,False
RA-1334,2024,Aluno-1334,ALFA,ALFA L - G2/G3,Masculino,9.0,2024,Pública,EE Helio Luiz Dobrochinski Prof,Cursando,Topázio,8.350200000000001,5.0,9.0,10.0,10.002,5.625,9.375,7.75,Fase 1 (3° e 4° ano),-1,,,10.0,8.0,,,,,2.0,,,,,1.0,,False,False,False,False,False,False,False,False,False,False,False,False,False,False
RA-941,2024,Aluno-941,ALFA,ALFA L - G2/G3,Feminino,9.0,2023,Pública,EM Amanda Consuelo da Cunha,Cursando,Ametista,7.746700000000001,5.0,8.75,9.25,8.002,5.01,8.125,7.665,Fase 1 (3° e 4° ano),-1,,,10.0,7.5,,,,,2.0,,,,,1.0,,False,False,False,False,False,False,False,False,False,False,False,False,False,False
RA-756,2024,Aluno-756,ALFA,ALFA L - G2/G3,Masculino,11.0,2022,Pública,EM Amanda Consuelo da Cunha,Cursando,Ametista,7.361700000000001,5.0,5.5,8.75,10.002,7.51,8.125,7.24,Fase 2 (5° e 6° ano),-2,,,10.0,1.0,,,,,2.0,,,,,2.0,,False,False,False,False,False,False,False,False,False,False,False,False,False,False
RA-1335,2024,Aluno-1335,ALFA,ALFA L - G2/G3,Masculino,10.0,2024,Pública,EE Helio Luiz Dobrochinski Prof,Cursando,Topázio,8.3217,5.0,8.75,9.75,9.002,7.51,9.375,7.665,Fase 2 (5° e 6° ano),-2,,,10.0,7.5,,,,,2.0,,,,,2.0,,False,False,False,False,False,False,False,False,False,False,False,False,False,False
RA-773,2024,Aluno-773,ALFA,ALFA L - G2/G3,Feminino,10.0,2022,Pública,EM Cecilia Cristina de Oliveira Rodrigues,Cursando,Ágata,6.566200000000001,5.0,5.0,8.75,10.002,2.51,7.5,6.575,Fase 2 (5° e 6° ano),-2,,,8.0,2.0,,,,,2.0,,,,,2.0,,False,False,False,False,False,False,False,False,False,False,False,True,False,False
RA-938,2024,Aluno-938,ALFA,ALFA L - G2/G3,Masculino,10.0,2023,Pública,EM Amanda Consuelo da Cunha,Cursando,Topázio,8.0056026915,5.0,7.75,9.544513457499999,9.502,7.51,8.125,7.665,Fase 1 (3° e 4° ano),-1,,,10.0,5.5,,,,,2.0,,,,,1.0,,False,False,False,False,False,False,False,False,False,False,False,False,False,False
RA-1336,2024,Aluno-1336,ALFA,ALFA M - G0/G1,Feminino,8.0,2024,Pública,EE Helio Luiz Dobrochinski Prof,Cursando,Ametista,7.141365631500001,5.0,9.5,6.2008281575,9.502,2.51,7.5,7.75,Fase 1 (3° e 4° ano),-1,,,10.0,9.0,,,,,2.0,,,,,1.0,,False,False,False,False,False,False,False,False,False,False,False,True,False,False
RA-1337,2024,Aluno-1337,ALFA,ALFA M - G0/G1,Masculino,10.0,2024,Pública,EE Helio Luiz Dobrochinski Prof,Cursando,Ágata,6.015144444400001,5.0,6.0,4.722222222,8.002,7.51,6.875,5.66,Fase 2 (5° e 6° ano),-2,,,6.0,6.0,,,,,2.0,,,,,2.0,,False,False,False,False,False,False,False,False,False,False,False,False,False,False
RA-1338,2024,Aluno-1338,ALFA,ALFA M - G0/G1,Masculino,8.0,2024,Pública,EM Cecilia Cristina de Oliveira Rodrigues,Cursando,Ágata,6.1368428571,5.0,3.0,8.6607142855,8.002,7.51,6.875,5.33,Fase 1 (3° e 4° ano),-1,,,2.0,4.0,,,,,2.0,,,,,1.0,,False,False,False,False,False,False,False,False,False,False,False,False,False,False
RA-1339,2024,Aluno-1339,ALFA,ALFA M - G0/G1,Feminino,8.0,2024,Pública,EE Helio Luiz Dobrochinski Prof,Cursando,Ametista,7.3547,5.0,8.75,10.0,8.502,6.885,5.0,5.33,Fase 1 (3° e 4° ano),-1,,,10.0,7.5,,,,,2.0,,,,,1.0,,False,False,False,False,False,False,False,False,False,False,False,False,True,False
RA-1340,2024,Aluno-1340,ALFA,ALFA M - G0/G1,Feminino,8.0,2024,Pública,EM Etelvina Delfim Simões,Cursando,Topázio,8.3422714286,10.0,10.0,8.392857143,9.502,7.51,5.625,7.0,ALFA (1° e 2° ano),0,,,10.0,10.0,,,,,2.0,,,,,1.0,,False,False,False,False,False,False,False,False,False,False,False,False,True,False
RA-1341,2024,Aluno-1341,ALFA,ALFA M - G0/G1,Masculino,9.0,2024,Pública,EE Helio Luiz Dobrochinski Prof,Cursando,Ametista,7.862906349200001,5.0,10.0,9.246031746,10.002,7.51,5.625,6.0,Fase 1 (3° e 4° ano),-1,,,10.0,10.0,,,,,2.0,,,,,1.0,,False,False,False,False,False,False,False,False,False,False,False,False,True,False
RA-947,2024,Aluno-947,ALFA,ALFA M - G0/G1,Masculino,9.0,2023,Pública,EE Helio Luiz Dobrochinski Prof,Cursando,Ágata,6.053509523800001,5.0,4.5,7.619047619,9.002,7.51,5.625,4.58,Fase 1 (3° e 4° ano),-1,,,4.0,5.0,,,,,2.0,,,,,1.0,,False,False,False,False,False,False,False,False,False,False,False,False,True,True
RA-1342,2024,Aluno-1342,ALFA,ALFA M - G0/G1,Masculino,8.0,2024,Pública,EM Cecilia Cristina de Oliveira Rodrigues,Cursando,Ametista,7.8185809524000005,5.0,9.0,9.761904762,9.502,7.51,7.5,5.575,Fase 1 (3° e 4° ano),-1,,,10.0,8.0,,,,,2.0,,,,,1.0,,False,False,False,False,False,False,False,False,False,False,False,False,False,False
RA-1343,2024,Aluno-1343,ALFA,ALFA M - G0/G1,Feminino,7.0,2024,Pública,EE Helio Luiz Dobrochinski Prof,Cursando,Topázio,8.8262,10.0,9.75,10.0,8.002,7.51,6.25,8.5,ALFA (1° e 2° ano),0,,,10.0,9.5,,,,,2.0,,,,,1.0,,False,False,False,False,False,False,False,False,False,False,False,False,False,False
RA-1344,2024,Aluno-1344,ALFA,ALFA N - G2/G3,Feminino,8.0,2024,Pública,EE Helio Luiz Dobrochinski Prof,Cursando,Topázio,9.3612,10.0,10.0,10.0,8.502,7.51,8.75,9.425,ALFA (1° e 2° ano),0,,,10.0,10.0,,,,,2.0,,,,,1.0,,False,False,False,False,False,False,False,False,False,False,False,False,False,False
RA-945,2024,Aluno-945,ALFA,ALFA N - G2/G3,Masculino,9.0,2023,Pública,EM Cecilia Cristina de Oliveira Rodrigues,Cursando,Ametista,7.4195809524000005,5.0,8.75,9.511904762,9.002,2.51,7.5,6.83,Fase 1 (3° e 4° ano),-1,,,10.0,7.5,,,,,2.0,,,,,1.0,,False,False,False,False,False,False,False,False,False,False,False,True,False,False
RA-946,2024,Aluno-946,ALFA,ALFA N - G2/G3,Masculino,8.0,2023,Pública,EE Helio Luiz Dobrochinski Prof,Cursando,Ágata,6.677723809500001,5.0,4.5,8.7976190475,9.502,2.51,7.5,7.835,Fase 1 (3° e 4° ano),-1,,,3.0,6.0,,,,,2.0,,,,,1.0,,False,False,False,False,False,False,False,False,False,False,False,True,False,False
RA-1345,2024,Aluno-1345,ALFA,ALFA N - G2/G3,Masculino,9.0,2023,Pública,EM Cecilia Cristina de Oliveira Rodrigues,Cursando,Ametista,7.2340128655000004,5.0,6.25,9.4590643275,8.502,7.51,6.25,6.83,Fase 1 (3° e 4° ano),-1,,,6.0,6.5,,,,,2.0,,,,,1.0,,False,False,False,False,False,False,False,False,False,False,False,False,False,False
RA-771,2024,Aluno-771,ALFA,ALFA N - G2/G3,Feminino,9.0,2022,Pública,EM Cecilia Cristina de Oliveira Rodrigues,Cursando,Ágata,6.066009523800001,5.0,6.5,6.619047619,8.502,3.135,5.625,6.08,Fase 1 (3° e 4° ano),-1,,,6.5,6.5,,,,,2.0,,,,,1.0,,False,False,False,False,False,False,False,False,False,False,False,True,True,False
RA-1346,2024,Aluno-1346,ALFA,ALFA N - G2/G3,Masculino,8.0,2024,Pública,EM Cecilia Cristina de Oliveira Rodrigues,Cursando,Ametista,7.3701047619,10.0,5.5,8.0595238095,9.502,7.51,6.25,6.66,ALFA (1° e 2° ano),0,,,5.0,6.0,,,,,2.0,,,,,1.0,,False,False,False,False,False,False,False,False,False,False,False,False,False,False
RA-1347,2024,Aluno-1347,ALFA,ALFA N - G2/G3,Masculino,9.0,2024,Pública,EE Helio Luiz Dobrochinski Prof,Cursando,Ágata,6.153842857100001,5.0,5.0,8.7857142855,8.502,2.51,5.625,6.165,Fase 1 (3° e 4° ano),-1,,,5.0,5.0,,,,,2.0,,,,,1.0,,False,False,False,False,False,False,False,False,False,False,False,True,True,False
RA-949,2024,Aluno-949,ALFA,ALFA N - G2/G3,Feminino,9.0,2023,Pública,EE Luiz Schunck,Cursando,Ametista,7.1323428571,5.0,6.5,8.7857142855,9.002,7.51,6.25,6.495,Fase 1 (3° e 4° ano),-1,,,6.0,7.0,,,,,2.0,,,,,1.0,,False,False,False,False,False,False,False,False,False,False,False,False,False,False
RA-950,2024,Aluno-950,ALFA,ALFA N - G2/G3,Feminino,9.0,2023,Pública,EE Helio Luiz Dobrochinski Prof,Cursando,Ametista,7.693461904800001,5.0,7.0,9.023809524,9.502,7.51,6.875,8.0,Fase 1 (3° e 4° ano),-1,,,7.5,6.5,,,,,2.0,,,,,1.0,,False,False,False,False,False,False,False,False,False,False,False,False,False,False
RA-951,2024,Aluno-951,ALFA,ALFA N - G2/G3,Feminino,8.0,2023,Privada,João Friaza Colégio,Cursando,Ágata,6.4483428571,5.0,4.0,9.0357142855,10.002,2.51,6.25,7.325,Fase 1 (3° e 4° ano),-1,,,5.0,3.0,,,,,2.0,,,,,1.0,,False,False,False,False,False,False,False,False,False,False,False,True,False,False
RA-1002,2024,Aluno-1002,ALFA,ALFA N - G2/G3,Feminino,10.0,2023,Pública,EM Cecilia Cristina de Oliveira Rodrigues,Cursando,Ametista,7.967866666700001,5.0,9.25,7.833333333500001,9.002,7.51,7.5,8.25,Fase 1 (3° e 4° ano),-1,,,10.0,8.5,,,,,2.0,,,,,1.0,,False,False,False,False,False,False,False,False,False,False,False,False,False,False
RA-774,2024,Aluno-774,ALFA,ALFA N - G2/G3,Feminino,10.0,2022,Pública,EM Cecilia Cristina de Oliveira Rodrigues,Cursando,Quartzo,5.685771428600001,5.0,3.75,6.3928571430000005,10.002,2.51,6.25,6.405,Fase 1 (3° e 4° ano),-1,,,2.0,5.5,,,,,2.0,,,,,1.0,,False,False,False,False,False,False,False,False,False,False,False,True,False,False
RA-749,2024,Aluno-749,ALFA,ALFA O - G2/G3,Masculino,10.0,2022,Pública,EM Amanda Consuelo da Cunha,Cursando,Topázio,8.3373184211,5.0,8.75,9.7368421055,9.502,8.13,8.4375,7.665,Fase 2 (5° e 6° ano),-2,,,10.0,7.5,,,,,2.0,,,,,2.0,,False,False,False,False,False,False,False,False,False,False,False,False,False,False
RA-929,2024,Aluno-929,ALFA,ALFA O - G2/G3,Feminino,9.0,2023,Pública,EM Amanda Consuelo da Cunha,Cursando,Ametista,7.7244368421,5.0,6.75,9.4736842105,9.002,7.51,8.125,7.58,Fase 1 (3° e 4° ano),-1,,,7.0,6.5,,,,,2.0,,,,,1.0,,False,False,False,False,False,False,False,False,False,False,False,False,False,False
RA-930,2024,Aluno-930,ALFA,ALFA O - G2/G3,Masculino,9.0,2023,Pública,EE Jardim Campestre,Cursando,Ametista,7.9298184211,5.0,8.0,9.7368421055,8.502,7.51,7.8125,7.5,Fase 1 (3° e 4° ano),-1,,,8.0,8.0,,,,,2.0,,,,,1.0,,False,False,False,False,False,False,False,False,False,False,False,False,False,False
RA-787,2024,Aluno-787,ALFA,ALFA O - G2/G3,Masculino,10.0,2022,Pública,EE Helio Luiz Dobrochinski Prof,Cursando,Ametista,7.73495,5.0,7.25,9.75,9.002,7.51,7.1875,7.325,Fase 1 (3° e 4° ano),-1,,,10.0,4.5,,,,,2.0,,,,,1.0,,False,False,False,False,False,False,False,False,False,False,False,False,False,False
RA-1348,2024,Aluno-1348,ALFA,ALFA O - G2/G3,Masculino,8.0,2024,Pública,EE Jardim Silvania,Cursando,Ametista,7.9604662539,5.0,9.0,8.5913312695,7.502,7.51,8.75,7.83,Fase 1 (3° e 4° ano),-1,,,10.0,8.0,,,,,2.0,,,,,1.0,,False,False,False,False,False,False,False,False,False,False,False,False,False,False
RA-935,2024,Aluno-935,ALFA,ALFA O - G2/G3,Masculino,10.0,2023,Pública,EE Jardim Campestre,Cursando,Topázio,8.3422,5.0,8.5,10.0,9.502,7.51,8.75,7.83,Fase 1 (3° e 4° ano),-1,,,10.0,7.0,,,,,2.0,,,,,1.0,,False,False,False,False,False,False,False,False,False,False,False,False,False,False
RA-1349,2024,Aluno-1349,ALFA,ALFA O - G2/G3,Masculino,10.0,2024,Pública,EE Jardim Campestre,Cursando,Ametista,7.855727777800001,5.0,8.5,8.388888889,8.002,7.51,8.4375,7.915,Fase 1 (3° e 4° ano),-1,,,10.0,7.0,,,,,2.0,,,,,1.0,,False,False,False,False,False,False,False,False,False,False,False,False,False,False
RA-937,2024,Aluno-937,ALFA,ALFA O - G2/G3,Feminino,9.0,2023,Pública,EE Helio Luiz Dobrochinski Prof,Cursando,Topázio,8.3792,5.0,7.5,10.0,10.002,9.38,8.75,7.83,Fase 1 (3° e 4° ano),-1,,,8.0,7.0,,,,,2.0,,,,,1.0,,False,False,False,False,False,False,False,False,False,False,False,False,False,False
RA-1350,2024,Aluno-1350,ALFA,ALFA O - G2/G3,Feminino,10.0,2024,Pública,EE Jardim Campestre,Cursando,Topázio,8.335450000000002,5.0,8.5,10.0,8.502,8.755,8.4375,7.83,Fase 2 (5° e 6° ano),-2,,,10.0,7.0,,,,,2.0,,,,,2.0,,False,False,False,False,False,False,False,False,False,False,False,False,False,False
RA-1351,2024,Aluno-1351,ALFA,ALFA O - G2/G3,Masculino,9.0,2024,Pública,EE Helio Luiz Dobrochinski Prof,Cursando,Topázio,8.1861038462,5.0,8.75,9.230769231,9.002,8.13,8.4375,7.665,Fase 1 (3° e 4° ano),-1,,,10.0,7.5,,,,,2.0,,,,,1.0,,False,False,False,False,False,False,False,False,False,False,False,False,False,False
RA-959,2024,Aluno-959,ALFA,ALFA O - G2/G3,Masculino,9.0,2023,Pública,EE Jardim Campestre,Cursando,Topázio,8.379818421100001,5.0,9.5,9.7368421055,10.002,7.51,7.8125,7.5,Fase 1 (3° e 4° ano),-1,,,10.0,9.0,,,,,2.0,,,,,1.0,,False,False,False,False,False,False,False,False,False,False,False,False,False,False
RA-1352,2024,Aluno-1352,ALFA,ALFA O - G2/G3,Masculino,9.0,2024,Pública,EM Amanda Consuelo da Cunha,Cursando,Topázio,8.289950000000001,5.0,8.5,9.5,10.002,8.13,8.4375,7.665,Fase 1 (3° e 4° ano),-1,,,8.0,9.0,,,,,2.0,,,,,1.0,,False,False,False,False,False,False,False,False,False,False,False,False,False,False
RA-1353,2024,Aluno-1353,ALFA,ALFA Q - G2/G3,Feminino,10.0,2024,Pública,EE Luiz Schunck,Cursando,Ágata,6.454700000000001,5.0,3.0,9.5,8.002,7.51,6.875,6.08,Fase 1 (3° e 4° ano),-1,,,3.5,2.5,,,,,2.0,,,,,1.0,,False,False,False,False,False,False,False,False,False,False,False,False,False,False
RA-1354,2024,Aluno-1354,ALFA,ALFA Q - G2/G3,Feminino,10.0,2024,Pública,EE Luiz Schunck,Cursando,Ametista,7.353427272700001,5.0,6.0,8.3636363635,9.502,7.51,8.125,7.335,Fase 1 (3° e 4° ano),-1,,,6.5,5.5,,,,,2.0,,,,,1.0,,False,False,False,False,False,False,False,False,False,False,False,False,False,False
RA-979,2024,Aluno-979,ALFA,ALFA Q - G2/G3,Masculino,9.0,2023,Pública,EM Etelvina Delfim Simões,Cursando,Topázio,8.0352454545,5.0,8.25,9.5227272725,9.502,7.51,8.125,7.335,Fase 1 (3° e 4° ano),-1,,,9.5,7.0,,,,,2.0,,,,,1.0,,False,False,False,False,False,False,False,False,False,False,False,False,False,False
RA-1355,2024,Aluno-1355,ALFA,ALFA Q - G2/G3,Masculino,10.0,2024,Pública,EE Helio Luiz Dobrochinski Prof,Cursando,Ametista,7.202245454500001,5.0,7.0,6.5227272725,10.002,7.51,8.125,7.17,Fase 1 (3° e 4° ano),-1,,,8.0,6.0,,,,,2.0,,,,,1.0,,False,False,False,False,False,False,False,False,False,False,False,False,False,False
RA-971,2024,Aluno-971,ALFA,ALFA Q - G2/G3,Masculino,9.0,2023,Pública,EE Luiz Schunck,Cursando,Ágata,6.8916181818,5.0,6.75,7.909090909,7.418,7.51,7.5,6.085,Fase 1 (3° e 4° ano),-1,,,8.5,5.0,,,,,2.0,,,,,1.0,,False,False,False,False,False,False,False,False,False,False,False,False,False,False
RA-972,2024,Aluno-972,ALFA,ALFA Q - G2/G3,Masculino,9.0,2023,Pública,EM Etelvina Delfim Simões,Cursando,Ametista,7.537472727300001,5.0,6.75,8.3863636365,9.502,7.51,8.75,7.17,Fase 1 (3° e 4° ano),-1,,,8.0,5.5,,,,,2.0,,,,,1.0,,False,False,False,False,False,False,False,False,False,False,False,False,False,False
RA-965,2024,Aluno-965,ALFA,ALFA Q - G2/G3,Feminino,10.0,2023,Pública,EE Luiz Schunck,Cursando,Ágata,6.1376545455,5.0,2.25,6.4772727275,9.002,7.51,8.75,6.83,Fase 2 (5° e 6° ano),-2,,,2.0,2.5,,,,,2.0,,,,,2.0,,False,False,False,False,False,False,False,False,False,False,False,False,False,False
RA-973,2024,Aluno-973,ALFA,ALFA Q - G2/G3,Masculino,10.0,2023,Pública,EM Cecilia Cristina de Oliveira Rodrigues,Cursando,Ágata,6.9318363636,5.0,3.75,9.318181818,10.002,7.51,7.5,6.585,Fase 2 (5° e 6° ano),-2,,,6.5,1.0,,,,,2.0,,,,,2.0,,False,False,False,False,False,False,False,False,False,False,False,False,False,False
RA-1356,2024,Aluno-1356,ALFA,ALFA Q - G2/G3,Feminino,8.0,2024,Pública,EE Helio Luiz Dobrochinski Prof,Cursando,Ametista,7.8695888889,10.0,5.5,9.4444444445,9.002,7.51,8.125,7.085,ALFA (1° e 2° ano),0,,,5.5,5.5,,,,,2.0,,,,,1.0,,False,False,False,False,False,False,False,False,False,False,False,False,False,False
RA-966,2024,Aluno-966,ALFA,ALFA Q - G2/G3,Masculino,10.0,2023,Pública,EE Helio Luiz Dobrochinski Prof,Cursando,Ametista,7.9943363636,5.0,9.0,8.568181818,9.502,7.51,8.125,7.335,Fase 2 (5° e 6° ano),-2,,,9.5,8.5,,,,,2.0,,,,,2.0,,False,False,False,False,False,False,False,False,False,False,False,False,False,False
RA-1357,2024,Aluno-1357,ALFA,ALFA Q - G2/G3,Masculino,9.0,2024,Pública,EE Luiz Schunck,Cursando,Ametista,7.1807,5.0,6.75,7.5,8.002,7.51,8.125,7.335,Fase 1 (3° e 4° ano),-1,,,8.0,5.5,,,,,2.0,,,,,1.0,,False,False,False,False,False,False,False,False,False,False,False,False,False,False
RA-969,2024,Aluno-969,ALFA,ALFA Q - G2/G3,Masculino,9.0,2023,Pública,EE Helio Luiz Dobrochinski Prof,Cursando,Ametista,7.453427272700001,5.0,7.25,7.8636363634999995,9.002,7.51,8.125,7.335,Fase 1 (3° e 4° ano),-1,,,9.0,5.5,,,,,2.0,,,,,1.0,,False,False,False,False,False,False,False,False,False,False,False,False,False,False
RA-1358,2024,Aluno-1358,ALFA,ALFA R - G0/G1,Feminino,7.0,2024,Pública,EE Luiz Schunck,Cursando,Ágata,6.552990476200001,10.0,4.0,7.380952381,9.168,5.01,6.25,6.17,ALFA (1° e 2° ano),0,,,4.0,4.0,,,,,2.0,,,,,1.0,,False,False,False,False,False,False,False,False,False,False,False,False,False,False
RA-1359,2024,Aluno-1359,ALFA,ALFA R - G0/G1,Feminino,7.0,2024,Pública,EE Luiz Schunck,Cursando,Ametista,7.2102,10.0,6.0,9.0,8.502,5.635,5.625,6.17,ALFA (1° e 2° ano),0,,,4.0,8.0,,,,,2.0,,,,,1.0,,False,False,False,False,False,False,False,False,False,False,False,False,True,False
RA-1360,2024,Aluno-1360,ALFA,ALFA R - G0/G1,Masculino,8.0,2024,Pública,EE Luiz Schunck,Cursando,Ágata,6.8480623189,10.0,5.0,7.0018115945,8.502,7.51,5.625,6.42,ALFA (1° e 2° ano),0,,,0.0,10.0,,,,,2.0,,,,,1.0,,False,False,False,False,False,False,False,False,False,False,False,False,True,False
RA-1361,2024,Aluno-1361,ALFA,ALFA R - G0/G1,Feminino,8.0,2024,Pública,EE Helio Luiz Dobrochinski Prof,Cursando,Topázio,8.738700000000001,10.0,10.0,9.375,9.502,5.635,7.5,8.0,ALFA (1° e 2° ano),0,,,10.0,10.0,,,,,2.0,,,,,1.0,,False,False,False,False,False,False,False,False,False,False,False,False,False,False
RA-975,2024,Aluno-975,ALFA,ALFA R - G0/G1,Feminino,8.0,2023,Pública,EE Luiz Schunck,Cursando,Ametista,7.1463666667000005,5.0,8.0,7.708333333500001,8.502,5.01,6.875,7.33,Fase 1 (3° e 4° ano),-1,,,8.0,8.0,,,,,2.0,,,,,1.0,,False,False,False,False,False,False,False,False,False,False,False,False,False,False
RA-1362,2024,Aluno-1362,ALFA,ALFA R - G0/G1,Masculino,7.0,2024,Pública,EE Luiz Schunck,Cursando,Ametista,7.709200000000001,10.0,8.5,6.875,10.002,5.635,6.875,6.915,ALFA (1° e 2° ano),0,,,8.0,9.0,,,,,2.0,,,,,1.0,,False,False,False,False,False,False,False,False,False,False,False,False,False,False
RA-977,2024,Aluno-977,ALFA,ALFA R - G0/G1,Feminino,8.0,2023,Pública,EE Luiz Schunck,Cursando,Ametista,7.188033333300001,5.0,7.0,7.291666666499999,10.002,6.26,6.875,7.58,Fase 1 (3° e 4° ano),-1,,,5.0,9.0,,,,,2.0,,,,,1.0,,False,False,False,False,False,False,False,False,False,False,False,False,False,False
RA-1363,2024,Aluno-1363,ALFA,ALFA S - G2/G3,Feminino,7.0,2024,Pública,EE Luiz Schunck,Cursando,Ametista,7.690800000000001,10.0,6.5,10.0,7.418,5.635,6.875,6.99,ALFA (1° e 2° ano),0,,,6.5,6.5,,,,,2.0,,,,,1.0,,False,False,False,False,False,False,False,False,False,False,False,False,False,False
RA-981,2024,Aluno-981,ALFA,ALFA S - G2/G3,Feminino,8.0,2023,Pública,EE Helio Luiz Dobrochinski Prof,Cursando,Ágata,6.6513739130000005,5.0,6.0,7.010869565,9.002,6.26,6.25,6.99,Fase 1 (3° e 4° ano),-1,,,6.0,6.0,,,,,2.0,,,,,1.0,,False,False,False,False,False,False,False,False,False,False,False,False,False,False
RA-1364,2024,Aluno-1364,ALFA,ALFA S - G2/G3,Masculino,9.0,2024,Pública,EE Luiz Schunck,Cursando,Ametista,7.570033333300001,5.0,8.75,8.4166666665,8.002,7.51,6.875,6.99,Fase 1 (3° e 4° ano),-1,,,9.5,8.0,,,,,2.0,,,,,1.0,,False,False,False,False,False,False,False,False,False,False,False,False,False,False
RA-1365,2024,Aluno-1365,ALFA,ALFA S - G2/G3,Masculino,9.0,2024,Pública,EM Cecilia Cristina de Oliveira Rodrigues,Cursando,Ametista,7.3700333333,5.0,6.5,9.7916666665,9.002,6.26,6.875,6.99,Fase 1 (3° e 4° ano),-1,,,5.5,7.5,,,,,2.0,,,,,1.0,,False,False,False,False,False,False,False,False,False,False,False,False,False,False
RA-1366,2024,Aluno-1366,ALFA,ALFA S - G2/G3,Feminino,8.0,2024,Pública,EE Luiz Schunck,Cursando,Ágata,6.919852173900001,5.0,6.5,6.6032608695,9.002,7.51,7.5,6.99,Fase 1 (3° e 4° ano),-1,,,6.5,6.5,,,,,2.0,,,,,1.0,,False,False,False,False,False,False,False,False,False,False,False,False,False,False
RA-974,2024,Aluno-974,ALFA,ALFA S - G2/G3,Masculino,8.0,2023,Pública,EE Helio Luiz Dobrochinski Prof,Cursando,Ametista,7.6077217391,5.0,6.5,9.282608695499999,9.502,7.51,7.5,7.5,Fase 1 (3° e 4° ano),-1,,,6.0,7.0,,,,,2.0,,,,,1.0,,False,False,False,False,False,False,False,False,False,False,False,False,False,False
RA-1367,2024,Aluno-1367,ALFA,ALFA S - G2/G3,Feminino,8.0,2024,Pública,EE Helio Luiz Dobrochinski Prof,Cursando,Topázio,8.427286956500001,10.0,8.75,8.3804347825,10.002,7.51,7.5,7.5,ALFA (1° e 2° ano),0,,,9.0,8.5,,,,,2.0,,,,,1.0,,False,False,False,False,False,False,False,False,False,False,False,False,False,False
RA-1368,2024,Aluno-1368,ALFA,ALFA S - G2/G3,Masculino,8.0,2024,Pública,EE Luiz Schunck,Cursando,Topázio,8.6012,10.0,9.5,10.0,7.002,7.51,7.5,7.5,ALFA (1° e 2° ano),0,,,10.0,9.0,,,,,2.0,,,,,1.0,,False,False,False,False,False,False,False,False,False,False,False,False,False,False
RA-1369,2024,Aluno-1369,ALFA,ALFA S - G2/G3,Feminino,7.0,2024,Pública,EE Luiz Schunck,Cursando,Topázio,8.052286956500001,10.0,8.0,8.6304347825,8.502,6.26,7.5,7.5,ALFA (1° e 2° ano),0,,,8.0,8.0,,,,,2.0,,,,,1.0,,False,False,False,False,False,False,False,False,False,False,False,False,False,False
RA-978,2024,Aluno-978,ALFA,ALFA S - G2/G3,Feminino,8.0,2023,Pública,EE Luiz Schunck,Cursando,Ametista,7.4637,5.0,6.5,9.5,9.502,6.26,6.875,7.5,Fase 1 (3° e 4° ano),-1,,,6.0,7.0,,,,,2.0,,,,,1.0,,False,False,False,False,False,False,False,False,False,False,False,False,False,False
RA-1370,2024,Aluno-1370,ALFA,ALFA S - G2/G3,Masculino,9.0,2024,Pública,EE Luiz Schunck,Cursando,Topázio,8.0456444444,5.0,9.0,8.722222222,10.002,7.51,7.5,7.5,Fase 1 (3° e 4° ano),-1,,,10.0,8.0,,,,,2.0,,,,,1.0,,False,False,False,False,False,False,False,False,False,False,False,False,False,False
RA-1371,2024,Aluno-1371,ALFA,ALFA S - G2/G3,Feminino,11.0,2024,Pública,EE Helio Luiz Dobrochinski Prof,Cursando,Ágata,6.4843521739,5.0,4.5,6.9782608695,7.502,7.51,6.875,7.5,Fase 1 (3° e 4° ano),-1,,,3.0,6.0,,,,,2.0,,,,,1.0,,False,False,False,False,False,False,False,False,False,False,False,False,False,False
RA-1372,2024,Aluno-1372,ALFA,ALFA T - G2/G3,Feminino,8.0,2024,Pública,EE Jardim Silvania,Cursando,Ametista,7.9632000000000005,10.0,4.75,10.0,9.502,8.13,7.5,7.5,ALFA (1° e 2° ano),0,,,3.0,6.5,,,,,2.0,,,,,1.0,,False,False,False,False,False,False,False,False,False,False,False,False,False,False
RA-1373,2024,Aluno-1373,ALFA,ALFA T - G2/G3,Feminino,9.0,2024,Pública,EE Joaquim Mendes Feliz,Cursando,Ametista,7.577286956500001,5.0,6.75,8.8804347825,9.502,7.51,7.5,7.5,Fase 1 (3° e 4° ano),-1,,,6.0,7.5,,,,,2.0,,,,,1.0,,False,False,False,False,False,False,False,False,False,False,False,False,False,False
RA-1374,2024,Aluno-1374,ALFA,ALFA T - G2/G3,Masculino,9.0,2024,Pública,EE Dom Pedro Villas Boas de Souza,Cursando,Ametista,7.3707652174,5.0,5.25,9.347826087,9.502,7.51,7.5,7.5,Fase 1 (3° e 4° ano),-1,,,5.0,5.5,,,,,2.0,,,,,1.0,,False,False,False,False,False,False,False,False,False,False,False,False,False,False
RA-1375,2024,Aluno-1375,ALFA,ALFA T - G2/G3,Masculino,9.0,2024,Pública,EE Dom Pedro Villas Boas de Souza,Cursando,Topázio,8.101200000000002,5.0,8.25,10.0,9.502,7.51,7.5,7.5,Fase 1 (3° e 4° ano),-1,,,10.0,6.5,,,,,2.0,,,,,1.0,,False,False,False,False,False,False,False,False,False,False,False,False,False,False
RA-1376,2024,Aluno-1376,ALFA,ALFA T - G2/G3,Masculino,9.0,2024,Pública,EE Dom Pedro Villas Boas de Souza,Cursando,Topázio,8.2742769231,5.0,9.75,9.6153846155,9.002,7.51,7.5,7.5,Fase 1 (3° e 4° ano),-1,,,10.0,9.5,,,,,2.0,,,,,1.0,,False,False,False,False,False,False,False,False,False,False,False,False,False,False
RA-994,2024,Aluno-994,ALFA,ALFA T - G2/G3,Feminino,9.0,2023,Pública,EE Levi Pereira Martins Professor,Cursando,Ametista,7.7982217391,5.0,8.25,9.532608695499999,9.002,6.88,6.875,7.33,Fase 1 (3° e 4° ano),-1,,,10.0,6.5,,,,,2.0,,,,,1.0,,False,False,False,False,False,False,False,False,False,False,False,False,False,False
RA-1377,2024,Aluno-1377,ALFA,ALFA T - G2/G3,Masculino,8.0,2024,Pública,EE Dom Pedro Villas Boas de Souza,Cursando,Ametista,7.8987,10.0,5.5,10.0,9.002,8.13,6.875,6.99,ALFA (1° e 2° ano),0,,,5.0,6.0,,,,,2.0,,,,,1.0,,False,False,False,False,False,False,False,False,False,False,False,False,False,False
RA-1378,2024,Aluno-1378,ALFA,ALFA U - G2/G3,Feminino,10.0,2024,Pública,EM Cecilia Cristina de Oliveira Rodrigues,Cursando,Ametista,7.6703428571,5.0,6.75,9.2857142855,9.002,8.13,7.5,7.5,Fase 1 (3° e 4° ano),-1,,,7.5,6.0,,,,,2.0,,,,,1.0,,False,False,False,False,False,False,False,False,False,False,False,False,False,False
RA-1379,2024,Aluno-1379,ALFA,ALFA U - G2/G3,Masculino,8.0,2024,Pública,EE Helio Luiz Dobrochinski Prof,Cursando,Ágata,6.638292105300001,5.0,7.25,8.6842105265,9.502,3.755,5.9375,5.16,Fase 1 (3° e 4° ano),-1,,,8.5,6.0,,,,,2.0,,,,,1.0,,False,False,False,False,False,False,False,False,False,False,False,True,False,False
RA-1380,2024,Aluno-1380,ALFA,ALFA U - G2/G3,Masculino,8.0,2024,Pública,Estuda em outra cidade,Cursando,Ametista,7.964342230600001,10.0,8.0,8.784461152999999,9.502,4.385,7.1875,7.5,ALFA (1° e 2° ano),0,,,10.0,6.0,,,,,2.0,,,,,1.0,,False,False,False,False,False,False,False,False,False,False,False,False,False,False
RA-770,2024,Aluno-770,ALFA,ALFA U - G2/G3,Masculino,9.0,2022,Pública,EE Luiz Schunck,Cursando,Ametista,7.3057112782,5.0,5.0,9.022556391,10.002,7.51,7.5,7.5,Fase 1 (3° e 4° ano),-1,,,4.0,6.0,,,,,2.0,,,,,1.0,,False,False,False,False,False,False,False,False,False,False,False,False,False,False
RA-1381,2024,Aluno-1381,ALFA,ALFA U - G2/G3,Feminino,8.0,2024,Pública,EE Helio Luiz Dobrochinski Prof,Cursando,Topázio,9.038200000000002,10.0,9.5,10.0,9.502,8.13,8.75,7.5,ALFA (1° e 2° ano),0,,,10.0,9.0,,,,,2.0,,,,,1.0,,False,False,False,False,False,False,False,False,False,False,False,False,False,False
RA-1382,2024,Aluno-1382,ALFA,ALFA U - G2/G3,Feminino,9.0,2024,Pública,EE Helio Luiz Dobrochinski Prof,Cursando,Ametista,7.834830952400001,5.0,7.5,9.761904762,8.502,7.51,7.8125,7.5,Fase 1 (3° e 4° ano),-1,,,8.0,7.0,,,,,2.0,,,,,1.0,,False,False,False,False,False,False,False,False,False,False,False,False,False,False
RA-1383,2024,Aluno-1383,ALFA,ALFA U - G2/G3,Feminino,8.0,2024,Pública,EE Luiz Schunck,Cursando,Topázio,8.3720803259,10.0,8.5,9.2606516295,8.502,7.51,7.1875,7.5,ALFA (1° e 2° ano),0,,,10.0,7.0,,,,,2.0,,,,,1.0,,False,False,False,False,False,False,False,False,False,False,False,False,False,False
RA-1384,2024,Aluno-1384,ALFA,ALFA U - G2/G3,Masculino,10.0,2024,Pública,EE Helio Luiz Dobrochinski Prof,Cursando,Ágata,6.221984461100001,5.0,5.0,7.5689223055,8.002,7.51,6.25,5.16,Fase 2 (5° e 6° ano),-2,,,5.0,5.0,,,,,2.0,,,,,2.0,,False,False,False,False,False,False,False,False,False,False,False,False,False,False
RA-1385,2024,Aluno-1385,ALFA,ALFA U - G2/G3,Masculino,8.0,2024,Pública,EE Helio Luiz Dobrochinski Prof,Cursando,Ametista,7.7262,5.0,8.0,10.0,10.002,4.385,6.875,7.5,Fase 1 (3° e 4° ano),-1,,,9.0,7.0,,,,,2.0,,,,,1.0,,False,False,False,False,False,False,False,False,False,False,False,False,False,False
RA-1386,2024,Aluno-1386,ALFA,ALFA U - G2/G3,Feminino,8.0,2024,Pública,EM Cecilia Cristina de Oliveira Rodrigues,Cursando,Ametista,7.803580952400001,5.0,7.25,9.761904762,9.002,7.51,7.5,7.5,Fase 1 (3° e 4° ano),-1,,,8.5,6.0,,,,,2.0,,,,,1.0,,False,False,False,False,False,False,False,False,False,False,False,False,False,False
RA-1387,2024,Aluno-1387,ALFA,ALFA U - G2/G3,Feminino,8.0,2024,Pública,EM Cecilia Cristina de Oliveira Rodrigues,Cursando,Ametista,7.8030796992,5.0,8.0,8.759398496,9.502,7.51,7.5,7.5,Fase 1 (3° e 4° ano),-1,,,9.0,7.0,,,,,2.0,,,,,1.0,,False,False,False,False,False,False,False,False,False,False,False,False,False,False
RA-1388,2024,Aluno-1388,ALFA,ALFA Y - G0/G1,Feminino,8.0,2024,Pública,EE Dom Pedro Villas Boas de Souza,Cursando,Ametista,7.015057142799999,5.0,5.0,8.214285713999999,9.002,6.88,7.5,7.67,Fase 1 (3° e 4° ano),-1,,,4.0,6.0,,,,,2.0,,,,,1.0,,False,False,False,False,False,False,False,False,False,False,False,False,False,False
RA-1389,2024,Aluno-1389,ALFA,ALFA Y - G0/G1,Feminino,7.0,2024,Pública,EE Dom Pedro Villas Boas de Souza,Cursando,Topázio,8.980533333299999,10.0,10.0,9.7916666665,9.002,6.88,7.5,8.42,ALFA (1° e 2° ano),0,,,10.0,10.0,,,,,2.0,,,,,1.0,,False,False,False,False,False,False,False,False,False,False,False,False,False,False
RA-1390,2024,Aluno-1390,ALFA,ALFA Y - G0/G1,Feminino,7.0,2024,Pública,EE Dom Pedro Villas Boas de Souza,Cursando,Topázio,8.4930333333,10.0,8.25,9.7916666665,9.502,5.005,7.5,8.42,ALFA (1° e 2° ano),0,,,8.0,8.5,,,,,2.0,,,,,1.0,,False,False,False,False,False,False,False,False,False,False,False,False,False,False
RA-1391,2024,Aluno-1391,ALFA,ALFA Y - G0/G1,Masculino,7.0,2024,Pública,EE Dom Pedro Villas Boas de Souza,Cursando,Topázio,8.8435333333,10.0,10.0,9.2916666665,8.502,7.51,7.5,8.17,ALFA (1° e 2° ano),0,,,10.0,10.0,,,,,2.0,,,,,1.0,,False,False,False,False,False,False,False,False,False,False,False,False,False,False
RA-1392,2024,Aluno-1392,ALFA,ALFA Y - G0/G1,Masculino,9.0,2024,Pública,EM Etelvina Delfim Simões,Cursando,Quartzo,5.4262,5.0,0.0,5.625,9.002,7.51,7.5,7.0,Fase 1 (3° e 4° ano),-1,,,0.0,0.0,,,,,2.0,,,,,1.0,,False,False,False,True,False,False,False,False,True,False,False,False,False,False
RA-1393,2024,Aluno-1393,ALFA,ALFA Y - G0/G1,Feminino,7.0,2024,Pública,EE Francisco de Paula Teixeira,Cursando,Ametista,7.2597000000000005,10.0,5.0,7.5,9.502,3.755,7.5,8.42,ALFA (1° e 2° ano),0,,,10.0,0.0,,,,,2.0,,,,,1.0,,False,False,False,False,False,False,False,False,False,False,False,True,False,False
RA-990,2024,Aluno-990,1A,1A,Masculino,10.0,2023,Pública,EE Chácara Florida II,Cursando,Ametista,7.812283333400001,5.0,8.0,7.5,9.502,7.51,8.4375,8.336666667,Fase 2 (5° e 6° ano),-1,,,9.5,6.5,,,,,3.0,,,,,2.0,,False,False,False,False,False,False,False,False,False,False,False,False,False,False
RA-1394,2024,Aluno-1394,1A,1A,Feminino,10.0,2024,Pública,EE Chácara Florida II,Cursando,Ametista,7.503255555500002,5.0,5.75,8.6944444445,9.502,7.51,8.125,8.003333333,Fase 2 (5° e 6° ano),-1,,,5.5,6.0,,,,,3.0,,,,,2.0,,False,False,False,False,False,False,False,False,False,False,False,False,False,False
RA-991,2024,Aluno-991,1A,1A,Feminino,10.0,2023,Pública,EM Etelvina Delfim Simões,Cursando,Ametista,7.057230303000001,5.0,6.5,8.181818182,9.002,6.26,7.5,6.723333333,Fase 2 (5° e 6° ano),-1,,,7.0,6.0,,,,,3.0,,,,,2.0,,False,False,False,False,False,False,False,False,False,False,False,False,False,False
RA-1018,2024,Aluno-1018,1A,1A,Masculino,10.0,2023,Pública,EE Dom Pedro Villas Boas de Souza,Cursando,Ametista,7.7054045454,5.0,8.25,7.727272727,8.502,6.26,8.4375,8.45,Fase 2 (5° e 6° ano),-1,,,8.5,8.0,,,,,3.0,,,,,2.0,,False,False,False,False,False,False,False,False,False,False,False,False,False,False
RA-1395,2024,Aluno-1395,1A,1A,Feminino,9.0,2024,Pública,EE Dom Pedro Villas Boas de Souza,Cursando,Topázio,8.5997833334,10.0,7.75,10.0,9.502,7.51,7.8125,7.836666667,Fase 1 (3° e 4° ano),0,,,7.5,8.0,,,,,3.0,,,,,1.0,,False,False,False,False,False,False,False,False,False,False,False,False,False,False
RA-1396,2024,Aluno-1396,1A,1A,Feminino,11.0,2024,Pública,EM Bairro Lagoa Grande,Cursando,Ametista,7.8477,5.0,6.5,10.0,9.502,7.51,8.125,7.67,Fase 2 (5° e 6° ano),-1,,,6.0,7.0,,,,,3.0,,,,,2.0,,False,False,False,False,False,False,False,False,False,False,False,False,False,False
RA-1025,2024,Aluno-1025,1A,1A,Masculino,10.0,2023,Pública,EE Dom Pedro Villas Boas de Souza,Cursando,Ametista,7.897071212,5.0,9.0,7.727272727,9.002,7.51,8.4375,7.783333333,Fase 2 (5° e 6° ano),-1,,,10.0,8.0,,,,,3.0,,,,,2.0,,False,False,False,False,False,False,False,False,False,False,False,False,False,False
RA-1019,2024,Aluno-1019,1A,1A,Feminino,9.0,2023,Pública,EM Etelvina Delfim Simões,Cursando,Topázio,8.692255194900001,10.0,8.75,9.3073593075,9.502,6.26,7.8125,8.616666667,Fase 1 (3° e 4° ano),0,,,9.5,8.0,,,,,3.0,,,,,1.0,,False,False,False,False,False,False,False,False,False,False,False,False,False,False
RA-879,2024,Aluno-879,1A,1A,Feminino,10.0,2023,Pública,EM Etelvina Delfim Simões,Cursando,Topázio,8.1096318182,5.0,8.5,9.090909091,9.502,6.26,7.8125,8.67,Fase 2 (5° e 6° ano),-1,,,8.0,9.0,,,,,3.0,,,,,2.0,,False,False,False,False,False,False,False,False,False,False,False,False,False,False
RA-1020,2024,Aluno-1020,1A,1A,Feminino,10.0,2023,Pública,EE Dom Pedro Villas Boas de Souza,Cursando,Topázio,8.9544954545,10.0,9.0,9.7727272725,9.002,6.88,8.4375,8.84,Fase 1 (3° e 4° ano),0,,,10.0,8.0,,,,,3.0,,,,,1.0,,False,False,False,False,False,False,False,False,False,False,False,False,False,False
RA-1021,2024,Aluno-1021,1A,1A,Masculino,10.0,2023,Pública,EE Dom Pedro Villas Boas de Souza,Cursando,Topázio,8.0985863636,5.0,8.0,9.318181818,9.502,7.51,8.4375,7.95,Fase 2 (5° e 6° ano),-1,,,9.0,7.0,,,,,3.0,,,,,2.0,,False,False,False,False,False,False,False,False,False,False,False,False,False,False
RA-1022,2024,Aluno-1022,1A,1A,Masculino,10.0,2023,Pública,EE Dom Pedro Villas Boas de Souza,Cursando,Ametista,7.613169697000002,5.0,6.5,9.318181818,9.502,6.26,7.5,8.116666667,Fase 2 (5° e 6° ano),-1,,,5.5,7.5,,,,,3.0,,,,,2.0,,False,False,False,False,False,False,False,False,False,False,False,False,False,False
RA-1397,2024,Aluno-1397,1A,1A,Feminino,10.0,2024,Pública,EE Dom Pedro Villas Boas de Souza,Cursando,Ametista,7.8280333334000005,5.0,7.0,10.0,9.002,6.26,8.125,7.946666667,Fase 2 (5° e 6° ano),-1,,,7.0,7.0,,,,,3.0,,,,,2.0,,False,False,False,False,False,False,False,False,False,False,False,False,False,False
RA-699,2024,Aluno-699,1A,1A,Masculino,11.0,2022,Pública,EE Dom Pedro Villas Boas de Souza,Cursando,Ágata,6.427771212000001,5.0,6.5,7.727272727000001,6.334,6.26,6.5625,5.833333333,Fase 2 (5° e 6° ano),-1,,,7.0,6.0,,,,,3.0,,,,,2.0,,False,False,False,False,False,False,False,False,False,False,False,False,False,False
RA-1398,2024,Aluno-1398,1B,1B,Feminino,11.0,2024,Pública,EE Leonice de Aquino Oliveira,Cursando,Ametista,7.989700527000001,5.0,8.0,9.555335968,6.918,7.51,8.125,8.616666667,Fase 2 (5° e 6° ano),-1,,,8.0,8.0,,,,,3.0,,,,,2.0,,False,False,False,False,False,False,False,False,False,False,False,False,False,False
RA-871,2024,Aluno-871,1B,1B,Masculino,10.0,2023,Pública,EE Chácara Florida II,Cursando,Ametista,7.2917293147999995,10.0,7.25,9.328063240999999,8.502,4.38,5.3125,5.783333333,Fase 1 (3° e 4° ano),0,,,6.0,8.5,,,,,3.0,,,,,1.0,,False,False,False,False,False,False,False,False,False,False,False,True,True,False
RA-1399,2024,Aluno-1399,1B,1B,Feminino,11.0,2024,Pública,EE Olivia de Faria Nogueira,Cursando,Ametista,7.438578787899999,5.0,6.0,9.7727272725,9.002,5.005,7.5,8.166666667,Fase 2 (5° e 6° ano),-1,,,6.0,6.0,,,,,3.0,,,,,2.0,,False,False,False,False,False,False,False,False,False,False,False,False,False,False
RA-873,2024,Aluno-873,1B,1B,Feminino,12.0,2023,Pública,EE Olivia de Faria Nogueira,Cursando,Ametista,7.61095,5.0,6.75,10.0,8.002,6.88,7.1875,7.77,Fase 3 (7° e 8° ano),-2,,,7.0,6.5,,,,,3.0,,,,,3.0,,False,False,False,False,False,False,False,False,False,False,False,False,False,False
RA-898,2024,Aluno-898,1B,1B,Masculino,10.0,2023,Pública,EE Dom Pedro Villas Boas de Souza,Cursando,Ametista,7.8661333334000005,5.0,7.5,10.0,6.418,7.51,7.5,8.616666667,Fase 2 (5° e 6° ano),-1,,,9.0,6.0,,,,,3.0,,,,,2.0,,False,False,False,False,False,False,False,False,False,False,False,False,False,False
RA-750,2024,Aluno-750,1B,1B,Masculino,12.0,2021,Pública,EE Mario Francisco de Amorim,Cursando,Quartzo,4.542230369,5.0,3.75,5.938735178,6.249,4.38,4.0625,3.176666667,Fase 3 (7° e 8° ano),-2,,,0.5,7.0,,,,,3.0,,,,,3.0,,False,False,False,False,False,False,True,False,False,False,False,True,True,True
RA-899,2024,Aluno-899,1B,1B,Masculino,9.0,2023,Pública,EE Chácara Florida II,Cursando,Topázio,8.425024769300002,10.0,8.25,9.1007905135,10.002,5.635,8.125,7.893333333,Fase 1 (3° e 4° ano),0,,,8.0,8.5,,,,,3.0,,,,,1.0,,False,False,False,False,False,False,False,False,False,False,False,False,False,False
RA-878,2024,Aluno-878,1B,1B,Masculino,11.0,2023,Pública,EE Chácara Florida II,Cursando,Ágata,6.5335560606000005,5.0,6.75,6.1363636360000005,9.002,4.38,7.1875,6.996666667,Fase 2 (5° e 6° ano),-1,,,6.0,7.5,,,,,3.0,,,,,2.0,,False,False,False,False,False,False,False,False,False,False,False,True,False,False
RA-893,2024,Aluno-893,1B,1B,Masculino,10.0,2023,Pública,EE Chácara Florida II,Cursando,Topázio,8.8910333334,10.0,9.25,10.0,9.002,7.51,8.125,7.886666667,Fase 1 (3° e 4° ano),0,,,10.0,8.5,,,,,3.0,,,,,1.0,,False,False,False,False,False,False,False,False,False,False,False,False,False,False
RA-1024,2024,Aluno-1024,1B,1B,Feminino,11.0,2023,Pública,Escola João Paulo II,Cursando,Topázio,8.6516166666,5.0,10.0,10.0,8.002,7.51,8.4375,8.783333333,Fase 2 (5° e 6° ano),-1,,,10.0,10.0,,,,,3.0,,,,,2.0,,False,False,False,False,False,False,False,False,False,False,False,False,False,False
RA-900,2024,Aluno-900,1B,1B,Feminino,9.0,2023,Pública,EE Dom Pedro Villas Boas de Souza,Cursando,Topázio,8.802003030200002,10.0,8.5,9.318181818,9.002,8.13,8.125,8.563333333,Fase 1 (3° e 4° ano),0,,,8.0,9.0,,,,,3.0,,,,,1.0,,False,False,False,False,False,False,False,False,False,False,False,False,False,False
RA-903,2024,Aluno-903,1B,1B,Feminino,9.0,2023,Pública,EE Dom Pedro Villas Boas de Souza,Cursando,Topázio,8.0758287879,10.0,5.0,9.7727272725,10.002,7.505,7.8125,7.946666667,Fase 1 (3° e 4° ano),0,,,6.0,4.0,,,,,3.0,,,,,1.0,,False,False,False,False,False,False,False,False,False,False,False,False,False,False
RA-1400,2024,Aluno-1400,1B,1B,Masculino,9.0,2024,Pública,EE Dom Pedro Villas Boas de Souza,Cursando,Ametista,7.622839525700001,10.0,7.25,6.6501976285,8.418,7.51,7.5,7.5,Fase 1 (3° e 4° ano),0,,,6.5,8.0,,,,,3.0,,,,,1.0,,False,False,False,False,False,False,False,False,False,False,False,False,False,False
RA-851,2024,Aluno-851,1B,1B,Masculino,10.0,2022,Pública,EM Eurides José Amorim,Cursando,Ágata,6.2114602109,5.0,6.0,7.3221343875,9.002,5.63,5.625,5.106666667,Fase 2 (5° e 6° ano),-1,,,5.0,7.0,,,,,3.0,,,,,2.0,,False,False,False,False,False,False,False,False,False,False,False,False,True,False
RA-1028,2024,Aluno-1028,1B,1B,Masculino,12.0,2023,Pública,EE Olivia de Faria Nogueira,Cursando,Ametista,7.1404338602,5.0,7.5,7.055335968,8.002,5.63,6.875,8.393333333,Fase 3 (7° e 8° ano),-2,,,6.0,9.0,,,,,3.0,,,,,3.0,,False,False,False,False,False,False,False,False,False,False,False,False,False,False
RA-922,2024,Aluno-922,1C,1C,Feminino,9.0,2023,Pública,EE Francisco de Paula Teixeira,Cursando,Topázio,8.5209954545,10.0,7.75,9.5227272725,9.002,7.51,7.8125,8.17,Fase 1 (3° e 4° ano),0,,,7.5,8.0,,,,,2.0,,,,,1.0,,False,False,False,False,False,False,False,False,False,False,False,False,False,False
RA-684,2024,Aluno-684,1C,1C,Masculino,9.0,2022,Privada,Recanto Betânia Centro Educacional,Cursando,Ametista,7.769381818200001,10.0,4.25,9.090909091,10.002,7.51,7.5,8.0,Fase 1 (3° e 4° ano),0,,,2.5,6.0,,,,,2.0,,,,,1.0,,False,False,False,False,False,False,False,False,False,False,False,False,False,False
RA-1031,2024,Aluno-1031,1C,1C,Masculino,11.0,2023,Pública,EE Joaquim Mendes Feliz,Cursando,Ágata,6.8757227273,5.0,6.25,8.6363636365,9.502,7.51,5.3125,5.83,Fase 2 (5° e 6° ano),-1,,,5.5,7.0,,,,,2.0,,,,,2.0,,False,False,False,False,False,False,False,False,False,False,False,False,True,False
RA-892,2024,Aluno-892,1C,1C,Masculino,9.0,2023,Pública,EE Dom Pedro Villas Boas de Souza,Cursando,Topázio,8.697700000000001,10.0,8.75,10.0,8.002,7.51,8.125,7.92,Fase 1 (3° e 4° ano),0,,,10.0,7.5,,,,,2.0,,,,,1.0,,False,False,False,False,False,False,False,False,False,False,False,False,False,False
RA-1029,2024,Aluno-1029,1C,1C,Feminino,10.0,2023,Pública,EE Dom Pedro Villas Boas de Souza,Cursando,Ametista,7.797790909100001,5.0,8.75,8.7954545455,9.002,6.885,7.5,7.25,Fase 2 (5° e 6° ano),-1,,,8.0,9.5,,,,,2.0,,,,,2.0,,False,False,False,False,False,False,False,False,False,False,False,False,False,False
RA-1032,2024,Aluno-1032,1C,1C,Masculino,11.0,2023,Pública,EE Joaquim Mendes Feliz,Cursando,Topázio,8.01645,5.0,8.0,9.75,8.502,7.51,7.8125,7.92,Fase 2 (5° e 6° ano),-1,,,9.0,7.0,,,,,2.0,,,,,2.0,,False,False,False,False,False,False,False,False,False,False,False,False,False,False
RA-894,2024,Aluno-894,1C,1C,Feminino,10.0,2023,Pública,EE Dom Pedro Villas Boas de Souza,Cursando,Topázio,8.67895,5.0,9.5,10.0,10.002,7.51,8.4375,8.42,Fase 2 (5° e 6° ano),-1,,,9.0,10.0,,,,,2.0,,,,,2.0,,False,False,False,False,False,False,False,False,False,False,False,False,False,False
RA-1401,2024,Aluno-1401,1C,1C,Masculino,13.0,2024,Pública,EE Paschoal Carlos Magno,Cursando,Topázio,8.1188277778,5.0,10.0,8.888888889,6.918,7.51,7.8125,8.085,Fase 3 (7° e 8° ano),-2,,,10.0,10.0,,,,,2.0,,,,,3.0,,False,False,False,False,False,False,False,False,False,False,False,False,False,False
RA-896,2024,Aluno-896,1C,1C,Masculino,8.0,2023,Pública,EE Dom Pedro Villas Boas de Souza,Cursando,Topázio,8.2852454545,10.0,6.5,9.7727272725,8.502,7.51,8.125,8.085,Fase 1 (3° e 4° ano),0,,,6.5,6.5,,,,,2.0,,,,,1.0,,False,False,False,False,False,False,False,False,False,False,False,False,False,False
RA-693,2024,Aluno-693,1C,1C,Feminino,9.0,2022,Pública,EE Dom Pedro Villas Boas de Souza,Cursando,Topázio,8.9079954545,10.0,8.0,9.5227272725,10.002,9.38,7.8125,8.42,Fase 1 (3° e 4° ano),0,,,8.0,8.0,,,,,2.0,,,,,1.0,,False,False,False,False,False,False,False,False,False,False,False,False,False,False
RA-743,2024,Aluno-743,1C,1C,Feminino,11.0,2022,Pública,EE Dom Pedro Villas Boas de Souza,Cursando,Ametista,7.655745454500001,5.0,7.0,9.2727272725,9.002,7.51,7.5,7.5,Fase 2 (5° e 6° ano),-1,,,6.5,7.5,,,,,2.0,,,,,2.0,,False,False,False,False,False,False,False,False,False,False,False,False,False,False
RA-681,2024,Aluno-681,1C,1C,Masculino,11.0,2022,Privada,João Friaza Colégio,Cursando,Ágata,6.0398818182000005,5.0,2.5,7.840909091,9.502,6.26,5.625,6.665,Fase 2 (5° e 6° ano),-1,,,5.0,0.0,,,,,2.0,,,,,2.0,,False,False,False,False,False,False,False,False,False,False,False,False,True,False
RA-1035,2024,Aluno-1035,1C,1C,Masculino,10.0,2023,Pública,EE Dom Pedro Villas Boas de Souza,Cursando,Ametista,7.833495454500001,5.0,7.0,9.0227272725,9.502,7.51,8.4375,7.92,Fase 2 (5° e 6° ano),-1,,,6.5,7.5,,,,,2.0,,,,,2.0,,False,False,False,False,False,False,False,False,False,False,False,False,False,False
RA-850,2024,Aluno-850,1C,1C,Masculino,10.0,2022,Pública,EE Chácara Florida II,Cursando,Ametista,7.864245454500001,5.0,7.75,9.2727272725,10.002,6.255,7.5,7.92,Fase 2 (5° e 6° ano),-1,,,6.0,9.5,,,,,2.0,,,,,2.0,,False,False,False,False,False,False,False,False,False,False,False,False,False,False
RA-1402,2024,Aluno-1402,1D,1D,Feminino,10.0,2024,Pública,EE Dom Pedro Villas Boas de Souza,Cursando,Topázio,8.588040909100002,10.0,7.25,9.5454545455,10.002,7.51,8.4375,8.17,Fase 1 (3° e 4° ano),0,,,7.0,7.5,,,,,2.0,,,,,1.0,,False,False,False,False,False,False,False,False,False,False,False,False,False,False
RA-1403,2024,Aluno-1403,1D,1D,Feminino,11.0,2024,Pública,EE Joaquim Mendes Feliz,Cursando,Topázio,8.257421861500001,5.0,8.75,9.3073593075,9.002,7.51,8.4375,8.255,Fase 2 (5° e 6° ano),-1,,,7.5,10.0,,,,,2.0,,,,,2.0,,False,False,False,False,False,False,False,False,False,False,False,False,False,False
RA-1404,2024,Aluno-1404,1D,1D,Feminino,9.0,2024,Pública,EE Dom Pedro Villas Boas de Souza,Cursando,Topázio,8.3971318182,10.0,7.5,9.090909091,8.502,7.51,8.4375,8.17,Fase 1 (3° e 4° ano),0,,,6.0,9.0,,,,,2.0,,,,,1.0,,False,False,False,False,False,False,False,False,False,False,False,False,False,False
RA-923,2024,Aluno-923,1D,1D,Feminino,9.0,2023,Pública,EE Dom Pedro Villas Boas de Souza,Cursando,Ametista,7.688609090900001,10.0,5.5,7.9545454545,8.002,7.51,8.125,8.17,Fase 1 (3° e 4° ano),0,,,5.0,6.0,,,,,2.0,,,,,1.0,,False,False,False,False,False,False,False,False,False,False,False,False,False,False
RA-847,2024,Aluno-847,1D,1D,Masculino,11.0,2022,Pública,EE Paschoal Carlos Magno,Cursando,Quartzo,5.009290909100001,5.0,1.0,4.5454545455,9.002,5.01,7.5,6.245,Fase 2 (5° e 6° ano),-1,,,0.0,2.0,,,,,2.0,,,,,2.0,,False,False,False,False,False,False,False,False,False,False,False,False,False,False
RA-1405,2024,Aluno-1405,1D,1D,Feminino,10.0,2024,Pública,EE Dom Pedro Villas Boas de Souza,Cursando,Topázio,8.4749727273,10.0,8.75,8.6363636365,8.002,7.51,8.125,8.17,Fase 1 (3° e 4° ano),0,,,8.0,9.5,,,,,2.0,,,,,1.0,,False,False,False,False,False,False,False,False,False,False,False,False,False,False
RA-1406,2024,Aluno-1406,1D,1D,Feminino,10.0,2024,Pública,EE Joaquim Mendes Feliz,Cursando,Ametista,7.8186772727000005,5.0,7.5,8.8636363635,8.002,7.51,8.4375,8.255,Fase 2 (5° e 6° ano),-1,,,5.5,9.5,,,,,2.0,,,,,2.0,,False,False,False,False,False,False,False,False,False,False,False,False,False,False
RA-1407,2024,Aluno-1407,1D,1D,Masculino,10.0,2024,Pública,EE Joaquim Mendes Feliz,Cursando,Ametista,7.546086363600001,5.0,5.75,9.318181818,10.002,7.51,7.8125,7.5,Fase 2 (5° e 6° ano),-1,,,5.5,6.0,,,,,2.0,,,,,2.0,,False,False,False,False,False,False,False,False,False,False,False,False,False,False
RA-1408,2024,Aluno-1408,1D,1D,Masculino,11.0,2024,Pública,EE Dom Pedro Villas Boas de Souza,Cursando,Ametista,7.626768181800001,5.0,6.75,8.409090909,10.002,7.51,8.4375,7.5,Fase 2 (5° e 6° ano),-1,,,5.5,8.0,,,,,2.0,,,,,2.0,,False,False,False,False,False,False,False,False,False,False,False,False,False,False
RA-1409,2024,Aluno-1409,1D,1D,Masculino,10.0,2024,Pública,EE Dom Pedro Villas Boas de Souza,Cursando,Ametista,7.863131818100001,5.0,7.25,9.0909090905,10.002,7.51,8.4375,7.5,Fase 2 (5° e 6° ano),-1,,,7.5,7.0,,,,,2.0,,,,,2.0,,False,False,False,False,False,False,False,False,False,False,False,False,False,False
RA-1410,2024,Aluno-1410,1E,1E,Masculino,11.0,2024,Pública,EE Levi Pereira Martins Professor,Cursando,Ametista,7.5319272727,5.0,6.25,8.1136363635,9.002,7.51,8.75,8.165,Fase 2 (5° e 6° ano),-1,,,6.5,6.0,,,,,2.0,,,,,2.0,,False,False,False,False,False,False,False,False,False,False,False,False,False,False
RA-874,2024,Aluno-874,1E,1E,Masculino,10.0,2023,Pública,EE Chácara Florida II,Cursando,Ametista,7.0235939394,5.0,7.75,4.696969697,9.502,6.26,8.75,7.915,Fase 2 (5° e 6° ano),-1,,,6.0,9.5,,,,,2.0,,,,,2.0,,False,False,False,False,False,False,False,False,False,False,False,False,False,False
RA-1411,2024,Aluno-1411,1E,1E,Masculino,11.0,2024,Pública,EE Alexandre Rodrigues Nogueira,Cursando,Ágata,6.886950000000001,5.0,2.75,9.5,9.002,6.26,8.4375,7.835,Fase 2 (5° e 6° ano),-1,,,5.5,0.0,,,,,2.0,,,,,2.0,,False,False,False,False,False,False,False,False,False,False,False,False,False,False
RA-1412,2024,Aluno-1412,1E,1E,Masculino,10.0,2024,Pública,EE Chácara Florida II,Cursando,Topázio,9.204671861500001,10.0,9.75,9.3073593075,10.002,7.51,8.75,8.835,Fase 1 (3° e 4° ano),0,,,10.0,9.5,,,,,2.0,,,,,1.0,,False,False,False,False,False,False,False,False,False,False,False,False,False,False
RA-690,2024,Aluno-690,1E,1E,Feminino,11.0,2022,Pública,EE Dom Pedro Villas Boas de Souza,Cursando,Ametista,7.3853681818000005,5.0,6.25,8.409090909,7.918,7.51,8.4375,7.835,Fase 2 (5° e 6° ano),-1,,,7.5,5.0,,,,,2.0,,,,,2.0,,False,False,False,False,False,False,False,False,False,False,False,False,False,False
RA-1413,2024,Aluno-1413,1E,1E,Masculino,12.0,2024,Pública,EE Olivia de Faria Nogueira,Cursando,Ametista,7.747564718600001,5.0,7.25,8.593073593,9.002,7.51,8.4375,7.92,Fase 3 (7° e 8° ano),-2,,,7.5,7.0,,,,,2.0,,,,,3.0,,False,False,False,False,False,False,False,False,False,False,False,False,False,False
RA-1414,2024,Aluno-1414,1E,1E,Feminino,10.0,2024,Pública,EM Etelvina Delfim Simões,Cursando,Topázio,8.840007359300001,10.0,8.5,9.2965367965,9.502,6.885,8.75,8.835,Fase 1 (3° e 4° ano),0,,,10.0,7.0,,,,,2.0,,,,,1.0,,False,False,False,False,False,False,False,False,False,False,False,False,False,False
RA-995,2024,Aluno-995,1E,1E,Feminino,12.0,2023,Pública,EE Mario Francisco de Amorim,Cursando,Quartzo,5.110372077899999,5.0,2.0,5.3896103895,10.002,5.635,7.1875,4.25,Fase 3 (7° e 8° ano),-2,,,0.0,4.0,,,,,2.0,,,,,3.0,,False,False,False,False,False,False,False,False,False,False,False,False,False,True
RA-853,2024,Aluno-853,1G,1G,Feminino,10.0,2022,Pública,EM Maria Ignez Concelles Irma Ines,Cursando,Ametista,7.986866666600001,10.0,6.25,9.5833333335,8.502,6.26,8.333333333,7.553333333,Fase 1 (3° e 4° ano),0,,,6.5,6.0,,,,,3.0,,,,,1.0,,False,False,False,False,False,False,False,False,False,False,False,False,False,False
RA-854,2024,Aluno-854,1G,1G,Feminino,9.0,2022,Pública,EM Maria Ignez Concelles Irma Ines,Cursando,Ametista,7.826199999900001,10.0,7.0,10.0,9.502,6.26,5.833333333,6.333333333,Fase 1 (3° e 4° ano),0,,,7.0,7.0,,,,,3.0,,,,,1.0,,False,False,False,False,False,False,False,False,False,False,False,False,False,False
RA-1415,2024,Aluno-1415,1G,1G,Feminino,10.0,2024,Pública,EM Maria Ignez Concelles Irma Ines,Cursando,Ametista,7.3712454546,5.0,6.75,9.7727272725,8.002,6.26,7.291666667,7.056666667,Fase 2 (5° e 6° ano),-1,,,6.5,7.0,,,,,3.0,,,,,2.0,,False,False,False,False,False,False,False,False,False,False,False,False,False,False
RA-842,2024,Aluno-842,1G,1G,Feminino,10.0,2022,Pública,EM Etelvina Delfim Simões,Cursando,Ametista,7.072914756400001,5.0,7.5,7.549407115,8.502,6.26,6.875,6.996666667,Fase 2 (5° e 6° ano),-1,,,6.0,9.0,,,,,3.0,,,,,2.0,,False,False,False,False,False,False,False,False,False,False,False,False,False,False
RA-700,2024,Aluno-700,1G,1G,Feminino,11.0,2022,Pública,EM Maria Ignez Concelles Irma Ines,Cursando,Ametista,7.005745454500001,5.0,5.25,9.564393939,8.502,5.635,7.291666667,7.0,Fase 2 (5° e 6° ano),-1,,,5.0,5.5,,,,,3.0,,,,,2.0,,False,False,False,False,False,False,False,False,False,False,False,False,False,False
RA-1416,2024,Aluno-1416,1G,1G,Feminino,12.0,2024,Pública,EE Loris Nassif Mattar Profa,Cursando,Ametista,7.375503030400001,5.0,7.75,8.2765151515,8.502,7.51,7.916666667,6.386666667,Fase 2 (5° e 6° ano),-1,,,6.5,9.0,,,,,3.0,,,,,2.0,,False,False,False,False,False,False,False,False,False,False,False,False,False,False
RA-911,2024,Aluno-911,1G,1G,Masculino,12.0,2023,Pública,EE Leonice de Aquino Oliveira,Cursando,Quartzo,5.4552454547,5.0,4.5,4.772727273,8.002,7.51,6.041666667,4.726666667,Fase 3 (7° e 8° ano),-2,,,5.0,4.0,,,,,3.0,,,,,3.0,,False,False,False,False,False,False,False,False,False,False,False,False,False,True
RA-859,2024,Aluno-859,1G,1G,Feminino,9.0,2022,Pública,EM Maria Ignez Concelles Irma Ines,Cursando,Topázio,8.5817909091,10.0,8.0,9.337121212,8.002,7.51,8.958333333,8.336666667,Fase 1 (3° e 4° ano),0,,,8.0,8.0,,,,,3.0,,,,,1.0,,False,False,False,False,False,False,False,False,False,False,False,False,False,False
RA-860,2024,Aluno-860,1G,1G,Masculino,9.0,2022,Pública,EM Maria Ignez Concelles Irma Ines,Cursando,Topázio,8.7738666667,10.0,8.5,9.7916666665,9.002,7.51,8.75,7.946666667,Fase 1 (3° e 4° ano),0,,,8.0,9.0,,,,,3.0,,,,,1.0,,False,False,False,False,False,False,False,False,False,False,False,False,False,False
RA-727,2024,Aluno-727,1G,1G,Masculino,10.0,2022,Pública,EE Dom Pedro Villas Boas de Souza,Cursando,Topázio,8.447003030300001,10.0,8.5,8.4848484845,10.002,6.26,8.125,8.056666667,Fase 1 (3° e 4° ano),0,,,10.0,7.0,,,,,3.0,,,,,1.0,,False,False,False,False,False,False,False,False,False,False,False,False,False,False
RA-1417,2024,Aluno-1417,1G,1G,Masculino,10.0,2024,Pública,EE Dom Pedro Villas Boas de Souza,Cursando,Ametista,7.7436242424,5.0,9.0,9.337121212,9.002,7.51,6.25,6.5,Fase 2 (5° e 6° ano),-1,,,10.0,8.0,,,,,3.0,,,,,2.0,,False,False,False,False,False,False,False,False,False,False,False,False,False,False
RA-910,2024,Aluno-910,1G,1G,Masculino,9.0,2023,Pública,EM Etelvina Delfim Simões,Cursando,Topázio,8.1163818182,10.0,7.5,8.674242424500001,8.502,7.51,7.916666667,7.443333333,Fase 1 (3° e 4° ano),0,,,9.0,6.0,,,,,3.0,,,,,1.0,,False,False,False,False,False,False,False,False,False,False,False,False,False,False
RA-840,2024,Aluno-840,1G,1G,Masculino,10.0,2022,Pública,EM Maria Ignez Concelles Irma Ines,Cursando,Topázio,8.5912909091,10.0,8.0,9.337121212,9.502,7.51,8.333333333,7.946666667,Fase 1 (3° e 4° ano),0,,,7.0,9.0,,,,,3.0,,,,,1.0,,False,False,False,False,False,False,False,False,False,False,False,False,False,False
RA-926,2024,Aluno-926,1G,1G,Feminino,10.0,2023,Pública,EM Maria Ignez Concelles Irma Ines,Cursando,Ametista,7.7830787878,5.0,7.0,9.7727272725,9.002,7.51,8.333333333,7.22,Fase 2 (5° e 6° ano),-1,,,7.0,7.0,,,,,3.0,,,,,2.0,,False,False,False,False,False,False,False,False,False,False,False,False,False,False
RA-1418,2024,Aluno-1418,1G,1G,Masculino,11.0,2024,Pública,EM Pedro Antonio de Almeida,Cursando,Ametista,7.7352909091000015,5.0,8.25,9.128787879,8.502,7.51,7.916666667,6.833333333,Fase 2 (5° e 6° ano),-1,,,8.5,8.0,,,,,3.0,,,,,2.0,,False,False,False,False,False,False,False,False,False,False,False,False,False,False
RA-927,2024,Aluno-927,1G,1G,Feminino,10.0,2023,Pública,EM Maria Ignez Concelles Irma Ines,Cursando,Ametista,7.9921696969000005,10.0,6.5,9.318181818,8.002,7.51,8.333333333,7.22,Fase 1 (3° e 4° ano),0,,,7.0,6.0,,,,,3.0,,,,,1.0,,False,False,False,False,False,False,False,False,False,False,False,False,False,False
RA-672,2024,Aluno-672,1H,1H,Feminino,11.0,2021,Pública,EM Etelvina Delfim Simões,Cursando,Quartzo,4.2118138341,5.0,0.0,3.9525691700000003,7.918,6.26,6.041666667,4.496666667,Fase 2 (5° e 6° ano),-1,,,0.0,0.0,,,,,3.0,,,,,2.0,,False,False,False,True,False,False,True,False,True,False,False,False,False,True
RA-1043,2024,Aluno-1043,1H,1H,Masculino,11.0,2023,Pública,EE João Ortiz Rodrigues,Cursando,Ametista,7.539847562500002,5.0,8.25,7.994071146,10.002,7.51,7.291666667,6.553333333,Fase 2 (5° e 6° ano),-1,,,8.5,8.0,,,,,3.0,,,,,2.0,,False,False,False,False,False,False,False,False,False,False,False,False,False,False
RA-738,2024,Aluno-738,1H,1H,Feminino,10.0,2022,Pública,EM Maria Ignez Concelles Irma Ines,Cursando,Ametista,7.2626980238000005,5.0,7.25,7.292490119,10.002,6.885,6.875,7.39,Fase 2 (5° e 6° ano),-1,,,7.5,7.0,,,,,3.0,,,,,2.0,,False,False,False,False,False,False,False,False,False,False,False,False,False,False
RA-1419,2024,Aluno-1419,1H,1H,Feminino,10.0,2024,Pública,EM Pedro Antonio de Almeida,Cursando,Topázio,8.7536999999,10.0,7.5,10.0,8.502,7.51,8.958333333,8.783333333,Fase 1 (3° e 4° ano),0,,,6.0,9.0,,,,,3.0,,,,,1.0,,False,False,False,False,False,False,False,False,False,False,False,False,False,False
RA-704,2024,Aluno-704,1H,1H,Masculino,12.0,2022,Pública,EE João Ortiz Rodrigues,Cursando,Ágata,6.8121156785000005,5.0,6.5,8.646245059,7.502,5.635,6.458333333,6.616666667,Fase 2 (5° e 6° ano),-1,,,6.0,7.0,,,,,3.0,,,,,2.0,,False,False,False,False,False,False,False,False,False,False,False,False,False,False
RA-705,2024,Aluno-705,1H,1H,Masculino,12.0,2022,Pública,EE João Ortiz Rodrigues,Cursando,Quartzo,5.294247619100001,5.0,3.5,6.4285714285,9.002,5.005,5.625,4.226666667,Fase 2 (5° e 6° ano),-1,,,2.0,5.0,,,,,3.0,,,,,2.0,,False,False,False,False,False,False,False,False,False,False,False,False,True,True
RA-822,2024,Aluno-822,1H,1H,Masculino,12.0,2022,Pública,EE João Ortiz Rodrigues,Cursando,Quartzo,5.2645678524,5.0,6.75,4.6245059285,0.0,5.01,6.666666667,6.61,Fase 3 (7° e 8° ano),-2,,,7.5,6.0,,,,,3.0,,,,,3.0,,True,False,False,False,False,False,False,False,False,False,True,False,False,False
RA-740,2024,Aluno-740,1H,1H,Feminino,11.0,2022,Privada,Escola João Paulo II,Cursando,Topázio,8.1611005269,5.0,8.0,9.555335968,9.002,7.51,8.541666667,8.223333333,Fase 2 (5° e 6° ano),-1,,,8.0,8.0,,,,,3.0,,,,,2.0,,False,False,False,False,False,False,False,False,False,False,False,False,False,False
RA-741,2024,Aluno-741,1H,1H,Feminino,12.0,2022,Pública,EE João Ortiz Rodrigues,Cursando,Quartzo,5.0795885374,5.0,3.75,5.2964426875,8.418,5.005,5.833333333,4.223333333,Fase 2 (5° e 6° ano),-1,,,3.5,4.0,,,,,3.0,,,,,2.0,,False,False,False,False,False,False,False,False,False,False,False,False,False,True
RA-1420,2024,Aluno-1420,1H,1H,Masculino,12.0,2024,Pública,EE Olivia de Faria Nogueira,Cursando,Quartzo,5.6558,5.0,4.5,5.520833333500001,7.918,6.26,6.458333333,5.44,Fase 3 (7° e 8° ano),-2,,,5.0,4.0,,,,,3.0,,,,,3.0,,False,False,False,False,False,False,False,False,False,False,False,False,False,False
RA-709,2024,Aluno-709,1H,1H,Feminino,12.0,2022,Pública,EE João Ortiz Rodrigues,Cursando,Ágata,6.833780895800001,5.0,6.0,7.994071146,7.418,7.51,6.875,6.773333333,Fase 2 (5° e 6° ano),-1,,,6.0,6.0,,,,,3.0,,,,,2.0,,False,False,False,False,False,False,False,False,False,False,False,False,False,False
RA-1421,2024,Aluno-1421,1H,1H,Masculino,11.0,2024,Pública,EM Pedro Antonio de Almeida,Cursando,Ametista,7.126922222200001,5.0,7.5,6.777777778,9.002,7.51,6.875,7.163333333,Fase 2 (5° e 6° ano),-1,,,8.0,7.0,,,,,3.0,,,,,2.0,,False,False,False,False,False,False,False,False,False,False,False,False,False,False
RA-1422,2024,Aluno-1422,1J,1J,Feminino,11.0,2024,Pública,EE João Ortiz Rodrigues,Cursando,Ametista,7.0132,5.0,4.75,7.5,9.502,7.51,8.125,7.7475,Fase 2 (5° e 6° ano),-1,,,0.0,9.5,,,,,4.0,,,,,2.0,,False,False,False,False,False,False,False,False,False,False,False,False,False,False
RA-1423,2024,Aluno-1423,1J,1J,Masculino,11.0,2024,Pública,EE João Ortiz Rodrigues,Cursando,Ágata,6.403450000000001,5.0,5.75,5.3125,8.502,7.51,7.8125,6.5425,Fase 2 (5° e 6° ano),-1,,,4.0,7.5,,,,,4.0,,,,,2.0,,False,False,False,False,False,False,False,False,False,False,False,False,False,False
RA-733,2024,Aluno-733,1J,1J,Feminino,10.0,2022,Pública,EM Pedro Antonio de Almeida,Cursando,Topázio,8.808825,5.0,9.25,10.0,10.002,7.51,8.90625,9.085,Fase 2 (5° e 6° ano),-1,,,9.0,9.5,,,,,4.0,,,,,2.0,,False,False,False,False,False,False,False,False,False,False,False,False,False,False
RA-836,2024,Aluno-836,1J,1J,Masculino,11.0,2022,Pública,EE João Ortiz Rodrigues,Cursando,Ágata,6.0234537878,5.0,2.75,6.439393939,9.502,7.51,7.34375,6.25,Fase 2 (5° e 6° ano),-1,,,5.5,0.0,,,,,4.0,,,,,2.0,,False,False,False,False,False,False,False,False,False,False,False,False,False,False
RA-1424,2024,Aluno-1424,1J,1J,Feminino,12.0,2024,Pública,EE João Ortiz Rodrigues,Cursando,Ametista,7.5543388889,5.0,7.25,8.9444444445,9.002,7.51,7.8125,6.915,Fase 2 (5° e 6° ano),-1,,,7.5,7.0,,,,,4.0,,,,,2.0,,False,False,False,False,False,False,False,False,False,False,False,False,False,False
RA-1425,2024,Aluno-1425,1J,1J,Masculino,12.0,2024,Pública,EE João Ortiz Rodrigues,Cursando,Ágata,6.8290988095000005,5.0,7.0,6.7976190475,9.002,7.51,7.34375,5.92,Fase 2 (5° e 6° ano),-1,,,6.0,8.0,,,,,4.0,,,,,2.0,,False,False,False,False,False,False,False,False,False,False,False,False,False,False
RA-1426,2024,Aluno-1426,1J,1J,Feminino,11.0,2023,Pública,EE Leonice de Aquino Oliveira,Cursando,Quartzo,5.8367476190000005,5.0,2.75,5.845238095,9.502,7.51,7.5,5.8325,Fase 2 (5° e 6° ano),-1,,,5.5,0.0,,,,,4.0,,,,,2.0,,False,False,False,False,False,False,False,False,False,False,False,False,False,False
RA-716,2024,Aluno-716,1J,1J,Masculino,11.0,2022,Pública,EE João Ortiz Rodrigues,Cursando,Ágata,6.2372943675000005,5.0,5.75,5.5335968375,9.002,7.51,6.71875,5.7875,Fase 2 (5° e 6° ano),-1,,,5.5,6.0,,,,,4.0,,,,,2.0,,False,False,False,False,False,False,False,False,False,False,False,False,False,False
RA-1049,2024,Aluno-1049,1J,1J,Masculino,11.0,2023,Pública,EE João Ortiz Rodrigues,Cursando,Ágata,6.821885606,5.0,4.5,8.03030303,9.502,7.51,7.65625,6.745,Fase 2 (5° e 6° ano),-1,,,4.0,5.0,,,,,4.0,,,,,2.0,,False,False,False,False,False,False,False,False,False,False,False,False,False,False
RA-1427,2024,Aluno-1427,1J,1J,Feminino,11.0,2024,Pública,EM Maria Ignez Concelles Irma Ines,Cursando,Topázio,8.425325,5.0,8.0,10.0,9.502,7.51,8.90625,8.6675,Fase 2 (5° e 6° ano),-1,,,6.5,9.5,,,,,4.0,,,,,2.0,,False,False,False,False,False,False,False,False,False,False,False,False,False,False
RA-1052,2024,Aluno-1052,1J,1J,Masculino,10.0,2023,Pública,EM Maria Ignez Concelles Irma Ines,Cursando,Ametista,7.744032575800001,5.0,8.25,9.128787879,5.834,6.26,8.59375,8.4975,Fase 2 (5° e 6° ano),-1,,,8.5,8.0,,,,,4.0,,,,,2.0,,False,False,False,False,False,False,False,False,False,False,False,False,False,False
RA-719,2024,Aluno-719,1J,1J,Masculino,12.0,2021,Pública,EE João Ortiz Rodrigues,Cursando,Ametista,7.1193969697,5.0,6.5,7.3484848485,10.002,7.51,7.5,6.7425,Fase 2 (5° e 6° ano),-1,,,5.0,8.0,,,,,4.0,,,,,2.0,,False,False,False,False,False,False,False,False,False,False,False,False,False,False
RA-1055,2024,Aluno-1055,1J,1J,Masculino,12.0,2023,Pública,EE Loris Nassif Mattar Profa,Cursando,Ágata,6.403040909100001,5.0,5.5,5.7954545455,10.002,7.51,7.1875,5.87,Fase 3 (7° e 8° ano),-2,,,4.0,7.0,,,,,4.0,,,,,3.0,,False,False,False,False,False,False,False,False,False,False,False,False,False,False
RA-747,2024,Aluno-747,1K,1K,Feminino,12.0,2022,Pública,EM Cecilia Cristina de Oliveira Rodrigues,Cursando,Quartzo,5.8450809523,5.0,2.25,8.095238095,10.002,5.005,7.083333333,5.335,Fase 3 (7° e 8° ano),-2,,,4.5,0.0,,,,,2.0,,,,,3.0,,False,False,False,False,False,False,False,False,False,False,False,False,False,False
RA-928,2024,Aluno-928,1K,1K,Feminino,9.0,2023,Pública,EM Amanda Consuelo da Cunha,Cursando,Topázio,8.8733666667,10.0,8.75,10.0,8.002,7.51,8.541666667,8.59,Fase 1 (3° e 4° ano),0,,,8.5,9.0,,,,,2.0,,,,,1.0,,False,False,False,False,False,False,False,False,False,False,False,False,False,False
RA-748,2024,Aluno-748,1K,1K,Masculino,11.0,2021,Pública,EE Maria André Schunck Dona,Cursando,Topázio,8.2272,5.0,7.75,10.0,9.502,7.51,8.75,8.005,Fase 2 (5° e 6° ano),-1,,,7.5,8.0,,,,,2.0,,,,,2.0,,False,False,False,False,False,False,False,False,False,False,False,False,False,False
RA-769,2024,Aluno-769,1K,1K,Feminino,11.0,2022,Pública,EM Cecilia Cristina de Oliveira Rodrigues,Cursando,Ametista,7.099342857200002,5.0,6.0,5.9523809525,10.002,7.51,7.916666667,8.33,Fase 2 (5° e 6° ano),-1,,,6.0,6.0,,,,,2.0,,,,,2.0,,False,False,False,False,False,False,False,False,False,False,False,False,False,False
RA-876,2024,Aluno-876,1K,1K,Masculino,9.0,2023,Pública,EM Etelvina Delfim Simões,Cursando,Ametista,7.612057142800001,10.0,3.75,9.0476190475,8.502,7.51,8.333333333,8.09,Fase 1 (3° e 4° ano),0,,,7.5,0.0,,,,,2.0,,,,,1.0,,False,False,False,False,False,False,False,False,False,False,False,False,False,False
RA-776,2024,Aluno-776,1K,1K,Feminino,11.0,2022,Pública,EM Cecilia Cristina de Oliveira Rodrigues,Cursando,Quartzo,5.178509523800001,5.0,0.0,5.9523809525,7.917,5.63,8.333333333,6.5,Fase 2 (5° e 6° ano),-1,,,0.0,0.0,,,,,2.0,,,,,2.0,,False,False,False,True,False,False,False,False,True,False,False,False,False,False
RA-753,2024,Aluno-753,1K,1K,Feminino,10.0,2022,Pública,EE Jardim Campestre,Cursando,Topázio,8.2450571429,5.0,8.5,9.047619048,10.002,7.51,8.333333333,8.255,Fase 2 (5° e 6° ano),-1,,,9.0,8.0,,,,,2.0,,,,,2.0,,False,False,False,False,False,False,False,False,False,False,False,False,False,False
RA-601,2024,Aluno-601,1K,1K,Masculino,10.0,2021,Pública,EE Helio Luiz Dobrochinski Prof,Cursando,Topázio,8.5107,5.0,8.75,10.0,9.502,7.505,8.75,8.425,Fase 2 (5° e 6° ano),-1,,,9.5,8.0,,,,,2.0,,,,,2.0,,False,False,False,False,False,False,False,False,False,False,False,False,False,False
RA-955,2024,Aluno-955,1K,1K,Feminino,11.0,2023,Pública,EE Maria André Schunck Dona,Cursando,Ágata,6.245452381,5.0,5.75,6.904761905,0.0,7.51,8.125,8.255,Fase 2 (5° e 6° ano),-1,,,6.5,5.0,,,,,2.0,,,,,2.0,,True,False,False,False,False,False,False,False,False,False,True,False,False,False
RA-831,2024,Aluno-831,1K,1K,Masculino,10.0,2022,Pública,EM Cecilia Cristina de Oliveira Rodrigues,Cursando,Topázio,8.0066285715,5.0,7.75,9.523809524,10.002,6.26,7.916666667,8.17,Fase 2 (5° e 6° ano),-1,,,6.5,9.0,,,,,2.0,,,,,2.0,,False,False,False,False,False,False,False,False,False,False,False,False,False,False
RA-1067,2024,Aluno-1067,1K,1K,Masculino,11.0,2023,Pública,EM Cecilia Cristina de Oliveira Rodrigues,Cursando,Ametista,7.840033333300001,5.0,6.75,8.333333332999999,10.002,7.51,8.541666667,8.59,Fase 2 (5° e 6° ano),-1,,,6.5,7.0,,,,,2.0,,,,,2.0,,False,False,False,False,False,False,False,False,False,False,False,False,False,False
RA-1058,2024,Aluno-1058,1K,1K,Feminino,10.0,2023,Pública,EE Helio Luiz Dobrochinski Prof,Cursando,Ametista,7.703347619,5.0,7.75,8.095238095,9.168,6.88,8.125,8.085,Fase 2 (5° e 6° ano),-1,,,7.5,8.0,,,,,2.0,,,,,2.0,,False,False,False,False,False,False,False,False,False,False,False,False,False,False
RA-757,2024,Aluno-757,1K,1K,Feminino,11.0,2022,Pública,EE Maria André Schunck Dona,Cursando,Ametista,7.938842857200001,5.0,7.0,9.285714286000001,9.502,7.51,8.125,8.34,Fase 2 (5° e 6° ano),-1,,,6.5,7.5,,,,,2.0,,,,,2.0,,False,False,False,False,False,False,False,False,False,False,False,False,False,False
RA-794,2024,Aluno-794,1K,1K,Feminino,10.0,2022,Pública,EE Helio Luiz Dobrochinski Prof,Cursando,Ametista,7.145652380900001,10.0,3.0,6.9047619045,9.502,7.51,8.125,8.255,Fase 1 (3° e 4° ano),0,,,6.0,0.0,,,,,2.0,,,,,1.0,,False,False,False,False,False,False,False,False,False,False,False,False,False,False
RA-960,2024,Aluno-960,1K,1K,Masculino,11.0,2023,Pública,EM Cecilia Cristina de Oliveira Rodrigues,Cursando,Quartzo,5.286047619,5.0,3.0,8.095238095,0.0,7.51,7.5,5.33,Fase 2 (5° e 6° ano),-1,,,6.0,0.0,,,,,2.0,,,,,2.0,,True,False,False,False,False,False,False,False,False,False,True,False,False,False
RA-587,2024,Aluno-587,1L,1L,Masculino,12.0,2022,Pública,EM Cecilia Cristina de Oliveira Rodrigues,Cursando,Ágata,6.817057142900001,5.0,6.25,7.380952381,9.002,7.51,7.916666667,5.74,Fase 3 (7° e 8° ano),-2,,,6.5,6.0,,,,,2.0,,,,,3.0,,False,False,False,False,False,False,False,False,False,False,False,False,False,False
RA-826,2024,Aluno-826,1L,1L,Masculino,10.0,2022,Pública,EM Cecilia Cristina de Oliveira Rodrigues,Cursando,Ametista,7.9442,5.0,6.75,10.0,10.002,6.26,7.5,8.59,Fase 2 (5° e 6° ano),-1,,,5.5,8.0,,,,,2.0,,,,,2.0,,False,False,False,False,False,False,False,False,False,False,False,False,False,False
RA-789,2024,Aluno-789,1L,1L,Feminino,9.0,2022,Pública,EE Helio Luiz Dobrochinski Prof,Cursando,Topázio,8.0443904763,10.0,5.25,9.047619048,9.002,7.51,9.166666667,8.085,Fase 1 (3° e 4° ano),0,,,5.5,5.0,,,,,2.0,,,,,1.0,,False,False,False,False,False,False,False,False,False,False,False,False,False,False
RA-1056,2024,Aluno-1056,1L,1L,Masculino,10.0,2023,Pública,EM Amanda Consuelo da Cunha,Cursando,Topázio,8.192009523800001,5.0,8.25,9.2857142855,8.502,7.51,9.166666667,8.335,Fase 2 (5° e 6° ano),-1,,,8.5,8.0,,,,,2.0,,,,,2.0,,False,False,False,False,False,False,False,False,False,False,False,False,False,False
RA-1428,2024,Aluno-1428,1L,1L,Masculino,10.0,2024,Pública,EM Cecilia Cristina de Oliveira Rodrigues,Cursando,Topázio,8.006108496800001,5.0,8.0,8.8562091505,8.502,7.51,9.166666667,8.085,Fase 2 (5° e 6° ano),-1,,,7.0,9.0,,,,,2.0,,,,,2.0,,False,False,False,False,False,False,False,False,False,False,False,False,False,False
RA-830,2024,Aluno-830,1L,1L,Feminino,11.0,2022,Pública,EM Cecilia Cristina de Oliveira Rodrigues,Cursando,Ametista,7.1373428571,5.0,6.75,7.619047619,9.002,5.63,8.333333333,7.335,Fase 2 (5° e 6° ano),-1,,,6.5,7.0,,,,,2.0,,,,,2.0,,False,False,False,False,False,False,False,False,False,False,False,False,False,False
RA-780,2024,Aluno-780,1L,1L,Feminino,11.0,2022,Pública,EM Cecilia Cristina de Oliveira Rodrigues,Cursando,Ametista,7.7430333333,5.0,6.0,10.0,9.502,5.63,8.958333333,8.17,Fase 2 (5° e 6° ano),-1,,,6.0,6.0,,,,,2.0,,,,,2.0,,False,False,False,False,False,False,False,False,False,False,False,False,False,False
RA-1057,2024,Aluno-1057,1L,1L,Feminino,10.0,2023,Pública,EE Helio Luiz Dobrochinski Prof,Cursando,Topázio,8.2352,5.0,8.0,10.0,10.002,6.26,8.75,8.17,Fase 2 (5° e 6° ano),-1,,,8.0,8.0,,,,,2.0,,,,,2.0,,False,False,False,False,False,False,False,False,False,False,False,False,False,False
RA-1062,2024,Aluno-1062,1L,1L,Masculino,10.0,2023,Pública,EM Alfredo Schunk,Cursando,Ametista,7.6147238096,5.0,7.25,9.047619048,8.002,5.63,8.75,8.085,Fase 2 (5° e 6° ano),-1,,,6.5,8.0,,,,,2.0,,,,,2.0,,False,False,False,False,False,False,False,False,False,False,False,False,False,False
RA-1429,2024,Aluno-1429,1L,1L,Masculino,11.0,2024,Pública,EE Helio Luiz Dobrochinski Prof,Cursando,Topázio,8.041811111100001,5.0,7.75,8.888888889,9.502,7.51,8.958333333,8.085,Fase 2 (5° e 6° ano),-1,,,8.5,7.0,,,,,2.0,,,,,2.0,,False,False,False,False,False,False,False,False,False,False,False,False,False,False
RA-1430,2024,Aluno-1430,1L,1L,Masculino,11.0,2024,Pública,EE Helio Luiz Dobrochinski Prof,Cursando,Ametista,7.864033333300001,5.0,6.25,10.0,8.502,7.51,8.958333333,8.085,Fase 2 (5° e 6° ano),-1,,,6.0,6.5,,,,,2.0,,,,,2.0,,False,False,False,False,False,False,False,False,False,False,False,False,False,False
RA-767,2024,Aluno-767,1L,1L,Masculino,12.0,2021,Pública,EM Cecilia Cristina de Oliveira Rodrigues,Cursando,Topázio,8.131890476200002,5.0,8.25,9.0476190475,9.502,7.51,8.541666667,8.085,Fase 3 (7° e 8° ano),-2,,,8.5,8.0,,,,,2.0,,,,,3.0,,False,False,False,False,False,False,False,False,False,False,False,False,False,False
RA-943,2024,Aluno-943,1L,1L,Feminino,9.0,2023,Pública,EM Amanda Consuelo da Cunha,Cursando,Topázio,8.965033333300001,10.0,8.0,10.0,10.002,7.51,8.958333333,8.59,Fase 1 (3° e 4° ano),0,,,7.0,9.0,,,,,2.0,,,,,1.0,,False,False,False,False,False,False,False,False,False,False,False,False,False,False
RA-782,2024,Aluno-782,1L,1L,Masculino,10.0,2022,Pública,EM Amanda Consuelo da Cunha,Cursando,Topázio,8.1896285714,10.0,7.75,7.8571428569999995,9.502,7.51,7.5,8.085,Fase 1 (3° e 4° ano),0,,,7.5,8.0,,,,,2.0,,,,,1.0,,False,False,False,False,False,False,False,False,False,False,False,False,False,False
RA-795,2024,Aluno-795,1L,1L,Feminino,10.0,2022,Pública,EE Helio Luiz Dobrochinski Prof,Cursando,Topázio,8.441414285700002,5.0,9.5,9.761904762,9.502,6.26,8.958333333,8.085,Fase 2 (5° e 6° ano),-1,,,10.0,9.0,,,,,2.0,,,,,2.0,,False,False,False,False,False,False,False,False,False,False,False,False,False,False
RA-1431,2024,Aluno-1431,1M,1M,Feminino,11.0,2024,Pública,EE Neide Celestina de Oliveira,Cursando,Ametista,7.9147292443,5.0,8.0,7.7432712215,9.002,7.51,7.96875,9.09,Fase 2 (5° e 6° ano),-1,,,8.0,8.0,,,,,2.0,,,,,2.0,,False,False,False,False,False,False,False,False,False,False,False,False,False,False
RA-1432,2024,Aluno-1432,1M,1M,Feminino,10.0,2024,Pública,EE Jardim Campestre,Cursando,Topázio,8.774075000000002,5.0,9.5,10.0,10.002,7.51,9.21875,8.505,Fase 2 (5° e 6° ano),-1,,,10.0,9.0,,,,,2.0,,,,,2.0,,False,False,False,False,False,False,False,False,False,False,False,False,False,False
RA-1433,2024,Aluno-1433,1M,1M,Feminino,10.0,2024,Pública,EE Jardim Campestre,Cursando,Topázio,8.1939895962,5.0,8.75,9.068322981,8.502,7.51,8.28125,8.505,Fase 2 (5° e 6° ano),-1,,,8.0,9.5,,,,,2.0,,,,,2.0,,False,False,False,False,False,False,False,False,False,False,False,False,False,False
RA-1434,2024,Aluno-1434,1M,1M,Masculino,10.0,2024,Pública,EE Jardim Campestre,Cursando,Topázio,8.2775982919,5.0,9.0,7.9813664595,8.502,6.26,9.53125,9.76,Fase 2 (5° e 6° ano),-1,,,10.0,8.0,,,,,2.0,,,,,2.0,,False,False,False,False,False,False,False,False,False,False,False,False,False,False
RA-958,2024,Aluno-958,1M,1M,Feminino,9.0,2023,Pública,EE Jardim Campestre,Cursando,Topázio,9.531325,10.0,10.0,10.0,10.002,6.26,9.53125,9.76,Fase 1 (3° e 4° ano),0,,,10.0,10.0,,,,,2.0,,,,,1.0,,False,False,False,False,False,False,False,False,False,False,False,False,False,False
RA-961,2024,Aluno-961,1M,1M,Masculino,10.0,2023,Pública,EM Alfredo Schunk,Cursando,Ágata,6.529417908900001,5.0,5.5,8.8923395445,9.002,6.26,5.9375,5.155,Fase 2 (5° e 6° ano),-1,,,6.0,5.0,,,,,2.0,,,,,2.0,,False,False,False,False,False,False,False,False,False,False,False,False,False,False
RA-1435,2024,Aluno-1435,1M,1M,Masculino,10.0,2024,Pública,EE Jardim Campestre,Cursando,Ametista,7.7196166667,10.0,7.5,7.833333333500001,9.502,7.51,7.1875,6.165,Fase 1 (3° e 4° ano),0,,,7.5,7.5,,,,,2.0,,,,,1.0,,False,False,False,False,False,False,False,False,False,False,False,False,False,False
RA-755,2024,Aluno-755,1M,1M,Masculino,10.0,2022,Pública,EE Jardim Campestre,Cursando,Topázio,8.925450000000001,5.0,9.75,10.0,10.002,7.51,9.0625,9.09,Fase 2 (5° e 6° ano),-1,,,10.0,9.5,,,,,2.0,,,,,2.0,,False,False,False,False,False,False,False,False,False,False,False,False,False,False
RA-1436,2024,Aluno-1436,1M,1M,Feminino,11.0,2024,Pública,EM Alfredo Schunk,Cursando,Ametista,7.589914648100001,5.0,8.0,8.674948240500001,7.418,7.51,8.28125,7.17,Fase 2 (5° e 6° ano),-1,,,8.0,8.0,,,,,2.0,,,,,2.0,,False,False,False,False,False,False,False,False,False,False,False,False,False,False
RA-1437,2024,Aluno-1437,1M,1M,Feminino,11.0,2024,Pública,EM Cecilia Cristina de Oliveira Rodrigues,Cursando,Ametista,7.982890217400001,5.0,8.0,9.347826087,8.502,7.51,8.28125,7.92,Fase 2 (5° e 6° ano),-1,,,8.0,8.0,,,,,2.0,,,,,2.0,,False,False,False,False,False,False,False,False,False,False,False,False,False,False
RA-1438,2024,Aluno-1438,1M,1M,Feminino,10.0,2024,Pública,EM Bairro Lagoa Grande,Cursando,Topázio,8.176825000000001,5.0,7.0,9.0,10.002,7.51,8.90625,9.175,Fase 2 (5° e 6° ano),-1,,,6.0,8.0,,,,,2.0,,,,,2.0,,False,False,False,False,False,False,False,False,False,False,False,False,False,False
RA-1439,2024,Aluno-1439,1M,1M,Feminino,11.0,2024,Pública,EE Jardim Campestre,Cursando,Topázio,8.507700000000002,5.0,8.5,10.0,7.502,7.51,9.375,9.345,Fase 2 (5° e 6° ano),-1,,,9.0,8.0,,,,,2.0,,,,,2.0,,False,False,False,False,False,False,False,False,False,False,False,False,False,False
RA-1440,2024,Aluno-1440,1M,1M,Feminino,10.0,2024,Pública,EE Helio Luiz Dobrochinski Prof,Cursando,Ametista,7.469102691500001,5.0,4.5,9.544513457499999,9.002,7.51,8.75,8.17,Fase 2 (5° e 6° ano),-1,,,9.0,0.0,,,,,2.0,,,,,2.0,,False,False,False,False,False,False,False,False,False,False,False,False,False,False
RA-1441,2024,Aluno-1441,1M,1M,Masculino,9.0,2024,Pública,EE Jardim Campestre,Cursando,Topázio,8.961646169800002,10.0,8.5,9.109730849,9.502,7.51,9.375,9.005,Fase 1 (3° e 4° ano),0,,,9.0,8.0,,,,,2.0,,,,,1.0,,False,False,False,False,False,False,False,False,False,False,False,False,False,False
RA-1442,2024,Aluno-1442,1M,1M,Masculino,13.0,2024,Pública,EM Cecilia Cristina de Oliveira Rodrigues,Cursando,Ametista,7.135189648100001,5.0,7.25,8.674948240500001,8.002,7.51,7.5,5.745,Fase 3 (7° e 8° ano),-2,,,8.5,6.0,,,,,2.0,,,,,3.0,,False,False,False,False,False,False,False,False,False,False,False,False,False,False
RA-1443,2024,Aluno-1443,1N,1N,Feminino,13.0,2024,Pública,EE Donizetti Aparecido Leite Professor,Cursando,Ágata,6.921633333300001,5.0,6.75,7.5,6.918,6.26,7.708333333,7.415,Fase 3 (7° e 8° ano),-2,,,6.5,7.0,,,,,2.0,,,,,3.0,,False,False,False,False,False,False,False,False,False,False,False,False,False,False
RA-1444,2024,Aluno-1444,1N,1N,Masculino,11.0,2024,Pública,EE Donizetti Aparecido Leite Professor,Cursando,Ágata,6.610588888900001,5.0,6.0,5.277777778,8.502,7.51,7.708333333,7.415,Fase 2 (5° e 6° ano),-1,,,8.0,4.0,,,,,2.0,,,,,2.0,,False,False,False,False,False,False,False,False,False,False,False,False,False,False
RA-956,2024,Aluno-956,1N,1N,Masculino,12.0,2023,Pública,Estuda em outra cidade,Cursando,Ágata,6.1175906455,5.0,3.25,6.017786561,9.502,6.885,7.083333333,7.085,Fase 2 (5° e 6° ano),-1,,,6.5,0.0,,,,,2.0,,,,,2.0,,False,False,False,False,False,False,False,False,False,False,False,False,False,False
RA-952,2024,Aluno-952,1N,1N,Masculino,9.0,2023,Pública,EE Helio Luiz Dobrochinski Prof,Cursando,Topázio,8.853624242300002,10.0,8.5,9.545454545,9.502,6.26,8.333333333,9.175,Fase 1 (3° e 4° ano),0,,,8.0,9.0,,,,,2.0,,,,,1.0,,False,False,False,False,False,False,False,False,False,False,False,False,False,False
RA-939,2024,Aluno-939,1N,1N,Feminino,12.0,2023,Pública,EE Donizetti Aparecido Leite Professor,Cursando,Ametista,7.051379841899999,5.0,5.0,8.8833992095,9.002,5.63,8.125,7.495,Fase 2 (5° e 6° ano),-1,,,6.0,4.0,,,,,2.0,,,,,2.0,,False,False,False,False,False,False,False,False,False,False,False,False,False,False
RA-953,2024,Aluno-953,1N,1N,Feminino,9.0,2023,Pública,EE Helio Luiz Dobrochinski Prof,Cursando,Ametista,7.961241502000001,10.0,8.5,6.85770751,9.002,6.26,8.125,7.755,Fase 1 (3° e 4° ano),0,,,8.0,9.0,,,,,2.0,,,,,1.0,,False,False,False,False,False,False,False,False,False,False,False,False,False,False
RA-954,2024,Aluno-954,1N,1N,Feminino,9.0,2023,Pública,EM Cecilia Cristina de Oliveira Rodrigues,Cursando,Topázio,8.2823798419,10.0,7.75,8.8833992095,9.502,6.26,8.125,7.835,Fase 1 (3° e 4° ano),0,,,6.5,9.0,,,,,2.0,,,,,1.0,,False,False,False,False,False,False,False,False,False,False,False,False,False,False
RA-792,2024,Aluno-792,1N,1N,Feminino,11.0,2022,Pública,EE Donizetti Aparecido Leite Professor,Cursando,Ágata,6.036012253,5.0,3.25,5.2865612650000005,8.502,7.51,8.125,7.075,Fase 2 (5° e 6° ano),-1,,,6.5,0.0,,,,,2.0,,,,,2.0,,False,False,False,False,False,False,False,False,False,False,False,False,False,False
RA-1000,2024,Aluno-1000,1N,1N,Feminino,9.0,2023,Pública,EE Helio Luiz Dobrochinski Prof,Cursando,Topázio,8.364790909100002,10.0,7.75,9.5454545455,9.002,6.26,8.125,7.835,Fase 1 (3° e 4° ano),0,,,7.5,8.0,,,,,2.0,,,,,1.0,,False,False,False,False,False,False,False,False,False,False,False,False,False,False
RA-763,2024,Aluno-763,1N,1N,Feminino,11.0,2021,Pública,EE Donizetti Aparecido Leite Professor,Cursando,Ágata,6.984760606,5.0,5.25,8.8636363635,9.002,6.26,7.708333333,6.825,Fase 2 (5° e 6° ano),-1,,,6.5,4.0,,,,,2.0,,,,,2.0,,False,False,False,False,False,False,False,False,False,False,False,False,False,False
RA-1001,2024,Aluno-1001,1N,1N,Feminino,10.0,2023,Pública,EE Helio Luiz Dobrochinski Prof,Cursando,Ametista,7.7964318841,5.0,7.75,9.347826087,7.502,7.51,7.916666667,7.92,Fase 2 (5° e 6° ano),-1,,,6.5,9.0,,,,,2.0,,,,,2.0,,False,False,False,False,False,False,False,False,False,False,False,False,False,False
RA-1445,2024,Aluno-1445,1N,1N,Feminino,10.0,2024,Pública,EE Helio Luiz Dobrochinski Prof,Cursando,Ametista,7.842866666700001,5.0,7.25,9.5,9.502,7.51,7.916666667,7.5,Fase 2 (5° e 6° ano),-1,,,6.5,8.0,,,,,2.0,,,,,2.0,,False,False,False,False,False,False,False,False,False,False,False,False,False,False
RA-1446,2024,Aluno-1446,1N,1N,Masculino,9.0,2024,Pública,EM Cecilia Cristina de Oliveira Rodrigues,Cursando,Quartzo,5.9004061924,10.0,0.0,6.6501976285,8.002,6.26,7.291666667,7.075,Fase 1 (3° e 4° ano),0,,,0.0,0.0,,,,,2.0,,,,,1.0,,False,False,False,True,False,False,False,False,True,False,False,False,False,False
RA-768,2024,Aluno-768,1N,1N,Feminino,12.0,2021,Pública,EE Donizetti Aparecido Leite Professor,Cursando,Ametista,7.0345379447,5.0,5.5,7.9841897235,9.002,6.26,8.125,7.495,Fase 2 (5° e 6° ano),-1,,,6.0,5.0,,,,,2.0,,,,,2.0,,False,False,False,False,False,False,False,False,False,False,False,False,False,False
RA-1447,2024,Aluno-1447,1N,1N,Feminino,11.0,2024,Pública,EE Donizetti Aparecido Leite Professor,Cursando,Ametista,7.5402350878,5.0,5.25,9.7368421055,9.502,7.51,7.916666667,7.75,Fase 2 (5° e 6° ano),-1,,,6.5,4.0,,,,,2.0,,,,,2.0,,False,False,False,False,False,False,False,False,False,False,False,False,False,False
RA-980,2024,Aluno-980,1P,1P,Feminino,9.0,2023,Pública,EE Luiz Schunck,Cursando,Ametista,7.946388311600001,10.0,6.25,9.058441558,9.002,7.51,7.5,7.4175,Fase 1 (3° e 4° ano),0,,,6.5,6.0,,,,,4.0,,,,,1.0,,False,False,False,False,False,False,False,False,False,False,False,False,False,False
RA-982,2024,Aluno-982,1P,1P,Masculino,8.0,2023,Pública,EE Luiz Schunck,Cursando,Topázio,8.119860173100001,10.0,8.25,8.365800865499999,10.002,7.51,6.875,6.79,Fase 1 (3° e 4° ano),0,,,6.5,10.0,,,,,4.0,,,,,1.0,,False,False,False,False,False,False,False,False,False,False,False,False,False,False
RA-1448,2024,Aluno-1448,1P,1P,Feminino,13.0,2024,Pública,EE Donizetti Aparecido Leite Professor,Cursando,Ametista,7.466126406900001,5.0,6.0,9.5346320345,9.002,7.51,7.5,7.29,Fase 3 (7° e 8° ano),-2,,,6.0,6.0,,,,,4.0,,,,,3.0,,False,False,False,False,False,False,False,False,False,False,False,False,False,False
RA-1070,2024,Aluno-1070,1P,1P,Masculino,12.0,2023,Pública,EE Donizetti Aparecido Leite Professor,Cursando,Ágata,6.287171861500001,5.0,2.25,9.3073593075,9.002,5.635,6.875,6.6225,Fase 2 (5° e 6° ano),-1,,,4.5,0.0,,,,,4.0,,,,,2.0,,False,False,False,False,False,False,False,False,False,False,False,False,False,False
RA-985,2024,Aluno-985,1P,1P,Masculino,9.0,2023,Pública,EE Helio Luiz Dobrochinski Prof,Cursando,Topázio,8.2432,10.0,7.5,10.0,8.502,6.26,7.5,7.585,Fase 1 (3° e 4° ano),0,,,8.0,7.0,,,,,4.0,,,,,1.0,,False,False,False,False,False,False,False,False,False,False,False,False,False,False
RA-986,2024,Aluno-986,1P,1P,Feminino,9.0,2023,Pública,EE Luiz Schunck,Cursando,Topázio,8.2603406926,10.0,8.5,9.2965367965,10.002,6.26,7.083333333,6.8325,Fase 1 (3° e 4° ano),0,,,7.5,9.5,,,,,4.0,,,,,1.0,,False,False,False,False,False,False,False,False,False,False,False,False,False,False
RA-810,2024,Aluno-810,1P,1P,Masculino,10.0,2021,Pública,EE Helio Luiz Dobrochinski Prof,Cursando,Ametista,7.704770175400001,5.0,9.0,9.4736842105,7.502,5.635,6.458333333,7.7525,Fase 2 (5° e 6° ano),-1,,,8.0,10.0,,,,,4.0,,,,,2.0,,False,False,False,False,False,False,False,False,False,False,False,False,False,False
RA-987,2024,Aluno-987,1P,1P,Masculino,9.0,2023,Pública,EE Luiz Schunck,Cursando,Topázio,8.3028861472,10.0,7.5,9.0692640695,9.002,7.51,7.708333333,7.835,Fase 1 (3° e 4° ano),0,,,8.0,7.0,,,,,4.0,,,,,1.0,,False,False,False,False,False,False,False,False,False,False,False,False,False,False
RA-988,2024,Aluno-988,1P,1P,Feminino,10.0,2023,Pública,EE Helio Luiz Dobrochinski Prof,Cursando,Topázio,8.1765333333,5.0,7.75,10.0,9.502,7.51,8.333333333,7.96,Fase 2 (5° e 6° ano),-1,,,6.5,9.0,,,,,4.0,,,,,2.0,,False,False,False,False,False,False,False,False,False,False,False,False,False,False
RA-805,2024,Aluno-805,1R,1R,Masculino,10.0,2021,Pública,EE Luiz Schunck,Cursando,Ágata,6.9375869048,5.0,6.0,9.523809524,8.502,4.38,7.03125,6.7075,Fase 2 (5° e 6° ano),-1,,,7.0,5.0,,,,,4.0,,,,,2.0,,False,False,False,False,False,False,False,False,False,False,False,True,False,False
RA-806,2024,Aluno-806,1R,1R,Masculino,10.0,2022,Pública,EE Luiz Schunck,Cursando,Ágata,6.972777380900001,5.0,6.75,6.9047619045,8.502,7.51,7.65625,6.875,Fase 2 (5° e 6° ano),-1,,,6.5,7.0,,,,,4.0,,,,,2.0,,False,False,False,False,False,False,False,False,False,False,False,False,False,False
RA-807,2024,Aluno-807,1R,1R,Masculino,10.0,2022,Pública,EE Luiz Schunck,Cursando,Ametista,7.797628571400001,10.0,7.0,7.8571428569999995,9.002,7.51,7.5,7.125,Fase 1 (3° e 4° ano),0,,,6.0,8.0,,,,,4.0,,,,,1.0,,False,False,False,False,False,False,False,False,False,False,False,False,False,False
RA-808,2024,Aluno-808,1R,1R,Masculino,10.0,2022,Pública,EE Luiz Schunck,Cursando,Topázio,8.7897,10.0,8.75,10.0,9.002,7.51,8.125,7.88,Fase 1 (3° e 4° ano),0,,,7.5,10.0,,,,,4.0,,,,,1.0,,False,False,False,False,False,False,False,False,False,False,False,False,False,False
RA-963,2024,Aluno-963,1R,1R,Feminino,10.0,2023,Pública,EE Helio Luiz Dobrochinski Prof,Cursando,Topázio,8.375080952400001,10.0,7.5,9.761904762,7.502,7.51,8.125,8.045,Fase 1 (3° e 4° ano),0,,,5.0,10.0,,,,,4.0,,,,,1.0,,False,False,False,False,False,False,False,False,False,False,False,False,False,False
RA-989,2024,Aluno-989,1R,1R,Masculino,10.0,2023,Pública,EE Luiz Schunck,Cursando,Ametista,7.3743785714,10.0,6.0,7.8571428569999995,9.502,6.26,7.1875,6.54,Fase 1 (3° e 4° ano),0,,,6.0,6.0,,,,,4.0,,,,,1.0,,False,False,False,False,False,False,False,False,False,False,False,False,False,False
RA-964,2024,Aluno-964,1R,1R,Masculino,10.0,2023,Pública,EM Juvenal Coutinho,Cursando,Ametista,7.548241666600001,5.0,7.25,8.333333332999999,9.502,7.51,7.96875,7.1675,Fase 2 (5° e 6° ano),-1,,,7.5,7.0,,,,,4.0,,,,,2.0,,False,False,False,False,False,False,False,False,False,False,False,False,False,False
RA-1449,2024,Aluno-1449,1R,1R,Feminino,10.0,2024,Pública,EE Luiz Schunck,Cursando,Ametista,7.214341666700001,5.0,6.75,8.3333333335,7.418,7.51,7.96875,7.04,Fase 2 (5° e 6° ano),-1,,,6.5,7.0,,,,,4.0,,,,,2.0,,False,False,False,False,False,False,False,False,False,False,False,False,False,False
RA-801,2024,Aluno-801,1R,1R,Masculino,10.0,2022,Pública,EE Luiz Schunck,Cursando,Ágata,6.6752,5.0,8.0,5.75,9.002,7.51,6.25,5.745,Fase 2 (5° e 6° ano),-1,,,7.0,9.0,,,,,4.0,,,,,2.0,,False,False,False,False,False,False,False,False,False,False,False,False,False,False
RA-1450,2024,Aluno-1450,1R,1R,Masculino,9.0,2024,Pública,EE Helio Luiz Dobrochinski Prof,Cursando,Ametista,7.405235714200002,10.0,3.5,8.571428571,9.502,7.51,7.8125,7.5425,Fase 1 (3° e 4° ano),0,,,0.0,7.0,,,,,4.0,,,,,1.0,,False,False,False,False,False,False,False,False,False,False,False,False,False,False
RA-984,2024,Aluno-984,1R,1R,Feminino,9.0,2023,Pública,EE Luiz Schunck,Cursando,Topázio,8.475080952400003,10.0,7.0,9.761904762,9.502,7.51,8.125,8.045,Fase 1 (3° e 4° ano),0,,,7.5,6.5,,,,,4.0,,,,,1.0,,False,False,False,False,False,False,False,False,False,False,False,False,False,False
RA-1451,2024,Aluno-1451,1R,1R,Feminino,11.0,2024,Pública,EE Luiz Schunck,Cursando,Ametista,7.560479761900002,5.0,6.0,8.8095238095,10.002,7.51,7.96875,7.7525,Fase 2 (5° e 6° ano),-1,,,6.0,6.0,,,,,4.0,,,,,2.0,,False,False,False,False,False,False,False,False,False,False,False,False,False,False
RA-967,2024,Aluno-967,1R,1R,Masculino,11.0,2023,Pública,EE Luiz Schunck,Cursando,Quartzo,5.442610714300001,5.0,4.75,3.5714285715,9.502,7.51,5.78125,4.995,Fase 2 (5° e 6° ano),-1,,,3.5,6.0,,,,,4.0,,,,,2.0,,False,False,False,False,False,False,False,False,False,False,False,False,False,False
RA-968,2024,Aluno-968,1R,1R,Feminino,10.0,2023,Pública,EE Luiz Schunck,Cursando,Ametista,7.8403547619000005,5.0,7.75,8.8095238095,9.002,7.51,8.4375,7.6675,Fase 2 (5° e 6° ano),-1,,,8.5,7.0,,,,,4.0,,,,,2.0,,False,False,False,False,False,False,False,False,False,False,False,False,False,False
RA-521,2024,Aluno-521,2A,2A,Masculino,11.0,2022,Privada,Colégio Nogueira e Sonho de Criança,Cursando,Ametista,7.4798428571999995,10.0,6.25,9.0357142855,8.002,5.005,6.666666667,7.276666667,Fase 2 (5° e 6° ano),0,,,7.0,5.5,,,,,3.0,,,,,2.0,,False,False,False,False,False,False,False,False,False,False,False,False,False,False
RA-821,2024,Aluno-821,2A,2A,Masculino,11.0,2022,Pública,EE Mario Francisco de Amorim,Cursando,Ágata,6.643866666600001,10.0,4.25,5.9166666665,8.502,7.51,6.666666667,6.713333333,Fase 2 (5° e 6° ano),0,,,4.5,4.0,,,,,3.0,,,,,2.0,,False,False,False,False,False,False,False,False,False,False,False,False,False,False
RA-1075,2024,Aluno-1075,2A,2A,Feminino,13.0,2023,Pública,EE Leonice de Aquino Oliveira,Cursando,Ágata,6.8100812324,5.0,6.0,8.5154061625,7.5,3.755,7.708333333,7.553333333,Fase 3 (7° e 8° ano),-1,,,5.0,7.0,,,,,3.0,,,,,3.0,,False,False,False,False,False,False,False,False,False,False,False,True,False,False
RA-1048,2024,Aluno-1048,2A,2A,Feminino,11.0,2023,Privada,Estuda em outra cidade,Cursando,Ametista,7.5198666666000005,10.0,6.25,6.833333333500001,8.502,6.255,7.708333333,8.283333333,Fase 1 (3° e 4° ano),1,,,6.5,6.0,,,,,3.0,,,,,1.0,,False,False,False,False,False,False,False,False,False,False,False,False,False,False
RA-1082,2024,Aluno-1082,2A,2A,Feminino,13.0,2023,Pública,EE Leonice de Aquino Oliveira,Cursando,Ágata,6.6114857142,5.0,3.75,7.5714285715,7.502,10.0,7.083333333,6.943333333,Fase 3 (7° e 8° ano),-1,,,2.0,5.5,,,,,3.0,,,,,3.0,,False,False,False,False,False,False,False,False,False,False,False,True,False,False
RA-680,2024,Aluno-680,2A,2A,Feminino,12.0,2021,Pública,EE Leonice de Aquino Oliveira,Cursando,Quartzo,4.9800714287000005,5.0,3.0,6.6428571430000005,0.0,5.635,6.666666667,6.606666667,Fase 3 (7° e 8° ano),-1,,,2.5,3.5,,,,,3.0,,,,,3.0,,True,False,False,False,False,False,False,False,False,False,True,False,False,False
RA-698,2024,Aluno-698,2A,2A,Masculino,10.0,2021,Pública,EE Dom Pedro Villas Boas de Souza,Cursando,Ametista,7.3363190476,10.0,4.5,8.3214285715,9.002,6.88,7.291666667,7.273333333,Fase 2 (5° e 6° ano),0,,,3.0,6.0,,,,,3.0,,,,,2.0,,False,False,False,False,False,False,False,False,False,False,False,False,False,False
RA-1452,2024,Aluno-1452,2A,2A,Masculino,12.0,2024,Pública,EE Leonice de Aquino Oliveira,Cursando,Topázio,8.6268666667,10.0,7.75,10.0,9.002,7.51,7.916666667,8.17,Fase 2 (5° e 6° ano),0,,,7.0,8.5,,,,,3.0,,,,,2.0,,False,False,False,False,False,False,False,False,False,False,False,False,False,False
RA-1453,2024,Aluno-1453,2A,2A,Feminino,12.0,2021,Pública,EE Leonice de Aquino Oliveira,Cursando,Ametista,7.1234857143,5.0,6.5,7.8214285715,8.502,6.25,7.5,7.67,Fase 3 (7° e 8° ano),-1,,,4.5,8.5,,,,,3.0,,,,,3.0,,False,False,False,False,False,False,False,False,False,False,False,False,False,False
RA-1454,2024,Aluno-1454,2A,2A,Feminino,10.0,2023,Pública,EE Dom Pedro Villas Boas de Souza,Cursando,Ametista,7.7042238095,10.0,7.75,5.880952381,8.002,7.51,7.708333333,8.28,Fase 2 (5° e 6° ano),0,,,7.5,8.0,,,,,3.0,,,,,2.0,,False,False,False,False,False,False,False,False,False,False,False,False,False,False
RA-1455,2024,Aluno-1455,2A,2A,Feminino,12.0,2024,Pública,EE Maria André Schunck Dona,Cursando,Ágata,6.6442555555,5.0,3.5,7.777777778,8.002,7.51,7.708333333,7.833333333,Fase 3 (7° e 8° ano),-1,,,,3.5,,,,,3.0,,,,,3.0,,False,False,False,False,False,False,False,False,False,False,False,False,False,False
RA-529,2024,Aluno-529,2A,2A,Masculino,14.0,2021,Pública,EE Leonice de Aquino Oliveira,Cursando,Quartzo,5.2661285715,5.0,4.25,6.6071428569999995,7.002,4.38,4.791666667,4.886666667,Fase 3 (7° e 8° ano),-1,,,2.5,6.0,,,,,3.0,,,,,3.0,,False,False,False,False,False,False,False,False,False,False,False,True,True,False
RA-1456,2024,Aluno-1456,2A,2A,Masculino,11.0,2024,Pública,EE Leonice de Aquino Oliveira,Cursando,Topázio,8.492914285800001,10.0,7.75,9.511904762,9.502,7.51,7.5,7.946666667,Fase 2 (5° e 6° ano),0,,,5.5,10.0,,,,,3.0,,,,,2.0,,False,False,False,False,False,False,False,False,False,False,False,False,False,False
RA-1015,2024,Aluno-1015,2B,2B,Feminino,11.0,2023,Pública,EE Alexandre Rodrigues Nogueira,Cursando,Ágata,6.643252381000002,10.0,4.0,7.8214285715,7.918,7.51,6.041666667,5.66,Fase 2 (5° e 6° ano),0,,,2.0,6.0,,,,,3.0,,,,,2.0,,False,False,False,False,False,False,False,False,False,False,False,False,False,False
RA-483,2024,Aluno-483,2B,2B,Feminino,13.0,2021,Pública,EE Mario Francisco de Amorim,Cursando,Ágata,6.578604762,5.0,5.25,5.6428571430000005,8.502,6.26,8.125,8.056666667,Fase 3 (7° e 8° ano),-1,,,2.0,8.5,,,,,3.0,,,,,3.0,,False,False,False,False,False,False,False,False,False,False,False,False,False,False
RA-497,2024,Aluno-497,2B,2B,Feminino,15.0,2021,Privada - Programa de apadrinhamento,EE Mario Francisco de Amorim,Cursando,Quartzo,4.4960809524,5.0,1.0,6.095238095,7.502,5.63,5.625,3.506666667,Fase 3 (7° e 8° ano),-1,,,0.0,2.0,,,,,3.0,,,,,3.0,,False,False,False,False,False,False,True,False,False,False,False,False,True,True
RA-1457,2024,Aluno-1457,2B,2B,Feminino,12.0,2024,Pública,EE Leonice de Aquino Oliveira,Cursando,Ágata,6.0197761904,5.0,2.75,8.0357142855,3.498,7.51,7.291666667,7.663333333,Fase 3 (7° e 8° ano),-1,,,2.5,3.0,,,,,3.0,,,,,3.0,,False,False,False,False,False,False,False,False,False,False,True,False,False,False
RA-688,2024,Aluno-688,2B,2B,Masculino,11.0,2022,Pública,EE Dom Pedro Villas Boas de Souza,Cursando,Topázio,8.986533333300002,10.0,7.5,10.0,9.502,8.13,8.333333333,9.45,Fase 2 (5° e 6° ano),0,,,6.0,9.0,,,,,3.0,,,,,2.0,,False,False,False,False,False,False,False,False,False,False,False,False,False,False
RA-696,2024,Aluno-696,2B,2B,Feminino,10.0,2021,Pública,EE Dom Pedro Villas Boas de Souza,Cursando,Ametista,7.482680952299999,10.0,5.25,7.845238095,7.418,7.51,7.708333333,8.0,Fase 2 (5° e 6° ano),0,,,5.0,5.5,,,,,3.0,,,,,2.0,,False,False,False,False,False,False,False,False,False,False,False,False,False,False
RA-1458,2024,Aluno-1458,2B,2B,Feminino,12.0,2024,Pública,EE Alexandre Rodrigues Nogueira,Cursando,Quartzo,5.879073684200001,5.0,3.25,7.280701754500001,8.751,7.51,6.041666667,5.213333333,Fase 3 (7° e 8° ano),-1,,,0.5,6.0,,,,,3.0,,,,,3.0,,False,False,False,False,False,False,False,False,False,False,False,False,False,False
RA-1034,2024,Aluno-1034,2B,2B,Masculino,11.0,2023,Pública,EE Alexandre Rodrigues Nogueira,Cursando,Topázio,8.0333666666,10.0,7.5,8.0833333335,7.502,7.51,7.708333333,8.223333333,Fase 2 (5° e 6° ano),0,,,7.5,7.5,,,,,3.0,,,,,2.0,,False,False,False,False,False,False,False,False,False,False,False,False,False,False
RA-491,2024,Aluno-491,2B,2B,Masculino,12.0,2022,Pública,EE Mario Francisco de Amorim,Cursando,Ágata,6.995247619100001,5.0,5.25,9.011904762,7.502,7.51,7.083333333,7.166666667,Fase 3 (7° e 8° ano),-1,,,1.5,9.0,,,,,3.0,,,,,3.0,,False,False,False,False,False,False,False,False,False,False,False,False,False,False
RA-1027,2024,Aluno-1027,2B,2B,Feminino,11.0,2023,Pública,EE Bairro Boa Vista,Cursando,Topázio,8.220866666700001,10.0,5.25,10.0,9.502,7.51,7.916666667,8.39,Fase 2 (5° e 6° ano),0,,,6.0,4.5,,,,,3.0,,,,,2.0,,False,False,False,False,False,False,False,False,False,False,False,False,False,False
RA-1023,2024,Aluno-1023,2B,2B,Feminino,10.0,2023,Pública,EE Dom Pedro Villas Boas de Souza,Cursando,Topázio,9.498580952300001,10.0,9.5,9.511904762,9.502,9.375,8.958333333,9.563333333,Fase 2 (5° e 6° ano),0,,,9.0,10.0,,,,,3.0,,,,,2.0,,False,False,False,False,False,False,False,False,False,False,False,False,False,False
RA-686,2024,Aluno-686,2C,2C,Feminino,11.0,2022,Pública,EE Joaquim Mendes Feliz,Cursando,Topázio,8.040259523700001,10.0,7.25,8.7857142855,8.002,6.885,8.4375,7.503333333,Fase 2 (5° e 6° ano),0,,,5.0,9.5,,,,,3.0,,,,,2.0,,False,False,False,False,False,False,False,False,False,False,False,False,False,False
RA-480,2024,Aluno-480,2C,2C,Feminino,12.0,2021,Pública,EE Alexandre Rodrigues Nogueira,Cursando,Ametista,7.260202380900001,10.0,5.0,8.0714285715,6.25,7.51,7.8125,7.443333333,Fase 2 (5° e 6° ano),0,,,2.5,7.5,,,,,3.0,,,,,2.0,,False,False,False,False,False,False,False,False,False,False,False,False,False,False
RA-1459,2024,Aluno-1459,2C,2C,Masculino,12.0,2024,Pública,EE Olivia de Faria Nogueira,Cursando,Ágata,6.665390476100001,5.0,3.75,8.2976190475,8.002,7.51,7.5,7.273333333,Fase 3 (7° e 8° ano),-1,,,2.0,5.5,,,,,3.0,,,,,3.0,,False,False,False,False,False,False,False,False,False,False,False,False,False,False
RA-1460,2024,Aluno-1460,2C,2C,Masculino,12.0,2024,Pública,EE Alexandre Rodrigues Nogueira,Cursando,Ágata,6.784805263200001,10.0,3.25,7.460526316,9.502,7.51,6.875,6.27,Fase 2 (5° e 6° ano),0,,,2.5,4.0,,,,,3.0,,,,,2.0,,False,False,False,False,False,False,False,False,False,False,False,False,False,False
RA-1017,2024,Aluno-1017,2C,2C,Masculino,12.0,2023,Pública,EE João Ortiz Rodrigues,Cursando,Ametista,7.345521428500001,10.0,5.0,7.8095238095,9.502,6.26,7.1875,7.443333333,Fase 2 (5° e 6° ano),0,,,2.5,7.5,,,,,3.0,,,,,2.0,,False,False,False,False,False,False,False,False,False,False,False,False,False,False
RA-499,2024,Aluno-499,2C,2C,Masculino,12.0,2021,Pública,EE Leonice de Aquino Oliveira,Cursando,Ametista,7.5794738095000005,10.0,4.75,9.0476190475,8.502,7.51,7.1875,7.5,Fase 2 (5° e 6° ano),0,,,2.0,7.5,,,,,3.0,,,,,2.0,,False,False,False,False,False,False,False,False,False,False,False,False,False,False
RA-514,2024,Aluno-514,2C,2C,Feminino,11.0,2022,Pública,EE Paschoal Carlos Magno,Cursando,Ágata,6.219580952400001,10.0,3.0,7.595238095,9.002,4.385,5.625,5.996666667,Fase 2 (5° e 6° ano),0,,,3.0,3.0,,,,,3.0,,,,,2.0,,False,False,False,False,False,False,False,False,False,False,False,False,True,False
RA-1461,2024,Aluno-1461,2C,2C,Feminino,12.0,2024,Pública,EE Leonice de Aquino Oliveira,Cursando,Ágata,6.871961904800001,5.0,2.75,9.273809524,10.002,7.51,7.5,7.33,Fase 3 (7° e 8° ano),-1,,,0.5,5.0,,,,,3.0,,,,,3.0,,False,False,False,False,False,False,False,False,False,False,False,False,False,False
RA-1462,2024,Aluno-1462,2D,2D,Feminino,13.0,2024,Pública,EE Joaquim Mendes Feliz,Cursando,Ametista,7.6243666666,5.0,6.5,10.0,8.502,7.51,8.125,7.053333333,Fase 3 (7° e 8° ano),-1,,,6.0,7.0,,,,,3.0,,,,,3.0,,False,False,False,False,False,False,False,False,False,False,False,False,False,False
RA-1463,2024,Aluno-1463,2D,2D,Masculino,12.0,2024,Pública,EE Paschoal Carlos Magno,Cursando,Topázio,9.074561111000001,10.0,10.0,9.722222222,8.502,7.51,9.0625,8.113333333,Fase 2 (5° e 6° ano),0,,,10.0,10.0,,,,,3.0,,,,,2.0,,False,False,False,False,False,False,False,False,False,False,False,False,False,False
RA-1464,2024,Aluno-1464,2D,2D,Feminino,13.0,2024,Pública,EE Paschoal Carlos Magno,Cursando,Ametista,7.288424359,5.0,6.25,7.794871795,8.002,7.51,9.0625,7.61,Fase 3 (7° e 8° ano),-1,,,4.0,8.5,,,,,3.0,,,,,3.0,,False,False,False,False,False,False,False,False,False,False,False,False,False,False
RA-687,2024,Aluno-687,2D,2D,Masculino,11.0,2022,Pública,EE Paschoal Carlos Magno,Cursando,Topázio,8.2739844611,10.0,7.25,9.2355889725,7.502,7.51,8.75,8.003333333,Fase 2 (5° e 6° ano),0,,,6.5,8.0,,,,,3.0,,,,,2.0,,False,False,False,False,False,False,False,False,False,False,False,False,False,False
RA-1030,2024,Aluno-1030,2D,2D,Masculino,12.0,2023,Pública,EE Paschoal Carlos Magno,Cursando,Ametista,7.7401916040000005,10.0,8.0,8.28320802,7.418,4.385,7.8125,7.61,Fase 2 (5° e 6° ano),0,,,10.0,6.0,,,,,3.0,,,,,2.0,,False,False,False,False,False,False,False,False,False,False,False,False,False,False
RA-1465,2024,Aluno-1465,2D,2D,Masculino,12.0,2024,Pública,EE Paschoal Carlos Magno,Cursando,Ametista,7.3344666666,5.0,5.75,8.75,7.418,7.51,8.75,7.833333333,Fase 3 (7° e 8° ano),-1,,,5.0,6.5,,,,,3.0,,,,,3.0,,False,False,False,False,False,False,False,False,False,False,False,False,False,False
RA-522,2024,Aluno-522,2D,2D,Masculino,11.0,2021,Pública,EE Joaquim Mendes Feliz,Cursando,Topázio,8.6777119048,10.0,9.0,9.523809524,8.002,7.51,8.4375,7.89,Fase 2 (5° e 6° ano),0,,,9.5,8.5,,,,,3.0,,,,,2.0,,False,False,False,False,False,False,False,False,False,False,False,False,False,False
RA-501,2024,Aluno-501,2D,2D,Masculino,11.0,2021,Privada,João Friaza Colégio,Cursando,Topázio,8.2779474937,10.0,8.75,7.9949874685,7.002,7.51,8.4375,8.17,Fase 2 (5° e 6° ano),0,,,8.5,9.0,,,,,3.0,,,,,2.0,,False,False,False,False,False,False,False,False,False,False,False,False,False,False
RA-1466,2024,Aluno-1466,2D,2D,Masculino,12.0,2024,Pública,EE Paschoal Carlos Magno,Cursando,Topázio,8.213723809600001,10.0,7.5,7.380952381,10.002,7.51,8.75,8.056666667,Fase 2 (5° e 6° ano),0,,,7.0,8.0,,,,,3.0,,,,,2.0,,False,False,False,False,False,False,False,False,False,False,False,False,False,False
RA-502,2024,Aluno-502,2D,2D,Feminino,10.0,2021,Privada - Programa de Apadrinhamento,Colégio Arco Íris Evolução,Cursando,Topázio,8.5023309524,10.0,8.0,9.761904762,9.002,3.755,9.0625,8.84,Fase 2 (5° e 6° ano),0,,,6.0,10.0,,,,,3.0,,,,,2.0,,False,False,False,False,False,False,False,False,False,False,False,True,False,False
RA-1467,2024,Aluno-1467,2D,2D,Masculino,12.0,2024,Pública,EE Joaquim Mendes Feliz,Cursando,Topázio,8.836711278200001,10.0,9.25,9.022556391,9.002,7.51,8.75,8.28,Fase 2 (5° e 6° ano),0,,,9.0,9.5,,,,,3.0,,,,,2.0,,False,False,False,False,False,False,False,False,False,False,False,False,False,False
RA-1468,2024,Aluno-1468,2D,2D,Feminino,12.0,2024,Pública,EE Joaquim Mendes Feliz,Cursando,Topázio,8.1281028822,10.0,7.0,8.972431078,8.502,7.51,8.4375,7.443333333,Fase 2 (5° e 6° ano),0,,,4.5,9.5,,,,,3.0,,,,,2.0,,False,False,False,False,False,False,False,False,False,False,False,False,False,False
RA-527,2024,Aluno-527,2D,2D,Feminino,11.0,2022,Pública,EE Joaquim Mendes Feliz,Cursando,Topázio,8.1403666666,10.0,6.0,10.0,9.002,7.51,8.125,7.383333333,Fase 2 (5° e 6° ano),0,,,6.5,5.5,,,,,3.0,,,,,2.0,,False,False,False,False,False,False,False,False,False,False,False,False,False,False
RA-1469,2024,Aluno-1469,2D,2D,Masculino,13.0,2024,Pública,EE Joaquim Mendes Feliz,Cursando,Ametista,7.459755555500001,5.0,4.75,9.4444444445,8.502,7.51,8.75,8.223333333,Fase 3 (7° e 8° ano),-1,,,6.0,3.5,,,,,3.0,,,,,3.0,,False,False,False,False,False,False,False,False,False,False,False,False,False,False
RA-1470,2024,Aluno-1470,2G,2G,Feminino,12.0,2024,Pública,EE Leonice de Aquino Oliveira,Cursando,Quartzo,5.967421532000001,5.0,5.0,6.35610766,8.002,6.26,6.875,5.4125,Fase 3 (7° e 8° ano),-1,,,5.0,5.0,,,,,4.0,,,,,3.0,,False,False,False,False,False,False,False,False,False,False,False,False,False,False
RA-1471,2024,Aluno-1471,2G,2G,Masculino,13.0,2024,Pública,EE Loris Nassif Mattar Profa,Cursando,Ametista,7.404455434800001,5.0,7.5,7.195652174,10.002,7.51,7.65625,7.2425,Fase 3 (7° e 8° ano),-1,,,8.0,7.0,,,,,4.0,,,,,3.0,,False,False,False,False,False,False,False,False,False,False,False,False,False,False
RA-710,2024,Aluno-710,2G,2G,Masculino,12.0,2021,Pública,EE João Ortiz Rodrigues,Cursando,Ametista,7.0366241342,5.0,6.75,8.170995671,9.168,5.625,7.65625,6.5375,Fase 3 (7° e 8° ano),-1,,,8.0,5.5,,,,,4.0,,,,,3.0,,False,False,False,False,False,False,False,False,False,False,False,False,False,False
RA-1472,2024,Aluno-1472,2G,2G,Masculino,11.0,2022,Pública,EE Leonice de Aquino Oliveira,Cursando,Topázio,8.773575000000001,10.0,8.75,10.0,8.502,7.51,7.96875,8.1275,Fase 2 (5° e 6° ano),0,,,9.0,8.5,,,,,4.0,,,,,2.0,,False,False,False,False,False,False,False,False,False,False,False,False,False,False
RA-837,2024,Aluno-837,2G,2G,Masculino,10.0,2022,Pública,EM Maria Ignez Concelles Irma Ines,Cursando,Ametista,7.9648467391,10.0,6.75,9.782608695499999,7.502,6.885,7.03125,7.5825,Fase 2 (5° e 6° ano),0,,,6.0,7.5,,,,,4.0,,,,,2.0,,False,False,False,False,False,False,False,False,False,False,False,False,False,False
RA-549,2024,Aluno-549,2G,2G,Masculino,12.0,2021,Pública,EE Alexandre Rodrigues Nogueira,Cursando,Ágata,6.5398187888,5.0,5.75,7.204968943999999,10.002,6.255,6.40625,5.9125,Fase 3 (7° e 8° ano),-1,,,5.0,6.5,,,,,4.0,,,,,3.0,,False,False,False,False,False,False,False,False,False,False,False,False,False,False
RA-571,2024,Aluno-571,2G,2G,Feminino,13.0,2021,Pública,EE João Ortiz Rodrigues,Cursando,Ágata,6.2964554347999995,5.0,5.25,8.695652174,7.002,4.375,7.03125,5.8325,Fase 3 (7° e 8° ano),-1,,,5.0,5.5,,,,,4.0,,,,,3.0,,False,False,False,False,False,False,False,False,False,False,False,True,False,False
RA-731,2024,Aluno-731,2G,2G,Feminino,12.0,2021,Pública,EE João Ortiz Rodrigues,Cursando,Quartzo,4.7704873377000006,5.0,2.5,4.188311688500001,9.502,4.375,5.78125,4.835,Fase 3 (7° e 8° ano),-1,,,0.0,5.0,,,,,4.0,,,,,3.0,,False,False,False,False,False,False,False,False,False,False,False,True,False,True
RA-706,2024,Aluno-706,2G,2G,Feminino,11.0,2021,Pública,EE João Ortiz Rodrigues,Cursando,Quartzo,5.8701964286,10.0,3.25,7.1428571430000005,0.0,6.26,7.65625,7.0,Fase 2 (5° e 6° ano),0,,,3.0,3.5,,,,,4.0,,,,,2.0,,True,False,False,False,False,False,False,False,False,False,True,False,False,False
RA-707,2024,Aluno-707,2G,2G,Feminino,12.0,2021,Pública,EE João Ortiz Rodrigues,Cursando,Ágata,6.4975618421000005,5.0,6.5,7.7236842105,7.917,4.375,6.40625,6.415,Fase 3 (7° e 8° ano),-1,,,7.0,6.0,,,,,4.0,,,,,3.0,,False,False,False,False,False,False,False,False,False,False,False,True,False,False
RA-1044,2024,Aluno-1044,2G,2G,Feminino,11.0,2023,Pública,EE Olivia de Faria Nogueira,Cursando,Ametista,7.966711904800001,10.0,7.0,9.523809524,7.502,7.51,7.1875,7.21,Fase 2 (5° e 6° ano),0,,,7.0,7.0,,,,,4.0,,,,,2.0,,False,False,False,False,False,False,False,False,False,False,False,False,False,False
RA-1054,2024,Aluno-1054,2G,2G,Masculino,13.0,2023,Pública,EE Leonice de Aquino Oliveira,Cursando,Ágata,6.985788509300001,5.0,6.25,7.3291925465,9.502,7.51,7.1875,6.75,Fase 3 (7° e 8° ano),-1,,,6.0,6.5,,,,,4.0,,,,,3.0,,False,False,False,False,False,False,False,False,False,False,False,False,False,False
RA-721,2024,Aluno-721,2G,2G,Feminino,10.0,2021,Pública,EE Dom Pedro Villas Boas de Souza,Cursando,Topázio,8.8986026915,10.0,8.25,9.544513457499999,9.002,8.135,8.75,8.755,Fase 2 (5° e 6° ano),0,,,9.0,7.5,,,,,4.0,,,,,2.0,,False,False,False,False,False,False,False,False,False,False,False,False,False,False
RA-1473,2024,Aluno-1473,2G,2G,Masculino,13.0,2024,Pública,EE Loris Nassif Mattar Profa,Cursando,Ágata,6.689320600500001,5.0,5.25,8.4368530025,9.502,5.625,6.5625,6.415,Fase 3 (7° e 8° ano),-1,,,6.0,4.5,,,,,4.0,,,,,3.0,,False,False,False,False,False,False,False,False,False,False,False,False,False,False
RA-735,2024,Aluno-735,2H,2H,Feminino,12.0,2021,Pública,EE João Ortiz Rodrigues,Cursando,Ametista,7.7888467391,5.0,8.0,9.782608695499999,8.002,6.255,7.65625,7.705,Fase 3 (7° e 8° ano),-1,,,8.0,8.0,,,,,4.0,,,,,3.0,,False,False,False,False,False,False,False,False,False,False,False,False,False,False
RA-712,2024,Aluno-712,2H,2H,Masculino,13.0,2021,Pública,EE João Ortiz Rodrigues,Cursando,Ágata,6.2236373706000006,5.0,6.75,5.983436853,7.502,5.625,6.5625,6.04,Fase 3 (7° e 8° ano),-1,,,7.0,6.5,,,,,4.0,,,,,3.0,,False,False,False,False,False,False,False,False,False,False,False,False,False,False
RA-1103,2024,Aluno-1103,2H,2H,Masculino,11.0,2023,Pública,EE Loris Nassif Mattar Profa,Cursando,Ametista,7.861995031000001,10.0,7.25,7.763975155000001,8.502,7.51,7.5,7.54,Fase 2 (5° e 6° ano),0,,,6.0,8.5,,,,,4.0,,,,,2.0,,False,False,False,False,False,False,False,False,False,False,False,False,False,False
RA-570,2024,Aluno-570,2H,2H,Feminino,12.0,2021,Pública,EE João Ortiz Rodrigues,Cursando,Ágata,6.8133640787,5.0,6.75,8.0020703935,8.002,5.625,7.1875,6.4075,Fase 3 (7° e 8° ano),-1,,,6.0,7.5,,,,,4.0,,,,,3.0,,False,False,False,False,False,False,False,False,False,False,False,False,False,False
RA-713,2024,Aluno-713,2H,2H,Masculino,11.0,2021,Pública,EE João Ortiz Rodrigues,Cursando,Ametista,7.467500983400001,10.0,6.75,7.525879916999999,8.002,7.51,7.03125,6.79,Fase 2 (5° e 6° ano),0,,,6.0,7.5,,,,,4.0,,,,,2.0,,False,False,False,False,False,False,False,False,False,False,False,False,False,False
RA-714,2024,Aluno-714,2H,2H,Masculino,13.0,2021,Pública,EE João Ortiz Rodrigues,Cursando,Quartzo,5.4653662008,5.0,4.0,6.873706004,0.0,6.255,7.65625,6.9975,Fase 3 (7° e 8° ano),-1,,,8.0,0.0,,,,,4.0,,,,,3.0,,True,False,False,False,False,False,False,False,False,False,True,False,False,False
RA-737,2024,Aluno-737,2H,2H,Feminino,11.0,2022,Pública,EE Dom Pedro Villas Boas de Souza,Cursando,Topázio,8.4695488613,10.0,9.25,8.6542443065,8.502,6.885,7.5,8.0,Fase 2 (5° e 6° ano),0,,,9.0,9.5,,,,,4.0,,,,,2.0,,False,False,False,False,False,False,False,False,False,False,False,False,False,False
RA-1474,2024,Aluno-1474,2H,2H,Feminino,11.0,2024,Pública,EE João Ortiz Rodrigues,Cursando,Ametista,7.384207505200001,10.0,7.5,7.960662526,8.002,5.625,6.71875,6.2875,Fase 2 (5° e 6° ano),0,,,7.0,8.0,,,,,4.0,,,,,2.0,,False,False,False,False,False,False,False,False,False,False,False,False,False,False
RA-1036,2024,Aluno-1036,2H,2H,Feminino,12.0,2023,Pública,EE João Ortiz Rodrigues,Cursando,Topázio,8.2841303831,10.0,7.0,9.0890269155,10.002,7.51,7.65625,7.7475,Fase 2 (5° e 6° ano),0,,,7.0,7.0,,,,,4.0,,,,,2.0,,False,False,False,False,False,False,False,False,False,False,False,False,False,False
RA-576,2024,Aluno-576,2H,2H,Feminino,12.0,2022,Pública,EE João Ortiz Rodrigues,Cursando,Topázio,8.93195,10.0,9.25,10.0,8.502,7.51,7.8125,8.4975,Fase 2 (5° e 6° ano),0,,,9.0,9.5,,,,,4.0,,,,,2.0,,False,False,False,False,False,False,False,False,False,False,False,False,False,False
RA-577,2024,Aluno-577,2H,2H,Feminino,12.0,2022,Pública,EE João Ortiz Rodrigues,Cursando,Ágata,6.629159109700001,5.0,8.0,5.7660455485,8.502,5.625,6.5625,6.535,Fase 3 (7° e 8° ano),-1,,,7.0,9.0,,,,,4.0,,,,,3.0,,False,False,False,False,False,False,False,False,False,False,False,False,False,False
RA-580,2024,Aluno-580,2H,2H,Feminino,12.0,2021,Pública,EE João Ortiz Rodrigues,Cursando,Ametista,7.9281521222,5.0,9.25,8.871635610999999,9.002,7.51,7.03125,7.2475,Fase 3 (7° e 8° ano),-1,,,10.0,8.5,,,,,4.0,,,,,3.0,,False,False,False,False,False,False,False,False,False,False,False,False,False,False
RA-581,2024,Aluno-581,2H,2H,Masculino,12.0,2021,Pública,EE João Ortiz Rodrigues,Cursando,Ametista,7.0833015528,5.0,8.75,8.198757764,7.418,5.625,6.5625,6.165,Fase 3 (7° e 8° ano),-1,,,8.0,9.5,,,,,4.0,,,,,3.0,,False,False,False,False,False,False,False,False,False,False,False,False,False,False
RA-841,2024,Aluno-841,2H,2H,Masculino,12.0,2022,Pública,EE João Ortiz Rodrigues,Cursando,Ágata,6.035771224300001,5.0,3.25,6.3272311215000006,10.002,7.51,7.03125,5.83,Fase 3 (7° e 8° ano),-1,,,4.0,2.5,,,,,4.0,,,,,3.0,,False,False,False,False,False,False,False,False,False,False,False,False,False,False
RA-730,2024,Aluno-730,2I,2I,Feminino,11.0,2021,Pública,EE Joaquim Mendes Feliz,Cursando,Topázio,8.469255555700002,10.0,9.5,7.152777778,8.002,6.885,9.166666667,8.666666667,Fase 2 (5° e 6° ano),0,,,10.0,9.0,,,,,3.0,,,,,2.0,,False,False,False,False,False,False,False,False,False,False,False,False,False,False
RA-855,2024,Aluno-855,2I,2I,Feminino,10.0,2022,Pública,EE Dom Pedro Villas Boas de Souza,Cursando,Topázio,8.578533333400001,10.0,8.5,10.0,9.002,7.51,7.5,7.386666667,Fase 2 (5° e 6° ano),0,,,9.0,8.0,,,,,3.0,,,,,2.0,,False,False,False,False,False,False,False,False,False,False,False,False,False,False
RA-820,2024,Aluno-820,2I,2I,Masculino,11.0,2022,Pública,EE Dom Pedro Villas Boas de Souza,Cursando,Ametista,7.426572549100001,10.0,6.25,6.573529412,10.002,7.51,8.333333333,6.386666667,Fase 2 (5° e 6° ano),0,,,6.0,6.5,,,,,3.0,,,,,2.0,,False,False,False,False,False,False,False,False,False,False,False,False,False,False
RA-715,2024,Aluno-715,2I,2I,Feminino,11.0,2022,Pública,EM Maria Ignez Concelles Irma Ines,Cursando,Quartzo,5.3098253133,10.0,2.75,5.250626566499999,9.002,3.755,5.0,4.67,Fase 2 (5° e 6° ano),0,,,2.0,3.5,,,,,3.0,,,,,2.0,,False,False,False,False,False,False,False,False,False,False,False,True,True,True
RA-1038,2024,Aluno-1038,2I,2I,Feminino,11.0,2023,Pública,EE Dom Pedro Villas Boas de Souza,Cursando,Ametista,7.9646385965,10.0,8.5,7.5438596495,8.002,7.51,7.5,7.273333333,Fase 2 (5° e 6° ano),0,,,10.0,7.0,,,,,3.0,,,,,2.0,,False,False,False,False,False,False,False,False,False,False,False,False,False,False
RA-1475,2024,Aluno-1475,2I,2I,Feminino,10.0,2024,Pública,EE Dom Pedro Villas Boas de Souza,Cursando,Ametista,7.413901754400001,10.0,5.0,8.070175439,9.002,7.51,7.5,6.993333333,Fase 2 (5° e 6° ano),0,,,7.0,3.0,,,,,3.0,,,,,2.0,,False,False,False,False,False,False,False,False,False,False,False,False,False,False
RA-1039,2024,Aluno-1039,2I,2I,Masculino,13.0,2023,Pública,EE Joaquim Mendes Feliz,Cursando,Ametista,7.549644444400001,5.0,7.25,9.722222222,8.002,7.51,7.5,6.77,Fase 3 (7° e 8° ano),-1,,,8.0,6.5,,,,,3.0,,,,,3.0,,False,False,False,False,False,False,False,False,False,False,False,False,False,False
RA-745,2024,Aluno-745,2I,2I,Masculino,11.0,2021,Privada - Programa de Apadrinhamento,Colégio Arco Íris Evolução,Cursando,Topázio,8.6102,10.0,8.5,10.0,9.002,6.26,7.5,8.17,Fase 2 (5° e 6° ano),0,,,8.0,9.0,,,,,3.0,,,,,2.0,,False,False,False,False,False,False,False,False,False,False,False,False,False,False
RA-718,2024,Aluno-718,2I,2I,Feminino,10.0,2022,Pública,EE Joaquim Mendes Feliz,Cursando,Topázio,8.705811111100001,10.0,9.5,9.5138888885,10.002,5.635,7.5,7.946666667,Fase 1 (3° e 4° ano),1,,,9.0,10.0,,,,,3.0,,,,,1.0,,False,False,False,False,False,False,False,False,False,False,False,False,False,False
RA-1040,2024,Aluno-1040,2I,2I,Masculino,12.0,2023,Pública,EE Joaquim Mendes Feliz,Cursando,Ametista,7.764199999900001,5.0,8.25,8.5416666665,9.502,7.51,7.5,7.273333333,Fase 3 (7° e 8° ano),-1,,,8.0,8.5,,,,,3.0,,,,,3.0,,False,False,False,False,False,False,False,False,False,False,False,False,False,False
RA-746,2024,Aluno-746,2I,2I,Masculino,10.0,2022,Pública,EM Maria Ignez Concelles Irma Ines,Cursando,Ametista,7.903311111100001,10.0,8.0,7.4305555555,8.502,7.51,7.5,7.33,Fase 2 (5° e 6° ano),0,,,8.0,8.0,,,,,3.0,,,,,2.0,,False,False,False,False,False,False,False,False,False,False,False,False,False,False
RA-1069,2024,Aluno-1069,2K,2K,Masculino,12.0,2023,Pública,EE Maria André Schunck Dona,Cursando,Ametista,7.678917391300001,10.0,6.25,7.0760869565,9.002,7.51,8.125,7.75,Fase 2 (5° e 6° ano),0,,,7.0,5.5,,,,,4.0,,,,,2.0,,False,False,False,False,False,False,False,False,False,False,False,False,False,False
RA-1476,2024,Aluno-1476,2K,2K,Feminino,11.0,2024,Pública,EE Maria André Schunck Dona,Cursando,Topázio,8.80795,10.0,8.5,10.0,9.502,5.635,8.4375,8.7525,Fase 2 (5° e 6° ano),0,,,8.0,9.0,,,,,4.0,,,,,2.0,,False,False,False,False,False,False,False,False,False,False,False,False,False,False
RA-827,2024,Aluno-827,2K,2K,Feminino,12.0,2022,Pública,EE Maria André Schunck Dona,Cursando,Topázio,8.2483467391,10.0,7.25,9.782608695499999,10.002,5.01,7.65625,7.875,Fase 2 (5° e 6° ano),0,,,6.0,8.5,,,,,4.0,,,,,2.0,,False,False,False,False,False,False,False,False,False,False,False,False,False,False
RA-1477,2024,Aluno-1477,2K,2K,Masculino,11.0,2024,Pública,EE Maria André Schunck Dona,Cursando,Ametista,7.0514989130000005,10.0,5.0,8.010869565,8.002,7.51,6.40625,6.2875,Fase 2 (5° e 6° ano),0,,,5.0,5.0,,,,,4.0,,,,,2.0,,False,False,False,False,False,False,False,False,False,False,False,False,False,False
RA-762,2024,Aluno-762,2K,2K,Masculino,14.0,2022,Pública,EM Cecilia Cristina de Oliveira Rodrigues,Cursando,Quartzo,5.9677326087,5.0,3.75,6.4239130435,10.002,6.26,6.5625,5.7525,Fase 4 (9° ano),-2,,,4.0,3.5,,,,,4.0,,,,,4.0,,False,False,False,False,False,False,False,False,False,False,False,False,False,False
RA-778,2024,Aluno-778,2K,2K,Feminino,11.0,2021,Pública,Estuda em outra cidade,Cursando,Topázio,8.0754139589,10.0,7.0,8.1235697945,10.002,7.51,7.5,7.7475,Fase 2 (5° e 6° ano),0,,,5.0,9.0,,,,,4.0,,,,,2.0,,False,False,False,False,False,False,False,False,False,False,False,False,False,False
RA-591,2024,Aluno-591,2K,2K,Masculino,13.0,2021,Pública,EM Cecilia Cristina de Oliveira Rodrigues,Cursando,Ágata,6.8360336957,5.0,7.5,7.913043478500001,7.418,6.255,5.78125,6.54,Fase 3 (7° e 8° ano),-1,,,6.0,9.0,,,,,4.0,,,,,3.0,,False,False,False,False,False,False,False,False,False,False,False,False,False,False
RA-1478,2024,Aluno-1478,2K,2K,Masculino,11.0,2024,Pública,EE Maria André Schunck Dona,Cursando,Ágata,6.7210333334,10.0,4.25,6.666666667,8.002,6.255,6.875,7.1225,Fase 2 (5° e 6° ano),0,,,4.0,4.5,,,,,4.0,,,,,2.0,,False,False,False,False,False,False,False,False,False,False,False,False,False,False
RA-829,2024,Aluno-829,2K,2K,Feminino,10.0,2022,Privada - Programa de Apadrinhamento,Colégio Arco Íris Evolução,Cursando,Topázio,9.171825000000002,10.0,8.0,9.75,9.502,9.38,8.90625,9.215,Fase 1 (3° e 4° ano),1,,,6.0,10.0,,,,,4.0,,,,,1.0,,False,False,False,False,False,False,False,False,False,False,False,False,False,False
RA-1479,2024,Aluno-1479,2K,2K,Masculino,12.0,2024,Pública,EE Maria André Schunck Dona,Cursando,Ágata,6.615766239300001,10.0,4.25,6.1965811965,8.502,7.51,7.1875,6.0325,Fase 2 (5° e 6° ano),0,,,4.0,4.5,,,,,4.0,,,,,2.0,,False,False,False,False,False,False,False,False,False,False,False,False,False,False
RA-1480,2024,Aluno-1480,2K,2K,Masculino,12.0,2024,Pública,EM Alfredo Schunk,Cursando,Ametista,7.09445,5.0,5.5,8.875,8.502,7.51,7.1875,6.9975,Fase 3 (7° e 8° ano),-1,,,,5.5,,,,,4.0,,,,,3.0,,False,False,False,False,False,False,False,False,False,False,False,False,False,False
RA-438,2024,Aluno-438,2K,2K,Masculino,12.0,2022,Pública,EE Maria André Schunck Dona,Cursando,Ametista,7.930283695700001,5.0,8.25,8.6630434785,9.168,7.51,7.96875,7.915,Fase 3 (7° e 8° ano),-1,,,7.0,9.5,,,,,4.0,,,,,3.0,,False,False,False,False,False,False,False,False,False,False,False,False,False,False
RA-607,2024,Aluno-607,2K,2K,Masculino,12.0,2022,Pública,EE Helio Luiz Dobrochinski Prof,Cursando,Ametista,7.6486021739000005,10.0,7.0,7.4782608695,8.502,7.51,7.1875,7.165,Fase 2 (5° e 6° ano),0,,,7.0,7.0,,,,,4.0,,,,,2.0,,False,False,False,False,False,False,False,False,False,False,False,False,False,False
RA-1481,2024,Aluno-1481,2K,2K,Feminino,12.0,2024,Pública,EM Cecilia Cristina de Oliveira Rodrigues,Cursando,Ágata,6.860721739100001,5.0,4.75,8.782608695499999,8.502,7.51,6.875,6.8275,Fase 3 (7° e 8° ano),-1,,,4.0,5.5,,,,,4.0,,,,,3.0,,False,False,False,False,False,False,False,False,False,False,False,False,False,False
RA-1482,2024,Aluno-1482,2K,2K,Masculino,14.0,2024,Pública,EM Cecilia Cristina de Oliveira Rodrigues,Cursando,Quartzo,5.2257,5.0,0.0,5.0,8.502,7.51,7.5,6.8725,Fase 3 (7° e 8° ano),-1,,,0.0,0.0,,,,,4.0,,,,,3.0,,False,False,False,True,False,False,False,False,True,False,False,False,False,False
RA-1483,2024,Aluno-1483,2K,2K,Masculino,11.0,2024,Pública,EE Jardim Campestre,Cursando,Ametista,7.311433695700001,10.0,6.5,7.913043478500001,9.502,7.51,5.78125,5.7475,Fase 2 (5° e 6° ano),0,,,6.0,7.0,,,,,4.0,,,,,2.0,,False,False,False,False,False,False,False,False,False,False,False,False,False,False
RA-1484,2024,Aluno-1484,2L,2L,Feminino,14.0,2024,Pública,EE Maria André Schunck Dona,Cursando,Ametista,7.754200000000001,5.0,7.0,10.0,9.002,6.26,7.5,7.89,Fase 3 (7° e 8° ano),-1,,,5.0,9.0,,,,,3.0,,,,,3.0,,False,False,False,False,False,False,False,False,False,False,False,False,False,False
RA-1485,2024,Aluno-1485,2L,2L,Masculino,13.0,2024,Pública,EM Cecilia Cristina de Oliveira Rodrigues,Cursando,Ágata,6.7386875776999995,5.0,5.0,7.7432712215,9.002,5.625,7.5,7.386666667,Fase 3 (7° e 8° ano),-1,,,5.0,5.0,,,,,3.0,,,,,3.0,,False,False,False,False,False,False,False,False,False,False,False,False,False,False
RA-1486,2024,Aluno-1486,2L,2L,Masculino,11.0,2024,Pública,EE Maria André Schunck Dona,Cursando,Ágata,6.865474509900001,10.0,5.75,5.431372549,8.002,6.26,7.916666667,7.056666667,Fase 2 (5° e 6° ano),0,,,6.0,5.5,,,,,3.0,,,,,2.0,,False,False,False,False,False,False,False,False,False,False,False,False,False,False
RA-597,2024,Aluno-597,2L,2L,Masculino,11.0,2022,Pública,EE Maria André Schunck Dona,Cursando,Ametista,7.843291097300001,10.0,6.0,9.3271221535,9.002,7.51,7.5,6.883333333,Fase 2 (5° e 6° ano),0,,,5.0,7.0,,,,,3.0,,,,,2.0,,False,False,False,False,False,False,False,False,False,False,False,False,False,False
RA-624,2024,Aluno-624,2L,2L,Masculino,12.0,2022,Pública,EM Cecilia Cristina de Oliveira Rodrigues,Cursando,Ametista,7.229425672900001,10.0,4.0,8.219461698,8.002,7.51,7.916666667,7.213333333,Fase 2 (5° e 6° ano),0,,,8.0,0.0,,,,,3.0,,,,,2.0,,False,False,False,False,False,False,False,False,False,False,False,False,False,False
RA-1487,2024,Aluno-1487,2L,2L,Feminino,13.0,2024,Pública,EE Maria André Schunck Dona,Cursando,Topázio,8.0267434782,5.0,8.25,9.5652173915,10.002,6.26,7.708333333,7.833333333,Fase 3 (7° e 8° ano),-1,,,7.0,9.5,,,,,3.0,,,,,3.0,,False,False,False,False,False,False,False,False,False,False,False,False,False,False
RA-1488,2024,Aluno-1488,2L,2L,Feminino,11.0,2024,Pública,EE Maria André Schunck Dona,Cursando,Ágata,6.7668935818000016,10.0,3.5,7.111801242,8.002,7.51,7.5,6.716666667,Fase 2 (5° e 6° ano),0,,,7.0,0.0,,,,,3.0,,,,,2.0,,False,False,False,False,False,False,False,False,False,False,False,False,False,False
RA-1489,2024,Aluno-1489,2L,2L,Masculino,12.0,2024,Pública,EE Maria André Schunck Dona,Cursando,Quartzo,5.9842289855000015,5.0,5.0,5.793478261000001,9.002,6.26,6.666666667,5.663333333,Fase 3 (7° e 8° ano),-1,,,5.0,5.0,,,,,3.0,,,,,3.0,,False,False,False,False,False,False,False,False,False,False,False,False,False,False
RA-600,2024,Aluno-600,2L,2L,Feminino,11.0,2021,Pública,EM Cecilia Cristina de Oliveira Rodrigues,Cursando,Ametista,7.847373913,10.0,7.5,8.010869565,8.002,7.51,7.5,7.22,Fase 2 (5° e 6° ano),0,,,8.0,7.0,,,,,3.0,,,,,2.0,,False,False,False,False,False,False,False,False,False,False,False,False,False,False
RA-663,2024,Aluno-663,2L,2L,Masculino,12.0,2022,Pública,EE Maria André Schunck Dona,Cursando,Ágata,6.696419461700001,5.0,6.5,7.0910973085,8.502,5.625,6.875,6.89,Fase 3 (7° e 8° ano),-1,,,6.0,7.0,,,,,3.0,,,,,3.0,,False,False,False,False,False,False,False,False,False,False,False,False,False,False
RA-1490,2024,Aluno-1490,2L,2L,Feminino,12.0,2024,Privada,Rede Decisão - Unidade União,Cursando,Ametista,7.3725768116,5.0,7.75,9.5652173915,8.502,6.26,6.666666667,6.333333333,Fase 3 (7° e 8° ano),-1,,,8.0,7.5,,,,,3.0,,,,,3.0,,False,False,False,False,False,False,False,False,False,False,False,False,False,False
RA-1491,2024,Aluno-1491,2L,2L,Masculino,12.0,2024,Pública,EE Maria André Schunck Dona,Cursando,Ametista,7.5072,10.0,6.5,6.25,9.002,7.51,7.5,7.78,Fase 2 (5° e 6° ano),0,,,6.0,7.0,,,,,3.0,,,,,2.0,,False,False,False,False,False,False,False,False,False,False,False,False,False,False
RA-1066,2024,Aluno-1066,2L,2L,Feminino,11.0,2023,Pública,EM Cecilia Cristina de Oliveira Rodrigues,Cursando,Ametista,7.9326223603,10.0,7.25,8.3954451345,9.502,6.26,7.5,7.386666667,Fase 2 (5° e 6° ano),0,,,7.0,7.5,,,,,3.0,,,,,2.0,,False,False,False,False,False,False,False,False,False,False,False,False,False,False
RA-630,2024,Aluno-630,2L,2L,Masculino,11.0,2022,Pública,EE Maria André Schunck Dona,Cursando,Ágata,6.879985507300001,10.0,5.75,8.4782608695,0.0,7.51,7.5,7.666666667,Fase 2 (5° e 6° ano),0,,,6.0,5.5,,,,,3.0,,,,,2.0,,True,False,False,False,False,False,False,False,False,False,True,False,False,False
RA-1492,2024,Aluno-1492,2L,2L,Masculino,9.0,2024,Pública,EE Helio Luiz Dobrochinski Prof,Cursando,Topázio,8.479020512900002,10.0,8.0,8.8141025645,8.002,7.51,8.75,8.45,Fase 1 (3° e 4° ano),1,,,6.0,10.0,,,,,3.0,,,,,1.0,,False,False,False,False,False,False,False,False,False,False,False,False,False,False
RA-834,2024,Aluno-834,2L,2L,Masculino,11.0,2022,Pública,EE Maria André Schunck Dona,Cursando,Topázio,8.513646169700001,10.0,8.75,9.109730849,8.002,6.26,7.708333333,8.723333333,Fase 2 (5° e 6° ano),0,,,9.0,8.5,,,,,3.0,,,,,2.0,,False,False,False,False,False,False,False,False,False,False,False,False,False,False
RA-784,2024,Aluno-784,2M,2M,Feminino,11.0,2022,Privada - Programa de Apadrinhamento,Colégio Arco Íris Evolução,Cursando,Topázio,8.8857454545,10.0,8.75,9.7727272725,8.002,5.635,9.375,9.4,Fase 2 (5° e 6° ano),0,,,8.0,9.5,,,,,3.0,,,,,2.0,,False,False,False,False,False,False,False,False,False,False,False,False,False,False
RA-1059,2024,Aluno-1059,2M,2M,Masculino,11.0,2023,Pública,EE Helio Luiz Dobrochinski Prof,Cursando,Topázio,8.678450000000002,10.0,7.5,10.0,8.002,6.26,9.0625,9.23,Fase 2 (5° e 6° ano),0,,,7.5,7.5,,,,,3.0,,,,,2.0,,False,False,False,False,False,False,False,False,False,False,False,False,False,False
RA-612,2024,Aluno-612,2M,2M,Feminino,12.0,2021,Privada - Programa de Apadrinhamento,Colégio Arco Íris Evolução,Cursando,Topázio,9.134040909100001,10.0,9.75,9.5454545455,8.002,6.26,9.6875,9.4,Fase 2 (5° e 6° ano),0,,,9.5,10.0,,,,,3.0,,,,,2.0,,False,False,False,False,False,False,False,False,False,False,False,False,True,False
RA-1060,2024,Aluno-1060,2M,2M,Masculino,12.0,2023,Pública,EE Donizetti Aparecido Leite Professor,Cursando,Ágata,6.448416666600001,10.0,3.25,6.0,9.585,6.26,7.8125,6.163333333,Fase 2 (5° e 6° ano),0,,,3.5,3.0,,,,,3.0,,,,,2.0,,False,False,False,False,False,False,False,False,False,False,False,False,False,False
RA-761,2024,Aluno-761,2M,2M,Masculino,11.0,2022,Pública,EE Donizetti Aparecido Leite Professor,Cursando,Topázio,8.174593939300001,10.0,7.25,8.8636363635,8.502,6.26,8.75,8.003333333,Fase 2 (5° e 6° ano),0,,,8.0,6.5,,,,,3.0,,,,,2.0,,False,False,False,False,False,False,False,False,False,False,False,False,False,False
RA-1493,2024,Aluno-1493,2M,2M,Masculino,12.0,2024,Pública,EE Donizetti Aparecido Leite Professor,Cursando,Ágata,6.378661323900001,5.0,4.0,7.8468899525,8.502,7.51,7.1875,5.946666667,Fase 3 (7° e 8° ano),-1,,,3.5,4.5,,,,,3.0,,,,,3.0,,False,False,False,False,False,False,False,False,False,False,False,False,False,False
RA-665,2024,Aluno-665,2M,2M,Feminino,12.0,2022,Pública,EE Donizetti Aparecido Leite Professor,Cursando,Quartzo,5.698703030200001,5.0,4.75,5.068181818,8.334,5.63,7.5,5.443333333,Fase 3 (7° e 8° ano),-1,,,3.0,6.5,,,,,3.0,,,,,3.0,,False,False,False,False,False,False,False,False,False,False,False,False,False,False
RA-1115,2024,Aluno-1115,2M,2M,Feminino,12.0,2023,Pública,EE Donizetti Aparecido Leite Professor,Cursando,Ágata,6.570068686900001,10.0,6.25,4.2676767675,8.002,7.51,7.5,5.826666667,Fase 2 (5° e 6° ano),0,,,6.5,6.0,,,,,3.0,,,,,2.0,,False,False,False,False,False,False,False,False,False,False,False,False,False,False
RA-1061,2024,Aluno-1061,2M,2M,Masculino,11.0,2023,Pública,EE Helio Luiz Dobrochinski Prof,Cursando,Topázio,8.76595,10.0,8.5,10.0,8.502,6.26,8.4375,8.73,Fase 2 (5° e 6° ano),0,,,7.0,10.0,,,,,3.0,,,,,2.0,,False,False,False,False,False,False,False,False,False,False,False,False,False,False
RA-1494,2024,Aluno-1494,2M,2M,Feminino,11.0,2024,Pública,EE Donizetti Aparecido Leite Professor,Cursando,Quartzo,5.8748823529,10.0,4.25,6.7794117645,0.0,7.51,7.5,5.84,Fase 2 (5° e 6° ano),0,,,8.5,0.0,,,,,3.0,,,,,2.0,,True,False,False,False,False,False,False,False,False,False,True,False,False,False
RA-1495,2024,Aluno-1495,2M,2M,Feminino,11.0,2021,Pública,EE Helio Luiz Dobrochinski Prof,Cursando,Topázio,8.4845030302,10.0,8.25,8.318181818,9.002,7.51,8.75,8.223333333,Fase 2 (5° e 6° ano),0,,,8.5,8.0,,,,,3.0,,,,,2.0,,False,False,False,False,False,False,False,False,False,False,False,False,False,False
RA-606,2024,Aluno-606,2M,2M,Masculino,11.0,2022,Pública,EE Donizetti Aparecido Leite Professor,Cursando,Ágata,6.645260606100001,10.0,3.25,7.6136363634999995,8.502,6.885,8.125,5.606666667,Fase 2 (5° e 6° ano),0,,,3.5,3.0,,,,,3.0,,,,,2.0,,False,False,False,False,False,False,False,False,False,False,False,False,False,False
RA-594,2024,Aluno-594,2M,2M,Masculino,12.0,2022,Pública,EE Donizetti Aparecido Leite Professor,Cursando,Ágata,6.890966666600001,10.0,7.0,5.75,6.918,6.26,8.125,6.053333333,Fase 2 (5° e 6° ano),0,,,6.5,7.5,,,,,3.0,,,,,2.0,,False,False,False,False,False,False,False,False,False,False,False,False,False,False
RA-1496,2024,Aluno-1496,2M,2M,Feminino,12.0,2024,Pública,EE Maria André Schunck Dona,Cursando,Ágata,6.7799738095,10.0,4.25,5.714285714500001,9.002,7.51,7.8125,6.773333333,Fase 2 (5° e 6° ano),0,,,2.5,6.0,,,,,3.0,,,,,2.0,,False,False,False,False,False,False,False,False,False,False,False,False,False,False
RA-1497,2024,Aluno-1497,2M,2M,Feminino,12.0,2024,Pública,EE Donizetti Aparecido Leite Professor,Cursando,Quartzo,5.2423787879,10.0,2.0,5.0227272725,0.0,7.51,6.875,6.996666667,Fase 2 (5° e 6° ano),0,,,4.0,0.0,,,,,3.0,,,,,2.0,,True,False,False,False,False,False,False,False,False,False,True,False,False,False
RA-1498,2024,Aluno-1498,2M,2M,Feminino,13.0,2024,Pública,EE Donizetti Aparecido Leite Professor,Cursando,Ametista,7.147881818200001,5.0,7.0,7.840909091,8.502,7.51,8.125,6.33,Fase 3 (7° e 8° ano),-1,,,5.0,9.0,,,,,3.0,,,,,3.0,,False,False,False,False,False,False,False,False,False,False,False,False,False,False
RA-1499,2024,Aluno-1499,2N,2N,Feminino,12.0,2024,Pública,EE Donizetti Aparecido Leite Professor,Cursando,Ametista,7.914800000000001,10.0,6.5,9.25,8.418,6.885,8.125,7.11,Fase 2 (5° e 6° ano),0,,,6.0,7.0,,,,,3.0,,,,,2.0,,False,False,False,False,False,False,False,False,False,False,False,False,False,False
RA-788,2024,Aluno-788,2N,2N,Masculino,10.0,2021,Privada - Programa de Apadrinhamento,Colégio Arco Íris Evolução,Cursando,Ametista,7.9221068268,10.0,5.75,9.519450801,8.418,6.26,8.4375,7.783333333,Fase 2 (5° e 6° ano),0,,,4.0,7.5,,,,,3.0,,,,,2.0,,False,False,False,False,False,False,False,False,False,False,False,False,False,False
RA-1500,2024,Aluno-1500,2N,2N,Masculino,11.0,2024,Pública,EE Donizetti Aparecido Leite Professor,Cursando,Ametista,7.360450000100002,10.0,3.5,8.3333333335,9.502,6.885,8.4375,7.556666667,Fase 2 (5° e 6° ano),0,,,2.0,5.0,,,,,3.0,,,,,2.0,,False,False,False,False,False,False,False,False,False,False,False,False,False,False
RA-777,2024,Aluno-777,2N,2N,Feminino,10.0,2022,Pública,EE Helio Luiz Dobrochinski Prof,Cursando,Ametista,7.563515408100001,10.0,4.5,8.7757437075,8.002,7.51,8.125,7.723333333,Fase 2 (5° e 6° ano),0,,,3.5,5.5,,,,,3.0,,,,,2.0,,False,False,False,False,False,False,False,False,False,False,False,False,False,False
RA-1063,2024,Aluno-1063,2N,2N,Masculino,12.0,2023,Pública,EE Donizetti Aparecido Leite Professor,Cursando,Ametista,7.279250000000001,5.0,7.75,9.75,5.25,7.51,7.8125,6.11,Fase 3 (7° e 8° ano),-1,,,9.0,6.5,,,,,3.0,,,,,3.0,,False,False,False,False,False,False,False,False,False,False,True,False,False,False
RA-664,2024,Aluno-664,2N,2N,Feminino,12.0,2022,Pública,EE Donizetti Aparecido Leite Professor,Cursando,Ametista,7.5017244089,10.0,5.75,6.7734553775,9.002,7.51,8.125,7.666666667,Fase 2 (5° e 6° ano),0,,,3.0,8.5,,,,,3.0,,,,,2.0,,False,False,False,False,False,False,False,False,False,False,False,False,False,False
RA-1501,2024,Aluno-1501,2N,2N,Feminino,11.0,2024,Pública,EE Donizetti Aparecido Leite Professor,Cursando,Topázio,8.04495,10.0,5.0,10.0,9.502,7.51,8.4375,7.5,Fase 2 (5° e 6° ano),0,,,4.5,5.5,,,,,3.0,,,,,2.0,,False,False,False,False,False,False,False,False,False,False,False,False,False,False
RA-764,2024,Aluno-764,2N,2N,Masculino,10.0,2022,Privada,Colégio Franciscano Santa Clara,Cursando,Ametista,7.838370289900001,10.0,6.0,7.8804347825,8.002,7.51,8.4375,8.336666667,Fase 2 (5° e 6° ano),0,,,3.0,9.0,,,,,3.0,,,,,2.0,,False,False,False,False,False,False,False,False,False,False,False,False,False,False
RA-1064,2024,Aluno-1064,2N,2N,Masculino,11.0,2023,Pública,EE Helio Luiz Dobrochinski Prof,Cursando,Topázio,8.9802350877,10.0,8.5,9.7368421055,9.502,7.51,8.75,8.783333333,Fase 2 (5° e 6° ano),0,,,8.0,9.0,,,,,3.0,,,,,2.0,,False,False,False,False,False,False,False,False,False,False,False,False,False,False
RA-1065,2024,Aluno-1065,2N,2N,Feminino,11.0,2023,Pública,EE Helio Luiz Dobrochinski Prof,Cursando,Topázio,8.8634934783,10.0,9.25,8.8152173915,9.502,6.26,9.0625,8.84,Fase 2 (5° e 6° ano),0,,,9.0,9.5,,,,,3.0,,,,,2.0,,False,False,False,False,False,False,False,False,False,False,False,False,False,False
RA-1502,2024,Aluno-1502,2N,2N,Feminino,12.0,2024,Pública,EE Donizetti Aparecido Leite Professor,Cursando,Ágata,6.886091025600001,5.0,5.25,7.628205128,8.002,7.51,7.8125,7.39,Fase 3 (7° e 8° ano),-1,,,3.5,7.0,,,,,3.0,,,,,3.0,,False,False,False,False,False,False,False,False,False,False,False,False,False,False
RA-781,2024,Aluno-781,2N,2N,Feminino,11.0,2021,Pública,EE Helio Luiz Dobrochinski Prof,Cursando,Topázio,8.496283333400001,10.0,7.25,9.75,8.002,7.51,8.4375,8.506666667,Fase 2 (5° e 6° ano),0,,,5.0,9.5,,,,,3.0,,,,,2.0,,False,False,False,False,False,False,False,False,False,False,False,False,False,False
RA-608,2024,Aluno-608,2N,2N,Masculino,11.0,2022,Pública,EE Donizetti Aparecido Leite Professor,Cursando,Quartzo,5.778986231800001,10.0,4.25,3.054347826,9.002,6.885,7.1875,5.053333333,Fase 2 (5° e 6° ano),0,,,5.0,3.5,,,,,3.0,,,,,2.0,,False,False,False,False,False,False,False,False,False,False,False,False,False,False
RA-796,2024,Aluno-796,2P,2P,Feminino,12.0,2022,Pública,EE Donizetti Aparecido Leite Professor,Cursando,Ametista,7.052457703200001,5.0,5.25,8.2212885155,8.502,7.51,7.916666667,7.326666667,Fase 3 (7° e 8° ano),-1,,,3.0,7.5,,,,,3.0,,,,,3.0,,False,False,False,False,False,False,False,False,False,False,False,False,False,False
RA-797,2024,Aluno-797,2P,2P,Masculino,12.0,2021,Pública,EE Donizetti Aparecido Leite Professor,Cursando,Ágata,6.597315151500001,5.0,7.25,4.840909091,9.168,7.51,6.666666667,6.723333333,Fase 3 (7° e 8° ano),-1,,,8.0,6.5,,,,,3.0,,,,,3.0,,False,False,False,False,False,False,False,False,False,False,False,False,False,False
RA-636,2024,Aluno-636,2P,2P,Masculino,12.0,2022,Pública,EE Donizetti Aparecido Leite Professor,Cursando,Ágata,6.3802279106,10.0,5.25,4.9043062200000005,8.002,7.51,6.875,5.553333333,Fase 2 (5° e 6° ano),0,,,4.0,6.5,,,,,3.0,,,,,2.0,,False,False,False,False,False,False,False,False,False,False,False,False,False,False
RA-1140,2024,Aluno-1140,2P,2P,Feminino,12.0,2023,Pública,EE Donizetti Aparecido Leite Professor,Cursando,Ametista,7.3473880383,10.0,7.0,6.112440191499999,6.834,7.51,8.125,7.39,Fase 2 (5° e 6° ano),0,,,4.5,9.5,,,,,3.0,,,,,2.0,,False,False,False,False,False,False,False,False,False,False,False,False,False,False
RA-1503,2024,Aluno-1503,2P,2P,Feminino,13.0,2024,Pública,EE Donizetti Aparecido Leite Professor,Cursando,Ágata,6.991699999900001,5.0,2.75,10.0,7.502,7.51,8.958333333,7.723333333,Fase 3 (7° e 8° ano),-1,,,3.0,2.5,,,,,3.0,,,,,3.0,,False,False,False,False,False,False,False,False,False,False,False,False,False,False
RA-814,2024,Aluno-814,2P,2P,Masculino,11.0,2022,Pública,EE Donizetti Aparecido Leite Professor,Cursando,Ametista,7.971648484800001,10.0,7.5,9.090909091,7.418,7.51,7.5,7.053333333,Fase 2 (5° e 6° ano),0,,,8.0,7.0,,,,,3.0,,,,,2.0,,False,False,False,False,False,False,False,False,False,False,False,False,False,False
RA-637,2024,Aluno-637,2P,2P,Feminino,12.0,2021,Pública,EE Donizetti Aparecido Leite Professor,Cursando,Ametista,7.6853212122,10.0,7.75,6.2272727275,7.502,7.51,8.333333333,7.776666667,Fase 2 (5° e 6° ano),0,,,6.5,9.0,,,,,3.0,,,,,2.0,,False,False,False,False,False,False,False,False,False,False,False,False,False,False
RA-652,2024,Aluno-652,2P,2P,Feminino,11.0,2022,Pública,EE Donizetti Aparecido Leite Professor,Cursando,Ametista,7.361896969700001,10.0,5.5,6.931818182000001,8.002,7.51,7.916666667,7.663333333,Fase 2 (5° e 6° ano),0,,,4.5,6.5,,,,,3.0,,,,,2.0,,False,False,False,False,False,False,False,False,False,False,False,False,False,False
RA-816,2024,Aluno-816,2P,2P,Feminino,11.0,2022,Privada - Programa de Apadrinhamento,Colégio Arco Íris Evolução,Cursando,Topázio,8.929745454599999,10.0,9.25,9.7727272725,7.002,7.51,9.166666667,8.786666667,Fase 2 (5° e 6° ano),0,,,8.5,10.0,,,,,3.0,,,,,2.0,,False,False,False,False,False,False,False,False,False,False,False,False,False,False
RA-1504,2024,Aluno-1504,2P,2P,Feminino,12.0,2024,Pública,EE Donizetti Aparecido Leite Professor,Cursando,Ágata,6.057060605999999,5.0,6.75,4.6136363634999995,7.5,5.63,5.833333333,6.94,Fase 3 (7° e 8° ano),-1,,,5.0,8.5,,,,,3.0,,,,,3.0,,False,False,False,False,False,False,False,False,False,False,False,False,False,False
RA-638,2024,Aluno-638,2P,2P,Feminino,11.0,2021,Pública,EE Donizetti Aparecido Leite Professor,Cursando,Ágata,6.7464878789,10.0,5.0,5.7272727275,8.502,7.51,8.125,5.936666667,Fase 2 (5° e 6° ano),0,,,4.0,6.0,,,,,3.0,,,,,2.0,,False,False,False,False,False,False,False,False,False,False,False,False,False,False
RA-1505,2024,Aluno-1505,2P,2P,Masculino,13.0,2024,Pública,EE Donizetti Aparecido Leite Professor,Cursando,Ágata,6.7199171717,5.0,3.75,7.5252525255,9.502,7.51,8.75,6.943333333,Fase 3 (7° e 8° ano),-1,,,3.0,4.5,,,,,3.0,,,,,3.0,,False,False,False,False,False,False,False,False,False,False,False,False,False,False
RA-643,2024,Aluno-643,2P,2P,Masculino,12.0,2022,Pública,EE Donizetti Aparecido Leite Professor,Cursando,Ágata,6.402239075100001,5.0,4.5,6.8660287085,9.002,7.51,8.125,5.826666667,Fase 3 (7° e 8° ano),-1,,,3.0,6.0,,,,,3.0,,,,,3.0,,False,False,False,False,False,False,False,False,False,False,False,False,False,False
RA-645,2024,Aluno-645,2P,2P,Feminino,12.0,2022,Pública,EE Donizetti Aparecido Leite Professor,Cursando,Ametista,7.502239394,10.0,5.25,8.3863636365,7.418,7.51,7.708333333,7.556666667,Fase 2 (5° e 6° ano),0,,,3.0,7.5,,,,,3.0,,,,,2.0,,False,False,False,False,False,False,False,False,False,False,False,False,False,False
RA-1068,2024,Aluno-1068,2R,2R,Masculino,11.0,2023,Pública,EE Maria André Schunck Dona,Cursando,Topázio,9.0150030303,10.0,9.5,9.068181818,9.502,7.51,8.541666667,8.73,Fase 2 (5° e 6° ano),0,,,9.0,10.0,,,,,3.0,,,,,2.0,,False,False,False,False,False,False,False,False,False,False,False,False,False,False
RA-798,2024,Aluno-798,2R,2R,Masculino,12.0,2022,Pública,EE Maria André Schunck Dona,Cursando,Quartzo,4.6743653679,5.0,4.75,3.5064935065,6.834,7.51,5.0,2.943333333,Fase 3 (7° e 8° ano),-1,,,4.0,5.5,,,,,3.0,,,,,3.0,,False,False,False,False,False,False,True,False,False,False,False,False,True,True
RA-799,2024,Aluno-799,2R,2R,Feminino,11.0,2022,Pública,EE Maria André Schunck Dona,Cursando,Ametista,7.702648484900001,10.0,5.25,9.090909091,7.918,7.51,7.916666667,7.5,Fase 2 (5° e 6° ano),0,,,5.0,5.5,,,,,3.0,,,,,2.0,,False,False,False,False,False,False,False,False,False,False,False,False,False,False
RA-1506,2024,Aluno-1506,2R,2R,Feminino,11.0,2024,Pública,EE Helio Luiz Dobrochinski Prof,Cursando,Ametista,7.151855844200001,10.0,3.5,8.3874458875,8.002,7.51,6.458333333,7.886666667,Fase 2 (5° e 6° ano),0,,,0.0,7.0,,,,,3.0,,,,,2.0,,False,False,False,False,False,False,False,False,False,False,False,False,False,False
RA-802,2024,Aluno-802,2R,2R,Masculino,11.0,2021,Pública,EE Maria André Schunck Dona,Cursando,Ametista,7.8317974024999994,10.0,8.75,7.012987013,7.502,7.51,8.333333333,6.723333333,Fase 2 (5° e 6° ano),0,,,9.0,8.5,,,,,3.0,,,,,2.0,,False,False,False,False,False,False,False,False,False,False,False,False,False,False
RA-1507,2024,Aluno-1507,2R,2R,Masculino,12.0,2024,Pública,EE Maria André Schunck Dona,Cursando,Quartzo,5.046077056300001,5.0,5.0,4.448051948,6.918,7.51,4.583333333,3.776666667,Fase 3 (7° e 8° ano),-1,,,5.0,5.0,,,,,3.0,,,,,3.0,,False,False,False,False,False,False,False,False,False,False,False,False,True,True
RA-1071,2024,Aluno-1071,2R,2R,Masculino,12.0,2023,Pública,EE Maria André Schunck Dona,Cursando,Quartzo,4.8048623378,5.0,4.5,4.188311688500001,8.002,7.51,4.166666667,2.996666667,Fase 3 (7° e 8° ano),-1,,,4.0,5.0,,,,,3.0,,,,,3.0,,False,False,False,False,False,False,False,False,False,False,False,False,True,True
RA-1508,2024,Aluno-1508,2R,2R,Feminino,10.0,2024,Pública,EE Helio Luiz Dobrochinski Prof,Cursando,Topázio,8.1804207793,10.0,9.25,7.2294372295,7.502,7.51,7.5,8.166666667,Fase 2 (5° e 6° ano),0,,,10.0,8.5,,,,,3.0,,,,,2.0,,False,False,False,False,False,False,False,False,False,False,False,False,False,False
RA-1509,2024,Aluno-1509,2R,2R,Masculino,11.0,2024,Pública,EE Maria André Schunck Dona,Cursando,Ametista,7.560230303200001,10.0,7.5,6.5151515155,8.502,7.51,6.666666667,7.446666667,Fase 2 (5° e 6° ano),0,,,7.0,8.0,,,,,3.0,,,,,2.0,,False,False,False,False,False,False,False,False,False,False,False,False,False,False
RA-1510,2024,Aluno-1510,2R,2R,Feminino,11.0,2024,Pública,EE Maria André Schunck Dona,Cursando,Topázio,9.464745454400001,10.0,10.0,9.7727272725,10.002,7.51,9.583333333,9.003333333,Fase 2 (5° e 6° ano),0,,,10.0,10.0,,,,,3.0,,,,,2.0,,False,False,False,False,False,False,False,False,False,False,False,False,True,False
RA-785,2024,Aluno-785,2U,2U,Feminino,11.0,2022,Pública,EE Helio Luiz Dobrochinski Prof,Cursando,Topázio,9.1548666666,10.0,9.0,10.0,9.502,7.51,8.75,8.893333333,Fase 2 (5° e 6° ano),0,,,8.0,10.0,,,,,3.0,,,,,2.0,,False,False,False,False,False,False,False,False,False,False,False,False,False,False
RA-1511,2024,Aluno-1511,2U,2U,Feminino,11.0,2024,Pública,EE Helio Luiz Dobrochinski Prof,Cursando,Topázio,8.9217077641,10.0,8.75,9.3271221535,10.002,7.51,8.4375,8.556666667,Fase 2 (5° e 6° ano),0,,,8.0,9.5,,,,,3.0,,,,,2.0,,False,False,False,False,False,False,False,False,False,False,False,False,False,False
RA-752,2024,Aluno-752,2U,2U,Feminino,12.0,2022,Pública,EE Donizetti Aparecido Leite Professor,Cursando,Ágata,6.57279265,5.0,5.75,7.525879916999999,9.502,7.51,5.9375,5.613333333,Fase 3 (7° e 8° ano),-1,,,7.0,4.5,,,,,3.0,,,,,3.0,,False,False,False,False,False,False,False,False,False,False,False,False,False,False
RA-790,2024,Aluno-790,2U,2U,Masculino,13.0,2022,Pública,EM Cecilia Cristina de Oliveira Rodrigues,Cursando,Ágata,6.8089355072,5.0,6.75,6.811594203,7.502,7.51,7.1875,6.883333333,Fase 3 (7° e 8° ano),-1,,,4.0,9.5,,,,,3.0,,,,,3.0,,False,False,False,False,False,False,False,False,False,False,False,False,False,False
RA-590,2024,Aluno-590,2U,2U,Feminino,12.0,2021,Privada,Colégio Nogueira e Sonho de Criança,Cursando,Ágata,6.712378053800001,5.0,4.0,8.457556936,8.002,6.26,7.5,7.723333333,Fase 3 (7° e 8° ano),-1,,,8.0,0.0,,,,,3.0,,,,,3.0,,False,False,False,False,False,False,False,False,False,False,False,False,False,False
RA-1512,2024,Aluno-1512,2U,2U,Feminino,10.0,2024,Pública,EE Helio Luiz Dobrochinski Prof,Cursando,Topázio,8.10445,10.0,5.5,10.0,9.502,7.51,7.8125,7.61,Fase 2 (5° e 6° ano),0,,,7.0,4.0,,,,,3.0,,,,,2.0,,False,False,False,False,False,False,False,False,False,False,False,False,False,False
RA-472,2024,Aluno-472,2U,2U,Feminino,14.0,2022,Pública,EM Cecilia Cristina de Oliveira Rodrigues,Cursando,Ágata,6.6397610766,5.0,6.25,7.48447205,7.502,7.51,6.25,6.333333333,Fase 3 (7° e 8° ano),-1,,,4.0,8.5,,,,,3.0,,,,,3.0,,False,False,False,False,False,False,False,False,False,False,False,False,False,False
RA-628,2024,Aluno-628,2U,2U,Masculino,13.0,2022,Pública,EM Alfredo Schunk,Cursando,Topázio,8.2366166666,5.0,9.0,10.0,9.002,7.51,7.1875,7.833333333,Fase 3 (7° e 8° ano),-1,,,8.0,10.0,,,,,3.0,,,,,3.0,,False,False,False,False,False,False,False,False,False,False,False,False,False,False
RA-1513,2024,Aluno-1513,2U,2U,Feminino,12.0,2024,Pública,EE Maria André Schunck Dona,Cursando,Ágata,6.5509171717,5.0,3.75,7.5252525255,8.502,7.51,7.5,7.223333333,Fase 3 (7° e 8° ano),-1,,,4.0,3.5,,,,,3.0,,,,,3.0,,False,False,False,False,False,False,False,False,False,False,False,False,False,False
RA-1514,2024,Aluno-1514,2U,2U,Feminino,12.0,2024,Pública,EM Cecilia Cristina de Oliveira Rodrigues,Cursando,Ametista,7.520576262600001,10.0,5.5,7.979797980000001,9.002,7.51,7.1875,7.273333333,Fase 2 (5° e 6° ano),0,,,5.0,6.0,,,,,3.0,,,,,2.0,,False,False,False,False,False,False,False,False,False,False,False,False,False,False
RA-629,2024,Aluno-629,2U,2U,Feminino,11.0,2022,Pública,EM Cecilia Cristina de Oliveira Rodrigues,Cursando,Topázio,8.061295238200001,10.0,6.0,9.523809524,10.002,7.51,7.5,7.276666667,Fase 2 (5° e 6° ano),0,,,6.0,6.0,,,,,3.0,,,,,2.0,,False,False,False,False,False,False,False,False,False,False,False,False,False,False
RA-832,2024,Aluno-832,2U,2U,Masculino,11.0,2022,Pública,EE Helio Luiz Dobrochinski Prof,Cursando,Topázio,8.2403304348,10.0,8.0,8.695652174,9.002,7.51,7.5,7.5,Fase 2 (5° e 6° ano),0,,,7.0,9.0,,,,,3.0,,,,,2.0,,False,False,False,False,False,False,False,False,False,False,False,False,False,False
RA-1515,2024,Aluno-1515,2U,2U,Feminino,12.0,2024,Pública,EE Maria André Schunck Dona,Cursando,Quartzo,5.832133333300001,5.0,3.5,6.6666666665,6.418,6.255,6.875,6.72,Fase 3 (7° e 8° ano),-1,,,6.0,1.0,,,,,3.0,,,,,3.0,,False,False,False,False,False,False,False,False,False,False,False,False,False,False
RA-833,2024,Aluno-833,2U,2U,Masculino,11.0,2022,Pública,EM Cecilia Cristina de Oliveira Rodrigues,Cursando,Topázio,8.5184577641,10.0,8.0,9.3271221535,9.002,7.51,8.125,7.946666667,Fase 2 (5° e 6° ano),0,,,9.0,7.0,,,,,3.0,,,,,2.0,,False,False,False,False,False,False,False,False,False,False,False,False,False,False
RA-819,2024,Aluno-819,2U,2U,Masculino,10.0,2022,Pública,Estuda em outra cidade,Cursando,Topázio,8.652552484400001,10.0,9.0,7.784679089,10.002,7.51,8.4375,8.503333333,Fase 1 (3° e 4° ano),1,,,8.0,10.0,,,,,3.0,,,,,1.0,,False,False,False,False,False,False,False,False,False,False,False,False,False,False
RA-1073,2024,Aluno-1073,3A,3A,Feminino,13.0,2022,Pública,EE Mario Francisco de Amorim,Cursando,Ametista,7.0859945773333335,10.0,6.5,6.370972886666667,9.168,7.5,6.875,5.7875,Fase 3 (7° e 8° ano),0,,,6.5,5.0,8.0,,,,4.0,,,,,3.0,,False,False,False,False,False,False,False,False,False,False,False,False,False,False
RA-494,2024,Aluno-494,3A,3A,Feminino,13.0,2022,Privada,Rede Decisão - Unidade União,Cursando,Ametista,7.922281328333334,10.0,6.333333333333333,7.329323308333333,7.5,8.755,7.8125,8.915,Fase 3 (7° e 8° ano),0,,,6.0,5.5,7.5,,,,4.0,,,,,3.0,,False,False,False,False,False,False,False,False,False,False,False,False,False,False
RA-484,2024,Aluno-484,3A,3A,Masculino,13.0,2022,Pública,EE Leonice de Aquino Oliveira,Cursando,Quartzo,3.8354776573333336,10.0,0.0,3.9141382866666667,8.334,2.51,3.4375,3.1225,Fase 3 (7° e 8° ano),0,,,0.0,0.0,0.0,,,,4.0,,,,,3.0,,False,False,False,True,False,False,True,False,True,False,False,True,True,True
RA-496,2024,Aluno-496,3A,3A,Masculino,13.0,2021,Privada,Recanto Betânia Centro Educacional,Cursando,Ágata,6.726607507733334,10.0,5.666666666666667,5.315995871999999,10.002,6.255,6.71875,6.1625,Fase 3 (7° e 8° ano),0,,,5.0,4.5,7.5,,,,4.0,,,,,3.0,,False,False,False,False,False,False,False,False,False,False,False,False,False,False
RA-1516,2024,Aluno-1516,3A,3A,Feminino,13.0,2024,Privada,Colégio Arco Íris Evolução,Cursando,Ametista,7.217066033133334,10.0,4.666666666666667,5.404288499000001,9.585,9.38,7.96875,7.5475,Fase 3 (7° e 8° ano),3,,,0.0,5.0,9.0,,,,4.0,,,,,3.0,,False,False,False,False,False,False,False,False,False,False,False,False,False,False
RA-1143,2024,Aluno-1143,3A,3A,Feminino,16.0,2021,Pública,EE Joaquim Mendes Feliz,Cursando,Quartzo,5.881225668333334,2.5,3.1666666666666665,5.201336675,9.585,9.38,7.03125,6.79,Fase 6 (2° EM),-3,,,3.0,6.5,0.0,,,,4.0,,,,,6.0,,False,False,False,False,False,False,False,False,False,False,False,False,False,False
RA-1517,2024,Aluno-1517,3A,3A,Masculino,15.0,2024,Pública,EE Maria André Schunck Dona,Cursando,Ágata,6.240744444466667,5.0,4.666666666666667,4.305555555666667,9.168,9.38,7.5,6.7075,Fase 4 (9° ano),-1,,,5.0,4.5,4.5,,,,4.0,,,,,4.0,,False,False,False,False,False,False,False,False,False,False,False,False,False,False
RA-1518,2024,Aluno-1518,3A,3A,Feminino,15.0,2022,Pública,EE Leonice de Aquino Oliveira,Cursando,Quartzo,5.721382142866666,5.0,1.75,5.714285714333333,7.084,9.38,7.65625,6.5825,Fase 4 (9° ano),-1,,,0.0,3.5,,,,,4.0,,,,,4.0,,False,False,False,False,False,False,False,False,False,False,False,False,False,False
RA-227,2024,Aluno-227,3A,3A,Masculino,13.0,2022,Pública,Colégio Nogueira e Sonho de Criança,Cursando,Topázio,8.074015455333335,10.0,6.5,8.097577276666668,9.585,9.38,7.5,7.54,Fase 3 (7° e 8° ano),0,,,4.0,6.0,9.5,,,,4.0,,,,,3.0,,False,False,False,False,False,False,False,False,False,False,False,False,False,False
RA-487,2024,Aluno-487,3A,3A,Feminino,12.0,2021,Privada - Programa de Apadrinhamento,Colégio Arco Íris Evolução,Cursando,Topázio,9.4171373016,10.0,9.666666666666666,9.441269841333334,9.168,9.38,9.0625,9.1725,Fase 3 (7° e 8° ano),0,,,10.0,9.0,10.0,,,,4.0,,,,,3.0,,False,False,False,False,False,False,False,False,False,False,False,False,False,False
RA-1076,2024,Aluno-1076,3A,3A,Feminino,13.0,2021,Pública,EE Mario Francisco de Amorim,Cursando,Ametista,7.479598365200001,10.0,6.333333333333333,7.777033492666668,8.334,8.125,7.03125,6.5425,Fase 3 (7° e 8° ano),0,,,5.5,6.5,7.0,,,,4.0,,,,,3.0,,False,False,False,False,False,False,False,False,False,False,False,False,False,False
RA-1084,2024,Aluno-1084,3A,3A,Feminino,12.0,2023,Pública,EE Leonice de Aquino Oliveira,Cursando,Ágata,6.9071109649333335,10.0,3.6666666666666665,7.705263158,8.751,5.63,7.03125,7.4575,Fase 3 (7° e 8° ano),0,,,1.0,6.0,4.0,,,,4.0,,,,,3.0,,False,False,False,False,False,False,False,False,False,False,False,False,False,False
RA-1519,2024,Aluno-1519,3A,3A,Masculino,15.0,2024,,,Cursando,Ametista,7.210222117800001,10.0,4.833333333333333,5.560902255666666,9.585,8.755,7.96875,7.5025,Fase 3 (7° e 8° ano),3,,,0.0,6.5,8.0,,,,4.0,,,,,3.0,,False,False,False,False,False,False,False,False,False,False,False,False,False,False
RA-490,2024,Aluno-490,3A,3A,Feminino,12.0,2022,Privada,Rede Decisão - Unidade União,Cursando,Ametista,7.368084290266667,10.0,6.166666666666667,5.5110047846666665,9.168,8.755,7.8125,7.295,Fase 2 (5° e 6° ano),1,,,5.5,6.0,7.0,,,,4.0,,,,,2.0,,False,False,False,False,False,False,False,False,False,False,False,False,False,False
RA-346,2024,Aluno-346,3A,3A,Masculino,12.0,2022,Pública,Rede Decisão - Unidade União,Cursando,Ametista,7.761749603200001,10.0,6.166666666666667,9.149206349333333,10.002,2.51,7.96875,8.2525,Fase 3 (7° e 8° ano),0,,,6.0,4.5,8.0,,,,4.0,,,,,3.0,,False,False,False,False,False,False,False,False,False,False,False,True,False,False
RA-546,2024,Aluno-546,3B,3B,Feminino,13.0,2021,Pública,EE Alexandre Rodrigues Nogueira,Cursando,Quartzo,5.702426010066667,10.0,4.666666666666667,3.7838383836666662,5.832,8.135,5.15625,5.5,Fase 3 (7° e 8° ano),0,,,0.0,4.0,10.0,,,,4.0,,,,,3.0,,False,False,False,False,False,False,False,False,False,False,False,False,True,False
RA-1087,2024,Aluno-1087,3B,3B,Feminino,13.0,2023,Pública,EE Mario Francisco de Amorim,Cursando,Ágata,6.913936532,10.0,2.6666666666666665,8.393265993333333,7.917,8.755,7.1875,6.58,Fase 3 (7° e 8° ano),0,,,2.0,5.0,1.0,,,,4.0,,,,,3.0,,False,False,False,False,False,False,False,False,False,False,False,False,False,False
RA-493,2024,Aluno-493,3B,3B,Feminino,11.0,2021,Pública,EE Mario Francisco de Amorim,Cursando,Ametista,7.4643250000000005,10.0,3.1666666666666665,8.933333333333334,10.002,10.0,7.03125,6.705,Fase 2 (5° e 6° ano),1,,,3.0,4.0,2.5,,,,4.0,,,,,2.0,,False,False,False,False,False,False,False,False,False,False,False,True,False,False
RA-1520,2024,Aluno-1520,3B,3B,Feminino,14.0,2024,Pública,EE Alexandre Rodrigues Nogueira,Cursando,Ametista,7.0026462121333335,5.0,3.75,9.060606060666666,8.334,8.75,7.65625,7.3325,Fase 4 (9° ano),-1,,,4.0,3.5,,,,,4.0,,,,,4.0,,False,False,False,False,False,False,False,False,False,False,False,False,False,False
RA-1072,2024,Aluno-1072,3B,3B,Masculino,12.0,2023,Pública,EE Leonice de Aquino Oliveira,Cursando,Ametista,7.8153856754,10.0,8.166666666666666,5.627886710333333,8.751,8.755,7.96875,7.545,Fase 3 (7° e 8° ano),0,,,8.0,7.0,9.5,,,,4.0,,,,,3.0,,False,False,False,False,False,False,False,False,False,False,False,False,False,False
RA-1521,2024,Aluno-1521,3B,3B,Feminino,14.0,2024,Pública,EE Alexandre Rodrigues Nogueira,Cursando,Quartzo,5.065788844333333,5.0,3.1666666666666665,6.157902555,7.5,2.51,6.09375,5.4525,Fase 4 (9° ano),-1,,,2.0,5.5,2.0,,,,4.0,,,,,4.0,,False,False,False,False,False,False,False,False,False,False,False,True,False,False
RA-536,2024,Aluno-536,3B,3B,Feminino,11.0,2021,Pública,EE Leonice de Aquino Oliveira,Cursando,Ametista,7.7704681818,10.0,5.5,9.109090909,8.334,8.135,7.1875,7.415,Fase 2 (5° e 6° ano),1,,,6.5,4.5,5.5,,,,4.0,,,,,2.0,,False,False,False,False,False,False,False,False,False,False,False,False,False,False
RA-1079,2024,Aluno-1079,3B,3B,Masculino,13.0,2023,Pública,EE Alexandre Rodrigues Nogueira,Cursando,Quartzo,5.4253413299333335,10.0,6.333333333333333,4.516498316333333,7.5,2.51,4.21875,4.1625,Fase 3 (7° e 8° ano),0,,,5.0,7.5,6.5,,,,4.0,,,,,3.0,,False,False,False,False,False,False,False,False,False,False,False,True,True,True
RA-331,2024,Aluno-331,3B,3B,Feminino,14.0,2021,Pública,EE Leonice de Aquino Oliveira,Cursando,Ágata,6.231045707066668,5.0,3.5,7.735353535333334,8.751,8.755,6.09375,5.62,Fase 4 (9° ano),-1,,,4.0,3.5,3.0,,,,4.0,,,,,4.0,,False,False,False,False,False,False,False,False,False,False,False,False,False,False
RA-1522,2024,Aluno-1522,3B,3B,Masculino,13.0,2024,Pública,EE Leonice de Aquino Oliveira,Cursando,Topázio,8.3261,10.0,7.0,10.0,8.751,9.38,6.875,7.1275,Fase 3 (7° e 8° ano),0,,,10.0,4.0,,,,,4.0,,,,,3.0,,False,False,False,False,False,False,False,False,False,False,False,False,False,False
RA-1096,2024,Aluno-1096,3B,3B,Feminino,11.0,2023,Pública,EE Leonice de Aquino Oliveira,Cursando,Topázio,9.189883333333334,10.0,8.5,9.866666666666667,9.168,8.755,9.0625,9.09,Fase 2 (5° e 6° ano),1,,,8.5,7.0,10.0,,,,4.0,,,,,2.0,,False,False,False,False,False,False,False,False,False,False,False,False,False,False
RA-513,2024,Aluno-513,3B,3B,Masculino,11.0,2021,Privada,Escola João Paulo II,Cursando,Topázio,8.728632539666668,10.0,7.666666666666667,8.831746031666666,10.002,8.135,9.0625,8.545,Fase 2 (5° e 6° ano),1,,,9.0,5.5,8.5,,,,4.0,,,,,2.0,,False,False,False,False,False,False,False,False,False,False,False,False,False,False
RA-531,2024,Aluno-531,3B,3B,Masculino,12.0,2022,Pública,EE Leonice de Aquino Oliveira,Cursando,Ametista,7.9127926470666665,10.0,6.666666666666667,9.803921568666667,9.168,4.38,7.96875,7.335,Fase 3 (7° e 8° ano),0,,,6.5,4.5,9.0,,,,4.0,,,,,3.0,,False,False,False,False,False,False,False,False,False,False,False,True,False,False
RA-1523,2024,Aluno-1523,3B,3B,Masculino,11.0,2024,Pública,EE Alexandre Rodrigues Nogueira,Cursando,Topázio,8.67371279,10.0,8.166666666666666,9.283272283333334,6.666,8.755,8.90625,8.755,Fase 2 (5° e 6° ano),1,,,8.0,6.5,10.0,,,,4.0,,,,,2.0,,False,False,False,False,False,False,False,False,False,False,False,False,False,False
RA-1524,2024,Aluno-1524,3B,3B,Feminino,14.0,2024,Pública,EE Mario Francisco de Amorim,Cursando,Quartzo,5.5473805555333335,5.0,4.0,2.777777777666667,7.917,7.51,7.65625,6.9175,Fase 4 (9° ano),-1,,,4.0,,,,,,4.0,,,,,4.0,,False,False,False,False,False,False,False,False,False,False,False,False,False,False
RA-1147,2024,Aluno-1147,3B,3B,Feminino,15.0,2023,Pública,EE Loris Nassif Mattar Profa,Cursando,Quartzo,5.833118518533334,5.0,3.1666666666666665,6.125925926,8.751,8.755,6.25,5.495,Fase 4 (9° ano),-1,,,2.0,5.0,2.5,,,,4.0,,,,,4.0,,False,False,False,False,False,False,False,False,False,False,False,False,False,False
RA-479,2024,Aluno-479,3C,3C,Masculino,12.0,2021,Privada - Programa de Apadrinhamento,Colégio Arco Íris Evolução,Cursando,Topázio,8.901966666666668,10.0,9.666666666666666,9.866666666666667,9.168,2.51,9.375,9.45,Fase 2 (5° e 6° ano),1,,,10.0,9.0,10.0,,,,3.0,,,,,2.0,,False,False,False,False,False,False,False,False,False,False,False,True,False,False
RA-517,2024,Aluno-517,3C,3C,Feminino,14.0,2021,Pública,EE Paschoal Carlos Magno,Cursando,Quartzo,5.880466583166668,10.0,5.0,5.266499582333334,7.5,2.51,6.041666667,6.11,Fase 3 (7° e 8° ano),0,,,4.5,4.0,6.5,,,,3.0,,,,,3.0,,False,False,False,False,False,False,False,False,False,False,False,True,False,False
RA-325,2024,Aluno-325,3C,3C,Masculino,12.0,2022,Pública,EE Paschoal Carlos Magno,Cursando,Topázio,8.385133333233336,10.0,7.0,9.866666666666667,9.168,7.51,8.333333333,7.553333333,Fase 3 (7° e 8° ano),0,,,7.0,5.5,8.5,,,,3.0,,,,,3.0,,False,False,False,False,False,False,False,False,False,False,False,False,False,False
RA-1525,2024,Aluno-1525,3C,3C,Masculino,13.0,2024,Pública,EE Joaquim Mendes Feliz,Cursando,Ametista,7.778263492033334,10.0,7.0,8.293650793666666,7.917,5.63,8.541666667,7.553333333,Fase 3 (7° e 8° ano),0,,,6.5,5.5,9.0,,,,3.0,,,,,3.0,,False,False,False,False,False,False,False,False,False,False,False,False,False,False
RA-518,2024,Aluno-518,3C,3C,Masculino,12.0,2022,Pública,EE Paschoal Carlos Magno,Cursando,Ágata,6.3467483709,10.0,4.0,6.8300751879999995,8.334,2.51,7.083333333,6.94,Fase 3 (7° e 8° ano),0,,,7.5,3.5,1.0,,,,3.0,,,,,3.0,,False,False,False,False,False,False,False,False,False,False,False,True,False,False
RA-1146,2024,Aluno-1146,3C,3C,Feminino,15.0,2023,Pública,EE Mario Francisco de Amorim,Cursando,Quartzo,5.3933086048000005,5.0,2.0,5.017209691,10.002,6.88,6.25,5.883333333,Fase 5 (1° EM),-2,,,2.0,0.0,4.0,,,,3.0,,,,,5.0,,False,False,False,False,False,False,False,False,False,False,False,False,False,False
RA-530,2024,Aluno-530,3C,3C,Masculino,12.0,2021,Pública,EE Joaquim Mendes Feliz,Cursando,Ametista,7.214534419433333,10.0,4.5,6.468838763666667,8.751,9.38,7.083333333,7.496666667,Fase 3 (7° e 8° ano),0,,,4.0,6.0,3.5,,,,3.0,,,,,3.0,,False,False,False,False,False,False,False,False,False,False,False,False,False,False
RA-524,2024,Aluno-524,3C,3C,Masculino,13.0,2021,Pública,EE Paschoal Carlos Magno,Cursando,Ametista,7.026322556366667,10.0,8.666666666666666,5.111779448666667,7.083,2.51,8.333333333,7.39,Fase 3 (7° e 8° ano),0,,,8.5,7.5,10.0,,,,3.0,,,,,3.0,,False,False,False,False,False,False,False,False,False,False,False,True,False,False
RA-578,2024,Aluno-578,3C,3C,Masculino,12.0,2021,Privada - Programa de Apadrinhamento,Colégio Arco Íris Evolução,Cursando,Topázio,9.066199999966669,10.0,9.833333333333334,10.0,10.002,2.51,9.583333333,9.45,Fase 2 (5° e 6° ano),1,,,10.0,9.5,10.0,,,,3.0,,,,,2.0,,False,False,False,False,False,False,False,False,False,False,False,True,True,False
RA-526,2024,Aluno-526,3C,3C,Masculino,14.0,2022,Pública,EE Paschoal Carlos Magno,Cursando,Ametista,7.843157894833334,5.0,7.333333333333333,9.382456140333334,9.585,8.13,7.291666667,7.496666667,Fase 4 (9° ano),-1,,,8.5,3.5,10.0,,,,3.0,,,,,4.0,,False,False,False,False,False,False,False,False,False,False,False,False,False,False
RA-528,2024,Aluno-528,3C,3C,Masculino,13.0,2021,Pública,EE Joaquim Mendes Feliz,Cursando,Ametista,7.276330075300001,10.0,6.666666666666667,5.793483709333334,9.168,7.51,7.291666667,6.936666667,Fase 3 (7° e 8° ano),0,,,8.5,4.5,7.0,,,,3.0,,,,,3.0,,False,False,False,False,False,False,False,False,False,False,False,False,False,False
RA-516,2024,Aluno-516,3C,3C,Masculino,11.0,2021,Privada - Programa de Apadrinhamento,Colégio Arco Íris Evolução,Cursando,Topázio,8.384033333366668,10.0,8.833333333333334,10.0,10.002,2.51,8.541666667,7.56,Fase 2 (5° e 6° ano),1,,,8.0,8.5,10.0,,,,3.0,,,,,2.0,,False,False,False,False,False,False,False,False,False,False,False,True,False,False
RA-534,2024,Aluno-534,3C,3C,Masculino,14.0,2021,Pública,EE Paschoal Carlos Magno,Cursando,Ametista,7.088855054266667,10.0,5.0,6.043441938333333,9.585,7.51,7.5,7.103333333,Fase 3 (7° e 8° ano),0,,,4.0,4.0,7.0,,,,3.0,,,,,3.0,,False,False,False,False,False,False,False,False,False,False,False,False,False,False
RA-1097,2024,Aluno-1097,3C,3C,Masculino,15.0,2023,Pública,EE Paschoal Carlos Magno,Cursando,Quartzo,5.475324895633334,5.0,3.0,4.849791144666667,10.002,6.25,6.041666667,5.88,Fase 4 (9° ano),-1,,,4.5,4.5,0.0,,,,3.0,,,,,4.0,,False,False,False,False,False,False,False,False,False,False,False,False,False,False
RA-360,2024,Aluno-360,3C,3C,Feminino,14.0,2021,Pública,EE Paschoal Carlos Magno,Cursando,Ágata,6.293175689166667,5.0,5.833333333333333,5.618045113,8.334,5.0,7.708333333,6.993333333,Fase 4 (9° ano),-1,,,4.0,6.0,7.5,,,,3.0,,,,,4.0,,False,False,False,False,False,False,False,False,False,False,False,False,False,False
RA-1526,2024,Aluno-1526,3D,3D,Feminino,13.0,2024,Pública,EE Alexandre Rodrigues Nogueira,Cursando,Ametista,7.9798,10.0,3.75,10.0,9.168,8.75,8.125,8.1275,Fase 3 (7° e 8° ano),0,,,2.0,5.5,,,,,4.0,,,,,3.0,,False,False,False,False,False,False,False,False,False,False,False,False,False,False
RA-1077,2024,Aluno-1077,3D,3D,Masculino,12.0,2023,Pública,EE Alexandre Rodrigues Nogueira,Cursando,Quartzo,5.543865740733334,10.0,2.0,7.703703703666666,0.0,6.885,6.40625,6.37,Fase 3 (7° e 8° ano),0,,,0.0,6.0,0.0,,,,4.0,,,,,3.0,,True,False,False,False,False,False,False,False,False,False,True,False,False,False
RA-508,2024,Aluno-508,3D,3D,Masculino,12.0,2022,Pública,EE Alexandre Rodrigues Nogueira,Cursando,Ágata,6.771708625733333,10.0,4.666666666666667,5.567251461999999,7.083,7.51,7.65625,7.5,Fase 2 (5° e 6° ano),1,,,0.0,7.0,7.0,,,,4.0,,,,,2.0,,False,False,False,False,False,False,False,False,False,False,False,False,False,False
RA-363,2024,Aluno-363,3D,3D,Masculino,14.0,2022,Privada,Colégio Nogueira e Sonho de Criança,Cursando,Ametista,7.617803571466666,10.0,5.333333333333333,9.523809524,9.585,5.625,7.34375,6.955,Fase 3 (7° e 8° ano),0,,,4.0,3.5,8.5,,,,4.0,,,,,3.0,,False,False,False,False,False,False,False,False,False,False,False,False,False,False
RA-340,2024,Aluno-340,3D,3D,Masculino,13.0,2021,Pública,EE Alexandre Rodrigues Nogueira,Cursando,Ágata,6.715437329466668,10.0,5.166666666666667,6.585769980666666,7.917,7.51,6.5625,5.83,Fase 3 (7° e 8° ano),0,,,6.0,7.0,2.5,,,,4.0,,,,,3.0,,False,False,False,False,False,False,False,False,False,False,False,False,False,False
RA-1527,2024,Aluno-1527,3D,3D,Masculino,13.0,2024,Pública,EE Alexandre Rodrigues Nogueira,Cursando,Topázio,8.631675000000001,10.0,8.0,10.0,9.168,7.51,7.96875,7.835,Fase 3 (7° e 8° ano),0,,,9.0,7.0,,,,,4.0,,,,,3.0,,False,False,False,False,False,False,False,False,False,False,False,False,False,False
RA-509,2024,Aluno-509,3D,3D,Feminino,13.0,2021,Pública,EE Leonice de Aquino Oliveira,Cursando,Ágata,6.918152272733334,10.0,6.0,6.363636363666667,9.168,2.51,8.28125,7.2475,Fase 3 (7° e 8° ano),0,,,6.0,4.5,7.5,,,,4.0,,,,,3.0,,False,False,False,False,False,False,False,False,False,False,False,True,False,False
RA-500,2024,Aluno-500,3D,3D,Feminino,12.0,2021,Privada - Programa de Apadrinhamento,Colégio Arco Íris Evolução,Cursando,Topázio,8.077708333333334,10.0,6.666666666666667,10.0,9.585,2.51,8.59375,8.3775,Fase 3 (7° e 8° ano),0,,,6.0,6.0,8.0,,,,4.0,,,,,3.0,,False,False,False,False,False,False,False,False,False,False,False,True,False,False
RA-1528,2024,Aluno-1528,3D,3D,Masculino,13.0,2024,Pública,EE Alexandre Rodrigues Nogueira,Cursando,Ametista,7.622584090933335,10.0,5.666666666666667,7.787878788,9.168,7.51,7.96875,7.335,Fase 3 (7° e 8° ano),0,,,3.0,6.0,8.0,,,,4.0,,,,,3.0,,False,False,False,False,False,False,False,False,False,False,False,False,False,False
RA-1089,2024,Aluno-1089,3D,3D,Feminino,12.0,2023,Pública,EE Bairro Boa Vista,Cursando,Ametista,7.6221531746,10.0,6.833333333333333,7.039682539666667,9.168,8.13,7.1875,6.995,Fase 3 (7° e 8° ano),0,,,6.0,6.0,8.5,,,,4.0,,,,,3.0,,False,False,False,False,False,False,False,False,False,False,False,False,False,False
RA-1090,2024,Aluno-1090,3D,3D,Masculino,14.0,2023,Pública,EE Alexandre Rodrigues Nogueira,Cursando,Ametista,7.7652831384,10.0,6.333333333333333,7.621832358666666,9.585,7.51,7.8125,7.4175,Fase 3 (7° e 8° ano),0,,,3.5,7.5,8.0,,,,4.0,,,,,3.0,,False,False,False,False,False,False,False,False,False,False,False,False,False,False
RA-503,2024,Aluno-503,3D,3D,Masculino,12.0,2021,Pública,EE Leonice de Aquino Oliveira,Cursando,Topázio,8.547495614066667,10.0,7.666666666666667,9.824561403666666,9.585,7.51,7.8125,7.7925,Fase 2 (5° e 6° ano),1,,,6.0,8.0,9.0,,,,4.0,,,,,2.0,,False,False,False,False,False,False,False,False,False,False,False,False,False,False
RA-1093,2024,Aluno-1093,3D,3D,Masculino,12.0,2023,Pública,EE Mario Francisco de Amorim,Cursando,Topázio,8.5079027778,10.0,8.666666666666666,7.722222222333333,7.5,8.13,8.90625,8.8825,Fase 3 (7° e 8° ano),0,,,8.5,8.0,9.5,,,,4.0,,,,,3.0,,False,False,False,False,False,False,False,False,False,False,False,False,False,False
RA-1094,2024,Aluno-1094,3D,3D,Feminino,12.0,2023,Pública,EE Leonice de Aquino Oliveira,Cursando,Topázio,8.0164785714,10.0,7.333333333333333,9.523809523666666,9.168,2.51,8.4375,8.1675,Fase 3 (7° e 8° ano),0,,,6.0,7.5,8.5,,,,4.0,,,,,3.0,,False,False,False,False,False,False,False,False,False,False,False,True,False,False
RA-1095,2024,Aluno-1095,3D,3D,Masculino,14.0,2023,Pública,EE Mario Francisco de Amorim,Cursando,Ágata,6.108547514666667,10.0,2.3333333333333335,7.84502924,7.5,7.51,5.46875,5.125,Fase 3 (7° e 8° ano),0,,,3.0,2.0,2.0,,,,4.0,,,,,3.0,,False,False,False,False,False,False,False,False,False,False,False,False,True,False
RA-1098,2024,Aluno-1098,3D,3D,Feminino,14.0,2023,Pública,EE Alexandre Rodrigues Nogueira,Cursando,Ágata,6.5744562514,10.0,3.5,5.822406257,8.751,7.51,7.34375,6.7475,Fase 3 (7° e 8° ano),0,,,1.0,3.5,6.0,,,,4.0,,,,,3.0,,False,False,False,False,False,False,False,False,False,False,False,False,False,False
RA-1106,2024,Aluno-1106,3F,3F,Masculino,13.0,2023,Pública,EE João Ortiz Rodrigues,Cursando,Quartzo,5.936272086266667,10.0,0.0,5.4312354313333335,8.334,7.51,7.65625,7.5,Fase 3 (7° e 8° ano),0,,,0.0,0.0,0.0,,,,4.0,,,,,3.0,,False,False,False,True,False,False,False,False,True,False,False,False,False,False
RA-568,2024,Aluno-568,3F,3F,Masculino,16.0,2021,Pública,EE Joaquim Mendes Feliz,Cursando,Quartzo,5.545864285733334,5.0,5.166666666666667,3.2619047620000003,7.917,8.13,6.5625,5.496,Fase 5 (1° EM),-2,,,5.0,5.5,5.0,,,,5.0,,,,,5.0,,False,False,False,False,False,False,False,False,False,False,False,False,False,False
RA-558,2024,Aluno-558,3F,3F,Masculino,16.0,2022,Pública,EE Alexandre Rodrigues Nogueira,Cursando,Quartzo,5.048054503133334,5.0,3.0,3.7763975156666674,9.168,8.13,6.09375,4.268,Fase 5 (1° EM),-2,,,2.5,4.0,2.5,,,,5.0,,,,,5.0,,False,False,False,False,False,False,False,False,False,False,False,False,False,True
RA-559,2024,Aluno-559,3F,3F,Masculino,13.0,2021,Pública,EE João Ortiz Rodrigues,Cursando,Ágata,6.158158974333333,10.0,3.1666666666666665,5.705128205,10.002,8.13,6.25,4.728,Fase 3 (7° e 8° ano),0,,,1.0,2.5,6.0,,,,5.0,,,,,3.0,,False,False,False,False,False,False,False,False,False,False,False,False,False,True
RA-1529,2024,Aluno-1529,3F,3F,Feminino,14.0,2024,Pública,EE João Ortiz Rodrigues,Cursando,Ágata,6.710079487200001,5.0,5.5,7.435897436,6.666,7.51,8.125,6.964,Fase 4 (9° ano),-1,,,6.0,5.5,5.0,,,,5.0,,,,,4.0,,False,False,False,False,False,False,False,False,False,False,False,False,False,False
RA-1111,2024,Aluno-1111,3F,3F,Feminino,12.0,2023,Pública,EE Leonice de Aquino Oliveira,Cursando,Ágata,6.116032815733334,10.0,5.0,4.600414078666667,6.249,7.5,6.5625,5.824,Fase 2 (5° e 6° ano),1,,,5.0,4.0,6.0,,,,5.0,,,,,2.0,,False,False,False,False,False,False,False,False,False,False,False,False,False,False
RA-1108,2024,Aluno-1108,3F,3F,Masculino,13.0,2023,Pública,EE João Ortiz Rodrigues,Cursando,Ágata,6.017215010400001,10.0,3.6666666666666665,3.7546583853333337,9.168,8.13,7.1875,5.422,Fase 3 (7° e 8° ano),0,,,3.5,3.5,4.0,,,,5.0,,,,,3.0,,False,False,False,False,False,False,False,False,False,False,False,False,False,False
RA-542,2024,Aluno-542,3F,3F,Feminino,13.0,2021,Pública,EE João Ortiz Rodrigues,Cursando,Ágata,6.7205649586,10.0,3.9333333333333336,6.481366459666667,8.751,8.13,7.03125,6.232,Fase 3 (7° e 8° ano),0,,,1.5,5.0,5.3,,,,5.0,,,,,3.0,,False,False,False,False,False,False,False,False,False,False,False,False,False,False
RA-543,2024,Aluno-543,3F,3F,Feminino,12.0,2022,Pública,EE João Ortiz Rodrigues,Cursando,Topázio,8.0467871118,10.0,6.833333333333333,9.616977225666666,8.751,2.51,8.90625,8.7,Fase 2 (5° e 6° ano),1,,,7.0,6.5,7.0,,,,5.0,,,,,2.0,,False,False,False,False,False,False,False,False,False,False,False,True,False,False
RA-1530,2024,Aluno-1530,3F,3F,Masculino,13.0,2024,Pública,EE João Ortiz Rodrigues,Cursando,Quartzo,4.6391535714200005,10.0,2.8333333333333335,2.5238095237666665,0.0,8.13,7.03125,5.258,Fase 3 (7° e 8° ano),0,,,1.5,7.0,0.0,,,,5.0,,,,,3.0,,True,False,False,False,False,False,True,False,False,False,True,False,False,False
RA-555,2024,Aluno-555,3F,3F,Masculino,14.0,2021,Pública,EE Leonice de Aquino Oliveira,Cursando,Quartzo,5.111470186333333,5.0,4.333333333333333,2.7505175983333334,10.002,6.885,5.0,5.03,Fase 4 (9° ano),-1,,,5.0,4.0,4.0,,,,5.0,,,,,4.0,,False,False,False,False,False,False,False,False,False,False,False,False,True,False
RA-1531,2024,Aluno-1531,3F,3F,Masculino,14.0,2024,Pública,EE João Ortiz Rodrigues,Cursando,Ametista,7.0491790134,5.0,5.833333333333333,7.9726867336666665,8.751,7.505,7.34375,7.14,Fase 4 (9° ano),-1,,,4.5,8.0,5.0,,,,5.0,,,,,4.0,,False,False,False,False,False,False,False,False,False,False,False,False,False,False
RA-1099,2024,Aluno-1099,3G,3G,Feminino,14.0,2023,Pública,EE Leonice de Aquino Oliveira,Cursando,Ametista,7.332483333333334,10.0,3.8333333333333335,8.133333333333333,8.334,10.0,7.8125,6.6225,Fase 3 (7° e 8° ano),0,,,2.5,3.5,5.5,,,,4.0,,,,,3.0,,False,False,False,False,False,False,False,False,False,False,False,True,False,False
RA-1154,2024,Aluno-1154,3G,3G,Masculino,14.0,2023,Pública,EE João Ortiz Rodrigues,Cursando,Ametista,7.5660750000000005,5.0,8.0,9.200000000000001,7.917,7.51,7.34375,6.745,Fase 4 (9° ano),-1,,,7.0,7.0,10.0,,,,4.0,,,,,4.0,,False,False,False,False,False,False,False,False,False,False,False,False,False,False
RA-1100,2024,Aluno-1100,3G,3G,Masculino,12.0,2023,Pública,EE João Ortiz Rodrigues,Cursando,Ágata,6.649708333333334,10.0,4.666666666666667,7.1000000000000005,7.5,7.51,6.71875,5.6175,Fase 2 (5° e 6° ano),1,,,4.0,4.0,6.0,,,,4.0,,,,,2.0,,False,False,False,False,False,False,False,False,False,False,False,False,False,False
RA-381,2024,Aluno-381,3G,3G,Masculino,15.0,2021,Pública,EE Alexandre Rodrigues Nogueira,Cursando,Quartzo,5.940775,5.0,3.6666666666666665,6.133333333333333,8.334,7.51,6.71875,6.1225,Fase 5 (1° EM),-2,,,2.5,4.5,4.0,,,,4.0,,,,,5.0,,False,False,False,False,False,False,False,False,False,False,False,False,False,False
RA-364,2024,Aluno-364,3G,3G,Masculino,13.0,2021,Pública,EE Leonice de Aquino Oliveira,Cursando,Topázio,8.2697037582,10.0,7.5,9.526143791,8.751,7.51,7.96875,7.2075,Fase 3 (7° e 8° ano),0,,,8.0,5.0,9.5,,,,4.0,,,,,3.0,,False,False,False,False,False,False,False,False,False,False,False,False,False,False
RA-539,2024,Aluno-539,3G,3G,Feminino,13.0,2022,Privada - Programa de Apadrinhamento,Colégio Arco Íris Evolução,Cursando,Topázio,8.465533333333335,10.0,5.833333333333333,9.233333333333333,10.002,7.51,8.75,9.13,Fase 3 (7° e 8° ano),0,,,5.0,3.5,9.0,,,,4.0,,,,,3.0,,False,False,False,False,False,False,False,False,False,False,False,False,False,False
RA-573,2024,Aluno-573,3G,3G,Masculino,13.0,2021,Pública,EE João Ortiz Rodrigues,Cursando,Ametista,7.839050000000001,10.0,5.0,9.5,9.168,8.755,7.8125,6.8275,Fase 3 (7° e 8° ano),0,,,6.0,3.5,5.5,,,,4.0,,,,,3.0,,False,False,False,False,False,False,False,False,False,False,False,False,False,False
RA-1107,2024,Aluno-1107,3G,3G,Feminino,13.0,2023,Pública,EE João Ortiz Rodrigues,Cursando,Quartzo,5.9731,10.0,2.5,6.2,8.751,2.51,7.5,6.785,Fase 3 (7° e 8° ano),0,,,1.0,3.5,3.0,,,,4.0,,,,,3.0,,False,False,False,False,False,False,False,False,False,False,False,True,False,False
RA-368,2024,Aluno-368,3G,3G,Masculino,15.0,2021,Pública,EE João Ortiz Rodrigues,Cursando,Ágata,6.782158333333333,5.0,7.0,6.166666666666667,7.917,7.51,7.65625,6.7025,Fase 4 (9° ano),-1,,,4.5,7.0,9.5,,,,4.0,,,,,4.0,,False,False,False,False,False,False,False,False,False,False,False,False,False,False
RA-387,2024,Aluno-387,3G,3G,Masculino,15.0,2021,Pública,EE Leonice de Aquino Oliveira,Cursando,Ágata,6.125500000000001,5.0,4.333333333333333,7.166666666666667,7.5,7.51,6.25,5.9975,Fase 4 (9° ano),-1,,,5.0,4.0,4.0,,,,4.0,,,,,4.0,,False,False,False,False,False,False,False,False,False,False,False,False,False,False
RA-556,2024,Aluno-556,3G,3G,Feminino,13.0,2021,Pública,EE João Ortiz Rodrigues,Cursando,Quartzo,5.833377380933333,10.0,3.8333333333333335,6.171428571333333,7.083,2.51,6.40625,6.1625,Fase 3 (7° e 8° ano),0,,,1.5,4.5,5.5,,,,4.0,,,,,3.0,,False,False,False,False,False,False,False,False,False,False,False,True,False,False
RA-389,2024,Aluno-389,3G,3G,Masculino,13.0,2021,Pública,EE João Ortiz Rodrigues,Cursando,Ametista,7.2079551282,10.0,5.166666666666667,6.674358974333333,9.585,8.76,6.5625,6.745,Fase 3 (7° e 8° ano),0,,,6.5,4.0,5.0,,,,4.0,,,,,3.0,,False,False,False,False,False,False,False,False,False,False,False,False,False,False
RA-390,2024,Aluno-390,3G,3G,Feminino,13.0,2022,Pública,EE João Ortiz Rodrigues,Cursando,Ágata,6.5472236842000004,10.0,4.166666666666667,6.080701754333333,7.5,8.755,6.5625,6.08,Fase 3 (7° e 8° ano),0,,,3.0,2.5,7.0,,,,4.0,,,,,3.0,,False,False,False,False,False,False,False,False,False,False,False,False,False,False
RA-376,2024,Aluno-376,3G,3G,Feminino,14.0,2021,Pública,EE Leonice de Aquino Oliveira,Cursando,Quartzo,5.896573588800001,5.0,2.8333333333333335,8.287284610666667,10.002,2.51,6.5625,6.325,Fase 4 (9° ano),-1,,,2.0,5.0,1.5,,,,4.0,,,,,4.0,,False,False,False,False,False,False,False,False,False,False,False,True,False,False
RA-584,2024,Aluno-584,3G,3G,Feminino,12.0,2021,Pública,EE João Ortiz Rodrigues,Cursando,Ágata,6.752914393933334,10.0,4.333333333333333,5.636363636333333,8.751,8.755,7.34375,6.37,Fase 3 (7° e 8° ano),0,,,2.0,5.0,6.0,,,,4.0,,,,,3.0,,False,False,False,False,False,False,False,False,False,False,False,False,False,False
RA-535,2024,Aluno-535,3H,3H,Feminino,12.0,2021,Pública,EE João Ortiz Rodrigues,Cursando,Ametista,7.659555952400001,10.0,6.0,7.161904762,9.168,8.135,7.96875,7.5,Fase 3 (7° e 8° ano),0,,,7.0,5.5,5.5,,,,5.0,,,,,3.0,,False,False,False,False,False,False,False,False,False,False,False,False,False,False
RA-547,2024,Aluno-547,3H,3H,Feminino,13.0,2021,Pública,EE João Ortiz Rodrigues,Cursando,Ametista,7.2102906723333335,10.0,6.833333333333333,7.030620028333334,8.751,8.135,5.625,5.932,Fase 3 (7° e 8° ano),0,,,9.0,4.5,7.0,,,,5.0,,,,,3.0,,False,False,False,False,False,False,False,False,False,False,False,False,True,False
RA-557,2024,Aluno-557,3H,3H,Masculino,12.0,2021,Privada - Programa de Apadrinhamento,Colégio Arco Íris Evolução,Cursando,Topázio,9.350986466133334,10.0,9.666666666666666,8.756265663999999,10.002,7.51,10.0,9.576,Fase 3 (7° e 8° ano),0,,,10.0,9.0,10.0,,,,5.0,,,,,3.0,,False,False,False,False,False,False,False,False,False,False,False,False,True,False
RA-548,2024,Aluno-548,3H,3H,Masculino,13.0,2021,Pública,EE João Ortiz Rodrigues,Cursando,Ametista,7.240168803466668,10.0,6.666666666666667,7.600427350666667,9.168,7.51,5.9375,5.626,Fase 3 (7° e 8° ano),0,,,9.0,5.0,6.0,,,,5.0,,,,,3.0,,False,False,False,False,False,False,False,False,False,False,False,False,False,False
RA-1102,2024,Aluno-1102,3H,3H,Masculino,12.0,2023,Pública,EE Leonice de Aquino Oliveira,Cursando,Topázio,8.440611904733334,10.0,9.333333333333334,9.390476190333333,8.751,8.13,5.9375,7.07,Fase 2 (5° e 6° ano),1,,,10.0,8.0,10.0,,,,5.0,,,,,2.0,,False,False,False,False,False,False,False,False,False,False,False,False,False,False
RA-1532,2024,Aluno-1532,3H,3H,Masculino,15.0,2024,Pública,EE João Ortiz Rodrigues,Cursando,Quartzo,4.548544781066667,5.0,2.0,3.9057239053333332,0.0,7.51,7.5,6.832,Fase 4 (9° ano),-1,,,0.0,6.0,0.0,,,,5.0,,,,,4.0,,True,False,False,False,False,False,True,False,False,False,True,False,False,False
RA-538,2024,Aluno-538,3H,3H,Masculino,14.0,2022,Pública,EE Mario Francisco de Amorim,Cursando,Ágata,6.514094017066666,5.0,6.166666666666667,7.668803418666666,8.751,7.51,5.625,5.292,Fase 4 (9° ano),-1,,,10.0,4.5,4.0,,,,5.0,,,,,4.0,,False,False,False,False,False,False,False,False,False,False,False,False,True,False
RA-365,2024,Aluno-365,3H,3H,Feminino,11.0,2022,Pública,EE Loris Nassif Mattar Profa,Cursando,Topázio,8.526983333333334,10.0,6.666666666666667,10.0,9.585,7.51,8.4375,8.202,Fase 2 (5° e 6° ano),1,,,8.0,7.0,5.0,,,,5.0,,,,,2.0,,False,False,False,False,False,False,False,False,False,False,False,False,False,False
RA-563,2024,Aluno-563,3H,3H,Feminino,12.0,2021,Pública,EE João Ortiz Rodrigues,Cursando,Topázio,8.595447619066668,10.0,8.333333333333334,9.461904762000001,9.168,8.135,8.125,7.468,Fase 3 (7° e 8° ano),0,,,10.0,9.0,6.0,,,,5.0,,,,,3.0,,False,False,False,False,False,False,False,False,False,False,False,False,False,False
RA-1157,2024,Aluno-1157,3H,3H,Masculino,15.0,2023,Pública,EE Olivia de Faria Nogueira,Cursando,Ametista,7.916082936533334,5.0,7.0,9.082539682666665,9.585,7.51,7.96875,8.466,Fase 4 (9° ano),-1,,,8.0,6.0,7.0,,,,5.0,,,,,4.0,,False,False,False,False,False,False,False,False,False,False,False,False,False,False
RA-258,2024,Aluno-258,3H,3H,Feminino,13.0,2021,Pública,EE João Ortiz Rodrigues,Cursando,Ágata,6.429063888866667,10.0,2.5,6.944444444333333,7.084,7.51,7.34375,6.732,Fase 3 (7° e 8° ano),0,,,,5.0,0.0,,,,5.0,,,,,3.0,,False,False,False,False,False,False,False,False,False,False,False,False,False,False
RA-369,2024,Aluno-369,3H,3H,Masculino,13.0,2022,Pública,EE Leonice de Aquino Oliveira,Cursando,Quartzo,5.667282265,10.0,1.6666666666666667,4.908119658333334,8.751,7.51,6.40625,5.428,Fase 3 (7° e 8° ano),0,,,0.0,0.0,5.0,,,,5.0,,,,,3.0,,False,False,False,False,False,False,False,False,False,False,False,False,False,False
RA-375,2024,Aluno-375,3H,3H,Masculino,13.0,2021,Pública,EE Leonice de Aquino Oliveira,Cursando,Ametista,7.970034615400001,10.0,6.833333333333333,9.443589743666667,9.585,7.51,7.1875,6.432,Fase 3 (7° e 8° ano),0,,,9.0,5.5,6.0,,,,5.0,,,,,3.0,,False,False,False,False,False,False,False,False,False,False,False,False,False,False
RA-1533,2024,Aluno-1533,3I,3I,Feminino,14.0,2024,Pública,EE Joaquim Mendes Feliz,Cursando,Topázio,9.089828985533336,10.0,9.5,9.710144927666667,9.168,8.135,8.5,8.3375,Fase 3 (7° e 8° ano),0,,,10.0,8.5,10.0,,,,4.0,,,,,3.0,,False,False,False,False,False,False,False,False,False,False,False,False,False,False
RA-1534,2024,Aluno-1534,3I,3I,Feminino,13.0,2024,Pública,EE Paschoal Carlos Magno,Cursando,Ametista,7.188366666666667,10.0,1.1666666666666667,9.666666666666666,7.917,8.135,8.0,8.0825,Fase 3 (7° e 8° ano),0,,,2.0,1.5,0.0,,,,4.0,,,,,3.0,,False,False,False,False,False,False,False,False,False,False,False,False,False,False
RA-1160,2024,Aluno-1160,3I,3I,Masculino,14.0,2023,Pública,EE Joaquim Mendes Feliz,Cursando,Ágata,6.274190982333334,5.0,3.1666666666666665,8.201288245,8.751,7.51,6.25,6.2475,Fase 4 (9° ano),-1,,,5.5,2.0,2.0,,,,4.0,,,,,4.0,,False,False,False,False,False,False,False,False,False,False,False,False,False,False
RA-562,2024,Aluno-562,3I,3I,Feminino,13.0,2021,Pública,EE Joaquim Mendes Feliz,Cursando,Topázio,8.392733333333334,10.0,7.833333333333333,9.833333333333334,8.334,8.135,7.625,7.25,Fase 3 (7° e 8° ano),0,,,7.5,7.5,8.5,,,,4.0,,,,,3.0,,False,False,False,False,False,False,False,False,False,False,False,False,False,False
RA-1112,2024,Aluno-1112,3I,3I,Masculino,13.0,2023,Pública,EE Joaquim Mendes Feliz,Cursando,Ágata,6.8560823939999995,10.0,4.0,9.02791197,9.585,8.135,5.375,4.705,Fase 3 (7° e 8° ano),0,,,4.0,4.0,4.0,,,,4.0,,,,,3.0,,False,False,False,False,False,False,False,False,False,False,False,False,True,True
RA-1535,2024,Aluno-1535,3I,3I,Feminino,13.0,2024,Pública,EE Paschoal Carlos Magno,Cursando,Ametista,7.109390969933334,10.0,5.833333333333333,5.103121516333333,8.751,7.51,7.125,7.9175,Fase 3 (7° e 8° ano),0,,,7.5,5.5,4.5,,,,4.0,,,,,3.0,,False,False,False,False,False,False,False,False,False,False,False,False,False,False
RA-1536,2024,Aluno-1536,3I,3I,Feminino,15.0,2024,Pública,EE Paschoal Carlos Magno,Cursando,Ametista,7.653744444466668,5.0,7.0,8.722222222333334,9.168,8.135,7.875,7.4575,Fase 4 (9° ano),-1,,,10.0,3.5,7.5,,,,4.0,,,,,4.0,,False,False,False,False,False,False,False,False,False,False,False,False,False,False
RA-357,2024,Aluno-357,3I,3I,Masculino,14.0,2022,Pública,EE Joaquim Mendes Feliz,Cursando,Ametista,7.731569404200001,5.0,7.666666666666667,9.028180354333333,8.751,8.135,7.875,7.0825,Fase 4 (9° ano),-1,,,8.5,7.0,7.5,,,,4.0,,,,,4.0,,False,False,False,False,False,False,False,False,False,False,False,False,False,False
RA-583,2024,Aluno-583,3I,3I,Feminino,14.0,2021,Pública,EE Joaquim Mendes Feliz,Cursando,Ametista,7.447591035933334,10.0,5.0,8.904455179666668,7.917,8.135,6.875,6.87,Fase 3 (7° e 8° ano),0,,,6.5,4.5,4.0,,,,4.0,,,,,3.0,,False,False,False,False,False,False,False,False,False,False,False,False,False,False
RA-1537,2024,Aluno-1537,3I,3I,Feminino,14.0,2024,Pública,EE Joaquim Mendes Feliz,Cursando,Topázio,8.176263231333333,5.0,8.666666666666666,8.33064949,9.168,8.135,8.125,8.67,Fase 4 (9° ano),-1,,,10.0,6.0,10.0,,,,4.0,,,,,4.0,,False,False,False,False,False,False,False,False,False,False,False,False,False,False
RA-599,2024,Aluno-599,3K,3K,Masculino,12.0,2022,Pública,EE Maria André Schunck Dona,Cursando,Topázio,8.3569352941,10.0,7.666666666666667,8.607843137333333,10.002,9.375,7.083333333,7.28,Fase 2 (5° e 6° ano),1,,,8.0,7.0,8.0,,,,3.0,,,,,2.0,,False,False,False,False,False,False,False,False,False,False,False,False,False,False
RA-651,2024,Aluno-651,3K,3K,Feminino,12.0,2022,Pública,EE Mario Francisco de Amorim,Cursando,Topázio,8.689300000100001,10.0,7.5,10.0,9.168,7.51,8.541666667,8.336666667,Fase 2 (5° e 6° ano),1,,,10.0,6.0,6.5,,,,3.0,,,,,2.0,,False,False,False,False,False,False,False,False,False,False,False,False,False,False
RA-1131,2024,Aluno-1131,3K,3K,Feminino,13.0,2023,Privada - Programa de Apadrinhamento,Colégio Arco Íris Evolução,Cursando,Topázio,8.2889555555,10.0,8.333333333333334,9.277777777666666,8.334,6.255,7.291666667,7.893333333,Fase 3 (7° e 8° ano),0,,,8.0,7.0,10.0,,,,3.0,,,,,3.0,,False,False,False,False,False,False,False,False,False,False,False,False,False,False
RA-403,2024,Aluno-403,3K,3K,Masculino,14.0,2021,Pública,EE Maria André Schunck Dona,Cursando,Topázio,8.008488888833334,10.0,7.666666666666667,7.361111111,8.751,7.51,8.541666667,7.613333333,Fase 3 (7° e 8° ano),0,,,6.0,8.0,9.0,,,,3.0,,,,,3.0,,False,False,False,False,False,False,False,False,False,False,False,False,False,False
RA-1538,2024,Aluno-1538,3K,3K,Masculino,13.0,2021,Pública,EE Maria André Schunck Dona,Cursando,Ametista,7.9631703704333345,10.0,7.166666666666667,7.935185184999999,9.168,8.13,7.916666667,7.106666667,Fase 2 (5° e 6° ano),1,,,7.5,6.0,8.0,,,,3.0,,,,,2.0,,False,False,False,False,False,False,False,False,False,False,False,False,False,False
RA-469,2024,Aluno-469,3K,3K,Feminino,13.0,2022,Pública,EE Maria André Schunck Dona,Cursando,Ametista,7.684639869300001,10.0,5.0,9.498366013,9.168,7.51,7.291666667,6.94,Fase 3 (7° e 8° ano),0,,,6.0,4.0,5.0,,,,3.0,,,,,3.0,,False,False,False,False,False,False,False,False,False,False,False,False,False,False
RA-1121,2024,Aluno-1121,3K,3K,Masculino,12.0,2023,Pública,EE Maria André Schunck Dona,Cursando,Topázio,8.407166666633334,10.0,6.666666666666667,10.0,9.585,7.51,7.083333333,8.28,Fase 3 (7° e 8° ano),0,,,9.0,5.0,6.0,,,,3.0,,,,,3.0,,False,False,False,False,False,False,False,False,False,False,False,False,False,False
RA-1122,2024,Aluno-1122,3K,3K,Masculino,12.0,2023,Pública,EE Maria André Schunck Dona,Cursando,Ametista,7.817322222166666,10.0,5.333333333333333,9.861111111,8.751,7.51,7.083333333,7.22,Fase 2 (5° e 6° ano),1,,,5.0,4.5,6.5,,,,3.0,,,,,2.0,,False,False,False,False,False,False,False,False,False,False,False,False,False,False
RA-422,2024,Aluno-422,3K,3K,Masculino,14.0,2022,Pública,EE Maria André Schunck Dona,Cursando,Quartzo,5.544981481433334,5.0,2.8333333333333335,6.157407407333333,7.5,7.51,6.458333333,5.5,Fase 4 (9° ano),-1,,,3.0,4.5,1.0,,,,3.0,,,,,4.0,,False,False,False,False,False,False,False,False,False,False,False,False,False,False
RA-1117,2024,Aluno-1117,3K,3K,Feminino,12.0,2023,Pública,EE Maria André Schunck Dona,Cursando,Ametista,7.601562962866668,10.0,5.666666666666667,8.314814814666667,8.751,7.51,8.125,6.833333333,Fase 2 (5° e 6° ano),1,,,5.0,5.0,7.0,,,,3.0,,,,,2.0,,False,False,False,False,False,False,False,False,False,False,False,False,False,False
RA-1539,2024,Aluno-1539,3K,3K,Feminino,13.0,2024,Pública,EE Maria André Schunck Dona,Cursando,Ametista,7.709588888900001,10.0,6.833333333333333,9.027777777666666,6.667,6.885,7.708333333,7.056666667,Fase 3 (7° e 8° ano),0,,,6.0,7.0,7.5,,,,3.0,,,,,3.0,,False,False,False,False,False,False,False,False,False,False,False,False,False,False
RA-618,2024,Aluno-618,3K,3K,Masculino,15.0,2021,Pública,EE Donizetti Aparecido Leite Professor,Cursando,Ágata,6.718348148233334,5.0,4.166666666666667,8.324074074,10.002,6.88,6.666666667,6.826666667,Fase 5 (1° EM),-2,,,5.0,4.5,3.0,,,,3.0,,,,,5.0,,False,False,False,False,False,False,False,False,False,False,False,False,False,False
RA-669,2024,Aluno-669,3K,3K,Masculino,12.0,2022,Pública,EE Maria André Schunck Dona,Cursando,Ágata,6.6438703703,10.0,5.333333333333333,4.851851851666666,7.5,7.51,7.291666667,6.883333333,Fase 3 (7° e 8° ano),0,,,5.0,6.0,5.0,,,,3.0,,,,,3.0,,False,False,False,False,False,False,False,False,False,False,False,False,False,False
RA-408,2024,Aluno-408,3K,3K,Feminino,14.0,2022,Pública,EE Maria André Schunck Dona,Cursando,Ágata,6.5276296297,10.0,4.833333333333333,4.981481481666667,7.5,7.51,7.083333333,6.776666667,Fase 3 (7° e 8° ano),0,,,3.0,5.5,6.0,,,,3.0,,,,,3.0,,False,False,False,False,False,False,False,False,False,False,False,False,False,False
RA-610,2024,Aluno-610,3K,3K,Feminino,11.0,2022,Pública,EE Maria André Schunck Dona,Cursando,Ametista,7.894888888933334,10.0,6.333333333333333,9.694444444333334,9.585,3.76,6.875,8.336666667,Fase 2 (5° e 6° ano),1,,,8.0,5.0,6.0,,,,3.0,,,,,2.0,,False,False,False,False,False,False,False,False,False,False,False,True,False,False
RA-409,2024,Aluno-409,3K,3K,Feminino,13.0,2022,Pública,EE Maria André Schunck Dona,Cursando,Topázio,8.225462962900002,10.0,7.166666666666667,9.231481481333333,9.585,7.51,7.916666667,7.223333333,Fase 3 (7° e 8° ano),0,,,7.0,7.5,7.0,,,,3.0,,,,,3.0,,False,False,False,False,False,False,False,False,False,False,False,False,False,False
RA-464,2024,Aluno-464,3L,3L,Feminino,15.0,2022,Pública,EE Maria André Schunck Dona,Cursando,Ágata,6.872009064333334,5.0,4.333333333333333,7.851461988333334,9.168,8.76,7.1875,7.1175,Fase 4 (9° ano),-1,,,3.0,3.5,6.5,,,,4.0,,,,,4.0,,False,False,False,False,False,False,False,False,False,False,False,False,False,False
RA-1165,2024,Aluno-1165,3L,3L,Feminino,13.0,2023,Pública,EM Alfredo Schunk,Cursando,Ametista,7.908044272466667,10.0,8.0,6.829721362333333,8.751,8.135,6.875,7.83,Fase 3 (7° e 8° ano),0,,,9.0,7.5,7.5,,,,4.0,,,,,3.0,,False,False,False,False,False,False,False,False,False,False,False,False,False,False
RA-466,2024,Aluno-466,3L,3L,Masculino,15.0,2022,Pública,EE Maria André Schunck Dona,Cursando,Ágata,6.778749122800001,5.0,4.0,7.223245614,8.751,8.76,7.5,7.665,Fase 4 (9° ano),-1,,,3.0,6.5,2.5,,,,4.0,,,,,4.0,,False,False,False,False,False,False,False,False,False,False,False,False,False,False
RA-414,2024,Aluno-414,3L,3L,Feminino,14.0,2021,Pública,EE Maria André Schunck Dona,Cursando,Ametista,7.187625925933334,10.0,6.0,8.429629629666666,7.917,7.51,6.25,5.67,Fase 3 (7° e 8° ano),0,,,9.0,3.0,6.0,,,,4.0,,,,,3.0,,False,False,False,False,False,False,False,False,False,False,False,False,False,False
RA-401,2024,Aluno-401,3L,3L,Feminino,14.0,2021,Pública,EE Maria André Schunck Dona,Cursando,Ágata,6.728911403533334,10.0,4.833333333333333,6.839473684333334,6.666,6.885,6.5625,6.915,Fase 3 (7° e 8° ano),0,,,7.0,5.0,2.5,,,,4.0,,,,,3.0,,False,False,False,False,False,False,False,False,False,False,False,False,False,False
RA-1141,2024,Aluno-1141,3L,3L,Feminino,13.0,2023,Pública,EE Maria André Schunck Dona,Cursando,Ágata,6.793890866866667,10.0,4.166666666666667,6.191537667666666,9.585,7.51,6.5625,6.7825,Fase 3 (7° e 8° ano),0,,,5.0,4.5,3.0,,,,4.0,,,,,3.0,,False,False,False,False,False,False,False,False,False,False,False,False,False,False
RA-592,2024,Aluno-592,3L,3L,Feminino,12.0,2021,Privada,Escola João Paulo II,Cursando,Ametista,7.121622213600001,10.0,7.833333333333333,6.108152734666667,7.917,2.51,7.65625,7.625,Fase 2 (5° e 6° ano),1,,,7.0,8.0,8.5,,,,4.0,,,,,2.0,,False,False,False,False,False,False,False,False,False,False,False,True,False,False
RA-474,2024,Aluno-474,3L,3L,Masculino,15.0,2021,Pública,EE Maria André Schunck Dona,Cursando,Ágata,6.024753703733333,5.0,3.0,5.818518518666667,9.168,7.51,7.1875,6.8725,Fase 4 (9° ano),-1,,,4.0,3.0,2.0,,,,4.0,,,,,4.0,,False,False,False,False,False,False,False,False,False,False,False,False,False,False
RA-602,2024,Aluno-602,3L,3L,Masculino,13.0,2021,Pública,EE Maria André Schunck Dona,Cursando,Topázio,8.647409313733334,10.0,7.333333333333333,9.670588235333334,9.585,7.51,8.28125,8.545,Fase 3 (7° e 8° ano),0,,,9.0,5.0,8.0,,,,4.0,,,,,3.0,,False,False,False,False,False,False,False,False,False,False,False,False,False,False
RA-666,2024,Aluno-666,3L,3L,Masculino,12.0,2022,Pública,EE Maria André Schunck Dona,Cursando,Topázio,8.185838802933334,10.0,7.166666666666667,7.881527348,10.002,7.51,7.5,8.375,Fase 3 (7° e 8° ano),0,,,10.0,5.5,6.0,,,,4.0,,,,,3.0,,False,False,False,False,False,False,False,False,False,False,False,False,False,False
RA-604,2024,Aluno-604,3L,3L,Feminino,12.0,2021,Pública,EE Maria André Schunck Dona,Cursando,Ametista,7.429623555266667,10.0,7.0,7.5029927763333335,8.334,8.13,6.40625,6.21,Fase 2 (5° e 6° ano),1,,,8.0,5.5,7.5,,,,4.0,,,,,2.0,,False,False,False,False,False,False,False,False,False,False,False,False,False,False
RA-476,2024,Aluno-476,3L,3L,Feminino,14.0,2021,Pública,EE Maria André Schunck Dona,Cursando,Ágata,6.7359982456,10.0,4.5,6.5964912280000005,7.917,7.51,6.25,6.745,Fase 3 (7° e 8° ano),0,,,7.0,4.0,2.5,,,,4.0,,,,,3.0,,False,False,False,False,False,False,False,False,False,False,False,False,False,False
RA-423,2024,Aluno-423,3L,3L,Feminino,14.0,2022,Pública,EE Maria André Schunck Dona,Cursando,Ágata,6.616193704866666,10.0,4.333333333333333,6.501135191,5.833,8.13,6.875,6.8275,Fase 3 (7° e 8° ano),0,,,6.0,3.5,3.5,,,,4.0,,,,,3.0,,False,False,False,False,False,False,False,False,False,False,False,False,False,False
RA-631,2024,Aluno-631,3L,3L,Masculino,14.0,2022,Pública,EE Maria André Schunck Dona,Cursando,Ágata,6.795673420466667,10.0,4.166666666666667,7.2122004356666665,8.334,8.75,5.625,6.245,Fase 3 (7° e 8° ano),0,,,7.0,3.5,2.0,,,,4.0,,,,,3.0,,False,False,False,False,False,False,False,False,False,False,False,False,True,False
RA-658,2024,Aluno-658,3M,3M,Feminino,12.0,2022,Pública,EM Cecilia Cristina de Oliveira Rodrigues,Cursando,Ametista,7.507033333333333,10.0,3.6666666666666665,10.0,8.751,8.135,7.375,6.738,Fase 2 (5° e 6° ano),1,,,5.5,2.5,3.0,,,,5.0,,,,,2.0,,False,False,False,False,False,False,False,False,False,False,False,False,False,False
RA-1540,2024,Aluno-1540,3M,3M,Feminino,14.0,2024,Pública,EE Donizetti Aparecido Leite Professor,Cursando,Quartzo,5.696233333333334,5.0,2.6666666666666665,5.0,8.334,7.51,7.125,6.83,Fase 4 (9° ano),-1,,,2.0,2.0,4.0,,,,5.0,,,,,4.0,,False,False,False,False,False,False,False,False,False,False,False,False,False,False
RA-1541,2024,Aluno-1541,3M,3M,Masculino,13.0,2024,Pública,EM Alfredo Schunk,Cursando,Topázio,8.337,10.0,8.166666666666666,8.633333333333333,9.168,6.88,8.25,7.736,Fase 3 (7° e 8° ano),0,,,9.0,7.0,8.5,,,,5.0,,,,,3.0,,False,False,False,False,False,False,False,False,False,False,False,False,False,False
RA-1114,2024,Aluno-1114,3M,3M,Feminino,12.0,2023,Pública,EM Cecilia Cristina de Oliveira Rodrigues,Cursando,Ametista,7.437466666666667,10.0,5.0,9.533333333333333,8.751,2.51,8.375,7.836,Fase 3 (7° e 8° ano),0,,,5.0,3.0,7.0,,,,5.0,,,,,3.0,,False,False,False,False,False,False,False,False,False,False,False,True,False,False
RA-662,2024,Aluno-662,3M,3M,Feminino,13.0,2022,Pública,EM Cecilia Cristina de Oliveira Rodrigues,Cursando,Ametista,7.1074778554666675,10.0,4.166666666666667,7.6107226106666666,7.917,7.51,7.625,7.234,Fase 3 (7° e 8° ano),0,,,4.5,5.0,3.0,,,,5.0,,,,,3.0,,False,False,False,False,False,False,False,False,False,False,False,False,False,False
RA-760,2024,Aluno-760,3M,3M,Masculino,13.0,2021,Pública,EM Cecilia Cristina de Oliveira Rodrigues,Cursando,Ágata,6.942581818200001,10.0,5.0,7.090909091,9.168,7.51,6.25,6.158,Fase 3 (7° e 8° ano),0,,,2.5,3.5,9.0,,,,5.0,,,,,3.0,,False,False,False,False,False,False,False,False,False,False,False,False,False,False
RA-1542,2024,Aluno-1542,3M,3M,Feminino,16.0,2024,Pública,EE Donizetti Aparecido Leite Professor,Cursando,Ágata,6.0886079922,5.0,3.1666666666666665,6.304873294333333,7.501,8.135,7.375,6.966,Fase 5 (1° EM),-2,,,1.0,3.5,5.0,,,,5.0,,,,,5.0,,False,False,False,False,False,False,False,False,False,False,False,False,False,False
RA-404,2024,Aluno-404,3M,3M,Feminino,14.0,2021,Pública,EM Cecilia Cristina de Oliveira Rodrigues,Cursando,Ágata,6.624588235266668,10.0,5.666666666666667,6.286274509666666,8.334,2.51,7.5,6.998,Fase 3 (7° e 8° ano),0,,,6.0,5.0,6.0,,,,5.0,,,,,3.0,,False,False,False,False,False,False,False,False,False,False,False,True,False,False
RA-1119,2024,Aluno-1119,3M,3M,Feminino,14.0,2023,Pública,EM Cecilia Cristina de Oliveira Rodrigues,Cursando,Ametista,7.388266666666667,5.0,5.666666666666667,8.716666666666667,9.585,7.51,7.625,7.698,Fase 4 (9° ano),-1,,,6.0,3.5,7.5,,,,5.0,,,,,4.0,,False,False,False,False,False,False,False,False,False,False,False,False,False,False
RA-1116,2024,Aluno-1116,3M,3M,Masculino,15.0,2023,Pública,EM Cecilia Cristina de Oliveira Rodrigues,Cursando,Quartzo,3.7894777778,5.0,2.3333333333333335,3.3555555556666667,0.0,6.26,5.125,5.066,Fase 4 (9° ano),-1,,,1.0,3.0,3.0,,,,5.0,,,,,4.0,,True,False,False,False,False,False,True,False,False,False,True,False,True,False
RA-667,2024,Aluno-667,3M,3M,Masculino,13.0,2021,Pública,EM Cecilia Cristina de Oliveira Rodrigues,Cursando,Ametista,7.177130604266668,10.0,4.666666666666667,7.038986354666666,9.168,7.51,7.75,6.966,Fase 3 (7° e 8° ano),0,,,5.5,4.5,4.0,,,,5.0,,,,,3.0,,False,False,False,False,False,False,False,False,False,False,False,False,False,False
RA-605,2024,Aluno-605,3M,3M,Feminino,13.0,2021,Pública,EM Cecilia Cristina de Oliveira Rodrigues,Cursando,Ágata,6.0175222222,10.0,2.6666666666666665,6.194444444333333,7.5,6.885,7.0,5.534,Fase 3 (7° e 8° ano),0,,,1.5,3.5,3.0,,,,5.0,,,,,3.0,,False,False,False,False,False,False,False,False,False,False,False,False,False,False
RA-1543,2024,Aluno-1543,3M,3M,Masculino,14.0,2024,Pública,EE Donizetti Aparecido Leite Professor,Cursando,Ágata,6.754584615400001,5.0,5.0,8.076923077,7.5,7.51,7.25,7.066,Fase 4 (9° ano),-1,,,6.0,4.0,,,,,5.0,,,,,4.0,,False,False,False,False,False,False,False,False,False,False,False,False,False,False
RA-1118,2024,Aluno-1118,3M,3M,Feminino,14.0,2023,Pública,EM Alfredo Schunk,Cursando,Ametista,7.0305545924,10.0,3.8333333333333335,7.846439628666666,7.084,9.38,6.75,6.866,Fase 3 (7° e 8° ano),0,,,3.0,4.5,4.0,,,,5.0,,,,,3.0,,False,False,False,False,False,False,False,False,False,False,False,False,False,False
RA-1544,2024,Aluno-1544,3M,3M,Feminino,14.0,2024,Pública,EM Cecilia Cristina de Oliveira Rodrigues,Cursando,Ágata,6.905568627466667,5.0,5.833333333333333,8.674509804,8.334,6.885,6.625,6.598,Fase 4 (9° ano),-1,,,5.5,5.5,6.5,,,,5.0,,,,,4.0,,False,False,False,False,False,False,False,False,False,False,False,False,False,False
RA-1545,2024,Aluno-1545,3N,3N,Feminino,12.0,2024,Pública,EE Paschoal Carlos Magno,Cursando,Ametista,7.296598575533334,10.0,8.166666666666666,6.210826211,7.501,8.13,6.25,6.165,Fase 3 (7° e 8° ano),0,,,8.0,6.5,10.0,,,,2.0,,,,,3.0,,False,False,False,False,False,False,False,False,False,False,False,False,False,False
RA-1127,2024,Aluno-1127,3N,3N,Feminino,12.0,2023,Pública,EE Donizetti Aparecido Leite Professor,Cursando,Topázio,8.180966666666668,10.0,5.833333333333333,10.0,9.168,7.51,8.125,7.67,Fase 3 (7° e 8° ano),0,,,8.5,4.5,4.5,,,,2.0,,,,,3.0,,False,False,False,False,False,False,False,False,False,False,False,False,False,False
RA-1129,2024,Aluno-1129,3N,3N,Masculino,12.0,2023,Pública,EE Donizetti Aparecido Leite Professor,Cursando,Ametista,7.360417647066668,10.0,6.833333333333333,7.137254902,9.168,8.13,6.875,5.745,Fase 3 (7° e 8° ano),0,,,9.0,5.5,6.0,,,,2.0,,,,,3.0,,False,False,False,False,False,False,False,False,False,False,False,False,False,False
RA-1546,2024,Aluno-1546,3N,3N,Masculino,14.0,2024,Pública,EE Paschoal Carlos Magno,Cursando,Ágata,6.900662108266667,10.0,4.666666666666667,6.374643874666667,8.334,8.75,7.5,6.17,Fase 3 (7° e 8° ano),0,,,5.0,3.0,6.0,,,,2.0,,,,,3.0,,False,False,False,False,False,False,False,False,False,False,False,False,False,False
RA-1130,2024,Aluno-1130,3N,3N,Masculino,12.0,2023,Pública,EE Donizetti Aparecido Leite Professor,Cursando,Ágata,6.563952941199999,10.0,4.333333333333333,6.278431372666667,8.751,8.13,6.875,5.33,Fase 3 (7° e 8° ano),0,,,7.5,3.5,2.0,,,,2.0,,,,,3.0,,False,False,False,False,False,False,False,False,False,False,False,False,False,False
RA-1168,2024,Aluno-1168,3N,3N,Feminino,14.0,2023,Pública,EE Paschoal Carlos Magno,Cursando,Ágata,6.864053921600001,5.0,5.666666666666667,7.682352941333334,9.585,7.51,7.1875,6.33,Fase 4 (9° ano),-1,,,8.5,3.5,5.0,,,,2.0,,,,,4.0,,False,False,False,False,False,False,False,False,False,False,False,False,False,False
RA-613,2024,Aluno-613,3N,3N,Masculino,15.0,2021,Pública,EE Donizetti Aparecido Leite Professor,Cursando,Ametista,7.4019,5.0,7.333333333333333,9.566666666666666,8.334,7.51,6.875,6.25,Fase 4 (9° ano),-1,,,8.0,6.0,8.0,,,,2.0,,,,,4.0,,False,False,False,False,False,False,False,False,False,False,False,False,False,False
RA-433,2024,Aluno-433,3N,3N,Masculino,14.0,2022,Pública,EE Donizetti Aparecido Leite Professor,Cursando,Ametista,7.218157142866668,10.0,4.833333333333333,8.380952381,7.918,8.13,6.875,6.415,Fase 3 (7° e 8° ano),0,,,6.5,4.0,4.0,,,,2.0,,,,,3.0,,False,False,False,False,False,False,False,False,False,False,False,False,False,False
RA-1547,2024,Aluno-1547,3N,3N,Feminino,14.0,2024,Pública,EE Donizetti Aparecido Leite Professor,Cursando,Ágata,6.748480626800001,5.0,6.666666666666667,6.467236467333334,7.917,8.13,7.5,6.335,Fase 4 (9° ano),-1,,,9.5,6.0,4.5,,,,2.0,,,,,4.0,,False,False,False,False,False,False,False,False,False,False,False,False,False,False
RA-1548,2024,Aluno-1548,3N,3N,Feminino,13.0,2024,Pública,Estuda em outra cidade,Cursando,Ágata,6.482499715066667,10.0,4.833333333333333,5.2421652420000004,8.334,7.51,7.5,5.665,Fase 3 (7° e 8° ano),0,,,9.0,4.5,1.0,,,,2.0,,,,,3.0,,False,False,False,False,False,False,False,False,False,False,False,False,False,False
RA-304,2024,Aluno-304,3N,3N,Masculino,16.0,2021,Pública,EE Maria André Schunck Dona,Cursando,Ágata,6.852411484600001,2.5,7.166666666666667,7.826890756333333,10.002,7.51,6.875,5.825,Fase 6 (2° EM),-3,,,9.0,5.5,7.0,,,,2.0,,,,,6.0,,False,False,False,False,False,False,False,False,False,False,False,False,False,False
RA-1549,2024,Aluno-1549,3N,3N,Masculino,15.0,2024,Pública,EE Maria André Schunck Dona,Cursando,Ágata,6.514862200466668,5.0,4.166666666666667,7.441394335666668,9.585,7.51,7.1875,6.325,Fase 5 (1° EM),-2,,,5.5,3.0,4.0,,,,2.0,,,,,5.0,,False,False,False,False,False,False,False,False,False,False,False,False,False,False
RA-632,2024,Aluno-632,3P,3P,Feminino,12.0,2022,Pública,EE Maria André Schunck Dona,Cursando,Ametista,7.515491249000001,10.0,4.166666666666667,8.999164578333334,7.917,6.875,8.28125,7.875,Fase 3 (7° e 8° ano),0,,,0.0,6.0,6.5,,,,4.0,,,,,3.0,,False,False,False,False,False,False,False,False,False,False,False,False,False,False
RA-633,2024,Aluno-633,3P,3P,Feminino,13.0,2021,Pública,EE Maria André Schunck Dona,Cursando,Quartzo,5.228470175466667,10.0,3.3333333333333335,4.707017544,4.584,2.51,6.875,6.1175,Fase 3 (7° e 8° ano),0,,,4.0,6.0,0.0,,,,4.0,,,,,3.0,,False,False,False,False,False,False,False,False,False,False,True,True,False,False
RA-1137,2024,Aluno-1137,3P,3P,Feminino,11.0,2023,Pública,EE Maria André Schunck Dona,Cursando,Ametista,7.1837526524666675,10.0,3.5,7.588638262333333,8.334,8.13,8.28125,7.4575,Fase 2 (5° e 6° ano),1,,,1.0,4.5,5.0,,,,4.0,,,,,2.0,,False,False,False,False,False,False,False,False,False,False,False,False,False,False
RA-646,2024,Aluno-646,3P,3P,Masculino,14.0,2021,Pública,EE Donizetti Aparecido Leite Professor,Cursando,Ametista,7.715491666666668,5.0,6.166666666666667,9.266666666666667,10.002,7.51,8.28125,7.7475,Fase 4 (9° ano),-1,,,9.0,4.5,5.0,,,,4.0,,,,,4.0,,False,False,False,False,False,False,False,False,False,False,False,False,False,False
RA-1550,2024,Aluno-1550,3P,3P,Masculino,15.0,2024,Pública,EE Maria André Schunck Dona,Cursando,Ágata,6.064236111066667,5.0,4.333333333333333,5.222222222,9.585,7.51,7.03125,6.2025,Fase 4 (9° ano),-1,,,5.0,3.0,5.0,,,,4.0,,,,,4.0,,False,False,False,False,False,False,False,False,False,False,False,False,False,False
RA-1139,2024,Aluno-1139,3P,3P,Masculino,12.0,2023,Pública,EE Maria André Schunck Dona,Cursando,Ágata,6.906276357600001,10.0,4.666666666666667,6.152715121333333,8.334,7.51,7.5,7.04,Fase 2 (5° e 6° ano),1,,,5.0,3.0,6.0,,,,4.0,,,,,2.0,,False,False,False,False,False,False,False,False,False,False,False,False,False,False
RA-444,2024,Aluno-444,3P,3P,Masculino,14.0,2021,Pública,EE Maria André Schunck Dona,Cursando,Quartzo,5.410188638266668,5.0,3.6666666666666665,6.377276524666667,8.334,2.51,6.25,5.96,Fase 4 (9° ano),-1,,,2.0,5.0,4.0,,,,4.0,,,,,4.0,,False,False,False,False,False,False,False,False,False,False,False,True,False,False
RA-445,2024,Aluno-445,3P,3P,Masculino,14.0,2022,Pública,EE Maria André Schunck Dona,Cursando,Ametista,7.3416246032,10.0,4.0,8.715873016,7.917,7.51,7.8125,7.3725,Fase 3 (7° e 8° ano),0,,,3.0,6.0,3.0,,,,4.0,,,,,3.0,,False,False,False,False,False,False,False,False,False,False,False,False,False,False
RA-639,2024,Aluno-639,3P,3P,Feminino,12.0,2021,Pública,EE Maria André Schunck Dona,Cursando,Quartzo,5.7693807644,10.0,3.8333333333333335,5.278195488666667,7.917,2.51,6.71875,6.1625,Fase 3 (7° e 8° ano),0,,,1.0,4.5,6.0,,,,4.0,,,,,3.0,,False,False,False,False,False,False,False,False,False,False,False,True,False,False
RA-1142,2024,Aluno-1142,3P,3P,Feminino,12.0,2023,Pública,EM Cecilia Cristina de Oliveira Rodrigues,Cursando,Topázio,8.390566666666668,10.0,8.5,9.133333333333333,8.334,7.51,8.125,7.335,Fase 3 (7° e 8° ano),0,,,10.0,8.0,7.5,,,,4.0,,,,,3.0,,False,False,False,False,False,False,False,False,False,False,False,False,False,False
RA-1551,2024,Aluno-1551,3P,3P,Masculino,15.0,2024,Pública,EE Donizetti Aparecido Leite Professor,Cursando,Quartzo,5.9717087542,5.0,3.5,4.7710437709999995,9.585,7.51,7.5,6.79,Fase 5 (1° EM),-2,,,1.0,5.5,4.0,,,,4.0,,,,,5.0,,False,False,False,False,False,False,False,False,False,False,False,False,False,False
RA-458,2024,Aluno-458,3P,3P,Masculino,15.0,2021,Pública,EE Maria André Schunck Dona,Cursando,Quartzo,5.680161507933333,5.0,4.0,3.7396825396666666,8.751,6.88,7.03125,6.83,Fase 4 (9° ano),-1,,,3.0,4.0,5.0,,,,4.0,,,,,4.0,,False,False,False,False,False,False,False,False,False,False,False,False,False,False
RA-1552,2024,Aluno-1552,3P,3P,Masculino,13.0,2024,Pública,EM Cecilia Cristina de Oliveira Rodrigues,Cursando,Ametista,7.443301282066667,10.0,3.1666666666666665,9.743589743666666,9.585,7.51,7.1875,7.165,Fase 3 (7° e 8° ano),0,,,1.0,4.5,4.0,,,,4.0,,,,,3.0,,False,False,False,False,False,False,False,False,False,False,False,False,False,False
RA-1170,2024,Aluno-1170,3P,3P,Masculino,15.0,2023,Pública,EE Donizetti Aparecido Leite Professor,Cursando,Ágata,6.095440873,5.0,3.5,5.565079365,9.168,8.13,7.03125,6.7475,Fase 5 (1° EM),-2,,,1.0,2.5,7.0,,,,4.0,,,,,5.0,,False,False,False,False,False,False,False,False,False,False,False,False,False,False
RA-642,2024,Aluno-642,3P,3P,Feminino,12.0,2021,Pública,EE Maria André Schunck Dona,Cursando,Ametista,7.082591269866667,10.0,4.0,9.149206349333333,9.585,3.76,7.1875,6.9975,Fase 3 (7° e 8° ano),0,,,2.0,5.0,5.0,,,,4.0,,,,,3.0,,False,False,False,False,False,False,False,False,False,False,False,True,False,False
RA-1553,2024,Aluno-1553,3R,3R,Masculino,13.0,2024,Pública,EE Donizetti Aparecido Leite Professor,Cursando,Ametista,7.641184313700001,10.0,4.333333333333333,9.003921568666668,8.334,7.51,8.333333333,7.78,Fase 3 (7° e 8° ano),0,,,6.0,5.0,2.0,,,,3.0,,,,,3.0,,False,False,False,False,False,False,False,False,False,False,False,False,False,False
RA-1554,2024,Aluno-1554,3R,3R,Masculino,15.0,2024,Pública,EE Maria André Schunck Dona,Cursando,Ágata,6.941692592633334,5.0,4.0,9.629629629666667,6.666,8.76,7.291666667,7.22,Fase 5 (1° EM),-2,,,3.0,,5.0,,,,3.0,,,,,5.0,,False,False,False,False,False,False,False,False,False,False,False,False,False,False
RA-649,2024,Aluno-649,3R,3R,Feminino,14.0,2021,Pública,EE Paschoal Carlos Magno,Cursando,Ágata,6.985329691766667,10.0,3.6666666666666665,6.004481792666667,8.751,8.76,8.333333333,7.333333333,Fase 3 (7° e 8° ano),0,,,5.5,4.0,1.5,,,,3.0,,,,,3.0,,False,False,False,False,False,False,False,False,False,False,False,False,False,False
RA-1136,2024,Aluno-1136,3R,3R,Feminino,14.0,2023,Pública,EE Donizetti Aparecido Leite Professor,Cursando,Quartzo,5.458179831866667,5.0,1.6666666666666667,4.547899159666667,8.751,8.135,7.5,6.383333333,Fase 4 (9° ano),-1,,,1.0,2.0,2.0,,,,3.0,,,,,4.0,,False,False,False,False,False,False,False,False,False,False,False,False,False,False
RA-653,2024,Aluno-653,3R,3R,Feminino,13.0,2022,Pública,EE Donizetti Aparecido Leite Professor,Cursando,Topázio,8.103217647033333,10.0,5.166666666666667,9.537254901999999,8.751,8.76,8.333333333,7.89,Fase 3 (7° e 8° ano),0,,,6.5,4.5,4.5,,,,3.0,,,,,3.0,,False,False,False,False,False,False,False,False,False,False,False,False,False,False
RA-456,2024,Aluno-456,3R,3R,Feminino,13.0,2022,Pública,EE Donizetti Aparecido Leite Professor,Cursando,Topázio,8.331124561366668,10.0,6.5,9.382456140333334,7.083,7.51,9.166666667,8.893333333,Fase 3 (7° e 8° ano),0,,,9.0,6.0,4.5,,,,3.0,,,,,3.0,,False,False,False,False,False,False,False,False,False,False,False,False,False,False
RA-655,2024,Aluno-655,3R,3R,Feminino,14.0,2021,Pública,EE Donizetti Aparecido Leite Professor,Cursando,Topázio,8.238600000066668,10.0,6.833333333333333,10.0,7.501,8.76,8.125,7.166666667,Fase 3 (7° e 8° ano),0,,,8.0,4.0,8.5,,,,3.0,,,,,3.0,,False,False,False,False,False,False,False,False,False,False,False,False,False,False
RA-656,2024,Aluno-656,3R,3R,Feminino,13.0,2021,Pública,EE Donizetti Aparecido Leite Professor,Cursando,Ágata,6.668152941266667,10.0,4.166666666666667,5.978431372666667,9.168,7.51,7.5,6.106666667,Fase 3 (7° e 8° ano),0,,,5.0,3.5,4.0,,,,3.0,,,,,3.0,,False,False,False,False,False,False,False,False,False,False,False,False,False,False
RA-657,2024,Aluno-657,3R,3R,Feminino,13.0,2021,Pública,EE Donizetti Aparecido Leite Professor,Cursando,Topázio,8.207433333400001,10.0,7.5,9.6,8.751,6.885,8.125,7.056666667,Fase 3 (7° e 8° ano),0,,,8.0,4.5,10.0,,,,3.0,,,,,3.0,,False,False,False,False,False,False,False,False,False,False,False,False,False,False
RA-1555,2024,Aluno-1555,3R,3R,Masculino,13.0,2024,Pública,EE Donizetti Aparecido Leite Professor,Cursando,Ametista,7.4827333334,10.0,3.0,10.0,8.334,6.255,8.125,8.056666667,Fase 3 (7° e 8° ano),0,,,9.0,0.0,0.0,,,,3.0,,,,,3.0,,False,False,False,False,False,False,False,False,False,False,False,False,False,False
RA-461,2024,Aluno-461,3R,3R,Feminino,13.0,2021,Pública,EE Donizetti Aparecido Leite Professor,Cursando,Ametista,7.5447559291,10.0,4.5,9.182446312,8.751,7.51,7.708333333,7.056666667,Fase 3 (7° e 8° ano),0,,,3.0,4.5,6.0,,,,3.0,,,,,3.0,,False,False,False,False,False,False,False,False,False,False,False,False,False,False
RA-398,2024,Aluno-398,3U,3U,Feminino,12.0,2022,Pública,EE Donizetti Aparecido Leite Professor,Cursando,Ametista,7.2457999999666685,10.0,8.0,5.733333333333333,7.083,7.51,7.291666667,6.553333333,Fase 3 (7° e 8° ano),0,,,8.5,7.5,8.0,,,,3.0,,,,,3.0,,False,False,False,False,False,False,False,False,False,False,False,False,False,False
RA-586,2024,Aluno-586,3U,3U,Feminino,11.0,2021,Privada - Programa de Apadrinhamento,Colégio Arco Íris Evolução,Cursando,Topázio,8.702387301666668,10.0,8.5,9.241269841333333,9.168,7.51,8.75,8.056666667,Fase 2 (5° e 6° ano),1,,,7.5,8.0,10.0,,,,3.0,,,,,2.0,,False,False,False,False,False,False,False,False,False,False,False,False,False,False
RA-623,2024,Aluno-623,3U,3U,Masculino,15.0,2022,Pública,EE Donizetti Aparecido Leite Professor,Cursando,Ágata,6.357733333300001,5.0,4.0,7.3999999999999995,8.334,6.885,6.458333333,7.05,Fase 4 (9° ano),-1,,,3.5,2.5,6.0,,,,3.0,,,,,4.0,,False,False,False,False,False,False,False,False,False,False,False,False,False,False
RA-588,2024,Aluno-588,3U,3U,Feminino,11.0,2021,Privada - Programa de Apadrinhamento,Colégio Arco Íris Evolução,Cursando,Topázio,8.676133333333334,10.0,7.833333333333333,9.833333333333334,9.168,7.51,8.75,8.0,Fase 2 (5° e 6° ano),1,,,8.5,8.0,7.0,,,,3.0,,,,,2.0,,False,False,False,False,False,False,False,False,False,False,False,False,False,False
RA-626,2024,Aluno-626,3U,3U,Masculino,13.0,2021,Pública,EE Donizetti Aparecido Leite Professor,Cursando,Ágata,6.407590225500001,10.0,5.333333333333333,3.380451127666667,9.585,6.885,7.291666667,6.443333333,Fase 3 (7° e 8° ano),0,,,5.5,3.5,7.0,,,,3.0,,,,,3.0,,False,False,False,False,False,False,False,False,False,False,False,False,False,False
RA-1556,2024,Aluno-1556,3U,3U,Masculino,14.0,2024,Pública,EE Donizetti Aparecido Leite Professor,Cursando,Ágata,6.666811111166668,10.0,4.0,5.222222222333333,7.917,7.51,7.916666667,7.44,Fase 3 (7° e 8° ano),0,,,3.5,,4.5,,,,3.0,,,,,3.0,,False,False,False,False,False,False,False,False,False,False,False,False,False,False
RA-455,2024,Aluno-455,3U,3U,Feminino,14.0,2022,Pública,EE Donizetti Aparecido Leite Professor,Cursando,Ametista,7.098988888900001,10.0,4.5,6.111111111,8.751,8.13,8.333333333,7.276666667,Fase 3 (7° e 8° ano),0,,,3.0,6.5,4.0,,,,3.0,,,,,3.0,,False,False,False,False,False,False,False,False,False,False,False,False,False,False
RA-614,2024,Aluno-614,3U,3U,Masculino,14.0,2021,Pública,EE Paschoal Carlos Magno,Cursando,Ametista,7.8284999999666685,5.0,6.833333333333333,9.700000000000001,9.585,7.51,7.916666667,7.603333333,Fase 4 (9° ano),-1,,,8.0,4.5,8.0,,,,3.0,,,,,4.0,,False,False,False,False,False,False,False,False,False,False,False,False,False,False
RA-434,2024,Aluno-434,3U,3U,Masculino,13.0,2022,Pública,EE Donizetti Aparecido Leite Professor,Cursando,Ágata,6.610947619100001,10.0,5.5,5.061904762,7.084,7.51,7.291666667,6.55,Fase 3 (7° e 8° ano),0,,,5.5,5.5,5.5,,,,3.0,,,,,3.0,,False,False,False,False,False,False,False,False,False,False,False,False,False,False
RA-603,2024,Aluno-603,3U,3U,Masculino,12.0,2022,Pública,EE Donizetti Aparecido Leite Professor,Cursando,Ágata,6.942277777866667,10.0,4.666666666666667,7.155555555666666,9.585,6.885,6.875,6.216666667,Fase 3 (7° e 8° ano),0,,,4.5,5.5,4.0,,,,3.0,,,,,3.0,,False,False,False,False,False,False,False,False,False,False,False,False,False,False
RA-1133,2024,Aluno-1133,3U,3U,Feminino,11.0,2023,Pública,EE Donizetti Aparecido Leite Professor,Cursando,Topázio,8.238553968266668,10.0,4.5,9.841269841333334,9.168,8.75,8.125,8.83,Fase 2 (5° e 6° ano),1,,,5.0,3.5,5.0,,,,4.0,,,,,2.0,,False,False,False,False,False,False,False,False,False,False,False,False,False,False
RA-616,2024,Aluno-616,3U,3U,Masculino,14.0,2021,Pública,EE Donizetti Aparecido Leite Professor,Cursando,Quartzo,5.457877193033333,10.0,3.8333333333333335,3.087719298333333,7.5,6.885,6.458333333,4.946666667,Fase 3 (7° e 8° ano),0,,,3.0,3.5,5.0,,,,3.0,,,,,3.0,,False,False,False,False,False,False,False,False,False,False,False,False,False,False
RA-1134,2024,Aluno-1134,3U,3U,Masculino,12.0,2023,Pública,EE Donizetti Aparecido Leite Professor,Cursando,Ametista,7.7564571427,10.0,6.0,8.914285714,8.751,7.51,7.708333333,6.883333333,Fase 3 (7° e 8° ano),0,,,6.0,5.5,6.5,,,,3.0,,,,,3.0,,False,False,False,False,False,False,False,False,False,False,False,False,False,False
RA-1557,2024,Aluno-1557,3U,3U,Feminino,14.0,2024,Pública,EE Donizetti Aparecido Leite Professor,Cursando,Topázio,8.228500000033334,10.0,7.0,8.916666666666666,9.585,7.51,7.916666667,7.72,Fase 3 (7° e 8° ano),0,,,6.0,,8.0,,,,3.0,,,,,3.0,,False,False,False,False,False,False,False,False,False,False,False,False,False,False
RA-670,2024,Aluno-670,3U,3U,Feminino,12.0,2022,Privada - Programa de Apadrinhamento,Colégio Arco Íris Evolução,Cursando,Topázio,8.8602539683,10.0,8.666666666666666,9.441269841333334,9.585,7.51,8.958333333,8.166666667,Fase 2 (5° e 6° ano),1,,,9.0,7.0,10.0,,,,3.0,,,,,2.0,,False,False,False,False,False,False,False,False,False,False,False,False,False,False
RA-620,2024,Aluno-620,3U,3U,Masculino,14.0,2021,Pública,EE Donizetti Aparecido Leite Professor,Cursando,Quartzo,5.766892063566667,10.0,2.5,3.9841269843333333,8.334,7.51,7.083333333,5.886666667,Fase 3 (7° e 8° ano),0,,,3.5,2.5,1.5,,,,3.0,,,,,3.0,,False,False,False,False,False,False,False,False,False,False,False,False,False,False
RA-1149,2024,Aluno-1149,4A,4A,Feminino,15.0,2023,Pública,EE Joaquim Mendes Feliz,Cursando,Topázio,8.1371,5.0,6.0,10.0,8.334,10.0,8.625,8.706,Fase 5 (1° EM),-1,,,2.0,6.0,10.0,,,,5.0,,,,,5.0,,False,False,False,False,False,False,False,False,False,False,False,True,False,False
RA-1558,2024,Aluno-1558,4A,4A,Masculino,16.0,2024,Pública,EE Joaquim Mendes Feliz,Cursando,Ametista,7.643772047733333,5.0,5.5,8.705360238666666,9.168,8.755,8.5,8.302,Fase 5 (1° EM),-1,,,5.0,5.5,6.0,,,,5.0,,,,,5.0,,False,False,False,False,False,False,False,False,False,False,False,False,False,False
RA-326,2024,Aluno-326,4A,4A,Feminino,14.0,2022,Privada,Recanto Betânia Centro Educacional,Cursando,Topázio,8.832389092333335,10.0,9.333333333333334,8.973112128333334,9.168,6.26,8.875,8.704,Fase 3 (7° e 8° ano),1,,,10.0,9.0,9.0,,,,5.0,,,,,3.0,,False,False,False,False,False,False,False,False,False,False,False,False,False,False
RA-339,2024,Aluno-339,4A,4A,Feminino,13.0,2021,Pública,EE Leonice de Aquino Oliveira,Cursando,Ametista,7.711540746133334,10.0,8.166666666666666,7.155537064000001,7.5,5.635,8.0,7.668,Fase 3 (7° e 8° ano),1,,,8.0,7.0,9.5,,,,5.0,,,,,3.0,,False,False,False,False,False,False,False,False,False,False,False,False,False,False
RA-179,2024,Aluno-179,4A,4A,Masculino,13.0,2022,Privada,Recanto Betânia Centro Educacional,Cursando,Topázio,8.932712280733334,10.0,8.166666666666666,9.407894737,9.168,9.38,8.75,8.44,Fase 3 (7° e 8° ano),1,,,7.0,8.0,9.5,,,,5.0,,,,,3.0,,False,False,False,False,False,False,False,False,False,False,False,False,False,False
RA-1559,2024,Aluno-1559,4A,4A,Feminino,15.0,2024,Pública,EE Paschoal Carlos Magno,Cursando,Ágata,6.330428437666668,5.0,4.666666666666667,5.2929755216666665,7.917,6.885,8.375,7.604,Fase 5 (1° EM),-1,,,8.0,0.0,6.0,,,,5.0,,,,,5.0,,False,False,False,False,False,False,False,False,False,False,False,False,False,False
RA-332,2024,Aluno-332,4A,4A,Masculino,15.0,2021,Privada - Programa de Apadrinhamento,Colégio Arco Íris Evolução,Cursando,Topázio,8.421271701,10.0,7.0,7.605358505000001,9.585,9.38,8.625,8.706,Fase 3 (7° e 8° ano),1,,,7.0,7.0,7.0,,,,5.0,,,,,3.0,,False,False,False,False,False,False,False,False,False,False,False,False,False,False
RA-1560,2024,Aluno-1560,4A,4A,Feminino,14.0,2024,Privada,Colégio Arco Íris Evolução,Cursando,Topázio,8.4721031746,10.0,8.166666666666666,9.206349206333334,9.168,5.635,8.5,8.336,Fase 3 (7° e 8° ano),1,,,6.0,8.5,10.0,,,,5.0,,,,,3.0,,False,False,False,False,False,False,False,False,False,False,False,False,False,False
RA-1153,2024,Aluno-1153,4A,4A,Feminino,15.0,2021,Privada - Programa de Apadrinhamento,Colégio Arco Íris Evolução,Cursando,Topázio,8.268876190466667,5.0,8.5,9.702380952333334,8.751,5.635,8.75,9.074,Fase 5 (1° EM),-1,,,8.0,8.5,9.0,,,,5.0,,,,,5.0,,False,False,False,False,False,False,False,False,False,False,False,False,False,False
RA-183,2024,Aluno-183,4A,4A,Feminino,15.0,2022,Pública,EE Mario Francisco de Amorim,Cursando,Topázio,8.266902371533334,10.0,7.5,9.249011857666666,7.917,6.26,8.25,8.372,Fase 4 (9° ano),0,,,5.0,7.5,10.0,,,,5.0,,,,,4.0,,False,False,False,False,False,False,False,False,False,False,False,False,False,False
RA-199,2024,Aluno-199,4A,4A,Masculino,15.0,2022,Privada,Estuda em outra cidade,Cursando,Ametista,7.419398245666667,5.0,7.166666666666667,7.554824561666667,8.334,6.88,8.125,8.206,Fase 5 (1° EM),-1,,,5.0,9.0,7.5,,,,5.0,,,,,5.0,,False,False,False,False,False,False,False,False,False,False,False,False,False,False
RA-1561,2024,Aluno-1561,4A,4A,Masculino,16.0,2024,Pública,EE Joaquim Mendes Feliz,Cursando,Ametista,7.9402206349333335,5.0,9.0,9.174603174666666,9.585,5.0,8.0,7.734,Fase 5 (1° EM),-1,,,8.5,8.5,10.0,,,,5.0,,,,,5.0,,False,False,False,False,False,False,False,False,False,False,False,False,False,False
RA-336,2024,Aluno-336,4A,4A,Masculino,15.0,2021,Pública,EE Mario Francisco de Amorim,Cursando,Ágata,6.834286748466667,10.0,5.833333333333333,5.512100409000001,7.5,6.26,7.5,7.196,Fase 4 (9° ano),0,,,6.0,6.5,5.0,,,,5.0,,,,,4.0,,False,False,False,False,False,False,False,False,False,False,False,False,False,False
RA-347,2024,Aluno-347,4A,4A,Feminino,14.0,2021,Pública,EE Leonice de Aquino Oliveira,Cursando,Topázio,8.384742583733333,10.0,7.666666666666667,9.673046251999999,8.751,6.885,8.0,7.766,Fase 3 (7° e 8° ano),1,,,6.5,7.5,9.0,,,,5.0,,,,,3.0,,False,False,False,False,False,False,False,False,False,False,False,False,False,False
RA-397,2024,Aluno-397,4A,4A,Feminino,16.0,2021,Pública,EE Paschoal Carlos Magno,Cursando,Ágata,6.807291921866668,5.0,5.666666666666667,7.885292942666666,7.918,5.63,7.625,7.398,Fase 6 (2° EM),-2,,,5.0,4.5,7.5,,,,5.0,,,,,6.0,,False,False,False,False,False,False,False,False,False,False,False,False,False,False
RA-338,2024,Aluno-338,4B,4B,Masculino,14.0,2021,Pública,EE Leonice de Aquino Oliveira,Cursando,Topázio,8.052795331466667,10.0,6.833333333333333,7.441643324,9.168,7.51,7.625,8.8375,Fase 4 (9° ano),0,,,5.0,8.0,7.5,,,,4.0,,,,,4.0,,False,False,False,False,False,False,False,False,False,False,False,False,False,False
RA-392,2024,Aluno-392,4B,4B,Masculino,16.0,2022,Pública,EE Alexandre Rodrigues Nogueira,Cursando,Quartzo,4.3639463364,5.0,1.0,5.414731682,9.585,5.635,3.5,3.545,Fase 5 (1° EM),-1,,,0.0,2.0,1.0,,,,4.0,,,,,5.0,,False,False,False,False,False,False,True,False,False,False,False,False,True,True
RA-352,2024,Aluno-352,4B,4B,Masculino,13.0,2021,Pública,EE Loris Nassif Mattar Profa,Cursando,Quartzo,5.9794829346,10.0,3.1666666666666665,4.453748006333333,8.334,6.26,6.375,6.7925,Fase 3 (7° e 8° ano),1,,,2.0,5.5,2.0,,,,4.0,,,,,3.0,,False,False,False,False,False,False,False,False,False,False,False,False,False,False
RA-1562,2024,Aluno-1562,4B,4B,Feminino,16.0,2024,Pública,EE Alexandre Rodrigues Nogueira,Cursando,Quartzo,5.458833333333334,5.0,0.5,8.666666666666666,6.25,5.01,6.25,6.8725,Fase 6 (2° EM),-2,,,0.5,,,,,,4.0,,,,,6.0,,False,False,False,False,False,False,False,False,False,False,False,False,False,False
RA-367,2024,Aluno-367,4B,4B,Feminino,13.0,2021,Pública,EE Leonice de Aquino Oliveira,Cursando,Ametista,7.209434085200001,10.0,5.0,7.268170426,9.168,6.26,6.875,7.6275,Fase 3 (7° e 8° ano),1,,,2.0,5.5,7.5,,,,4.0,,,,,3.0,,False,False,False,False,False,False,False,False,False,False,False,False,False,False
RA-1563,2024,Aluno-1563,4B,4B,Feminino,15.0,2024,Pública,EE Alexandre Rodrigues Nogueira,Cursando,Ametista,7.604211111133335,5.0,7.0,8.305555555666666,8.751,7.51,7.25,8.46,Fase 5 (1° EM),-1,,,5.0,7.5,8.5,,,,4.0,,,,,5.0,,False,False,False,False,False,False,False,False,False,False,False,False,False,False
RA-1564,2024,Aluno-1564,4B,4B,Masculino,15.0,2024,Pública,EE Alexandre Rodrigues Nogueira,Cursando,Quartzo,5.0761468806000005,5.0,2.1666666666666665,4.942067736333334,8.334,6.885,5.75,5.2875,Fase 5 (1° EM),-1,,,1.0,3.5,2.0,,,,4.0,,,,,5.0,,False,False,False,False,False,False,False,False,False,False,False,False,True,False
RA-1565,2024,Aluno-1565,4B,4B,Masculino,16.0,2024,Pública,EE Alexandre Rodrigues Nogueira,Cursando,Quartzo,5.816448179266667,5.0,5.5,8.102240896333333,0.0,7.51,6.375,6.0375,Fase 5 (1° EM),-1,,,7.0,3.0,6.5,,,,4.0,,,,,5.0,,True,False,False,False,False,False,False,False,False,False,True,False,False,False
RA-1566,2024,Aluno-1566,4B,4B,Feminino,17.0,2024,Pública,EE Alexandre Rodrigues Nogueira,Cursando,Ametista,7.759243871133334,5.0,6.5,9.247219355666667,9.168,7.51,7.75,8.335,Fase 6 (2° EM),-2,,,3.0,8.0,8.5,,,,4.0,,,,,6.0,,False,False,False,False,False,False,False,False,False,False,False,False,False,False
RA-1567,2024,Aluno-1567,4B,4B,Feminino,16.0,2024,Pública,EE Alexandre Rodrigues Nogueira,Cursando,Ametista,7.913942087533334,5.0,8.166666666666666,8.771043771,8.334,7.51,7.75,8.335,Fase 6 (2° EM),-2,,,5.0,9.5,10.0,,,,4.0,,,,,6.0,,False,False,False,False,False,False,False,False,False,False,False,False,False,False
RA-356,2024,Aluno-356,4B,4B,Masculino,14.0,2021,Pública,EE Alexandre Rodrigues Nogueira,Cursando,Ágata,6.627336016533334,10.0,5.333333333333333,6.656346749333334,8.334,5.635,5.25,6.5375,Fase 3 (7° e 8° ano),1,,,1.0,7.0,8.0,,,,4.0,,,,,3.0,,False,False,False,False,False,False,False,False,False,False,False,False,True,False
RA-1568,2024,Aluno-1568,4B,4B,Feminino,15.0,2024,Pública,EE Paschoal Carlos Magno,Cursando,Ametista,7.8003261438000004,5.0,8.166666666666666,7.493464052333334,9.168,7.51,8.0,8.5025,Fase 5 (1° EM),-1,,,7.5,7.5,9.5,,,,4.0,,,,,5.0,,False,False,False,False,False,False,False,False,False,False,False,False,False,False
RA-247,2024,Aluno-247,4B,4B,Feminino,14.0,2021,Pública,EE Loris Nassif Mattar Profa,Cursando,Ágata,6.646485739800001,10.0,4.333333333333333,8.306595365666666,0.0,6.26,7.75,8.5875,Fase 4 (9° ano),0,,,0.0,5.0,8.0,,,,4.0,,,,,4.0,,True,False,False,False,False,False,False,False,False,False,True,False,False,False
RA-204,2024,Aluno-204,4B,4B,Feminino,15.0,2021,Pública,EE Alexandre Rodrigues Nogueira,Cursando,Ametista,7.838218894866668,10.0,7.5,6.827094474333333,9.168,6.26,7.125,8.5875,Fase 4 (9° ano),0,,,5.0,7.5,10.0,,,,4.0,,,,,4.0,,False,False,False,False,False,False,False,False,False,False,False,False,False,False
RA-1569,2024,Aluno-1569,4B,4B,Feminino,17.0,2024,Pública,EE Alexandre Rodrigues Nogueira,Cursando,Quartzo,5.7191555556,5.0,2.1666666666666665,7.111111111333334,6.666,6.26,6.875,6.9175,Fase 6 (2° EM),-2,,,2.0,3.0,1.5,,,,4.0,,,,,6.0,,False,False,False,False,False,False,False,False,False,False,False,False,False,False
RA-1570,2024,Aluno-1570,4B,4B,Feminino,16.0,2024,Pública,EE Alexandre Rodrigues Nogueira,Cursando,Ametista,7.894084175066667,5.0,8.333333333333334,7.542087542,9.585,7.51,7.75,8.6725,Fase 5 (1° EM),-1,,,6.5,9.0,9.5,,,,4.0,,,,,5.0,,False,False,False,False,False,False,False,False,False,False,False,False,False,False
RA-1571,2024,Aluno-1571,4B,4B,Masculino,16.0,2024,Pública,EE Alexandre Rodrigues Nogueira,Cursando,Ametista,7.2484555556,5.0,5.666666666666667,9.111111111333335,8.334,5.005,7.5,8.545,Fase 5 (1° EM),-1,,,5.0,6.0,6.0,,,,4.0,,,,,5.0,,False,False,False,False,False,False,False,False,False,False,False,False,False,False
RA-1572,2024,Aluno-1572,4C,4C,Feminino,15.0,2024,Pública,EE Paschoal Carlos Magno,Cursando,Topázio,8.080345634866667,5.0,7.5,9.841269841333334,9.168,7.51,7.65625,8.393333333,Fase 5 (1° EM),-1,,,7.5,6.5,8.5,,,,3.0,,,,,5.0,,False,False,False,False,False,False,False,False,False,False,False,False,False,False
RA-1150,2024,Aluno-1150,4C,4C,Masculino,17.0,2023,Pública,EE Olivia de Faria Nogueira,Cursando,Ametista,7.1023212964,5.0,6.833333333333333,6.481481481666667,8.334,7.51,7.65625,7.946666667,Fase 6 (2° EM),-2,,,4.0,6.5,10.0,,,,3.0,,,,,6.0,,False,False,False,False,False,False,False,False,False,False,False,False,False,False
RA-1573,2024,Aluno-1573,4C,4C,Masculino,16.0,2024,Pública,EE Olivia de Faria Nogueira,Cursando,Ágata,6.743847969266667,5.0,5.0,6.120448179333334,9.168,6.26,7.65625,8.556666667,Fase 5 (1° EM),-1,,,0.0,6.0,9.0,,,,3.0,,,,,5.0,,False,False,False,False,False,False,False,False,False,False,False,False,False,False
RA-1574,2024,Aluno-1574,4C,4C,Feminino,16.0,2024,Pública,EE Paschoal Carlos Magno,Cursando,Ametista,7.777244180000001,5.0,7.333333333333333,8.399470899666667,8.751,7.51,7.8125,8.616666667,Fase 5 (1° EM),-1,,,7.0,6.0,9.0,,,,3.0,,,,,5.0,,False,False,False,False,False,False,False,False,False,False,False,False,False,False
RA-1151,2024,Aluno-1151,4C,4C,Feminino,13.0,2023,Pública,EE Paschoal Carlos Magno,Cursando,Topázio,8.749111111066668,10.0,9.0,9.722222222333334,7.5,5.635,8.125,9.393333333,Fase 3 (7° e 8° ano),1,,,9.0,8.0,10.0,,,,3.0,,,,,3.0,,False,False,False,False,False,False,False,False,False,False,False,False,False,False
RA-1575,2024,Aluno-1575,4C,4C,Feminino,16.0,2024,Pública,EE Olivia de Faria Nogueira,Cursando,Ametista,7.318459391466667,5.0,5.333333333333333,8.624338624,9.168,6.885,7.65625,8.28,Fase 5 (1° EM),-1,,,0.0,7.5,8.5,,,,3.0,,,,,5.0,,False,False,False,False,False,False,False,False,False,False,False,False,False,False
RA-1081,2024,Aluno-1081,4C,4C,Feminino,15.0,2023,Privada - Programa de Apadrinhamento,Colégio Arco Íris Evolução,Cursando,Topázio,8.5452952381,10.0,8.833333333333334,9.523809523666666,6.667,5.005,9.166666667,8.95,Fase 4 (9° ano),0,,,9.5,8.0,9.0,,,,3.0,,,,,4.0,,False,False,False,False,False,False,False,False,False,False,False,False,False,False
RA-342,2024,Aluno-342,4C,4C,Feminino,16.0,2021,Pública,EE Mario Francisco de Amorim,Cursando,Ágata,6.757026587266667,5.0,4.5,7.728174603333334,8.751,6.26,7.65625,7.723333333,Fase 5 (1° EM),-1,,,6.5,7.0,0.0,,,,3.0,,,,,5.0,,False,False,False,False,False,False,False,False,False,False,False,False,False,False
RA-1576,2024,Aluno-1576,4C,4C,Feminino,16.0,2024,Pública,EE Loris Nassif Mattar Profa,Cursando,Ametista,7.4636202380666665,5.0,6.666666666666667,9.523809523666666,8.334,5.635,6.40625,8.44,Fase 5 (1° EM),-1,,,7.5,4.5,8.0,,,,3.0,,,,,5.0,,False,False,False,False,False,False,False,False,False,False,False,False,False,False
RA-187,2024,Aluno-187,4C,4C,Feminino,14.0,2021,Privada - Programa de Apadrinhamento,Colégio Arco Íris Evolução,Cursando,Topázio,8.568424074066666,10.0,7.833333333333333,9.537037037,8.751,5.635,8.4375,9.06,Fase 4 (9° ano),0,,,7.5,7.0,9.0,,,,3.0,,,,,4.0,,False,False,False,False,False,False,False,False,False,False,False,False,False,False
RA-359,2024,Aluno-359,4C,4C,Feminino,14.0,2021,Pública,EE Joaquim Mendes Feliz,Cursando,Ametista,7.492006349133335,10.0,5.5,7.162698412666667,9.168,6.26,7.5,8.333333333,Fase 3 (7° e 8° ano),1,,,4.0,4.5,8.0,,,,3.0,,,,,3.0,,False,False,False,False,False,False,False,False,False,False,False,False,False,False
RA-1577,2024,Aluno-1577,4C,4C,Masculino,16.0,2024,Pública,EE Mario Francisco de Amorim,Cursando,Ágata,6.305585581933334,5.0,4.333333333333333,4.993386243333333,10.002,7.51,7.34375,7.273333333,Fase 5 (1° EM),-1,,,4.0,7.0,2.0,,,,3.0,,,,,5.0,,False,False,False,False,False,False,False,False,False,False,False,False,False,False
RA-236,2024,Aluno-236,4F,4F,Feminino,14.0,2022,Pública,EE Loris Nassif Mattar Profa,Cursando,Ágata,6.980833740133334,10.0,4.5,7.890668700666666,9.168,6.26,6.875,6.362,Fase 4 (9° ano),0,,,1.5,4.0,8.0,,,,5.0,,,,,4.0,,False,False,False,False,False,False,False,False,False,False,False,False,False,False
RA-249,2024,Aluno-249,4F,4F,Masculino,16.0,2021,Pública,EE Paschoal Carlos Magno,Cursando,Ágata,6.125104328999999,5.0,5.0,6.645021645,7.083,5.0,6.75,7.064,Fase 6 (2° EM),-2,,,1.0,8.0,6.0,,,,5.0,,,,,6.0,,False,False,False,False,False,False,False,False,False,False,False,False,False,False
RA-239,2024,Aluno-239,4F,4F,Feminino,17.0,2021,Pública,EE Paschoal Carlos Magno,Cursando,Ágata,6.782180868800001,2.5,6.666666666666667,6.361737677333333,8.751,5.635,7.875,8.502,Fase 7 (3° EM),-3,,,4.0,10.0,6.0,,,,5.0,,,,,7.0,,False,False,False,False,False,False,False,False,False,False,False,False,False,False
RA-382,2024,Aluno-382,4F,4F,Masculino,16.0,2021,Pública,EE Alexandre Rodrigues Nogueira,Cursando,Quartzo,5.805712280733333,5.0,3.0,6.324561403666666,9.168,5.63,6.75,6.43,Fase 5 (1° EM),-1,,,2.0,3.0,4.0,,,,5.0,,,,,5.0,,False,False,False,False,False,False,False,False,False,False,False,False,False,False
RA-383,2024,Aluno-383,4F,4F,Masculino,13.0,2021,Pública,EE João Ortiz Rodrigues,Cursando,Topázio,8.036024386733335,10.0,5.833333333333333,8.600288600333334,9.168,7.51,7.875,8.47,Fase 3 (7° e 8° ano),1,,,1.0,8.0,8.5,,,,5.0,,,,,3.0,,False,False,False,False,False,False,False,False,False,False,False,False,False,False
RA-1155,2024,Aluno-1155,4F,4F,Feminino,15.0,2023,Pública,EE Alexandre Rodrigues Nogueira,Cursando,Ametista,7.119011111133333,5.0,4.666666666666667,8.888888889,8.334,5.005,8.0,8.87,Fase 5 (1° EM),-1,,,6.0,8.0,0.0,,,,5.0,,,,,5.0,,False,False,False,False,False,False,False,False,False,False,False,False,False,False
RA-384,2024,Aluno-384,4F,4F,Feminino,14.0,2021,Pública,EE João Ortiz Rodrigues,Cursando,Topázio,8.072200721466668,10.0,7.5,8.607503607333333,7.5,7.51,7.625,7.936,Fase 4 (9° ano),0,,,5.0,9.5,8.0,,,,5.0,,,,,4.0,,False,False,False,False,False,False,False,False,False,False,False,False,False,False
RA-1156,2024,Aluno-1156,4F,4F,Feminino,13.0,2023,Pública,EE João Ortiz Rodrigues,Cursando,Ágata,6.6777135642,10.0,2.0,7.821067821,7.5,7.51,7.125,7.5,Fase 3 (7° e 8° ano),1,,,6.0,0.0,0.0,,,,5.0,,,,,3.0,,False,False,False,False,False,False,False,False,False,False,False,False,False,False
RA-1578,2024,Aluno-1578,4F,4F,Feminino,13.0,2024,Pública,EE Olivia de Faria Nogueira,Cursando,Ametista,7.880605848,10.0,7.333333333333333,6.761695906666667,8.334,7.51,7.5,8.636,Fase 3 (7° e 8° ano),1,,,6.0,6.0,10.0,,,,5.0,,,,,3.0,,False,False,False,False,False,False,False,False,False,False,False,False,False,False
RA-388,2024,Aluno-388,4F,4F,Feminino,16.0,2021,Pública,EE Joaquim Mendes Feliz,Cursando,Quartzo,5.965307936466667,5.0,4.333333333333333,6.349206349,7.5,7.51,6.75,5.764,Fase 5 (1° EM),-1,,,1.0,7.0,5.0,,,,5.0,,,,,5.0,,False,False,False,False,False,False,False,False,False,False,False,False,False,False
RA-260,2024,Aluno-260,4F,4F,Feminino,15.0,2021,Pública,EE João Ortiz Rodrigues,Cursando,Topázio,8.448920634933334,10.0,7.0,9.674603174666666,8.751,7.51,7.875,8.502,Fase 4 (9° ano),0,,,7.5,5.5,8.0,,,,5.0,,,,,4.0,,False,False,False,False,False,False,False,False,False,False,False,False,False,False
RA-395,2024,Aluno-395,4F,4F,Feminino,13.0,2021,Pública,EE Olivia de Faria Nogueira,Cursando,Ametista,7.169905291000001,10.0,4.333333333333333,6.921693121666666,8.751,6.26,7.25,8.464,Fase 3 (7° e 8° ano),1,,,2.5,5.5,5.0,,,,5.0,,,,,3.0,,False,False,False,False,False,False,False,False,False,False,False,False,False,False
RA-262,2024,Aluno-262,4F,4F,Masculino,17.0,2021,Privada,Colégio Nogueira e Sonho de Criança,Cursando,Quartzo,5.806145462066667,5.0,4.166666666666667,4.854560643666667,7.917,7.51,7.0,6.296,Fase 6 (2° EM),-2,,,1.0,4.5,7.0,,,,5.0,,,,,6.0,,False,False,False,False,False,False,False,False,False,False,False,False,False,False
RA-1579,2024,Aluno-1579,4F,4F,Feminino,16.0,2022,Pública,EE Joaquim Mendes Feliz,Cursando,Ametista,7.894385710733333,5.0,7.166666666666667,9.090261886999999,8.751,5.635,8.5,9.272,Fase 6 (2° EM),-2,,,7.5,6.0,8.0,,,,5.0,,,,,6.0,,False,False,False,False,False,False,False,False,False,False,False,False,False,False
RA-1580,2024,Aluno-1580,4F,4F,Masculino,16.0,2024,Pública,EE Paschoal Carlos Magno,Cursando,Ametista,7.790523996266667,5.0,6.166666666666667,9.049953314666666,8.751,7.51,7.875,9.168,Fase 5 (1° EM),-1,,,5.0,7.5,6.0,,,,5.0,,,,,5.0,,False,False,False,False,False,False,False,False,False,False,False,False,False,False
RA-377,2024,Aluno-377,4F,4F,Feminino,14.0,2021,Pública,EE João Ortiz Rodrigues,Cursando,Ametista,7.480115873000001,10.0,5.166666666666667,7.698412698333333,9.168,7.51,7.125,7.634,Fase 4 (9° ano),0,,,4.0,6.5,5.0,,,,5.0,,,,,4.0,,False,False,False,False,False,False,False,False,False,False,False,False,False,False
RA-250,2024,Aluno-250,4H,4H,Feminino,14.0,2022,Privada - Programa de Apadrinhamento,Colégio Arco Íris Evolução,Cursando,Topázio,9.049892592566668,10.0,9.166666666666666,9.629629629666667,9.168,6.88,8.958333333,8.95,Fase 4 (9° ano),0,,,10.0,7.5,10.0,,,,3.0,,,,,4.0,,False,False,False,False,False,False,False,False,False,False,False,False,False,False
RA-1581,2024,Aluno-1581,4H,4H,Masculino,16.0,2024,Pública,EE Olivia de Faria Nogueira,Cursando,Ágata,6.9787022855,5.0,6.333333333333333,7.834844760666667,8.334,6.26,7.083333333,7.386666667,Fase 5 (1° EM),-1,,,7.0,4.5,7.5,,,,3.0,,,,,5.0,,False,False,False,False,False,False,False,False,False,False,False,False,False,False
RA-1582,2024,Aluno-1582,4H,4H,Masculino,15.0,2024,Pública,EE Paschoal Carlos Magno,Cursando,Ágata,6.472788888966667,5.0,4.5,8.069444444333334,8.334,6.255,6.666666667,6.666666667,Fase 5 (1° EM),-1,,,7.0,2.0,4.5,,,,3.0,,,,,5.0,,False,False,False,False,False,False,False,False,False,False,False,False,False,False
RA-1583,2024,Aluno-1583,4H,4H,Feminino,15.0,2024,Pública,EE Mario Francisco de Amorim,Cursando,Ametista,7.8197579711000005,5.0,8.166666666666666,7.753623188333333,7.917,6.26,9.166666667,9.006666667,Fase 5 (1° EM),-1,,,8.0,6.5,10.0,,,,3.0,,,,,5.0,,False,False,False,False,False,False,False,False,False,False,False,False,False,False
RA-450,2024,Aluno-450,4L,4L,Masculino,15.0,2021,Pública,EE Donizetti Aparecido Leite Professor,Cursando,Ametista,7.526188206666666,5.0,7.5,8.954191033333332,8.751,5.63,7.8125,7.58,Fase 5 (1° EM),-1,,,8.0,8.5,6.0,,,,4.0,,,,,5.0,,False,False,False,False,False,False,False,False,False,False,False,False,False,False
RA-426,2024,Aluno-426,4L,4L,Feminino,15.0,2022,Pública,EE Donizetti Aparecido Leite Professor,Cursando,Ágata,6.6430030186,5.0,4.833333333333333,7.9050567596666665,7.917,4.38,7.65625,8.0,Fase 5 (1° EM),-1,,,3.5,7.0,4.0,,,,4.0,,,,,5.0,,False,False,False,False,False,False,False,False,False,False,False,True,False,False
RA-1584,2024,Aluno-1584,4L,4L,Feminino,15.0,2024,Pública,Estuda em outra cidade,Cursando,Ametista,7.429837830666667,5.0,5.5,9.153439153333332,8.334,7.51,7.8125,8.1675,Fase 5 (1° EM),-1,,,6.0,5.5,5.0,,,,4.0,,,,,5.0,,False,False,False,False,False,False,False,False,False,False,False,False,False,False
RA-313,2024,Aluno-313,4L,4L,Feminino,15.0,2022,Pública,EE Donizetti Aparecido Leite Professor,Cursando,Ametista,7.2528500000000005,5.0,4.833333333333333,9.666666666666666,8.751,5.63,7.8125,8.1675,Fase 5 (1° EM),-1,,,1.0,8.0,5.5,,,,4.0,,,,,5.0,,False,False,False,False,False,False,False,False,False,False,False,False,False,False
RA-467,2024,Aluno-467,4L,4L,Feminino,15.0,2022,Pública,EE Maria André Schunck Dona,Cursando,Ametista,7.7298118421333335,10.0,6.833333333333333,9.140350877333333,7.917,5.01,7.34375,7.54,Fase 4 (9° ano),0,,,5.5,9.0,6.0,,,,4.0,,,,,4.0,,False,False,False,False,False,False,False,False,False,False,False,False,False,False
RA-1585,2024,Aluno-1585,4L,4L,Feminino,15.0,2024,Pública,EE Donizetti Aparecido Leite Professor,Cursando,Ágata,6.730367016866668,5.0,4.0,6.775210084333334,10.002,7.51,7.65625,7.7925,Fase 5 (1° EM),-1,,,5.0,3.0,4.0,,,,4.0,,,,,5.0,,False,False,False,False,False,False,False,False,False,False,False,False,False,False
RA-432,2024,Aluno-432,4L,4L,Feminino,16.0,2021,Pública,EE Donizetti Aparecido Leite Professor,Cursando,Ametista,7.167975,5.0,5.5,10.0,7.501,6.26,7.34375,7.2875,Fase 5 (1° EM),-1,,,5.0,6.0,5.5,,,,4.0,,,,,5.0,,False,False,False,False,False,False,False,False,False,False,False,False,False,False
RA-1586,2024,Aluno-1586,4L,4L,Feminino,15.0,2024,Pública,EE Donizetti Aparecido Leite Professor,Cursando,Ágata,6.555764327466668,5.0,5.666666666666667,6.128654970666666,10.002,5.01,6.875,7.54,Fase 5 (1° EM),-1,,,3.5,5.5,8.0,,,,4.0,,,,,5.0,,False,False,False,False,False,False,False,False,False,False,False,False,False,False
RA-470,2024,Aluno-470,4L,4L,Feminino,15.0,2021,Pública,EE Maria André Schunck Dona,Cursando,Ágata,6.981130848,10.0,3.3333333333333335,8.011695906666667,9.585,7.51,7.03125,6.4975,Fase 4 (9° ano),0,,,3.5,4.0,2.5,,,,4.0,,,,,4.0,,False,False,False,False,False,False,False,False,False,False,False,False,False,False
RA-417,2024,Aluno-417,4L,4L,Feminino,14.0,2022,Pública,EE Neide Celestina de Oliveira Profa,Cursando,Topázio,8.533628557533333,10.0,8.833333333333334,8.401559454333333,8.334,7.51,8.4375,8.2925,Fase 4 (9° ano),0,,,9.0,10.0,7.5,,,,4.0,,,,,4.0,,False,False,False,False,False,False,False,False,False,False,False,False,False,False
RA-407,2024,Aluno-407,4L,4L,Masculino,15.0,2022,Pública,EE Maria André Schunck Dona,Cursando,Ametista,7.0875128168,10.0,3.6666666666666665,7.614522417333333,8.334,6.26,7.96875,7.875,Fase 4 (9° ano),0,,,2.0,5.0,4.0,,,,4.0,,,,,4.0,,False,False,False,False,False,False,False,False,False,False,False,False,False,False
RA-1587,2024,Aluno-1587,4L,4L,Feminino,16.0,2024,Pública,EE Donizetti Aparecido Leite Professor,Cursando,Ametista,7.34055,5.0,3.75,10.0,9.168,7.51,7.8125,8.2075,Fase 6 (2° EM),-2,,,7.5,0.0,,,,,4.0,,,,,6.0,,False,False,False,False,False,False,False,False,False,False,False,False,False,False
RA-1588,2024,Aluno-1588,4L,4L,Feminino,14.0,2024,Pública,EE Maria André Schunck Dona,Cursando,Ametista,7.303823728133333,10.0,4.0,8.640618640666666,7.917,7.51,7.5,7.415,Fase 4 (9° ano),0,,,3.5,4.5,,,,,4.0,,,,,4.0,,False,False,False,False,False,False,False,False,False,False,False,False,False,False
RA-424,2024,Aluno-424,4L,4L,Feminino,14.0,2022,Pública,EM Cecilia Cristina de Oliveira Rodrigues,Cursando,Ametista,7.341187280733334,10.0,3.3333333333333335,9.616228070333333,8.334,7.51,7.34375,7.1625,Fase 4 (9° ano),0,,,2.0,6.0,2.0,,,,4.0,,,,,4.0,,False,False,False,False,False,False,False,False,False,False,False,False,False,False
RA-1193,2024,Aluno-1193,4L,4L,Feminino,15.0,2023,Pública,EE Donizetti Aparecido Leite Professor,Cursando,Ágata,6.6304815790000005,5.0,4.0,7.763157895,8.751,5.635,7.8125,7.79,Fase 5 (1° EM),-1,,,3.0,6.0,3.0,,,,4.0,,,,,5.0,,False,False,False,False,False,False,False,False,False,False,False,False,False,False
RA-411,2024,Aluno-411,4M,4M,Feminino,14.0,2021,Privada,Rede Decisão - Unidade União,Cursando,Ametista,7.279762962966667,10.0,4.833333333333333,9.148148147999999,7.083,5.635,7.291666667,7.4125,Fase 4 (9° ano),0,,,3.5,7.0,4.0,,,,4.0,,,,,4.0,,False,False,False,False,False,False,False,False,False,False,False,False,False,False
RA-412,2024,Aluno-412,4M,4M,Feminino,14.0,2021,Pública,EE Maria André Schunck Dona,Cursando,Topázio,8.044378070166667,10.0,7.333333333333333,8.456140351,8.334,6.26,8.020833333,8.125,Fase 4 (9° ano),0,,,8.0,6.0,8.0,,,,4.0,,,,,4.0,,False,False,False,False,False,False,False,False,False,False,False,False,False,False
RA-428,2024,Aluno-428,4M,4M,Masculino,14.0,2022,Pública,EE Donizetti Aparecido Leite Professor,Cursando,Ametista,7.534949122800001,10.0,5.0,8.898245614,9.168,5.635,7.5,7.625,Fase 4 (9° ano),0,,,3.0,4.0,8.0,,,,4.0,,,,,4.0,,False,False,False,False,False,False,False,False,False,False,False,False,False,False
RA-315,2024,Aluno-315,4M,4M,Feminino,15.0,2022,Pública,EE Donizetti Aparecido Leite Professor,Cursando,Ágata,6.0768703704,5.0,6.833333333333333,5.918518518666667,0.0,7.51,7.5,7.6275,Fase 5 (1° EM),-1,,,6.5,6.5,7.5,,,,4.0,,,,,5.0,,True,False,False,False,False,False,False,False,False,False,True,False,False,False
RA-442,2024,Aluno-442,4M,4M,Feminino,13.0,2022,Pública,EE Maria André Schunck Dona,Cursando,Ágata,6.905439215666667,10.0,5.0,5.9151960783333335,8.334,5.635,7.5,7.8775,Fase 3 (7° e 8° ano),1,,,4.5,7.0,3.5,,,,4.0,,,,,3.0,,False,False,False,False,False,False,False,False,False,False,False,False,False,False
RA-301,2024,Aluno-301,4M,4M,Feminino,15.0,2021,Pública,EE Maria André Schunck Dona,Cursando,Topázio,8.410830701766667,10.0,9.0,7.4947368423333325,9.168,7.51,8.020833333,8.21,Fase 4 (9° ano),0,,,10.0,9.0,8.0,,,,4.0,,,,,4.0,,False,False,False,False,False,False,False,False,False,False,False,False,False,False
RA-1163,2024,Aluno-1163,4M,4M,Masculino,15.0,2023,Pública,EE Maria André Schunck Dona,Cursando,Topázio,8.6794789474,10.0,7.833333333333333,9.824561403666666,8.334,7.51,8.125,8.755,Fase 4 (9° ano),0,,,9.5,6.5,7.5,,,,4.0,,,,,4.0,,False,False,False,False,False,False,False,False,False,False,False,False,False,False
RA-402,2024,Aluno-402,4M,4M,Feminino,14.0,2021,Pública,EE Donizetti Aparecido Leite Professor,Cursando,Quartzo,5.683064814833333,10.0,4.166666666666667,3.074074074,7.5,6.26,6.354166667,6.1175,Fase 4 (9° ano),0,,,3.0,3.5,6.0,,,,4.0,,,,,4.0,,False,False,False,False,False,False,False,False,False,False,False,False,False,False
RA-1589,2024,Aluno-1589,4M,4M,Feminino,15.0,2024,Pública,EE Donizetti Aparecido Leite Professor,Cursando,Quartzo,5.260851851866667,5.0,2.5,6.259259259333334,0.0,7.51,7.5,7.54,Fase 5 (1° EM),-1,,,3.0,2.0,,,,,4.0,,,,,5.0,,True,False,False,False,False,False,False,False,False,False,True,False,False,False
RA-1162,2024,Aluno-1162,4M,4M,Feminino,14.0,2023,Pública,EE Maria André Schunck Dona,Cursando,Ametista,7.473167836266667,10.0,5.666666666666667,9.135672514666666,7.917,6.26,6.875,7.0375,Fase 4 (9° ano),0,,,4.0,7.5,5.5,,,,4.0,,,,,4.0,,False,False,False,False,False,False,False,False,False,False,False,False,False,False
RA-471,2024,Aluno-471,4M,4M,Feminino,14.0,2021,Pública,EE Maria André Schunck Dona,Cursando,Ágata,6.635847117766667,10.0,5.5,7.027568922333333,0.0,7.51,7.708333333,8.0425,Fase 4 (9° ano),0,,,4.0,5.5,7.0,,,,4.0,,,,,4.0,,True,False,False,False,False,False,False,False,False,False,True,False,False,False
RA-416,2024,Aluno-416,4M,4M,Masculino,14.0,2021,Privada - Programa de Apadrinhamento,Colégio Arco Íris Evolução,Cursando,Topázio,8.700808577033333,10.0,8.0,8.972709551666666,8.751,7.51,8.541666667,9.13,Fase 3 (7° e 8° ano),1,,,8.0,7.5,8.5,,,,4.0,,,,,3.0,,False,False,False,False,False,False,False,False,False,False,False,False,False,False
RA-303,2024,Aluno-303,4M,4M,Masculino,16.0,2021,Pública,EE Donizetti Aparecido Leite Professor,Cursando,Ágata,6.2443426900666665,5.0,5.666666666666667,3.9520467836666664,8.751,7.51,6.875,7.535,Fase 6 (2° EM),-2,,,5.0,5.0,7.0,,,,4.0,,,,,6.0,,False,False,False,False,False,False,False,False,False,False,False,False,False,False
RA-418,2024,Aluno-418,4M,4M,Feminino,12.0,2021,Privada - Programa de Apadrinhamento,Colégio Arco Íris Evolução,Cursando,Topázio,9.125183333366667,10.0,9.333333333333334,10.0,8.751,7.51,8.229166667,9.0475,Fase 3 (7° e 8° ano),1,,,9.5,8.5,10.0,,,,4.0,,,,,3.0,,False,False,False,False,False,False,False,False,False,False,False,False,False,False
RA-419,2024,Aluno-419,4M,4M,Feminino,14.0,2021,Privada - Programa de Apadrinhamento,Colégio Arco Íris Evolução,Cursando,Topázio,8.355707894766669,10.0,8.166666666666666,9.382456140666667,7.083,6.26,8.020833333,8.5475,Fase 3 (7° e 8° ano),1,,,6.5,8.0,10.0,,,,4.0,,,,,3.0,,False,False,False,False,False,False,False,False,False,False,False,False,False,False
RA-420,2024,Aluno-420,4M,4M,Feminino,13.0,2021,Privada - Programa de Apadrinhamento,Colégio Arco Íris Evolução,Cursando,Ametista,7.544228947400001,10.0,4.0,9.557894737,8.334,6.26,7.8125,7.96,Fase 3 (7° e 8° ano),1,,,3.0,4.5,4.5,,,,4.0,,,,,3.0,,False,False,False,False,False,False,False,False,False,False,False,False,False,False
RA-1166,2024,Aluno-1166,4M,4M,Feminino,16.0,2023,Pública,EE Donizetti Aparecido Leite Professor,Cursando,Ametista,7.452799122766667,5.0,6.333333333333333,8.498245614,8.334,6.26,8.020833333,8.625,Fase 5 (1° EM),-1,,,5.0,7.0,7.0,,,,4.0,,,,,5.0,,False,False,False,False,False,False,False,False,False,False,False,False,False,False
RA-425,2024,Aluno-425,4M,4M,Masculino,14.0,2022,Pública,EE Maria André Schunck Dona,Cursando,Topázio,9.016616666700001,10.0,9.0,10.0,10.002,6.26,8.229166667,8.8375,Fase 4 (9° ano),0,,,10.0,7.5,9.5,,,,4.0,,,,,4.0,,False,False,False,False,False,False,False,False,False,False,False,False,False,False
RA-1590,2024,Aluno-1590,4N,4N,Feminino,15.0,2024,Pública,EE Maria André Schunck Dona,Cursando,Topázio,8.1907875086,5.0,8.666666666666666,8.267770876333332,7.917,7.51,10.0,8.806,Fase 5 (1° EM),-1,,,8.5,8.0,9.5,,,,5.0,,,,,5.0,,False,False,False,False,False,False,False,False,False,False,False,False,True,False
RA-1591,2024,Aluno-1591,4N,4N,Feminino,16.0,2024,Pública,EE Maria André Schunck Dona,Cursando,Ágata,6.1707952862,5.0,3.5,6.430976431,7.083,7.51,8.125,7.064,Fase 6 (2° EM),-2,,,3.0,4.5,3.0,,,,5.0,,,,,6.0,,False,False,False,False,False,False,False,False,False,False,False,False,False,False
RA-273,2024,Aluno-273,4N,4N,Feminino,16.0,2021,Pública,EE Maria André Schunck Dona,Cursando,Ágata,6.5991307798,5.0,4.5,7.323153899,9.168,6.26,8.125,6.896,Fase 5 (1° EM),-1,,,3.0,6.5,4.0,,,,5.0,,,,,5.0,,False,False,False,False,False,False,False,False,False,False,False,False,False,False
RA-1592,2024,Aluno-1592,4N,4N,Feminino,15.0,2024,Pública,EE Maria André Schunck Dona,Cursando,Ágata,6.812545479666667,5.0,5.5,6.854727398333334,7.917,7.51,8.125,7.432,Fase 5 (1° EM),-1,,,4.0,7.5,5.0,,,,5.0,,,,,5.0,,False,False,False,False,False,False,False,False,False,False,False,False,False,False
RA-457,2024,Aluno-457,4N,4N,Feminino,14.0,2022,Pública,EE Donizetti Aparecido Leite Professor,Cursando,Topázio,8.5892756038,10.0,8.666666666666666,8.743961352333335,8.334,7.51,9.6875,7.77,Fase 3 (7° e 8° ano),1,,,8.0,8.0,10.0,,,,5.0,,,,,3.0,,False,False,False,False,False,False,False,False,False,False,False,False,True,False
RA-305,2024,Aluno-305,4N,4N,Masculino,16.0,2021,Pública,EE Maria André Schunck Dona,Cursando,Ágata,6.693026811600001,5.0,4.833333333333333,7.898550724666666,8.334,6.26,7.8125,7.03,Fase 5 (1° EM),-1,,,3.0,3.0,8.5,,,,5.0,,,,,5.0,,False,False,False,False,False,False,False,False,False,False,False,False,False,False
RA-421,2024,Aluno-421,4N,4N,Masculino,13.0,2021,Pública,Estuda em outra cidade,Cursando,Topázio,8.488232329,10.0,6.666666666666667,9.540744978333334,8.751,7.51,9.0625,8.572,Fase 3 (7° e 8° ano),1,,,5.0,6.0,9.0,,,,5.0,,,,,3.0,,False,False,False,False,False,False,False,False,False,False,False,False,False,False
RA-1169,2024,Aluno-1169,4N,4N,Feminino,15.0,2023,Pública,EE Maria André Schunck Dona,Cursando,Ágata,6.885305555533334,5.0,6.833333333333333,8.444444444333334,6.25,5.635,7.8125,6.8,Fase 5 (1° EM),-1,,,6.0,6.5,8.0,,,,5.0,,,,,5.0,,False,False,False,False,False,False,False,False,False,False,False,False,False,False
RA-1593,2024,Aluno-1593,4N,4N,Masculino,15.0,2024,Pública,EE Maria André Schunck Dona,Cursando,Ágata,6.638525017333334,5.0,6.5,4.868875086666667,6.249,6.26,9.0625,8.538,Fase 5 (1° EM),-1,,,9.0,6.5,4.0,,,,5.0,,,,,5.0,,False,False,False,False,False,False,False,False,False,False,False,False,False,False
RA-1594,2024,Aluno-1594,4N,4N,Masculino,16.0,2024,Pública,EE Maria André Schunck Dona,Cursando,Quartzo,5.731267287800001,5.0,3.0,6.112836439,9.585,6.26,6.25,5.996,Fase 6 (2° EM),-2,,,1.0,4.0,4.0,,,,5.0,,,,,6.0,,False,False,False,False,False,False,False,False,False,False,False,False,False,False
RA-283,2024,Aluno-283,4N,4N,Masculino,16.0,2021,Pública,EE Maria André Schunck Dona,Cursando,Ametista,7.9444309524,5.0,8.0,9.761904762,8.751,6.885,7.8125,7.736,Fase 6 (2° EM),-2,,,6.5,8.0,9.5,,,,5.0,,,,,6.0,,False,False,False,False,False,False,False,False,False,False,False,False,False,False
RA-459,2024,Aluno-459,4N,4N,Masculino,14.0,2021,Pública,EE Donizetti Aparecido Leite Professor,Cursando,Ametista,7.233804589400001,10.0,4.666666666666667,8.454106280333333,7.917,5.635,7.8125,7.366,Fase 4 (9° ano),0,,,0.0,6.0,8.0,,,,5.0,,,,,4.0,,False,False,False,False,False,False,False,False,False,False,False,False,False,False
RA-454,2024,Aluno-454,4R,4R,Masculino,17.0,2021,Pública,EE Paschoal Carlos Magno,Cursando,Quartzo,5.8522943469666675,5.0,3.6666666666666665,6.633138401666667,9.585,6.255,5.416666667,5.833333333,Fase 6 (2° EM),-2,,,3.0,2.0,6.0,,,,6.0,,,,,6.0,,False,False,False,False,False,False,False,False,False,False,False,False,True,False
RA-1595,2024,Aluno-1595,4R,4R,Masculino,14.0,2024,Pública,EM Cecilia Cristina de Oliveira Rodrigues,Cursando,Ágata,6.6599304233000005,10.0,2.3333333333333335,7.949735449666666,8.334,6.26,7.395833333,7.021666667,Fase 4 (9° ano),0,,,3.0,0.0,4.0,,,,6.0,,,,,4.0,,False,False,False,False,False,False,False,False,False,False,False,False,False,False
RA-1596,2024,Aluno-1596,4R,4R,Feminino,17.0,2024,Pública,EE Donizetti Aparecido Leite Professor,Cursando,Ametista,7.261016666766667,5.0,3.3333333333333335,10.0,8.751,7.51,8.229166667,8.226666667,Fase 6 (2° EM),-2,,,5.0,0.0,5.0,,,,6.0,,,,,6.0,,False,False,False,False,False,False,False,False,False,False,False,False,False,False
RA-170,2024,Aluno-170,4R,4R,Feminino,16.0,2021,Privada - Programa de Apadrinhamento,Colégio Arco Íris Evolução,Cursando,Ametista,7.646383333300001,5.0,8.0,8.5,9.168,5.635,7.604166667,8.028333333,Fase 5 (1° EM),-1,,,10.0,6.5,7.5,,,,6.0,,,,,5.0,,False,False,False,False,False,False,False,False,False,False,False,False,False,False
RA-1597,2024,Aluno-1597,4R,4R,Feminino,16.0,2024,Pública,EE Donizetti Aparecido Leite Professor,Cursando,Ágata,6.7187063492,5.0,2.8333333333333335,8.412698412666666,7.5,7.51,8.125,8.28,Fase 5 (1° EM),-1,,,2.0,0.0,6.5,,,,6.0,,,,,5.0,,False,False,False,False,False,False,False,False,False,False,False,False,False,False
RA-1171,2024,Aluno-1171,4R,4R,Masculino,15.0,2023,Pública,EE Donizetti Aparecido Leite Professor,Cursando,Ametista,7.6236817459,5.0,7.5,7.230158729999999,8.334,7.51,8.645833333,8.643333333,Fase 5 (1° EM),-1,,,5.0,9.5,8.0,,,,6.0,,,,,5.0,,False,False,False,False,False,False,False,False,False,False,False,False,False,False
RA-116,2024,Aluno-116,5A,5A,Feminino,18.0,2021,Pública,EE Joaquim Mendes Feliz,Cursando,Ágata,6.337470707133334,5.0,4.5,7.535353535666666,8.334,5.635,6.875,6.73,Fase 7 (3° EM),-2,,,6.5,2.0,5.0,,,,5.0,,,,,7.0,,False,False,False,False,False,False,False,False,False,False,False,False,False,False
RA-217,2024,Aluno-217,5A,5A,Feminino,17.0,2021,Privada - Programa de Apadrinhamento,Colégio Arco Íris Evolução,Cursando,Ametista,7.4209164502,5.0,7.833333333333333,8.917748917666666,8.334,6.26,7.125,6.994,Fase 6 (2° EM),-1,,,9.0,7.0,7.5,,,,5.0,,,,,6.0,,False,False,False,False,False,False,False,False,False,False,False,False,False,False
RA-103,2024,Aluno-103,5A,5A,Feminino,15.0,2021,Privada - Programa de Apadrinhamento,Colégio Arco Íris Evolução,Cursando,Topázio,8.775268254,10.0,9.166666666666666,9.603174603333335,8.334,6.26,7.875,8.872,Fase 5 (1° EM),0,,,9.0,9.0,9.5,,,,5.0,,,,,5.0,,False,False,False,False,False,False,False,False,False,False,False,False,False,False
RA-178,2024,Aluno-178,5A,5A,Feminino,16.0,2021,Privada - Programa de Apadrinhamento,Colégio Arco Íris Evolução,Cursando,Ametista,7.234168831200001,10.0,4.166666666666667,8.739177489333334,9.585,6.26,7.625,6.53,Fase 5 (1° EM),0,,,2.5,2.5,7.5,,,,5.0,,,,,5.0,,False,False,False,False,False,False,False,False,False,False,False,False,False,False
RA-1172,2024,Aluno-1172,5A,5A,Feminino,17.0,2023,Pública,EE Donizetti Aparecido Leite Professor,Cursando,Quartzo,5.719565079333334,5.0,3.3333333333333335,6.0634920633333325,7.5,6.26,7.25,6.196,Fase 6 (2° EM),-1,,,0.0,5.0,5.0,,,,5.0,,,,,6.0,,False,False,False,False,False,False,False,False,False,False,False,False,False,False
RA-180,2024,Aluno-180,5A,5A,Masculino,14.0,2021,Privada - Programa de Apadrinhamento,Colégio Arco Íris Evolução,Cursando,Topázio,8.801463636333335,10.0,8.5,9.431818181666666,9.168,7.51,8.125,8.674,Fase 3 (7° e 8° ano),2,,,9.0,8.5,8.0,,,,5.0,,,,,3.0,,False,False,False,False,False,False,False,False,False,False,False,False,False,False
RA-181,2024,Aluno-181,5A,5A,Feminino,15.0,2021,Privada - Programa de Apadrinhamento,Colégio Arco Íris Evolução,Cursando,Ametista,7.439841414133334,10.0,4.333333333333333,8.737373737333334,7.5,6.26,7.625,8.436,Fase 5 (1° EM),0,,,0.0,7.5,5.5,,,,5.0,,,,,5.0,,False,False,False,False,False,False,False,False,False,False,False,False,False,False
RA-121,2024,Aluno-121,5A,5A,Feminino,17.0,2021,Pública,EE Joaquim Mendes Feliz,Cursando,Ametista,7.476158297266668,5.0,8.833333333333334,8.152958153,8.751,6.26,7.25,6.764,Fase 7 (3° EM),-2,,,7.5,9.0,10.0,,,,5.0,,,,,7.0,,False,False,False,False,False,False,False,False,False,False,False,False,False,False
RA-211,2024,Aluno-211,5A,5A,Masculino,15.0,2021,Privada - Programa de Apadrinhamento,Colégio Arco Íris Evolução,Cursando,Topázio,8.283601875933334,10.0,7.0,9.379509379666667,9.585,7.51,7.25,7.866,Fase 5 (1° EM),0,,,5.5,6.5,9.0,,,,5.0,,,,,5.0,,False,False,False,False,False,False,False,False,False,False,False,False,False,False
RA-1198,2024,Aluno-1198,5A,5A,Feminino,17.0,2023,Pública,EE Joaquim Mendes Feliz,Cursando,Ágata,6.9217748918,5.0,3.5,9.458874459,8.751,7.51,7.375,7.332,Fase 6 (2° EM),-1,,,0.0,1.0,9.5,,,,5.0,,,,,6.0,,False,False,False,False,False,False,False,False,False,False,False,False,False,False
RA-110,2024,Aluno-110,5A,5A,Masculino,16.0,2021,Privada - Programa de Apadrinhamento,Colégio Arco Íris Evolução,Cursando,Topázio,8.6324939394,10.0,8.5,9.696969697,9.168,6.255,7.5,8.504,Fase 5 (1° EM),0,,,10.0,7.0,8.5,,,,5.0,,,,,5.0,,False,False,False,False,False,False,False,False,False,False,False,False,False,False
RA-189,2024,Aluno-189,5A,5A,Masculino,15.0,2021,Privada - Programa de Apadrinhamento,Colégio Arco Íris Evolução,Cursando,Topázio,8.586533333333334,10.0,8.166666666666666,10.0,10.002,6.255,6.875,8.2,Fase 5 (1° EM),0,,,7.0,7.5,10.0,,,,5.0,,,,,5.0,,False,False,False,False,False,False,False,False,False,False,False,False,False,False
RA-127,2024,Aluno-127,5A,5A,Feminino,16.0,2022,Privada - Programa de Apadrinhamento,Colégio Arco Íris Evolução,Cursando,Topázio,8.5605939394,10.0,7.833333333333333,9.488636363666666,8.751,7.51,7.625,8.538,Fase 5 (1° EM),0,,,10.0,3.5,10.0,,,,5.0,,,,,5.0,,False,False,False,False,False,False,False,False,False,False,False,False,False,False
RA-115,2024,Aluno-115,5A,5A,Feminino,17.0,2021,Pública,EE Joaquim Mendes Feliz,Cursando,Quartzo,5.404184695733334,5.0,4.166666666666667,4.164756812,7.917,6.26,6.75,5.726,Fase 7 (3° EM),-2,,,6.5,4.5,1.5,,,,5.0,,,,,7.0,,False,False,False,False,False,False,False,False,False,False,False,False,False,False
RA-215,2024,Aluno-215,5B,5B,Feminino,15.0,2021,Pública,EE Paschoal Carlos Magno,Cursando,Ametista,7.045258874400002,10.0,5.666666666666667,6.455627705333334,7.084,6.26,8.0,7.432,Fase 5 (1° EM),0,,,5.0,2.0,10.0,,,,5.0,,,,,5.0,,False,False,False,False,False,False,False,False,False,False,False,False,False,False
RA-1598,2024,Aluno-1598,5B,5B,Feminino,15.0,2024,Pública,EE Paschoal Carlos Magno,Cursando,Topázio,8.4656285714,10.0,7.5,8.857142857,9.585,7.51,8.375,8.236,Fase 5 (1° EM),0,,,7.5,7.5,,,,,5.0,,,,,5.0,,False,False,False,False,False,False,False,False,False,False,False,False,False,False
RA-1174,2024,Aluno-1174,5B,5B,Feminino,16.0,2023,Pública,EE Olivia de Faria Nogueira,Cursando,Ametista,7.374213419866667,10.0,5.0,8.349567099333333,8.751,6.26,7.5,7.266,Fase 5 (1° EM),0,,,5.0,3.0,7.0,,,,5.0,,,,,5.0,,False,False,False,False,False,False,False,False,False,False,False,False,False,False
RA-192,2024,Aluno-192,5B,5B,Masculino,17.0,2021,Privada,Rede Decisão - Unidade União,Cursando,Ágata,6.882960606066668,5.0,7.166666666666667,6.363636363666667,8.334,7.51,7.125,6.9,Fase 7 (3° EM),-2,,,4.0,7.5,10.0,,,,5.0,,,,,7.0,,False,False,False,False,False,False,False,False,False,False,False,False,False,False
RA-220,2024,Aluno-220,5B,5B,Feminino,15.0,2022,Pública,EE Joaquim Mendes Feliz,Cursando,Ametista,7.6987770562666675,10.0,6.833333333333333,8.198051948,8.751,6.26,7.25,7.332,Fase 5 (1° EM),0,,,8.0,3.5,9.0,,,,5.0,,,,,5.0,,False,False,False,False,False,False,False,False,False,False,False,False,False,False
RA-186,2024,Aluno-186,5B,5B,Feminino,15.0,2021,Privada,Colégio Nogueira e Sonho de Criança,Cursando,Topázio,8.325963636333334,10.0,7.166666666666667,9.640151515,7.917,6.26,8.125,8.672,Fase 4 (9° ano),1,,,6.0,7.0,8.5,,,,5.0,,,,,4.0,,False,False,False,False,False,False,False,False,False,False,False,False,False,False
RA-1181,2024,Aluno-1181,5B,5B,Feminino,15.0,2023,Pública,EE Paschoal Carlos Magno,Cursando,Ágata,6.2015816738666665,10.0,3.8333333333333335,5.036075036,9.168,6.26,7.125,5.862,Fase 5 (1° EM),0,,,1.0,1.0,9.5,,,,5.0,,,,,5.0,,False,False,False,False,False,False,False,False,False,False,False,False,False,False
RA-1599,2024,Aluno-1599,5B,5B,Feminino,17.0,2024,Pública,EE Joaquim Mendes Feliz,Cursando,Ametista,7.6059333333333345,5.0,6.5,9.666666666666666,8.334,7.51,7.75,7.566,Fase 7 (3° EM),-2,,,7.0,6.0,,,,,5.0,,,,,7.0,,False,False,False,False,False,False,False,False,False,False,False,False,False,False
RA-111,2024,Aluno-111,5B,5B,Feminino,15.0,2021,Privada - Programa de Apadrinhamento,Colégio Arco Íris Evolução,Cursando,Topázio,8.667693939400001,10.0,8.333333333333334,9.488636363666666,9.168,6.26,8.125,8.74,Fase 5 (1° EM),0,,,8.0,7.0,10.0,,,,5.0,,,,,5.0,,False,False,False,False,False,False,False,False,False,False,False,False,False,False
RA-1600,2024,Aluno-1600,5B,5B,Feminino,17.0,2024,Pública,EE Paschoal Carlos Magno,Cursando,Ágata,6.750618518533334,5.0,5.666666666666667,8.425925926,8.751,6.26,7.25,6.03,Fase 7 (3° EM),-2,,,5.0,2.0,10.0,,,,5.0,,,,,7.0,,False,False,False,False,False,False,False,False,False,False,False,False,False,False
RA-1601,2024,Aluno-1601,5C,5C,Feminino,17.0,2024,Pública,EE Leonice de Aquino Oliveira,Cursando,Ametista,7.2431,5.0,6.5,7.0,8.751,7.51,7.5,8.335,Fase 6 (2° EM),-1,,,5.0,5.0,9.5,,,,4.0,,,,,6.0,,False,False,False,False,False,False,False,False,False,False,False,False,False,False
RA-176,2024,Aluno-176,5C,5C,Feminino,15.0,2021,Privada - Programa de Apadrinhamento,Colégio Arco Íris Evolução,Cursando,Topázio,8.828632575733334,10.0,8.833333333333334,9.545454545333333,9.585,6.26,8.59375,8.545,Fase 4 (9° ano),1,,,9.0,8.0,9.5,,,,4.0,,,,,4.0,,False,False,False,False,False,False,False,False,False,False,False,False,False,False
RA-1602,2024,Aluno-1602,5C,5C,Feminino,15.0,2024,Pública,EE Leonice de Aquino Oliveira,Cursando,Topázio,8.041889814800001,10.0,7.166666666666667,8.782407407333332,7.917,7.51,7.34375,7.875,Fase 5 (1° EM),0,,,9.5,2.0,10.0,,,,4.0,,,,,5.0,,False,False,False,False,False,False,False,False,False,False,False,False,False,False
RA-1603,2024,Aluno-1603,5C,5C,Feminino,16.0,2024,Pública,EE Olivia de Faria Nogueira,Cursando,Ametista,7.836518518466668,5.0,8.333333333333334,9.259259258999998,7.5,7.51,7.5,7.835,Fase 6 (2° EM),-1,,,8.5,7.0,9.5,,,,4.0,,,,,6.0,,False,False,False,False,False,False,False,False,False,False,False,False,False,False
RA-1604,2024,Aluno-1604,5C,5C,Masculino,16.0,2024,Pública,EE Maria André Schunck Dona,Cursando,Topázio,8.0118555556,5.0,8.5,7.777777778,9.168,7.51,8.125,8.88,Fase 6 (2° EM),-1,,,10.0,5.5,10.0,,,,4.0,,,,,6.0,,False,False,False,False,False,False,False,False,False,False,False,False,False,False
RA-193,2024,Aluno-193,5C,5C,Masculino,14.0,2021,Privada - Programa de Apadrinhamento,Colégio Arco Íris Evolução,Cursando,Topázio,8.465046969666668,10.0,7.0,9.848484848333333,8.751,6.26,8.4375,8.7525,Fase 4 (9° ano),1,,,6.5,4.5,10.0,,,,4.0,,,,,4.0,,False,False,False,False,False,False,False,False,False,False,False,False,False,False
RA-195,2024,Aluno-195,5C,5C,Feminino,15.0,2021,Privada - Programa de Apadrinhamento,Colégio Arco Íris Evolução,Cursando,Topázio,8.4690496032,10.0,7.833333333333333,9.682539682666667,7.5,6.26,7.96875,8.965,Fase 4 (9° ano),1,,,9.0,6.5,8.0,,,,4.0,,,,,4.0,,False,False,False,False,False,False,False,False,False,False,False,False,False,False
RA-196,2024,Aluno-196,5C,5C,Masculino,14.0,2021,Privada - Programa de Apadrinhamento,Colégio Arco Íris Evolução,Cursando,Topázio,8.823550937933334,10.0,8.0,9.689754689666666,8.751,7.51,8.75,8.9225,Fase 4 (9° ano),1,,,8.0,7.0,9.0,,,,4.0,,,,,4.0,,False,False,False,False,False,False,False,False,False,False,False,False,False,False
RA-197,2024,Aluno-197,5C,5C,Feminino,14.0,2021,Privada - Programa de Apadrinhamento,Colégio Arco Íris Evolução,Cursando,Topázio,8.568238636333334,10.0,8.333333333333334,9.848484848333333,7.5,6.26,7.96875,8.795,Fase 5 (1° EM),0,,,7.0,8.0,10.0,,,,4.0,,,,,5.0,,False,False,False,False,False,False,False,False,False,False,False,False,False,False
RA-229,2024,Aluno-229,5C,5C,Masculino,14.0,2022,Privada - Programa de Apadrinhamento,Colégio Arco Íris Evolução,Cursando,Topázio,8.852545634933334,10.0,8.833333333333334,9.841269841333334,9.585,5.635,8.28125,8.8375,Fase 4 (9° ano),1,,,9.5,7.0,10.0,,,,4.0,,,,,4.0,,False,False,False,False,False,False,False,False,False,False,False,False,False,False
RA-202,2024,Aluno-202,5C,5C,Feminino,16.0,2021,Pública,EE Leonice de Aquino Oliveira,Cursando,Ametista,7.3512154762,5.0,7.5,7.880952381,8.334,6.26,7.65625,7.75,Fase 6 (2° EM),-1,,,8.5,6.0,8.0,,,,4.0,,,,,6.0,,False,False,False,False,False,False,False,False,False,False,False,False,False,False
RA-1176,2024,Aluno-1176,5C,5C,Masculino,14.0,2023,Privada - Programa de Apadrinhamento,Colégio Arco Íris Evolução,Cursando,Topázio,8.914816269866666,10.0,9.166666666666666,9.682539682666667,8.751,6.26,8.59375,8.9225,Fase 4 (9° ano),1,,,10.0,8.0,9.5,,,,4.0,,,,,4.0,,False,False,False,False,False,False,False,False,False,False,False,False,False,False
RA-1177,2024,Aluno-1177,5C,5C,Feminino,15.0,2023,Pública,EE Mario Francisco de Amorim,Cursando,Topázio,8.3233039474,10.0,7.333333333333333,9.824561403666666,8.751,6.26,7.65625,8.125,Fase 5 (1° EM),0,,,9.5,5.5,7.0,,,,4.0,,,,,5.0,,False,False,False,False,False,False,False,False,False,False,False,False,False,False
RA-146,2024,Aluno-146,5D,5D,Feminino,17.0,2022,Pública,EE Mario Francisco de Amorim,Cursando,Topázio,8.134554885333333,5.0,9.333333333333334,9.514316093333333,8.751,5.635,7.65625,8.304,Fase 7 (3° EM),-2,,,9.0,9.0,10.0,,,,5.0,,,,,7.0,,False,False,False,False,False,False,False,False,False,False,False,False,False,False
RA-1199,2024,Aluno-1199,5D,5D,Masculino,18.0,2023,Concluiu o 3º EM,Concluiu o 3º EM,Cursando,Ametista,7.614235714266666,5.0,9.0,8.571428571333334,7.5,5.005,6.5625,8.466,Fase 7 (3° EM),-2,,,10.0,7.0,10.0,,,,5.0,,,,,7.0,,False,False,False,False,False,False,False,False,False,False,False,False,False,False
RA-1178,2024,Aluno-1178,5D,5D,Masculino,17.0,2023,Pública,EE Mario Francisco de Amorim,Cursando,Topázio,8.0934746032,5.0,8.333333333333334,9.682539682666667,8.751,6.26,7.5,8.696,Fase 6 (2° EM),-1,,,9.0,8.0,8.0,,,,5.0,,,,,6.0,,False,False,False,False,False,False,False,False,False,False,False,False,False,False
RA-149,2024,Aluno-149,5D,5D,Feminino,17.0,2022,Pública,EE Leonice de Aquino Oliveira,Cursando,Quartzo,5.7316173854,5.0,3.8333333333333335,4.104378593666667,9.585,6.26,7.34375,6.626,Fase 7 (3° EM),-2,,,0.0,6.5,5.0,,,,5.0,,,,,7.0,,False,False,False,False,False,False,False,False,False,False,False,False,False,False
RA-1605,2024,Aluno-1605,5D,5D,Masculino,16.0,2024,Pública,EE Leonice de Aquino Oliveira,Cursando,Quartzo,4.920488888866667,5.0,2.5,5.0694444443333335,0.0,7.51,7.5,7.028,Fase 6 (2° EM),-1,,,0.0,7.5,0.0,,,,5.0,,,,,6.0,,True,False,False,False,False,False,False,False,False,False,True,False,False,False
RA-107,2024,Aluno-107,5D,5D,Feminino,16.0,2021,Pública,EE Mario Francisco de Amorim,Cursando,Ágata,6.676130827066667,5.0,4.666666666666667,7.9949874686666655,7.5,7.51,7.5,6.964,Fase 6 (2° EM),-1,,,0.0,4.5,9.5,,,,5.0,,,,,6.0,,False,False,False,False,False,False,False,False,False,False,False,False,False,False
RA-184,2024,Aluno-184,5D,5D,Masculino,14.0,2021,Privada - Programa de Apadrinhamento,Colégio Arco Íris Evolução,Cursando,Topázio,8.471456704266666,10.0,8.166666666666666,8.696741854666667,8.751,6.26,7.96875,9.004,Fase 4 (9° ano),1,,,9.5,5.0,10.0,,,,5.0,,,,,4.0,,False,False,False,False,False,False,False,False,False,False,False,False,False,False
RA-1606,2024,Aluno-1606,5D,5D,Feminino,17.0,2024,Pública,EE Paschoal Carlos Magno,Cursando,Quartzo,5.8216796296,5.0,2.5,5.148148148,8.334,7.51,7.8125,7.132,Fase 7 (3° EM),-2,,,7.5,0.0,0.0,,,,5.0,,,,,7.0,,False,False,False,False,False,False,False,False,False,False,False,False,False,False
RA-1607,2024,Aluno-1607,5D,5D,Masculino,16.0,2024,Pública,EE Olivia de Faria Nogueira,Cursando,Quartzo,4.899894444466667,5.0,0.0,6.222222222333333,5.833,5.635,6.5625,6.762,Fase 6 (2° EM),-1,,,,0.0,0.0,,,,5.0,,,,,6.0,,False,False,False,True,False,False,False,False,True,False,False,False,False,False
RA-1608,2024,Aluno-1608,5D,5D,Masculino,15.0,2024,Pública,EE Paschoal Carlos Magno,Cursando,Ametista,7.072539814866667,10.0,5.0,7.199074074333335,8.751,7.51,6.40625,6.83,Fase 5 (1° EM),0,,,8.5,3.5,3.0,,,,5.0,,,,,5.0,,False,False,False,False,False,False,False,False,False,False,False,False,False,False
RA-1173,2024,Aluno-1173,5D,5D,Masculino,15.0,2023,Pública,EE Leonice de Aquino Oliveira,Cursando,Topázio,8.220132915666667,10.0,5.833333333333333,9.665831245,9.168,7.51,8.125,8.2,Fase 5 (1° EM),0,,,6.0,7.5,4.0,,,,5.0,,,,,5.0,,False,False,False,False,False,False,False,False,False,False,False,False,False,False
RA-237,2024,Aluno-237,5F,5F,Feminino,16.0,2022,Privada - Programa de Apadrinhamento,Colégio Arco Íris Evolução,Cursando,Ametista,7.931384271366667,5.0,7.666666666666667,9.689754689666666,8.751,6.26,7.916666667,8.336666667,Fase 6 (2° EM),-1,,,6.0,7.0,10.0,,,,3.0,,,,,6.0,,False,False,False,False,False,False,False,False,False,False,False,False,False,False
RA-147,2024,Aluno-147,5F,5F,Feminino,16.0,2022,Pública,EE Joaquim Mendes Feliz,Cursando,Ametista,7.400477922133334,5.0,6.166666666666667,9.277056277,8.334,7.51,7.5,7.386666667,Fase 6 (2° EM),-1,,,6.0,2.5,10.0,,,,3.0,,,,,6.0,,False,False,False,False,False,False,False,False,False,False,False,False,False,False
RA-131,2024,Aluno-131,5F,5F,Feminino,17.0,2021,Pública,EE Paschoal Carlos Magno,Cursando,Ametista,7.263155555633333,5.0,5.0,9.444444444666667,8.751,7.51,7.708333333,7.386666667,Fase 7 (3° EM),-2,,,4.0,5.0,6.0,,,,3.0,,,,,7.0,,False,False,False,False,False,False,False,False,False,False,False,False,False,False
RA-1609,2024,Aluno-1609,5F,5F,Feminino,17.0,2024,Pública,EE Joaquim Mendes Feliz,Cursando,Ametista,7.577233333233334,5.0,6.0,9.666666666666666,8.334,7.51,7.708333333,7.943333333,Fase 7 (3° EM),-2,,,6.0,4.0,8.0,,,,3.0,,,,,7.0,,False,False,False,False,False,False,False,False,False,False,False,False,False,False
RA-137,2024,Aluno-137,5F,5F,Feminino,18.0,2021,Concluiu o 3º EM,Concluiu o 3º EM,Cursando,Ágata,6.576761183366667,5.0,6.833333333333333,7.582972583,9.585,5.005,4.791666667,6.276666667,Fase 7 (3° EM),-2,,,2.0,8.5,10.0,,,,3.0,,,,,7.0,,False,False,False,False,False,False,False,False,False,False,False,False,True,False
RA-1184,2024,Aluno-1184,5F,5F,Masculino,17.0,2023,Pública,EE Joaquim Mendes Feliz,Cursando,Ametista,7.411701731566668,5.0,7.666666666666667,8.658008657666668,6.666,7.51,7.291666667,7.5,Fase 6 (2° EM),-1,,,6.0,7.0,10.0,,,,3.0,,,,,6.0,,False,False,False,False,False,False,False,False,False,False,False,False,False,False
RA-138,2024,Aluno-138,5F,5F,Masculino,17.0,2021,Pública,EE Paschoal Carlos Magno,Cursando,Ametista,7.3860274169,5.0,5.833333333333333,8.751803751666666,9.585,7.51,7.708333333,7.443333333,Fase 7 (3° EM),-2,,,7.5,5.0,5.0,,,,3.0,,,,,7.0,,False,False,False,False,False,False,False,False,False,False,False,False,False,False
RA-1610,2024,Aluno-1610,5F,5F,Masculino,17.0,2024,Pública,EE Paschoal Carlos Magno,Cursando,Ágata,6.7023729275666675,5.0,5.166666666666667,7.753697970666667,9.168,7.51,7.291666667,6.106666667,Fase 7 (3° EM),-2,,,4.0,2.0,9.5,,,,3.0,,,,,7.0,,False,False,False,False,False,False,False,False,False,False,False,False,False,False
RA-1611,2024,Aluno-1611,5F,5F,Masculino,17.0,2024,Pública,EE Joaquim Mendes Feliz,Cursando,Ágata,6.4589186218000005,5.0,4.5,8.361426442,7.083,7.51,7.5,5.886666667,Fase 7 (3° EM),-2,,,2.0,2.5,9.0,,,,3.0,,,,,7.0,,False,False,False,False,False,False,False,False,False,False,False,False,False,False
RA-1612,2024,Aluno-1612,5F,5F,Masculino,18.0,2024,Pública,EE Joaquim Mendes Feliz,Cursando,Ametista,7.014528571366666,5.0,6.166666666666667,8.523809523666666,6.666,7.51,7.708333333,6.94,Fase 7 (3° EM),-2,,,5.0,6.5,7.0,,,,3.0,,,,,7.0,,False,False,False,False,False,False,False,False,False,False,False,False,False,False
RA-1188,2024,Aluno-1188,5G,5G,Feminino,16.0,2023,Pública,EE Olivia de Faria Nogueira,Cursando,Ametista,7.801633333400001,5.0,7.0,10.0,9.168,7.51,8.125,7.106666667,Fase 6 (2° EM),-1,,,7.0,6.0,8.0,,,,3.0,,,,,6.0,,False,False,False,False,False,False,False,False,False,False,False,False,False,False
RA-1613,2024,Aluno-1613,5G,5G,Feminino,17.0,2024,Pública,EE Leonice de Aquino Oliveira,Cursando,Ágata,6.085471428700001,5.0,3.0,7.1428571430000005,8.334,7.51,7.291666667,6.216666667,Fase 7 (3° EM),-2,,,0.0,1.0,8.0,,,,3.0,,,,,7.0,,False,False,False,False,False,False,False,False,False,False,False,False,False,False
RA-244,2024,Aluno-244,5G,5G,Feminino,14.0,2021,Privada - Programa de Apadrinhamento,Colégio Arco Íris Evolução,Cursando,Topázio,8.7225,10.0,9.5,10.0,7.5,6.26,8.125,8.17,Fase 4 (9° ano),1,,,10.0,9.0,9.5,,,,3.0,,,,,4.0,,False,False,False,False,False,False,False,False,False,False,False,False,False,False
RA-267,2024,Aluno-267,5G,5G,Feminino,17.0,2021,Pública,EE Leonice de Aquino Oliveira,Cursando,Quartzo,5.8963067819666675,5.0,2.0,8.285533910333333,10.002,6.26,4.583333333,6.273333333,Fase 7 (3° EM),-2,,,0.0,2.0,4.0,,,,3.0,,,,,7.0,,False,False,False,False,False,False,False,False,False,False,False,False,True,False
RA-1189,2024,Aluno-1189,5G,5G,Feminino,16.0,2023,Pública,EE Olivia de Faria Nogueira,Cursando,Ametista,7.6486387164,5.0,7.666666666666667,8.672360248333332,9.585,7.51,7.5,7.106666667,Fase 6 (2° EM),-1,,,7.0,7.0,9.0,,,,3.0,,,,,6.0,,False,False,False,False,False,False,False,False,False,False,False,False,False,False
RA-113,2024,Aluno-113,5G,5G,Feminino,16.0,2021,Pública,EE Leonice de Aquino Oliveira,Cursando,Ametista,7.043536903066667,5.0,6.666666666666667,7.063851181666667,8.751,7.51,7.5,7.106666667,Fase 6 (2° EM),-1,,,7.0,6.0,7.0,,,,3.0,,,,,6.0,,False,False,False,False,False,False,False,False,False,False,False,False,False,False
RA-152,2024,Aluno-152,5L,5L,Feminino,17.0,2022,Pública,EE Donizetti Aparecido Leite Professor,Cursando,Ágata,6.5837938596,5.0,5.166666666666667,7.337719298333333,7.5,5.63,7.8125,7.443333333,Fase 7 (3° EM),-2,,,0.0,7.5,8.0,,,,3.0,,,,,7.0,,False,False,False,False,False,False,False,False,False,False,False,False,False,False
RA-318,2024,Aluno-318,5L,5L,Feminino,16.0,2021,Pública,EE Donizetti Aparecido Leite Professor,Cursando,Ametista,7.025000925866668,5.0,4.666666666666667,9.129629629666667,7.917,7.51,7.34375,7.443333333,Fase 6 (2° EM),-1,,,2.0,6.0,6.0,,,,3.0,,,,,6.0,,False,False,False,False,False,False,False,False,False,False,False,False,False,False
RA-274,2024,Aluno-274,5L,5L,Feminino,13.0,2021,Privada - Programa de Apadrinhamento,Colégio Arco Íris Evolução,Cursando,Topázio,8.651029629666667,10.0,9.333333333333334,9.648148147999999,8.334,5.635,8.125,8.226666667,Fase 3 (7° e 8° ano),2,,,9.0,9.0,10.0,,,,3.0,,,,,3.0,,False,False,False,False,False,False,False,False,False,False,False,False,False,False
RA-319,2024,Aluno-319,5L,5L,Masculino,15.0,2022,Pública,EE Donizetti Aparecido Leite Professor,Cursando,Ametista,7.948699561466667,10.0,5.833333333333333,9.024122807,9.585,7.51,7.34375,7.666666667,Fase 5 (1° EM),0,,,4.0,5.0,8.5,,,,3.0,,,,,5.0,,False,False,False,False,False,False,False,False,False,False,False,False,False,False
RA-160,2024,Aluno-160,5L,5L,Feminino,17.0,2021,Privada - Programa de Apadrinhamento,Colégio Arco Íris Evolução,Cursando,Ágata,6.855108333266668,5.0,5.666666666666667,7.416666666666667,8.334,6.26,7.34375,7.723333333,Fase 6 (2° EM),-1,,,3.0,5.5,8.5,,,,3.0,,,,,6.0,,False,False,False,False,False,False,False,False,False,False,False,False,False,False
RA-161,2024,Aluno-161,5L,5L,Feminino,15.0,2021,Privada - Programa de Apadrinhamento,Colégio Arco Íris Evolução,Cursando,Ametista,7.258445588333334,10.0,4.0,7.965686274666666,8.751,6.26,7.96875,7.836666667,Fase 5 (1° EM),0,,,5.0,7.0,0.0,,,,3.0,,,,,5.0,,False,False,False,False,False,False,False,False,False,False,False,False,False,False
RA-1614,2024,Aluno-1614,5L,5L,Masculino,16.0,2024,Pública,EE Donizetti Aparecido Leite Professor,Cursando,Ágata,6.787898989933334,5.0,6.5,6.574494949666668,7.5,7.51,7.5,7.11,Fase 6 (2° EM),-1,,,5.0,5.5,9.0,,,,3.0,,,,,6.0,,False,False,False,False,False,False,False,False,False,False,False,False,False,False
RA-164,2024,Aluno-164,5L,5L,Masculino,17.0,2021,Privada,Colégio Nogueira e Sonho de Criança,Cursando,Ágata,6.837125731066667,5.0,5.666666666666667,8.084795321666666,9.585,6.26,6.25,6.886666667,Fase 7 (3° EM),-2,,,6.0,2.0,9.0,,,,3.0,,,,,7.0,,False,False,False,False,False,False,False,False,False,False,False,False,False,False
RA-165,2024,Aluno-165,5L,5L,Feminino,16.0,2021,Privada - Programa de Apadrinhamento,Colégio Arco Íris Evolução,Cursando,Topázio,8.4627502436,10.0,8.5,9.431042884999998,7.5,7.51,7.96875,7.893333333,Fase 5 (1° EM),0,,,10.0,7.5,8.0,,,,3.0,,,,,5.0,,False,False,False,False,False,False,False,False,False,False,False,False,False,False
RA-1615,2024,Aluno-1615,5M,5M,Feminino,15.0,2024,Pública,EE Donizetti Aparecido Leite Professor,Cursando,Topázio,8.417533333333333,10.0,8.333333333333334,9.833333333333334,7.917,7.51,7.5,7.4575,Fase 5 (1° EM),0,,,8.0,7.0,10.0,,,,4.0,,,,,5.0,,False,False,False,False,False,False,False,False,False,False,False,False,False,False
RA-1616,2024,Aluno-1616,5M,5M,Feminino,17.0,2024,Pública,Estuda em outra cidade,Cursando,Ametista,7.147738235266668,5.0,6.166666666666667,8.436274509666667,8.334,7.51,7.1875,7.12,Fase 6 (2° EM),-1,,,5.5,6.5,6.5,,,,4.0,,,,,6.0,,False,False,False,False,False,False,False,False,False,False,False,False,False,False
RA-271,2024,Aluno-271,5M,5M,Feminino,17.0,2022,Pública,EE Donizetti Aparecido Leite Professor,Cursando,Ametista,7.400633333333334,5.0,7.333333333333333,8.958333333333334,9.168,6.26,7.5,6.7475,Fase 6 (2° EM),-1,,,5.0,7.5,9.5,,,,4.0,,,,,6.0,,False,False,False,False,False,False,False,False,False,False,False,False,False,False
RA-316,2024,Aluno-316,5M,5M,Feminino,15.0,2022,Privada - Programa de Apadrinhamento,Colégio Arco Íris Evolução,Cursando,Topázio,8.708925,10.0,8.0,10.0,9.168,7.51,7.65625,8.3775,Fase 5 (1° EM),0,,,8.5,7.0,8.5,,,,4.0,,,,,5.0,,False,False,False,False,False,False,False,False,False,False,False,False,False,False
RA-286,2024,Aluno-286,5M,5M,Feminino,16.0,2022,Pública,EE Donizetti Aparecido Leite Professor,Cursando,Quartzo,5.123180882333333,5.0,3.1666666666666665,4.031862745000001,6.666,6.26,7.34375,5.7825,Fase 6 (2° EM),-1,,,5.0,0.0,4.5,,,,4.0,,,,,6.0,,False,False,False,False,False,False,False,False,False,False,False,False,False,False
RA-320,2024,Aluno-320,5M,5M,Feminino,15.0,2022,Privada - Programa de Apadrinhamento,Colégio Arco Íris Evolução,Cursando,Topázio,8.442258333333335,10.0,6.666666666666667,10.0,9.168,7.51,7.65625,8.3775,Fase 5 (1° EM),0,,,7.5,5.5,7.0,,,,4.0,,,,,5.0,,False,False,False,False,False,False,False,False,False,False,False,False,False,False
RA-1207,2024,Aluno-1207,5M,5M,Feminino,16.0,2023,Pública,EE Donizetti Aparecido Leite Professor,Cursando,Ágata,6.509169736866667,5.0,5.333333333333333,6.581140350999999,8.334,7.51,7.34375,6.5375,Fase 6 (2° EM),-1,,,4.5,1.5,10.0,,,,4.0,,,,,6.0,,False,False,False,False,False,False,False,False,False,False,False,False,False,False
RA-1617,2024,Aluno-1617,5M,5M,Feminino,16.0,2024,Pública,EE Donizetti Aparecido Leite Professor,Cursando,Quartzo,4.926285714266666,5.0,3.25,5.571428571333333,0.0,7.51,6.875,6.1175,Fase 6 (2° EM),-1,,,0.5,6.0,,,,,4.0,,,,,6.0,,True,False,False,False,False,False,False,False,False,False,True,False,False,False
RA-158,2024,Aluno-158,5M,5M,Feminino,15.0,2021,Privada - Programa de Apadrinhamento,Colégio Arco Íris Evolução,Cursando,Ágata,6.855159259266667,10.0,4.0,7.796296296333334,8.334,6.26,6.875,6.745,Fase 5 (1° EM),0,,,2.5,1.5,8.0,,,,4.0,,,,,5.0,,False,False,False,False,False,False,False,False,False,False,False,False,False,False
RA-306,2024,Aluno-306,5M,5M,Feminino,16.0,2021,Pública,EE Donizetti Aparecido Leite Professor,Cursando,Ágata,6.1661539474,5.0,2.8333333333333335,7.699561403666666,7.917,7.51,7.34375,6.4125,Fase 6 (2° EM),-1,,,3.5,1.5,3.5,,,,4.0,,,,,6.0,,False,False,False,False,False,False,False,False,False,False,False,False,False,False
RA-1618,2024,Aluno-1618,5M,5M,Masculino,17.0,2024,Pública,EE Donizetti Aparecido Leite Professor,Cursando,Ametista,7.0487660130666665,5.0,6.333333333333333,7.908496732000001,8.334,7.51,7.5,6.83,Fase 6 (2° EM),-1,,,5.0,7.0,7.0,,,,4.0,,,,,6.0,,False,False,False,False,False,False,False,False,False,False,False,False,False,False
RA-308,2024,Aluno-308,5M,5M,Masculino,15.0,2021,Pública,EE Leonice de Aquino Oliveira,Cursando,Ametista,7.489282456133334,10.0,6.5,8.714912280666667,7.083,5.635,7.5,7.1225,Fase 4 (9° ano),1,,,5.5,7.0,7.0,,,,4.0,,,,,4.0,,False,False,False,False,False,False,False,False,False,False,False,False,False,False
RA-1619,2024,Aluno-1619,5M,5M,Masculino,15.0,2024,Pública,EE Maria André Schunck Dona,Cursando,Ametista,7.393951851866667,10.0,4.25,9.259259259333334,7.501,7.51,7.5,7.205,Fase 4 (9° ano),1,,,4.0,4.5,,,,,4.0,,,,,4.0,,False,False,False,False,False,False,False,False,False,False,False,False,False,False
RA-299,2024,Aluno-299,5N,5N,Feminino,15.0,2021,Privada - Programa de Apadrinhamento,Colégio Arco Íris Evolução,Cursando,Topázio,8.177186956533333,10.0,8.166666666666666,8.963768115999999,8.751,6.26,7.5,7.5,Fase 4 (9° ano),1,,,8.0,7.5,9.0,,,,3.0,,,,,4.0,,False,False,False,False,False,False,False,False,False,False,False,False,False,False
RA-251,2024,Aluno-251,5N,5N,Masculino,16.0,2021,Pública,EE Maria André Schunck Dona,Cursando,Ágata,6.7135006212,5.0,4.5,8.612836439,8.751,5.63,6.875,7.326666667,Fase 6 (2° EM),-1,,,4.0,2.5,7.0,,,,3.0,,,,,6.0,,False,False,False,False,False,False,False,False,False,False,False,False,False,False
RA-157,2024,Aluno-157,5N,5N,Feminino,14.0,2021,Privada - Programa de Apadrinhamento,Colégio Arco Íris Evolução,Cursando,Topázio,8.950566666733334,10.0,9.666666666666666,10.0,8.334,6.26,8.125,8.726666667,Fase 4 (9° ano),1,,,10.0,9.0,10.0,,,,3.0,,,,,4.0,,False,False,False,False,False,False,False,False,False,False,False,False,False,False
RA-1620,2024,Aluno-1620,5N,5N,Masculino,16.0,2024,Pública,EE Maria André Schunck Dona,Cursando,Ágata,6.652766666666667,5.0,5.166666666666667,6.666666666666667,8.751,7.51,7.5,7.05,Fase 6 (2° EM),-1,,,5.5,7.0,3.0,,,,3.0,,,,,6.0,,False,False,False,False,False,False,False,False,False,False,False,False,False,False
RA-321,2024,Aluno-321,5N,5N,Feminino,14.0,2022,Pública,EE Donizetti Aparecido Leite Professor,Cursando,Topázio,8.125807932933334,10.0,7.166666666666667,9.534706331,7.917,6.26,8.125,7.776666667,Fase 4 (9° ano),1,,,6.0,6.0,9.5,,,,3.0,,,,,4.0,,False,False,False,False,False,False,False,False,False,False,False,False,False,False
RA-1195,2024,Aluno-1195,5N,5N,Feminino,18.0,2022,Pública,EE Maria André Schunck Dona,Cursando,Ametista,7.5085144926666665,5.0,6.166666666666667,9.855072463666666,9.585,5.63,7.5,7.663333333,Fase 7 (3° EM),-2,,,8.0,5.0,5.5,,,,3.0,,,,,7.0,,False,False,False,False,False,False,False,False,False,False,False,False,False,False
RA-1200,2024,Aluno-1200,5N,5N,Feminino,16.0,2023,Pública,EE Maria André Schunck Dona,Cursando,Quartzo,5.6415838956,5.0,1.5,7.099419478000001,7.917,6.26,7.5,6.27,Fase 6 (2° EM),-1,,,0.0,4.5,0.0,,,,3.0,,,,,6.0,,False,False,False,False,False,False,False,False,False,False,False,False,False,False
RA-278,2024,Aluno-278,5N,5N,Masculino,14.0,2021,Privada - Programa de Apadrinhamento,Colégio Arco Íris Evolução,Cursando,Topázio,8.907314492800001,10.0,9.333333333333334,9.855072463666666,9.168,7.51,8.125,7.946666667,Fase 4 (9° ano),1,,,9.0,9.0,10.0,,,,3.0,,,,,4.0,,False,False,False,False,False,False,False,False,False,False,False,False,False,False
RA-85,2024,Aluno-85,5N,5N,Masculino,17.0,2022,Pública,EE Maria André Schunck Dona,Cursando,Ágata,6.999509385733333,5.0,7.666666666666667,8.668046928999999,8.334,3.755,6.25,6.993333333,Fase 7 (3° EM),-2,,,9.0,4.5,9.5,,,,3.0,,,,,7.0,,False,False,False,False,False,False,False,False,False,False,False,True,False,False
RA-279,2024,Aluno-279,5N,5N,Masculino,15.0,2021,Privada - Programa de Apadrinhamento,Colégio Arco Íris Evolução,Cursando,Topázio,9.113133333366667,10.0,9.333333333333334,10.0,9.168,7.51,8.333333333,8.726666667,Fase 4 (9° ano),1,,,10.0,8.0,10.0,,,,3.0,,,,,4.0,,False,False,False,False,False,False,False,False,False,False,False,False,False,False
RA-1621,2024,Aluno-1621,5N,5N,Feminino,17.0,2024,Pública,EE Leonice de Aquino Oliveira,Cursando,Topázio,8.107033333366667,5.0,8.333333333333334,10.0,7.917,6.26,8.333333333,8.446666667,Fase 6 (2° EM),-1,,,7.5,7.5,10.0,,,,3.0,,,,,6.0,,False,False,False,False,False,False,False,False,False,False,False,False,False,False
RA-280,2024,Aluno-280,5N,5N,Feminino,15.0,2021,Privada - Programa de Apadrinhamento,Colégio Arco Íris Evolução,Cursando,Topázio,8.822714492700001,10.0,9.333333333333334,9.855072463666666,7.917,6.26,8.333333333,8.67,Fase 4 (9° ano),1,,,10.0,8.0,10.0,,,,3.0,,,,,4.0,,False,False,False,False,False,False,False,False,False,False,False,False,False,False
RA-1201,2024,Aluno-1201,5N,5N,Masculino,16.0,2023,Pública,EE Maria André Schunck Dona,Cursando,Topázio,8.376195238033333,5.0,9.0,9.523809523666666,8.751,7.51,8.333333333,8.56,Fase 6 (2° EM),-1,,,9.0,8.0,10.0,,,,3.0,,,,,6.0,,False,False,False,False,False,False,False,False,False,False,False,False,False,False
RA-1622,2024,Aluno-1622,5N,5N,Feminino,16.0,2024,Pública,EE Maria André Schunck Dona,Cursando,Topázio,8.429066666633334,5.0,9.666666666666666,10.0,8.334,7.51,8.333333333,7.89,Fase 6 (2° EM),-1,,,10.0,9.0,10.0,,,,3.0,,,,,6.0,,False,False,False,False,False,False,False,False,False,False,False,False,False,False
RA-132,2024,Aluno-132,6A,6A,Feminino,16.0,2021,Privada - Programa de Apadrinhamento,Colégio Arco Íris Evolução,Cursando,Topázio,8.4746321428,10.0,8.333333333333334,8.380952380666665,8.334,7.51,8.59375,8.44,Fase 6 (2° EM),0,,,7.0,8.0,10.0,,,,5.0,,,,,6.0,,False,False,False,False,False,False,False,False,False,False,False,False,False,False
RA-42,2024,Aluno-42,6A,6A,Masculino,17.0,2021,Pública,EE Paschoal Carlos Magno,Cursando,Ametista,7.656628769866667,5.0,8.166666666666666,9.682539682666667,9.168,5.635,6.796875,7.134,Fase 7 (3° EM),-1,,,9.0,7.5,8.0,,,,5.0,,,,,7.0,,False,False,False,False,False,False,False,False,False,False,False,False,False,False
RA-1623,2024,Aluno-1623,6A,6A,Masculino,17.0,2024,Pública,EE Alexandre Rodrigues Nogueira,Cursando,Ametista,7.7609537037333345,10.0,6.0,8.518518518666667,9.168,6.26,7.8125,7.666,Fase 6 (2° EM),0,,,5.5,2.5,10.0,,,,5.0,,,,,6.0,,False,False,False,False,False,False,False,False,False,False,False,False,False,False
RA-106,2024,Aluno-106,6A,6A,Feminino,16.0,2021,Privada - Programa de Apadrinhamento,Colégio Arco Íris Evolução,Cursando,Ametista,7.721664285733334,10.0,5.666666666666667,8.761904762,9.168,5.635,7.8125,7.872,Fase 6 (2° EM),0,,,7.0,3.5,6.5,,,,5.0,,,,,6.0,,False,False,False,False,False,False,False,False,False,False,False,False,False,False
RA-123,2024,Aluno-123,6A,6A,Masculino,18.0,2021,Privada - Programa de Apadrinhamento,Colégio Arco Íris Evolução,Cursando,Ágata,6.887248015866668,5.0,7.166666666666667,8.412698412666666,7.5,5.635,6.71875,6.43,Fase 7 (3° EM),-1,,,6.5,5.5,9.5,,,,5.0,,,,,7.0,,False,False,False,False,False,False,False,False,False,False,False,False,False,False
RA-125,2024,Aluno-125,6A,6A,Feminino,17.0,2022,Privada,João Friaza Colégio,Cursando,Ágata,6.627079761933334,5.0,6.166666666666667,5.6428571430000005,8.334,7.51,7.34375,7.232,Fase 7 (3° EM),-1,,,3.0,7.0,8.5,,,,5.0,,,,,7.0,,False,False,False,False,False,False,False,False,False,False,False,False,False,False
RA-1624,2024,Aluno-1624,6A,6A,Feminino,18.0,2024,Concluiu o 3º EM,Concluiu o 3º EM,Cursando,Ametista,7.743213492066667,5.0,7.5,9.460317460333334,7.917,7.51,7.8125,7.636,Fase 7 (3° EM),-1,,,8.0,5.5,9.0,,,,5.0,,,,,7.0,,False,False,False,False,False,False,False,False,False,False,False,False,False,False
RA-1625,2024,Aluno-1625,6A,6A,Masculino,17.0,2024,Pública,EE Joaquim Mendes Feliz,Cursando,Ágata,6.888194089266667,10.0,4.333333333333333,7.112887113,7.5,7.51,7.1875,6.896,Fase 6 (2° EM),0,,,3.0,2.0,8.0,,,,5.0,,,,,6.0,,False,False,False,False,False,False,False,False,False,False,False,False,False,False
RA-1626,2024,Aluno-1626,6A,6A,Feminino,16.0,2024,Pública,EE Paschoal Carlos Magno,Cursando,Topázio,8.541085606066668,10.0,7.333333333333333,9.696969697,8.751,7.51,8.28125,8.404,Fase 6 (2° EM),0,,,5.5,6.5,10.0,,,,5.0,,,,,6.0,,False,False,False,False,False,False,False,False,False,False,False,False,False,False
RA-1627,2024,Aluno-1627,6A,6A,Feminino,17.0,2024,Pública,EE Alexandre Rodrigues Nogueira,Cursando,Ametista,7.481547222200001,5.0,7.833333333333333,7.777777777666667,7.083,7.51,7.65625,8.172,Fase 7 (3° EM),-1,,,6.0,7.5,10.0,,,,5.0,,,,,7.0,,False,False,False,False,False,False,False,False,False,False,False,False,False,False
RA-1628,2024,Aluno-1628,6A,6A,Feminino,16.0,2024,Pública,EE Joaquim Mendes Feliz,Cursando,Ametista,7.500131368600001,10.0,5.833333333333333,8.509823509666667,8.334,7.51,6.875,6.798,Fase 6 (2° EM),0,,,3.0,5.0,9.5,,,,5.0,,,,,6.0,,False,False,False,False,False,False,False,False,False,False,False,False,False,False
RA-112,2024,Aluno-112,6A,6A,Feminino,17.0,2021,Privada - Programa de Apadrinhamento,Colégio Arco Íris Evolução,Cursando,Topázio,8.052609920666667,10.0,8.0,7.978174603333333,7.083,7.51,7.96875,8.004,Fase 6 (2° EM),0,,,9.5,6.0,8.5,,,,5.0,,,,,6.0,,False,False,False,False,False,False,False,False,False,False,False,False,False,False
RA-1629,2024,Aluno-1629,6A,6A,Feminino,17.0,2024,Pública,EE Paschoal Carlos Magno,Cursando,Ametista,7.560550529133334,5.0,7.25,8.645502645666667,9.585,7.51,7.1875,7.266,Fase 7 (3° EM),-1,,,8.75,3.0,10.0,,,,5.0,,,,,7.0,,False,False,False,False,False,False,False,False,False,False,False,False,False,False
RA-91,2024,Aluno-91,6L,6L,Feminino,18.0,2021,Privada - Programa de Apadrinhamento,Colégio Arco Íris Evolução,Cursando,Ametista,7.426704761933335,5.0,7.333333333333333,7.476190476333334,10.002,5.635,7.875,8.068,Fase 7 (3° EM),-1,,,9.0,4.0,9.0,,,,5.0,,,,,7.0,,False,False,False,False,False,False,False,False,False,False,False,False,False,False
RA-167,2024,Aluno-167,6L,6L,Feminino,18.0,2021,Privada - Programa de Apadrinhamento,Colégio Arco Íris Evolução,Cursando,Topázio,8.033470175466666,5.0,8.166666666666666,9.473684210666667,8.751,6.26,8.375,8.334,Fase 7 (3° EM),-1,,,8.0,6.5,10.0,,,,5.0,,,,,7.0,,False,False,False,False,False,False,False,False,False,False,False,False,False,False
RA-1203,2024,Aluno-1203,6L,6L,Feminino,17.0,2023,Privada - Programa de Apadrinhamento,Colégio Arco Íris Evolução,Cursando,Topázio,8.9495245614,10.0,9.0,9.649122807,9.168,7.51,8.375,8.572,Fase 6 (2° EM),0,,,8.5,9.0,9.5,,,,5.0,,,,,6.0,,False,False,False,False,False,False,False,False,False,False,False,False,False,False
RA-94,2024,Aluno-94,6L,6L,Feminino,17.0,2021,Privada - Programa de Apadrinhamento,Colégio Arco Íris Evolução,Cursando,Topázio,8.637033333333335,10.0,8.0,9.666666666666666,10.002,6.26,8.375,8.2,Fase 6 (2° EM),0,,,7.0,7.0,10.0,,,,5.0,,,,,6.0,,False,False,False,False,False,False,False,False,False,False,False,False,False,False
RA-81,2024,Aluno-81,6L,6L,Feminino,16.0,2021,Privada - Programa de Apadrinhamento,Colégio Arco Íris Evolução,Cursando,Topázio,8.256566666666668,10.0,7.5,9.333333333333334,9.168,6.26,7.875,7.798,Fase 6 (2° EM),0,,,9.0,6.5,7.0,,,,5.0,,,,,6.0,,False,False,False,False,False,False,False,False,False,False,False,False,False,False
RA-1630,2024,Aluno-1630,6L,6L,Masculino,16.0,2024,Privada - Programa de Apadrinhamento,Colégio Arco Íris Evolução,Cursando,Topázio,8.583133333333334,10.0,7.333333333333333,9.833333333333334,8.334,7.51,8.25,8.702,Fase 6 (2° EM),0,,,9.0,9.0,4.0,,,,5.0,,,,,6.0,,False,False,False,False,False,False,False,False,False,False,False,False,False,False
RA-171,2024,Aluno-171,6L,6L,Masculino,18.0,2022,Pública,EE Donizetti Aparecido Leite Professor,Cursando,Ametista,7.3289333333333335,5.0,8.333333333333334,7.833333333333333,7.5,5.635,7.625,7.598,Fase 7 (3° EM),-1,,,7.0,8.0,10.0,,,,5.0,,,,,7.0,,False,False,False,False,False,False,False,False,False,False,False,False,False,False
RA-1220,2024,Aluno-1220,6L,6L,Feminino,18.0,2023,Concluiu o 3º EM,Concluiu o 3º EM,Cursando,Ametista,7.143244444466667,5.0,7.666666666666667,8.555555555666666,7.083,6.885,7.5,6.26,Fase 7 (3° EM),-1,,,9.0,7.0,7.0,,,,5.0,,,,,7.0,,False,False,False,False,False,False,False,False,False,False,False,False,False,False
RA-1631,2024,Aluno-1631,6L,6L,Masculino,17.0,2024,Privada,Rede Decisão - Unidade União,Cursando,Topázio,8.186433333333333,5.0,7.166666666666667,10.0,9.585,7.51,8.5,8.468,Fase 7 (3° EM),-1,,,5.0,6.5,10.0,,,,5.0,,,,,7.0,,False,False,False,False,False,False,False,False,False,False,False,False,False,False
RA-1632,2024,Aluno-1632,6L,6L,Masculino,16.0,2024,Pública,EE Donizetti Aparecido Leite Professor,Cursando,Topázio,8.389333333333335,10.0,6.666666666666667,10.0,9.168,7.51,7.75,8.066,Fase 6 (2° EM),0,,,9.0,6.0,5.0,,,,5.0,,,,,6.0,,False,False,False,False,False,False,False,False,False,False,False,False,False,False
RA-1210,2024,Aluno-1210,6L,6L,Feminino,17.0,2023,Pública,EE Donizetti Aparecido Leite Professor,Cursando,Topázio,8.2302,10.0,5.5,10.0,9.585,7.51,7.875,8.166,Fase 6 (2° EM),0,,,5.0,6.5,5.0,,,,5.0,,,,,6.0,,False,False,False,False,False,False,False,False,False,False,False,False,False,False
RA-175,2024,Aluno-175,6L,6L,Feminino,17.0,2021,Privada - Programa de Apadrinhamento,Colégio Arco Íris Evolução,Cursando,Topázio,8.024136842133334,5.0,8.5,9.473684210666667,10.002,6.26,7.5,7.766,Fase 7 (3° EM),-1,,,9.5,6.5,9.5,,,,5.0,,,,,7.0,,False,False,False,False,False,False,False,False,False,False,False,False,False,False
RA-80,2024,Aluno-80,7A,7A,Feminino,18.0,2021,Privada - Programa de Apadrinhamento,Colégio Arco Íris Evolução,Cursando,Topázio,8.131659175733333,10.0,7.0,7.8961292116666675,8.751,8.13,8.75,7.946666667,Fase 7 (3° EM),0,,,5.0,6.0,10.0,,,,3.0,,,,,7.0,,False,False,False,False,False,False,False,False,False,False,False,False,False,False
RA-40,2024,Aluno-40,7A,7A,Feminino,18.0,2021,Privada - Programa de Apadrinhamento,Colégio Arco Íris Evolução,Cursando,Ametista,7.098051462066667,10.0,5.333333333333333,7.211257310000001,7.083,8.13,8.125,6.276666667,Fase 7 (3° EM),0,,,3.5,6.0,6.5,,,,3.0,,,,,7.0,,False,False,False,False,False,False,False,False,False,False,False,False,False,False
RA-1214,2024,Aluno-1214,7A,7A,Masculino,17.0,2023,Pública,EE Paschoal Carlos Magno,Cursando,Topázio,8.5902971362,10.0,8.0,9.081527348,10.002,8.13,8.28125,7.663333333,Fase 7 (3° EM),0,,,8.0,6.0,10.0,,,,3.0,,,,,7.0,,False,False,False,False,False,False,False,False,False,False,False,False,False,False
RA-92,2024,Aluno-92,7A,7A,Feminino,18.0,2021,Privada - Programa de Apadrinhamento,Colégio Arco Íris Evolução,Cursando,Topázio,8.052279017,10.0,7.5,8.769145085,10.002,7.51,7.8125,6.33,Fase 7 (3° EM),0,,,8.0,5.0,9.5,,,,3.0,,,,,7.0,,False,False,False,False,False,False,False,False,False,False,False,False,False,False
RA-45,2024,Aluno-45,7A,7A,Feminino,17.0,2021,Privada - Programa de Apadrinhamento,Colégio Arco Íris Evolução,Cursando,Topázio,8.743476190400001,10.0,8.0,9.619047619,7.5,9.38,8.75,8.283333333,Fase 7 (3° EM),0,,,7.5,7.0,9.5,,,,3.0,,,,,7.0,,False,False,False,False,False,False,False,False,False,False,False,False,False,False
RA-56,2024,Aluno-56,7A,7A,Feminino,17.0,2021,Privada - Programa de Apadrinhamento,Colégio Arco Íris Evolução,Cursando,Topázio,9.077020175400001,10.0,7.666666666666667,9.265350877333333,10.002,10.0,8.4375,9.233333333,Fase 7 (3° EM),0,,,8.0,6.0,9.0,,,,3.0,,,,,7.0,,False,False,False,False,False,False,False,False,False,False,False,True,False,False
RA-57,2024,Aluno-57,7A,7A,Masculino,18.0,2021,Privada - Programa de Apadrinhamento,Colégio Arco Íris Evolução,Cursando,Ametista,7.4193804301999995,10.0,6.166666666666667,6.010860484333333,9.585,6.88,8.59375,7.39,Fase 7 (3° EM),0,,,6.0,6.5,6.0,,,,3.0,,,,,7.0,,False,False,False,False,False,False,False,False,False,False,False,False,False,False
RA-58,2024,Aluno-58,7A,7A,Masculino,17.0,2021,Privada - Programa de Apadrinhamento,Colégio Arco Íris Evolução,Cursando,Topázio,8.7713289474,10.0,7.333333333333333,9.824561403666666,9.585,7.51,9.0625,8.62,Fase 7 (3° EM),0,,,8.0,6.5,7.5,,,,3.0,,,,,7.0,,False,False,False,False,False,False,False,False,False,False,False,False,False,False
RA-78,2024,Aluno-78,7A,7A,Feminino,19.0,2021,Privada - Programa de Apadrinhamento,Colégio Arco Íris Evolução,Cursando,Topázio,8.1780308688,10.0,7.5,8.028404344,8.751,8.755,8.4375,7.39,Fase 7 (3° EM),0,,,6.5,6.0,10.0,,,,3.0,,,,,7.0,,False,False,False,False,False,False,False,False,False,False,False,False,False,False
RA-87,2024,Aluno-87,7A,7A,Masculino,17.0,2021,Privada - Programa de Apadrinhamento,Colégio Arco Íris Evolução,Cursando,Topázio,9.437924561333332,10.0,9.166666666666666,9.649122807,8.751,9.375,9.375,9.623333333,Fase 6 (2° EM),1,,,10.0,7.5,10.0,,,,3.0,,,,,6.0,,False,False,False,False,False,False,False,False,False,False,False,False,False,False
RA-64,2024,Aluno-64,7A,7A,Feminino,18.0,2021,Privada - Programa de Apadrinhamento,Colégio Arco Íris Evolução,Cursando,Topázio,8.743607059266667,10.0,8.166666666666666,8.980785296666667,10.002,8.135,8.4375,8.283333333,Fase 7 (3° EM),0,,,8.0,6.5,10.0,,,,3.0,,,,,7.0,,False,False,False,False,False,False,False,False,False,False,False,False,False,False
RA-48,2024,Aluno-48,7A,7A,Feminino,17.0,2021,Privada - Programa de Apadrinhamento,Colégio Arco Íris Evolução,Cursando,Topázio,8.402390371800001,10.0,7.5,8.339076859,7.917,9.375,8.59375,8.23,Fase 7 (3° EM),0,,,6.5,6.0,10.0,,,,3.0,,,,,7.0,,False,False,False,False,False,False,False,False,False,False,False,False,False,False
RA-1230,2024,Aluno-1230,7E,7E,Feminino,17.0,2021,Privada - Programa de Apadrinhamento,Colégio Albert Einstein - SP,Cursando,Quartzo,4.7612000000000005,10.0,0.0,0.0,7.917,7.195,7.5,7.5,Fase 7 (3° EM),0,,,0.0,0.0,0.0,,,,0.0,,,,,7.0,,False,True,False,True,False,False,False,False,True,True,False,False,False,False
RA-90,2024,Aluno-90,7E,7E,Feminino,15.0,2021,Privada *Parcerias com Bolsa 100%,Colégio Poliedro - SP,Cursando,Topázio,8.352033333333335,10.0,8.066666666666666,9.0,10.002,6.885,7.5,7.5,Fase 5 (1° EM),2,,,7.7,8.3,8.2,,,,0.0,,,,,5.0,,False,False,False,False,False,False,False,False,False,False,False,False,False,False
RA-269,2024,Aluno-269,7E,7E,Masculino,15.0,2022,Privada *Parcerias com Bolsa 100%,FIAP School - SP,Cursando,Topázio,8.4773,10.0,8.200000000000001,9.6,9.168,7.505,7.5,7.5,Fase 5 (1° EM),2,,,8.1,8.6,7.9,,,,0.0,,,,,5.0,,False,False,False,False,False,False,False,False,False,False,False,False,False,False
RA-270,2024,Aluno-270,7E,7E,Feminino,15.0,2021,Privada - Programa de Apadrinhamento,Colégio Albert Einstein - SP,Cursando,Quartzo,4.79255,10.0,0.0,0.0,9.168,6.2575,7.5,7.5,Fase 5 (1° EM),2,,,0.0,0.0,0.0,,,,0.0,,,,,5.0,,False,True,False,True,False,False,False,False,True,True,False,False,False,False
RA-76,2024,Aluno-76,7E,7E,Feminino,16.0,2021,Privada *Parcerias com Bolsa 100%,Colégio Poliedro - SP,Cursando,Topázio,8.152033333333334,10.0,7.066666666666666,9.0,10.002,6.885,7.5,7.5,Fase 5 (1° EM),2,,,7.3,7.8,6.1,,,,0.0,,,,,5.0,,False,False,False,False,False,False,False,False,False,False,False,False,False,False
RA-153,2024,Aluno-153,7E,7E,Feminino,16.0,2021,Privada - Programa de Apadrinhamento,Colégio Albert Einstein - SP,Cursando,Quartzo,4.78185,10.0,0.0,0.0,8.751,6.5675,7.5,7.5,Fase 5 (1° EM),2,,,0.0,0.0,0.0,,,,0.0,,,,,5.0,,False,True,False,True,False,False,False,False,True,True,False,False,False,False
RA-1226,2024,Aluno-1226,7E,7E,Feminino,17.0,2021,Privada *Parcerias com Bolsa 100%,Colégio Poliedro - SP,Cursando,Ametista,7.785233333333334,10.0,6.066666666666666,9.0,8.334,6.885,7.5,7.5,Fase 7 (3° EM),0,,,6.0,6.2,6.0,,,,0.0,,,,,7.0,,False,False,False,False,False,False,False,False,False,False,False,False,False,False
RA-93,2024,Aluno-93,7E,7E,Feminino,17.0,2021,Privada - Programa de Apadrinhamento,Colégio Albert Einstein - SP,Cursando,Topázio,8.275550000066668,10.0,7.483333333333333,9.931666667,9.168,6.2575,7.5,7.5,Fase 6 (2° EM),1,,,6.75,7.2,8.5,,,,0.0,,,,,6.0,,False,False,False,False,False,False,False,False,False,False,False,False,False,False
RA-119,2024,Aluno-119,7E,7E,Feminino,16.0,2021,Privada - Programa de Apadrinhamento,Colégio Albert Einstein - SP,Cursando,Topázio,8.085299999933333,10.0,7.366666666666667,9.983333333,7.083,6.57,7.5,7.5,Fase 6 (2° EM),1,,,6.05,7.5,8.55,,,,0.0,,,,,6.0,,False,False,False,False,False,False,False,False,False,False,False,False,False,False
RA-241,2024,Aluno-241,7E,7E,Masculino,16.0,2021,Privada *Parcerias com Bolsa 100%,FIAP School - SP,Cursando,Topázio,8.311616666733334,10.0,6.816666666666667,9.891666667,10.002,7.1975,7.5,7.5,Fase 5 (1° EM),2,,,6.15,7.2,7.1,,,,0.0,,,,,5.0,,False,False,False,False,False,False,False,False,False,False,False,False,False,False
RA-242,2024,Aluno-242,7E,7E,Masculino,15.0,2021,Privada *Parcerias com Bolsa 100%,FIAP School - SP,Cursando,Topázio,8.2887,10.0,7.650000000000001,9.621,9.585,6.26,7.5,7.5,Fase 5 (1° EM),2,,,8.05,8.05,6.85,,,,0.0,,,,,5.0,,False,False,False,False,False,False,False,False,False,False,False,False,False,False
RA-52,2024,Aluno-52,7E,7E,Masculino,15.0,2021,Privada *Parcerias com Bolsa 100%,FIAP School - SP,Cursando,Topázio,8.144466666733333,10.0,7.216666666666666,9.437666667,8.751,6.885,7.5,7.5,Fase 5 (1° EM),2,,,6.8,8.85,6.0,,,,0.0,,,,,5.0,,False,False,False,False,False,False,False,False,False,False,False,False,False,False
RA-1227,2024,Aluno-1227,7E,7E,Feminino,17.0,2021,Privada - Programa de Apadrinhamento,Colégio Albert Einstein - SP,Cursando,Quartzo,4.8446,10.0,0.0,0.0,8.751,7.195,7.5,7.5,Fase 7 (3° EM),0,,,0.0,0.0,0.0,,,,0.0,,,,,7.0,,False,True,False,True,False,False,False,False,True,True,False,False,False,False
RA-245,2024,Aluno-245,7E,7E,Masculino,16.0,2021,Privada - Programa de Apadrinhamento,Colégio Albert Einstein - SP,Cursando,Topázio,8.452633333266668,10.0,8.033333333333333,9.953333333,9.168,6.885,7.5,7.5,Fase 5 (1° EM),2,,,8.4,7.6,8.1,,,,0.0,,,,,5.0,,False,False,False,False,False,False,False,False,False,False,False,False,False,False
RA-246,2024,Aluno-246,7E,7E,Masculino,15.0,2022,Privada *Parcerias com Bolsa 100%,FIAP School - SP,Cursando,Quartzo,4.7404,10.0,0.0,0.0,8.334,6.57,7.5,7.5,Fase 5 (1° EM),2,,,0.0,0.0,0.0,,,,0.0,,,,,5.0,,False,True,False,True,False,False,False,False,True,True,False,False,False,False
RA-1228,2024,Aluno-1228,7E,7E,Feminino,18.0,2021,Privada - Programa de Apadrinhamento,Colégio Albert Einstein - SP,Cursando,Quartzo,4.8761,10.0,0.0,0.0,8.751,7.51,7.5,7.5,Fase 7 (3° EM),0,,,0.0,0.0,0.0,,,,0.0,,,,,7.0,,False,True,False,True,False,False,False,False,True,True,False,False,False,False
RA-1229,2024,Aluno-1229,7E,7E,Feminino,17.0,2021,Privada - Programa de Apadrinhamento,Colégio Albert Einstein - SP,Cursando,Quartzo,4.8238,10.0,0.0,0.0,9.168,6.57,7.5,7.5,Fase 7 (3° EM),0,,,0.0,0.0,0.0,,,,0.0,,,,,7.0,,False,True,False,True,False,False,False,False,True,True,False,False,False,False
RA-98,2024,Aluno-98,7E,7E,Feminino,16.0,2021,Privada *Parcerias com Bolsa 100%,FIAP School - SP,Cursando,Topázio,8.617450000000002,10.0,8.9,9.546,9.585,7.1975,7.5,7.5,Fase 6 (2° EM),1,,,9.2,8.9,8.6,,,,0.0,,,,,6.0,,False,False,False,False,False,False,False,False,False,False,False,False,False,False
RA-277,2024,Aluno-277,7E,7E,Masculino,16.0,2021,Privada *Parcerias com Bolsa 100%,FIAP School - SP,Cursando,Topázio,8.0689833334,10.0,6.8999999999999995,9.741666667,8.334,6.5725,7.5,7.5,Fase 5 (1° EM),2,,,6.5,8.15,6.05,,,,0.0,,,,,5.0,,False,False,False,False,False,False,False,False,False,False,False,False,False,False
RA-172,2024,Aluno-172,7E,7E,Feminino,16.0,2021,Privada - Programa de Apadrinhamento,Colégio Albert Einstein - SP,Cursando,Topázio,8.128766666666667,10.0,6.933333333333334,9.8,8.751,6.57,7.5,7.5,Fase 6 (2° EM),1,,,6.7,7.7,6.4,,,,0.0,,,,,6.0,,False,False,False,False,False,False,False,False,False,False,False,False,False,False
RA-291,2024,Aluno-291,7E,7E,Masculino,15.0,2022,Privada - Programa de Apadrinhamento,FIAP School - SP,Cursando,Ametista,7.9319666667333335,10.0,6.166666666666667,9.737666667,8.751,6.26,7.5,7.5,Fase 5 (1° EM),2,,,6.0,6.5,6.0,,,,0.0,,,,,5.0,,False,False,False,False,False,False,False,False,False,False,False,False,False,False
RA-86,2024,Aluno-86,7E,7E,Masculino,18.0,2021,Privada *Parcerias com Bolsa 100%,FIAP School - SP,Cursando,Ametista,7.611233333266666,10.0,5.483333333333333,9.704333333,6.667,6.57,7.5,7.5,Fase 7 (3° EM),0,,,6.35,6.3,3.8,,,,0.0,,,,,7.0,,False,False,False,False,False,False,False,False,False,False,False,False,False,False
RA-143,2024,Aluno-143,7E,7E,Masculino,15.0,2021,Privada - Programa de Apadrinhamento,Colégio Arco Íris Evolução,Cursando,Ametista,7.449366666666667,10.0,2.6333333333333333,9.92,10.002,6.885,7.5,7.5,Fase 5 (1° EM),2,,,0.0,0.0,7.9,,,,0.0,,,,,5.0,,False,False,False,False,False,False,False,False,False,False,False,False,False,False
RA-166,2024,Aluno-166,7E,7E,Masculino,16.0,2021,Privada *Parcerias com Bolsa 100%,FIAP School - SP,Cursando,Topázio,8.243183333333334,10.0,8.266666666666667,9.246,8.334,6.5725,7.5,7.5,Fase 6 (2° EM),1,,,8.2,7.8,8.8,,,,0.0,,,,,6.0,,False,False,False,False,False,False,False,False,False,False,False,False,False,False
RA-191,2024,Aluno-191,7E,7E,Masculino,15.0,2021,Privada *Parcerias com Bolsa 100%,FIAP School - SP,Cursando,Ametista,7.7887,10.0,6.3999999999999995,9.571,7.5,5.945,7.5,7.5,Fase 5 (1° EM),2,,,6.0,6.9,6.3,,,,0.0,,,,,5.0,,False,False,False,False,False,False,False,False,False,False,False,False,False,False
RA-1236,2024,Aluno-1236,8A,8A,Feminino,22.0,2021,Privada,Universidade Santo Amaro (UNISA),Cursando,,,10.0,,0.0,,,,,Fase 8 (Universitários),0,,,,,,,,,0.0,,,,,8.0,,False,True,False,False,False,False,False,False,False,True,False,False,False,False
RA-1234,2024,Aluno-1234,8A,8A,Feminino,21.0,2021,Privada,Universidade Santo Amaro (UNISA),Cursando,,,10.0,,0.0,,,,,Fase 8 (Universitários),0,,,,,,,,,0.0,,,,,8.0,,False,True,False,False,False,False,False,False,False,True,False,False,False,False
RA-1633,2024,Aluno-1633,8B,8B,Masculino,21.0,2021,Privada,Unicamp,Cursando,,,10.0,,0.0,,,,,Fase 8 (Universitários),0,,,,,,,,,0.0,,,,,8.0,,False,True,False,False,False,False,False,False,False,True,False,False,False,False
RA-1248,2024,Aluno-1248,8B,8B,Masculino,21.0,2021,Privada,Universidade Santo Amaro (UNISA),Cursando,,,10.0,,0.0,,,,,Fase 8 (Universitários),0,,,,,,,,,0.0,,,,,8.0,,False,True,False,False,False,False,False,False,False,True,False,False,False,False
RA-1246,2024,Aluno-1246,8B,8B,Feminino,21.0,2021,Privada,Universidade Santo Amaro (UNISA),Cursando,,,10.0,,0.0,,,,,Fase 8 (Universitários),0,,,,,,,,,0.0,,,,,8.0,,False,True,False,False,False,False,False,False,False,True,False,False,False,False
RA-1245,2024,Aluno-1245,8B,8B,Masculino,21.0,2021,Privada,Universidade Anhembi Morumbi,Cursando,,,10.0,,0.0,,,,,Fase 8 (Universitários),0,,,,,,,,,0.0,,,,,8.0,,False,True,False,False,False,False,False,False,False,True,False,False,False,False
RA-1244,2024,Aluno-1244,8B,8B,Feminino,21.0,2021,Privada,Universidade Santo Amaro (UNISA),Cursando,,,10.0,,0.0,,,,,Fase 8 (Universitários),0,,,,,,,,,0.0,,,,,8.0,,False,True,False,False,False,False,False,False,False,True,False,False,False,False
RA-1634,2024,Aluno-1634,8B,8B,Feminino,21.0,2021,Privada,Universidade Santo Amaro (UNISA),Cursando,,,10.0,,0.0,,,,,Fase 8 (Universitários),0,,,,,,,,,0.0,,,,,8.0,,False,True,False,False,False,False,False,False,False,True,False,False,False,False
RA-1242,2024,Aluno-1242,8B,8B,Feminino,20.0,2021,Privada,Universidade Santo Amaro (UNISA),Cursando,,,10.0,,0.0,,,,,Fase 8 (Universitários),0,,,,,,,,,0.0,,,,,8.0,,False,True,False,False,False,False,False,False,False,True,False,False,False,False
RA-1250,2024,Aluno-1250,8B,8B,Masculino,21.0,2021,Privada - Pagamento por *Empresa Parceira,Universidade Cruzeiro do Sul,Cursando,,,10.0,,0.0,,,,,Fase 8 (Universitários),0,,,,,,,,,0.0,,,,,8.0,,False,True,False,False,False,False,False,False,False,True,False,False,False,False
RA-1241,2024,Aluno-1241,8B,8B,Feminino,21.0,2021,Privada,Universidade Santo Amaro (UNISA),Cursando,,,10.0,,0.0,,,,,Fase 8 (Universitários),0,,,,,,,,,0.0,,,,,8.0,,False,True,False,False,False,False,False,False,False,True,False,False,False,False
RA-1240,2024,Aluno-1240,8B,8B,Masculino,21.0,2021,Privada,Universidade Santo Amaro (UNISA),Cursando,,,10.0,,0.0,,,,,Fase 8 (Universitários),0,,,,,,,,,0.0,,,,,8.0,,False,True,False,False,False,False,False,False,False,True,False,False,False,False
RA-1249,2024,Aluno-1249,8B,8B,Masculino,27.0,2021,Privada,Universidade Anhembi Morumbi,Cursando,,,10.0,,0.0,,,,,Fase 8 (Universitários),0,,,,,,,,,0.0,,,,,8.0,,False,True,False,False,False,False,False,False,False,True,False,False,False,False
RA-1239,2024,Aluno-1239,8B,8B,Feminino,21.0,2021,Privada - Pagamento por *Empresa Parceira,Universidade Mackenzie,Cursando,,,10.0,,0.0,,,,,Fase 8 (Universitários),0,,,,,,,,,0.0,,,,,8.0,,False,True,False,False,False,False,False,False,False,True,False,False,False,False
RA-1251,2024,Aluno-1251,8B,8B,Feminino,21.0,2021,Privada,Universidade Santo Amaro (UNISA),Cursando,,,10.0,,0.0,,,,,Fase 8 (Universitários),0,,,,,,,,,0.0,,,,,8.0,,False,True,False,False,False,False,False,False,False,True,False,False,False,False
RA-1264,2024,Aluno-1264,8D,8D,Feminino,21.0,2021,Privada,Universidade Santo Amaro (UNISA),Cursando,,,10.0,,0.0,,,,,Fase 8 (Universitários),0,,,,,,,,,0.0,,,,,8.0,,False,True,False,False,False,False,False,False,False,True,False,False,False,False
RA-1263,2024,Aluno-1263,8D,8D,Feminino,21.0,2021,Privada *Parcerias com Bolsa 100%,Universidade Santo Amaro (UNISA),Cursando,,,10.0,,0.0,,,,,Fase 8 (Universitários),0,,,,,,,,,0.0,,,,,8.0,,False,True,False,False,False,False,False,False,False,True,False,False,False,False
RA-1262,2024,Aluno-1262,8D,8D,Feminino,20.0,2021,Privada,Universidade Santo Amaro (UNISA),Cursando,,,10.0,,0.0,,,,,Fase 8 (Universitários),0,,,,,,,,,0.0,,,,,8.0,,False,True,False,False,False,False,False,False,False,True,False,False,False,False
RA-1261,2024,Aluno-1261,8D,8D,Feminino,20.0,2021,Privada,Universidade Santo Amaro (UNISA),Cursando,,,10.0,,0.0,,,,,Fase 8 (Universitários),0,,,,,,,,,0.0,,,,,8.0,,False,True,False,False,False,False,False,False,False,True,False,False,False,False
RA-1259,2024,Aluno-1259,8D,8D,Feminino,20.0,2021,Privada,Universidade Santo Amaro (UNISA),Cursando,,,10.0,,0.0,,,,,Fase 8 (Universitários),0,,,,,,,,,0.0,,,,,8.0,,False,True,False,False,False,False,False,False,False,True,False,False,False,False
RA-1257,2024,Aluno-1257,8D,8D,Masculino,19.0,2021,Privada,Universidade Santo Amaro (UNISA),Cursando,,,10.0,,0.0,,,,,Fase 8 (Universitários),0,,,,,,,,,0.0,,,,,8.0,,False,True,False,False,False,False,False,False,False,True,False,False,False,False
RA-1256,2024,Aluno-1256,8D,8D,Feminino,19.0,2021,Privada,ESPM,Cursando,,,10.0,,0.0,,,,,Fase 8 (Universitários),0,,,,,,,,,0.0,,,,,8.0,,False,True,False,False,False,False,False,False,False,True,False,False,False,False
RA-1265,2024,Aluno-1265,8D,8D,Masculino,21.0,2022,Pública,Universidade Santo Amaro (UNISA),Cursando,,,10.0,,0.0,,,,,Fase 8 (Universitários),0,,,,,,,,,0.0,,,,,8.0,,False,True,False,False,False,False,False,False,False,True,False,False,False,False
RA-1255,2024,Aluno-1255,8D,8D,Masculino,20.0,2021,Privada,Universidade Santo Amaro (UNISA),Cursando,,,10.0,,0.0,,,,,Fase 8 (Universitários),0,,,,,,,,,0.0,,,,,8.0,,False,True,False,False,False,False,False,False,False,True,False,False,False,False
RA-13,2024,Aluno-13,8D,8D,Masculino,19.0,2021,Privada *Parcerias com Bolsa 100%,Universidade Santo Amaro (UNISA),Cursando,,,10.0,,0.0,,,,,Fase 8 (Universitários),0,,,,,,,,,0.0,,,,,8.0,,False,True,False,False,False,False,False,False,False,True,False,False,False,False
RA-1253,2024,Aluno-1253,8D,8D,Feminino,24.0,2021,Privada,ESPM,Cursando,,,10.0,,0.0,,,,,Fase 8 (Universitários),0,,,,,,,,,0.0,,,,,8.0,,False,True,False,False,False,False,False,False,False,True,False,False,False,False
RA-1635,2024,Aluno-1635,8D,8D,Feminino,20.0,2021,Privada,Universidade Santo Amaro (UNISA),Cursando,,,10.0,,0.0,,,,,Fase 8 (Universitários),0,,,,,,,,,0.0,,,,,8.0,,False,True,False,False,False,False,False,False,False,True,False,False,False,False
RA-1273,2024,Aluno-1273,8E,8E,Feminino,18.0,2023,Privada *Parcerias com Bolsa 100%,Faculdade FIAP,Cursando,,,10.0,,0.0,,,,,Fase 8 (Universitários),0,,,,,,,,,0.0,,,,,8.0,,False,True,False,False,False,False,False,False,False,True,False,False,False,False
RA-14,2024,Aluno-14,8E,8E,Masculino,22.0,2022,Privada *Parcerias com Bolsa 100%,Faculdade FIAP,Cursando,,,10.0,,0.0,,,,,Fase 8 (Universitários),0,,,,,,,,,0.0,,,,,8.0,,False,True,False,False,False,False,False,False,False,True,False,False,False,False
RA-1271,2024,Aluno-1271,8E,8E,Feminino,19.0,2021,Privada *Parcerias com Bolsa 100%,Universidade Santo Amaro (UNISA),Cursando,,,10.0,,0.0,,,,,Fase 8 (Universitários),0,,,,,,,,,0.0,,,,,8.0,,False,True,False,False,False,False,False,False,False,True,False,False,False,False
RA-1,2024,Aluno-1,8E,8E,Feminino,21.0,2021,Privada *Parcerias com Bolsa 100%,Universidade Santo Amaro (UNISA),Cursando,,,10.0,,0.0,,,,,Fase 8 (Universitários),0,,,,,,,,,0.0,,,,,8.0,,False,True,False,False,False,False,False,False,False,True,False,False,False,False
RA-1270,2024,Aluno-1270,8E,8E,Feminino,20.0,2021,Privada - Pagamento por *Empresa Parceira,Faculdade FIAP,Cursando,,,10.0,,0.0,,,,,Fase 8 (Universitários),0,,,,,,,,,0.0,,,,,8.0,,False,True,False,False,False,False,False,False,False,True,False,False,False,False
RA-1274,2024,Aluno-1274,8E,8E,Feminino,19.0,2021,Privada - Pagamento por *Empresa Parceira,Universidade Santo Amaro (UNISA),Cursando,,,10.0,,0.0,,,,,Fase 8 (Universitários),0,,,,,,,,,0.0,,,,,8.0,,False,True,False,False,False,False,False,False,False,True,False,False,False,False
RA-23,2024,Aluno-23,8E,8E,Masculino,19.0,2021,Privada *Parcerias com Bolsa 100%,Universidade Santo Amaro (UNISA),Cursando,,,10.0,,0.0,,,,,Fase 8 (Universitários),0,,,,,,,,,0.0,,,,,8.0,,False,True,False,False,False,False,False,False,False,True,False,False,False,False
RA-2,2024,Aluno-2,8E,8E,Feminino,19.0,2021,Privada *Parcerias com Bolsa 100%,Faculdade FIAP,Cursando,,,10.0,,0.0,,,,,Fase 8 (Universitários),0,,,,,,,,,0.0,,,,,8.0,,False,True,False,False,False,False,False,False,False,True,False,False,False,False
RA-25,2024,Aluno-25,8E,8E,Feminino,19.0,2021,Privada *Parcerias com Bolsa 100%,Universidade Santo Amaro (UNISA),Cursando,,,10.0,,0.0,,,,,Fase 8 (Universitários),0,,,,,,,,,0.0,,,,,8.0,,False,True,False,False,False,False,False,False,False,True,False,False,False,False
RA-1272,2024,Aluno-1272,8E,8E,Feminino,20.0,2021,Privada *Parcerias com Bolsa 100%,INSPER,Cursando,,,10.0,,0.0,,,,,Fase 8 (Universitários),0,,,,,,,,,0.0,,,,,8.0,,False,True,False,False,False,False,False,False,False,True,False,False,False,False
RA-6,2024,Aluno-6,8E,8E,Feminino,20.0,2021,Privada *Parcerias com Bolsa 100%,Faculdade FIAP,Cursando,,,10.0,,0.0,,,,,Fase 8 (Universitários),0,,,,,,,,,0.0,,,,,8.0,,False,True,False,False,False,False,False,False,False,True,False,False,False,False
RA-29,2024,Aluno-29,8E,8E,Masculino,19.0,2022,Privada - Pagamento por *Empresa Parceira,Faculdade FIAP,Cursando,,,10.0,,0.0,,,,,Fase 8 (Universitários),0,,,,,,,,,0.0,,,,,8.0,,False,True,False,False,False,False,False,False,False,True,False,False,False,False
RA-17,2024,Aluno-17,8E,8E,Masculino,22.0,2022,Privada - Pagamento por *Empresa Parceira,Faculdade FIAP,Cursando,,,10.0,,0.0,,,,,Fase 8 (Universitários),0,,,,,,,,,0.0,,,,,8.0,,False,True,False,False,False,False,False,False,False,True,False,False,False,False
RA-7,2024,Aluno-7,8E,8E,Masculino,20.0,2021,Privada *Parcerias com Bolsa 100%,Universidade Santo Amaro (UNISA),Cursando,,,10.0,,0.0,,,,,Fase 8 (Universitários),0,,,,,,,,,0.0,,,,,8.0,,False,True,False,False,False,False,False,False,False,True,False,False,False,False
RA-31,2024,Aluno-31,8E,8E,Feminino,19.0,2021,Privada *Parcerias com Bolsa 100%,ESPM,Cursando,,,10.0,,0.0,,,,,Fase 8 (Universitários),0,,,,,,,,,0.0,,,,,8.0,,False,True,False,False,False,False,False,False,False,True,False,False,False,False
RA-1269,2024,Aluno-1269,8E,8E,Feminino,19.0,2021,Privada - Pagamento por *Empresa Parceira,Faculdades Oswaldo Cruz,Cursando,,,10.0,,0.0,,,,,Fase 8 (Universitários),0,,,,,,,,,0.0,,,,,8.0,,False,True,False,False,False,False,False,False,False,True,False,False,False,False
RA-12,2024,Aluno-12,8E,8E,Feminino,19.0,2021,Privada *Parcerias com Bolsa 100%,Universidade Santo Amaro (UNISA),Cursando,,,10.0,,0.0,,,,,Fase 8 (Universitários),0,,,,,,,,,0.0,,,,,8.0,,False,True,False,False,False,False,False,False,False,True,False,False,False,False
RA-35,2024,Aluno-35,8E,8E,Feminino,19.0,2021,Privada *Parcerias com Bolsa 100%,ESPM,Cursando,,,10.0,,0.0,,,,,Fase 8 (Universitários),0,,,,,,,,,0.0,,,,,8.0,,False,True,False,False,False,False,False,False,False,True,False,False,False,False
RA-1636,2024,Aluno-1636,8E,8E,Feminino,20.0,2021,Privada,Colégio Albert Einstein,Cursando,,,10.0,,0.0,,,,,Fase 8 (Universitários),0,,,,,,,,,0.0,,,,,8.0,,False,True,False,False,False,False,False,False,False,True,False,False,False,False
RA-88,2024,Aluno-88,8E,8E,Masculino,19.0,2021,Privada *Parcerias com Bolsa 100%,Faculdade FIAP,Cursando,,,10.0,,0.0,,,,,Fase 8 (Universitários),0,,,,,,,,,0.0,,,,,8.0,,False,True,False,False,False,False,False,False,False,True,False,False,False,False
RA-36,2024,Aluno-36,8E,8E,Feminino,19.0,2021,Privada *Parcerias com Bolsa 100%,Universidade Santo Amaro (UNISA),Cursando,,,10.0,,0.0,,,,,Fase 8 (Universitários),0,,,,,,,,,0.0,,,,,8.0,,False,True,False,False,False,False,False,False,False,True,False,False,False,False
RA-21,2024,Aluno-21,8E,8E,Masculino,20.0,2022,Privada - Pagamento por *Empresa Parceira,Faculdade FIAP,Cursando,,,10.0,,0.0,,,,,Fase 8 (Universitários),0,,,,,,,,,0.0,,,,,8.0,,False,True,False,False,False,False,False,False,False,True,False,False,False,False
RA-49,2024,Aluno-49,8E,8E,Feminino,19.0,2022,Privada - Pagamento por *Empresa Parceira,Faculdade FIAP,Cursando,,,10.0,,0.0,,,,,Fase 8 (Universitários),0,,,,,,,,,0.0,,,,,8.0,,False,True,False,False,False,False,False,False,False,True,False,False,False,False
RA-1225,2024,Aluno-1225,8F,8F,Feminino,19.0,2021,Privada *Parcerias com Bolsa 100%,FGV,Cursando,,,10.0,,0.0,,,,,Fase 8 (Universitários),0,,,,,,,,,0.0,,,,,8.0,,False,True,False,False,False,False,False,False,False,True,False,False,False,False
RA-1221,2024,Aluno-1221,8F,8F,Feminino,23.0,2023,Concluiu o 3º EM,Concluiu o 3º EM,Cursando,,,10.0,8.0,0.0,,,,,Fase 8 (Universitários),0,,,7.0,7.0,10.0,,,,0.0,,,,,8.0,,False,True,False,False,False,False,False,False,False,True,False,False,False,False
RA-26,2024,Aluno-26,8F,8F,Masculino,19.0,2022,Privada *Parcerias com Bolsa 100%,Faculdade FIAP,Cursando,,,10.0,,0.0,,,,,Fase 8 (Universitários),0,,,,,,,,,0.0,,,,,8.0,,False,True,False,False,False,False,False,False,False,True,False,False,False,False
RA-27,2024,Aluno-27,8F,8F,Masculino,18.0,2021,Privada *Parcerias com Bolsa 100%,Faculdade FIAP,Cursando,,,10.0,,0.0,,,,,Fase 8 (Universitários),0,,,,,,,,,0.0,,,,,8.0,,False,True,False,False,False,False,False,False,False,True,False,False,False,False
RA-155,2024,Aluno-155,8F,8F,Masculino,18.0,2022,Privada *Parcerias com Bolsa 100%,Faculdade FIAP,Cursando,,,10.0,,0.0,,,,,Fase 8 (Universitários),0,,,,,,,,,0.0,,,,,8.0,,False,True,False,False,False,False,False,False,False,True,False,False,False,False
RA-96,2024,Aluno-96,8F,8F,Masculino,18.0,2021,Concluiu o 3º EM,Concluiu o 3º EM,Cursando,,,10.0,,0.0,,,,,Fase 8 (Universitários),0,,,,,,,,,0.0,,,,,8.0,,False,True,False,False,False,False,False,False,False,True,False,False,False,False
RA-59,2024,Aluno-59,8F,8F,Masculino,19.0,2022,Privada *Parcerias com Bolsa 100%,Faculdade FIAP,Cursando,,,10.0,,0.0,,,,,Fase 8 (Universitários),0,,,,,,,,,0.0,,,,,8.0,,False,True,False,False,False,False,False,False,False,True,False,False,False,False
RA-1216,2024,Aluno-1216,8F,8F,Feminino,20.0,2023,Privada *Parcerias com Bolsa 100%,Universidade Santo Amaro (UNISA),Cursando,,,10.0,,0.0,,,,,Fase 8 (Universitários),0,,,,,,,,,0.0,,,,,8.0,,False,True,False,False,False,False,False,False,False,True,False,False,False,False
RA-19,2024,Aluno-19,8F,8F,Feminino,20.0,2022,Privada *Parcerias com Bolsa 100%,Universidade Santo Amaro (UNISA),Cursando,,,10.0,,0.0,,,,,Fase 8 (Universitários),0,,,,,,,,,0.0,,,,,8.0,,False,True,False,False,False,False,False,False,False,True,False,False,False,False
RA-62,2024,Aluno-62,8F,8F,Feminino,18.0,2022,Privada *Parcerias com Bolsa 100%,Universidade Estácio de Sá,Cursando,,,10.0,,0.0,,,,,Fase 8 (Universitários),0,,,,,,,,,0.0,,,,,8.0,,False,True,False,False,False,False,False,False,False,True,False,False,False,False
RA-173,2024,Aluno-173,8F,8F,Masculino,18.0,2021,Privada *Parcerias com Bolsa 100%,Faculdade FIAP,Cursando,,,10.0,,0.0,,,,,Fase 8 (Universitários),0,,,,,,,,,0.0,,,,,8.0,,False,True,False,False,False,False,False,False,False,True,False,False,False,False
RA-38,2024,Aluno-38,8F,8F,Feminino,18.0,2021,Privada - Programa de Apadrinhamento,Universidade Santo Amaro (UNISA),Cursando,,,10.0,,0.0,,,,,Fase 8 (Universitários),0,,,,,,,,,0.0,,,,,8.0,,False,True,False,False,False,False,False,False,False,True,False,False,False,False
RA-1224,2024,Aluno-1224,8F,8F,Masculino,21.0,2023,Concluiu o 3º EM,Concluiu o 3º EM,Cursando,,,10.0,,0.0,,,,,Fase 8 (Universitários),0,,,,,,,,,0.0,,,,,8.0,,False,True,False,False,False,False,False,False,False,True,False,False,False,False
RA-39,2024,Aluno-39,8F,8F,Feminino,18.0,2021,Privada *Parcerias com Bolsa 100%,Universidade Santo Amaro (UNISA),Cursando,,,10.0,,0.0,,,,,Fase 8 (Universitários),0,,,,,,,,,0.0,,,,,8.0,,False,True,False,False,False,False,False,False,False,True,False,False,False,False
RA-1637,2024,Aluno-1637,9,9,Masculino,23.0,2021,Privada,Faculdade (FIAP),Cursando,,,10.0,,0.0,,,,,Fase 8 (Universitários),1,,,,,,,,,0.0,,,,,8.0,9.0,False,True,False,False,False,False,False,False,False,True,False,False,False,False
RA-1638,2024,Aluno-1638,9,9,Feminino,22.0,2021,Bolsista Universitário *Formado (a),Bolsista Universitário *Formado (a),Cursando,,,10.0,,0.0,,,,,Fase 8 (Universitários),1,,,,,,,,,0.0,,,,,8.0,9.0,False,True,False,False,False,False,False,False,False,True,False,False,False,False
RA-1268,2024,Aluno-1268,9,9,Masculino,20.0,2021,Privada,Faculdade (FIAP),Cursando,,,10.0,,0.0,,,,,Fase 8 (Universitários),1,,,,,,,,,0.0,,,,,8.0,9.0,False,True,False,False,False,False,False,False,False,True,False,False,False,False
RA-1260,2024,Aluno-1260,9,9,Masculino,20.0,2021,Privada,Faculdade (FIAP),Cursando,,,10.0,,0.0,,,,,Fase 8 (Universitários),1,,,,,,,,,0.0,,,,,8.0,9.0,False,True,False,False,False,False,False,False,False,True,False,False,False,False
RA-1639,2024,Aluno-1639,9,9,Masculino,21.0,2021,Bolsista Universitário *Formado (a),Bolsista Universitário *Formado (a),Cursando,,,10.0,,0.0,,,,,Fase 8 (Universitários),1,,,,,,,,,0.0,,,,,8.0,9.0,False,True,False,False,False,False,False,False,False,True,False,False,False,False
RA-1640,2024,Aluno-1640,9,9,Feminino,23.0,2021,Privada,Universidade Estácio de Sá,Cursando,,,10.0,,0.0,,,,,Fase 8 (Universitários),1,,,,,,,,,0.0,,,,,8.0,9.0,False,True,False,False,False,False,False,False,False,True,False,False,False,False
RA-1641,2024,Aluno-1641,9,9,Masculino,21.0,2021,Privada,Universidade Santo Amaro (UNISA),Cursando,,,10.0,,0.0,,,,,Fase 8 (Universitários),1,,,,,,,,,0.0,,,,,8.0,9.0,False,True,False,False,False,False,False,False,False,True,False,False,False,False
RA-1266,2024,Aluno-1266,9,9,Feminino,20.0,2021,Privada,Faculdade (FIAP),Cursando,,,10.0,,0.0,,,,,Fase 8 (Universitários),1,,,,,,,,,0.0,,,,,8.0,9.0,False,True,False,False,False,False,False,False,False,True,False,False,False,False
RA-1642,2024,Aluno-1642,9,9,Masculino,23.0,2021,Bolsista Universitário *Formado (a),Bolsista Universitário *Formado (a),Cursando,,,10.0,,0.0,,,,,Fase 8 (Universitários),1,,,,,,,,,0.0,,,,,8.0,9.0,False,True,False,False,False,False,False,False,False,True,False,False,False,False
RA-1258,2024,Aluno-1258,9,9,Masculino,25.0,2021,Privada,Faculdade (FIAP),Cursando,,,10.0,,0.0,,,,,Fase 8 (Universitários),1,,,,,,,,,0.0,,,,,8.0,9.0,False,True,False,False,False,False,False,False,False,True,False,False,False,False
RA-1235,2024,Aluno-1235,9,9,Masculino,22.0,2021,Privada,Faculdade (FIAP),Cursando,,,10.0,,0.0,,,,,Fase 8 (Universitários),1,,,,,,,,,0.0,,,,,8.0,9.0,False,True,False,False,False,False,False,False,False,True,False,False,False,False
RA-1643,2024,Aluno-1643,9,9,Masculino,22.0,2021,Privada,Faculdade (FIAP),Cursando,,,10.0,,0.0,,,,,Fase 8 (Universitários),1,,,,,,,,,0.0,,,,,8.0,9.0,False,True,False,False,False,False,False,False,False,True,False,False,False,False
RA-1644,2024,Aluno-1644,9,9,Masculino,21.0,2021,Bolsista Universitário *Formado (a),Bolsista Universitário *Formado (a),Cursando,,,10.0,,0.0,,,,,Fase 8 (Universitários),1,,,,,,,,,0.0,,,,,8.0,9.0,False,True,False,False,False,False,False,False,False,True,False,False,False,False
RA-1645,2024,Aluno-1645,9,9,Masculino,23.0,2021,Privada,Faculdade (FIAP),Cursando,,,10.0,,0.0,,,,,Fase 8 (Universitários),1,,,,,,,,,0.0,,,,,8.0,9.0,False,True,False,False,False,False,False,False,False,True,False,False,False,False
RA-1646,2024,Aluno-1646,9,9,Masculino,21.0,2021,Bolsista Universitário *Formado (a),Bolsista Universitário *Formado (a),Cursando,,,10.0,,0.0,,,,,Fase 8 (Universitários),1,,,,,,,,,0.0,,,,,8.0,9.0,False,True,False,False,False,False,False,False,False,True,False,False,False,False
RA-1647,2024,Aluno-1647,9,9,Feminino,22.0,2021,Privada,Universidade Santo Amaro (UNISA),Cursando,,,10.0,,0.0,,,,,Fase 8 (Universitários),1,,,,,,,,,0.0,,,,,8.0,9.0,False,True,False,False,False,False,False,False,False,True,False,False,False,False
RA-1237,2024,Aluno-1237,9,9,Feminino,22.0,2021,Privada *Parcerias com Bolsa 100%,Universidade Santo Amaro (UNISA),Cursando,,,10.0,,0.0,,,,,Fase 8 (Universitários),1,,,,,,,,,0.0,,,,,8.0,9.0,False,True,False,False,False,False,False,False,False,True,False,False,False,False
RA-1648,2024,Aluno-1648,9,9,Masculino,22.0,2021,Bolsista Universitário *Formado (a),Bolsista Universitário *Formado (a),Cursando,,,10.0,,0.0,,,,,Fase 8 (Universitários),1,,,,,,,,,0.0,,,,,8.0,9.0,False,True,False,False,False,False,False,False,False,True,False,False,False,False
RA-1649,2024,Aluno-1649,9,9,Masculino,23.0,2021,Privada,Faculdade (FIAP),Cursando,,,10.0,,0.0,,,,,Fase 8 (Universitários),1,,,,,,,,,0.0,,,,,8.0,9.0,False,True,False,False,False,False,False,False,False,True,False,False,False,False
RA-1650,2024,Aluno-1650,9,9,Masculino,22.0,2021,Privada,Faculdade (FIAP),Cursando,,,10.0,,0.0,,,,,Fase 8 (Universitários),1,,,,,,,,,0.0,,,,,8.0,9.0,False,True,False,False,False,False,False,False,False,True,False,False,False,False
RA-1651,2024,Aluno-1651,9,9,Masculino,22.0,2021,Bolsista Universitário *Formado (a),Bolsista Universitário *Formado (a),Cursando,,,10.0,,0.0,,,,,Fase 8 (Universitários),1,,,,,,,,,0.0,,,,,8.0,9.0,False,True,False,False,False,False,False,False,False,True,False,False,False,False
RA-1652,2024,Aluno-1652,9,9,Feminino,22.0,2021,Privada,Faculdade (FIAP),Cursando,,,10.0,,0.0,,,,,Fase 8 (Universitários),1,,,,,,,,,0.0,,,,,8.0,9.0,False,True,False,False,False,False,False,False,False,True,False,False,False,False
RA-1653,2024,Aluno-1653,9,9,Masculino,20.0,2021,Bolsista Universitário *Formado (a),Bolsista Universitário *Formado (a),Cursando,,,10.0,,0.0,,,,,Fase 8 (Universitários),1,,,,,,,,,0.0,,,,,8.0,9.0,False,True,False,False,False,False,False,False,False,True,False,False,False,False
RA-1654,2024,Aluno-1654,9,9,Masculino,22.0,2021,Bolsista Universitário *Formado (a),Bolsista Universitário *Formado (a),Cursando,,,10.0,,0.0,,,,,Fase 8 (Universitários),1,,,,,,,,,0.0,,,,,8.0,9.0,False,True,False,False,False,False,False,False,False,True,False,False,False,False
RA-1655,2024,Aluno-1655,9,9,Feminino,21.0,2022,Privada,Faculdade (FIAP),Cursando,,,10.0,,0.0,,,,,Fase 8 (Universitários),1,,,,,,,,,0.0,,,,,8.0,9.0,False,True,False,False,False,False,False,False,False,True,False,False,False,False
RA-1656,2024,Aluno-1656,9,9,Masculino,22.0,2021,Privada,Bolsista Universitário *Formado (a),Cursando,,,10.0,,0.0,,,,,Fase 8 (Universitários),1,,,,,,,,,0.0,,,,,8.0,9.0,False,True,False,False,False,False,False,False,False,True,False,False,False,False
RA-1254,2024,Aluno-1254,9,9,Masculino,20.0,2021,Privada,Faculdade (FIAP),Cursando,,,10.0,,0.0,,,,,Fase 8 (Universitários),1,,,,,,,,,0.0,,,,,8.0,9.0,False,True,False,False,False,False,False,False,False,True,False,False,False,False
RA-1233,2024,Aluno-1233,9,9,Feminino,23.0,2021,Privada,Universidade Santo Amaro (UNISA),Cursando,,,10.0,,0.0,,,,,Fase 8 (Universitários),1,,,,,,,,,0.0,,,,,8.0,9.0,False,True,False,False,False,False,False,False,False,True,False,False,False,False
RA-1232,2024,Aluno-1232,9,9,Masculino,22.0,2021,Privada,Universidade Santo Amaro (UNISA),Cursando,,,10.0,,0.0,,,,,Fase 8 (Universitários),1,,,,,,,,,0.0,,,,,8.0,9.0,False,True,False,False,False,False,False,False,False,True,False,False,False,False
RA-1231,2024,Aluno-1231,9,9,Masculino,23.0,2021,Privada,Universidade Santo Amaro (UNISA),Cursando,,,10.0,,0.0,,,,,Fase 8 (Universitários),1,,,,,,,,,0.0,,,,,8.0,9.0,False,True,False,False,False,False,False,False,False,True,False,False,False,False
RA-1238,2024,Aluno-1238,9,9,Feminino,22.0,2021,Privada,Universidade Santo Amaro (UNISA),Cursando,,,10.0,,0.0,,,,,Fase 8 (Universitários),1,,,,,,,,,0.0,,,,,8.0,9.0,False,True,False,False,False,False,False,False,False,True,False,False,False,False
RA-1267,2024,Aluno-1267,9,9,Feminino,23.0,2021,Privada,Faculdade (FIAP),Cursando,,,10.0,,0.0,,,,,Fase 8 (Universitários),1,,,,,,,,,0.0,,,,,8.0,9.0,False,True,False,False,False,False,False,False,False,True,False,False,False,False
RA-1657,2024,Aluno-1657,9,9,Masculino,20.0,2021,Bolsista Universitário *Formado (a),Bolsista Universitário *Formado (a),Cursando,,,10.0,,0.0,,,,,Fase 8 (Universitários),1,,,,,,,,,0.0,,,,,8.0,9.0,False,True,False,False,False,False,False,False,False,True,False,False,False,False
RA-1658,2024,Aluno-1658,9,9,Masculino,21.0,2021,Privada,Faculdade (FIAP),Cursando,,,10.0,,0.0,,,,,Fase 8 (Universitários),1,,,,,,,,,0.0,,,,,8.0,9.0,False,True,False,False,False,False,False,False,False,True,False,False,False,False
RA-1659,2024,Aluno-1659,9,9,Masculino,21.0,2021,Bolsista Universitário *Formado (a),Bolsista Universitário *Formado (a),Cursando,,,10.0,,0.0,,,,,Fase 8 (Universitários),1,,,,,,,,,0.0,,,,,8.0,9.0,False,True,False,False,False,False,False,False,False,True,False,False,False,False
RA-1252,2024,Aluno-1252,9,9,Feminino,22.0,2021,Privada,Faculdade (FIAP),Cursando,,,10.0,,0.0,,,,,Fase 8 (Universitários),1,,,,,,,,,0.0,,,,,8.0,9.0,False,True,False,False,False,False,False,False,False,True,False,False,False,False
RA-1660,2024,Aluno-1660,9,9,Feminino,24.0,2021,Bolsista Universitário *Formado (a),Bolsista Universitário *Formado (a),Cursando,,,10.0,,0.0,,,,,Fase 8 (Universitários),1,,,,,,,,,0.0,,,,,8.0,9.0,False,True,False,False,False,False,False,False,False,True,False,False,False,False
RA-1661,2024,Aluno-1661,9,9,Feminino,21.0,2021,Bolsista Universitário *Formado (a),Bolsista Universitário *Formado (a),Cursando,,,10.0,,0.0,,,,,Fase 8 (Universitários),1,,,,,,,,,0.0,,,,,8.0,9.0,False,True,False,False,False,False,False,False,False,True,False,False,False,False
